girl,"女の子,女性,少女,girl,おんなのこ,女子,소녀,女孩,姑娘,女,ガール,ガールズイラスト,animegirl"
1girl,"女の子,女性,少女,girl,おんなのこ,女子,소녀,女孩,姑娘,女,ガール,ガールズイラスト,animegirl"
solo,"ソロ,solo,ひとり"
long_hair,"ロングヘアー,長髪,ロングヘア,黒髪ロング,金髪ロング,长发,長髪けもフレ,茶髪ロング,長い髪,長髪男子,銀髪ロング"
breasts,"おっぱい,極上の乳,大艦巨乳主義,オッパイ,美乳,おっぱいがいっぱい,乳神様,天乳,胸,boobs,胸がぱんぱかぱーん,九九艦爆乳,ダイヤモンドバスト,このおっぱいで聖女は無理でしょ,乳,いいおっぱいの日,乳房,유방,着衣巨乳,tits,どや乳,なのぱい,boob,tit,titties,titty,breast,oppai,boobies,歐派"
looking_at_viewer,カメラ目線
blush,"脸红,赤面,頬染め,///,紅潮"
smile,"笑い,スマイル,笑顔,笑顏,守りたい、この笑顔,笑,笑容,微笑み,微笑,微笑む,미소,守りたいこの笑顔"
open_mouth,"開口,開いた口,口を開ける"
short_hair,"ショートヘア,ショートカット,短髪,黒髪ショート,短发,단발"
simple_background,
large_breasts,"巨乳,美巨乳,大きな乳房,豊乳,着衣巨乳,デカァァァァァいッ説明不要!!,巨乳化,圧倒的胸囲,거유,big_boobs,bigboobs,bigbreasts,big_breast,large_breasts,big_tits,bigtits"
shirt,"シャツ,襯衫,셔츠,衬衫,上衣"
blue_eyes,"blue_eyes,碧眼,青い目,藍眼睛,蓝眼睛,파란눈,金髪碧眼,金髮碧眼,金发碧眼,금발벽안,銀髪碧眼,銀髮碧眼,银发碧眼,은발벽안"
skirt,"スカート,裙,치마"
white_background,白背景
long_sleeves,長袖
blonde_hair,"金髪,金髮,金发,금발,金髪碧眼,金髮碧眼,金发碧眼,금발벽안,金髪ロング,金髪ツインテール,ブロンド"
hair_ornament,"髪飾り,发饰"
black_hair,"黒髪,黒髪ロング,黒髪ショート,黒髪ボブ,黑发,흑발,黒髪赤眼,黑髮赤眼,黑发赤眼,흑발적안,黑髮紅眼,黑发红眼"
brown_hair,"茶髪,茶髪ロング,갈색머리"
multiple_girls,"群像,多女性"
gloves,"手袋,裸手袋,手袋コキ,てぶくろ,장갑,手套"
holding,
navel,"へそ,臍,おへそ,へそ出し,へそチラ,指を突っ込みたいへそ,肚脐,배꼽"
dress,"ドレス,ワンピース服,ワンピ,连衣裙,드레스"
red_eyes,"赤目,赤眼,赤い目,붉은눈,빨간눈,銀髪赤眼,銀髮赤眼,银发赤眼,은발적안,白髮紅眼,白发红眼,黒髪赤眼,黑髮赤眼,黑发赤眼,흑발적안,黑髮紅眼,黑发红眼"
hair_between_eyes,
animal_ears,"獣娘,獣耳,けもみみ,ケモミミ,けものみみ,ケモ耳,獸耳,兽耳"
thighhighs,"ニーソックス,ニーソ,ニーハイソックス,ニーハイ,サイハイソックス,过膝袜,长筒袜,大腿袜"
closed_mouth,"閉口,口を閉じる"
bow,"蝶結び,蝶々結び,蝴蝶结"
cleavage,"胸の谷間,魅惑の谷間,けしからん谷間,挟まれたい谷間,乳溝,乳沟,가슴골,谷間,cleavage"
hat,"帽子,裸帽子"
bare_shoulders,"肩出し,ベアトップ,露肩装,露肩"
original,"オリジナル,創作,原創,原创,看板娘,看板息子,自キャラ,オリキャラ,オリジナル艦娘,オリ刀剣,창작,oc,创作,うちの子,うちの娘,オリジナルキャラクター,自作キャラ,Оригинальный,Original,original_character,ออริจินอล,オリジナルフレンズ,オリフレ,原画,オリジナルキャラ,一次創作,創作男女,オリロボ,オリジナルウマ娘,オリソニ,オリメカ,オリジナルイラスト,오리지널,オリキャラ愛の会,ウチの子,自キャラクター,indie_anime,うちのこ,originalcharacter,オリギナル,自创,自創,おりじなる,original,OC,創作男子,my_oc,創作百合,自家孩子,original_art,創作キャラ,創作イラスト,originaldesign,原创插画,オリケモ,oc_artwork,oc_art,ocartwork,ocart,oc_tag,ocs,my_ocs"
1boy,"男の子,男,少年,男の娘,長髪男子,男子,boy,animeboy"
jewelry,"ジュエリー,宝飾品,アクセサリー,珠宝首饰,珠宝"
ribbon,"リボン,리본,丝带,絲帶,缎带,紐タイ"
very_long_hair,"超ロングヘア,超长发"
medium_breasts,"普通乳,普乳"
sitting,"座る,座り,椅子尻"
2girls,
standing,"立つ,立ち絵"
jacket,"ジャケット,上着,夹克"
nipples,"乳首,nipples,nipple"
twintails,"ツインテール,双马尾,雙馬尾,트윈테일,二つ結い,いいツインテールの日,ツインテ,金髪ツインテール,2つくくり"
collarbone,"鎖骨,빗장뼈,锁骨"
white_shirt,白いシャツ
underwear,"下着,肌着,下着艦娘,白下着,胖次"
purple_eyes,"紫目,紫眼"
tail,"しっぽ,尻尾,もふりたい尻尾,尾巴"
blue_hair,"青髪,青い髪,水色髪"
brown_eyes,茶目
green_eyes,"翠眼,緑眼,緑目"
touhou,"東方,東方project,東方プロジェクト,东方,东方project,東方妖時計,동방,東方MMD,東方うごイラ,東方グラマラス,東方ショタ化,東方好きな人RT,東方版もうひとつの深夜の真剣お絵描き60分一本勝負,東方黄金水,東方緊縛画,東方モータリゼーション,東方対魔忍"
full_body,"全身,全身絵,全景镜头"
multicolored_hair,多色髪
swimsuit,"水着,エロ水着,水着艦娘,泳装,수영복,泳衣,水著,剥ぎ取りたい水着"
upper_body,"上半身,中近景镜头"
white_hair,白髪
panties,"パンティー,パンティ,パンツ,ぱんつ,高品質パンツ,お子様パンツ,剥ぎ取りたいパンツ,嫌パン,こどもぱんつ,女児ぱんつ"
grey_hair,"白髪,銀髪,銀髪ロング"
pink_hair,"ピンク髪,ピンク髪ロング,ピンクは淫乱"
yellow_eyes,"黄色眼,黄色目,黄眼,金眼,金目"
school_uniform,"学生服,女子高生,JK,DK,学校制服,制服裸足,せいふく,校服"
sidelocks,"もみあげ,横髪,サイドヘア,边落,耳前侧发,鬓发"
ahoge,"アホ毛,呆毛"
ass,"お尻,尻,尻神様,極上の尻,おしり,ねじ込みたい尻,巨尻,顔を埋めたい尻,魅惑の尻,撫で回したい尻,椅子尻,いいおしりの日,かわいいおしり,爆尻,生尻,プリケツ,撫で回したいお尻,けつね,揉みしだきたい尻,原尻"
thighs,"太もも,ふともも,魅惑のふともも,魅惑の太もも,ふとももの罠,腿,極上のふともも,極上の太もも,撫で回したい太腿,大腿"
purple_hair,紫髪
braid,"三つ編み,みつあみ,麻花辫,辫,辫子"
cowboy_shot,中景镜头
closed_eyes,"瞑目,闭眼"
short_sleeves,半袖
hair_ribbon,
heart,"♥,ハート,ハート形,爱心,红桃,<3"
flower,"花,はな,フラワー,꽃,以花咏画,花と女の子"
ponytail,"ポニーテール,ポニテ,黒髪ポニーテール,马尾,포니테일"
hetero,"NL,男女カプ,イナゴ男女カプ,ヘテロ,男の娘×女の子,異性愛"
pantyhose,"タイツ,黒タイツ,黒パンスト,白タイツ,ストッキング,パンスト,パンティストッキング,タイツの日,ストッキングの日,连裤袜,裤袜"
bikini,"ビキニ,ビキニ水着,エロビキニ,剥ぎ取りたいビキニ,比基尼,豹柄ビキニ"
small_breasts,"貧乳,微乳,ちっぱい,極上の貧乳,ペチャパイ,small_boobs,smallboobs,small_breasts,smallbreasts"
earrings,"イヤリング,耳飾り,耳飾"
sweat,"汗,汗だく"
outdoors,"野外,青姦,野外緊縛,室外,户外"
weapon,"武器,兵器"
:d,
nude,"裸,ヌード,裸ニーソ,裸手袋,裸体,裸靴下,袖だけ霊夢,袖だけ,全裸群像,裸ランドセル,生まれたままの姿(産まれたままの姿)全裸(ヌード),すっぽんぽん,裸帽子,裸立ち絵"
hair_bow,
parted_lips,
pleated_skirt,"プリーツスカート,百褶裙"
frills,"フリル,花边"
red_hair,"赤髪,紅髪,红发,빨강머리,빨간머리"
censored,
open_clothes,はだけ
hairband,"カチューシャ,ヘアバンド,ヘッドドレス,猫耳カチューシャ,头箍,发箍"
kantai_collection,"艦これ,艦隊これくしょん,艦コレ,艦娘,舰队Collection,艦Colle,艦隊Collection,艦隊收藏,kantaicollection,함대_컬렉션,칸코레,私服艦娘,下着艦娘,水着艦娘,艦これ集合絵,シンスイカッコカリ,艦ショタ,艦これ版深夜の真剣お絵描き60分一本勝負,艦これ版真剣お絵描き60分一本勝負,北斗の艦,ア艦これ"
lying,"寝そべり,寝そべる,横臥,横になる,寝転がる,うつぶせ,うつ伏せ"
horns,"角,角娘,角っ子,有角人,角っ娘"
teeth,
black_gloves,黒手袋
alternate_costume,"衣装チェンジ,私服艦娘"
shorts,"半ズボン,短パン,ショートパンツ"
sleeveless,"ノースリーブ,アメリカンスリーブ"
choker,"チョーカー,颈圈,ちょーかー"
virtual_youtuber,"バーチャルユーチューバー,バーチャルYouTuber,Vtuber,Vチューバー,バーチャルシンガー,バーチャルSinger,バーチャルライバー,VLiver,Vライバー,バーチャルストリーマー,VStreamer,虚拟主播,虛擬主播,虚拟YouTuber,虛擬YouTuber,虚拟UP主,虛擬UP主,VUP,香港vtuber,hkvtuber,台灣vtuber,버츄얼유튜버,버츄얼YouTuber,버튜버,버츄버,버츄얼,KRVTuber,KR_VTuber,Vtuber準備中,新人Vtuber,新人Vチューバー,Vtuberはじめました,おはようVtuber,vtb,VTuver,新人Vtuver,VirtualYouTuber,ENVtuber,VtuberID,PHVtuber,VtuberES,VTuberFR,VTubers,vtuberfanart,vtuberart,vtuber_fanart,vSinger,virtualsinger,virtual_singer,pngtuber"
penis,"ペニス,陰茎,陰莖,阴茎,男根,男性器,肉棒,魔羅,チンコ,ちんこ,おちんちん,黒チンポ,페니스,음경,남근,남성기,자지,좆,雞巴,鸡巴,dick,(∪)"
detached_sleeves,"袖だけ霊夢,袖だけ"
boots,"ブーツ,長靴,裸ブーツ"
sky,"空,天空"
collared_shirt,
wings,"翼,羽,翅,ウィング,翅膀,有翼,有翼人"
one_eye_closed,"ウィンク,ウィンクX東方"
pointy_ears,"エルフ耳,尖耳朵,とんがり耳"
shoes,"靴,くつ,鞋子,신발"
food,"食べ物,食品,食物"
pussy,"おまんこ,女性器,pussy,屄,グロマン,膣,女性生殖器,女阴,まんこ"
necktie,"ネクタイ,领带"
indoors,"部屋,室内,屋内,インテリア"
barefoot,"裸足,素足,裸足裏,制服裸足,裸足男子"
tongue,"舌,舌責め"
medium_hair,"セミロング,ミディアムヘアー"
black_thighhighs,"黒ニーソックス,黒ニーソ,黒ニーハイ,黒ストッキング,黑丝"
solo_focus,
green_hair,緑髪
artist_name,
official_alternate_costume,セカコス
monochrome,"モノクロ,モノクロ画,单色调"
socks,"ソックス,靴下,生靴下,裸靴下"
hand_up,
japanese_clothes,和服
day,"昼間,daytime,昼,ひる"
pants,"ズボン,パンツルック"
puffy_sleeves,
hairclip,髪留め
male_focus,"男の子,少年,男性,男子"
black_skirt,
fate_(series),"Fate,Fateシリーズ"
halo,"天使の輪,天使の輪っか,光环,ヘイロー,へいろー"
fang,"八重歯,虎牙,犬齿"
belt,"ベルト,腰带"
blue_archive,"ブルアカ,ブルーアーカイブ,ブルアカイラスト部,ブルーアーカイブイラコン,블루아카이브,블루아카,BlueArchive,蔚藍檔案,碧蓝档案,碧藍檔案,BA,ジョジョアーカイブ,蔚蓝档案"
elbow_gloves,"長手袋,ロンググローブ,长手套,白長手袋,肘手套"
stomach,"下腹,お腹,おなか,いいおなかの日"
midriff,"へそ出し,へそだし,ヘソ出し,腹チラ,腹部,肚子"
glasses,"眼鏡,眼鏡っ娘,メガネ,めがね,眼镜,伊達眼鏡,안경,eyeglasses,spectacles,glasses"
white_gloves,"白手袋,白手套,白長手袋"
bowtie,"蝶ネクタイ,ボウタイ,領結,领结"
blunt_bangs,"ぱっつん,パッツン,前髪ぱっつん,齐刘海"
tongue_out,舌出し
signature,"サイン,サイン入り,签名"
looking_back,"見返り,振り返り,振り向き,振り向く,見返り美人,回眸,回头看"
white_dress,"白ワンピ,白ワンピース"
sex,"セックス,SEX,性交,性行為,キスハメ,中出し,挿入,トイレセックス"
hair_flower,"頭に花,花飾り"
comic,"漫画,マンガ,漫畫,만화,漫畵"
greyscale,白黒
cat_ears,"猫耳,ネコミミ,ねこみみ,ネコ耳,ねこ耳,猫耳カチューシャ"
dark_skin,"褐色,褐色肌,色黒"
cloud,"雲,くも"
serafuku,"セーラー服,水手服"
black_footwear,
pink_eyes,
on_back,"仰向け,仰臥"
multiple_boys,
spread_legs,"開脚,M字開脚,エロ蹲踞,V字開脚,张开双腿"
miniskirt,"ミニスカ,ミニスカート,ミニスカ巫女,미니스커트,迷你裙,超短裙,ミニスカポリス"
armpits,"腋,脇,魅惑の腋,腋巫女,脇の下,腋下"
off_shoulder,オフショルダー
streaked_hair,"メッシュ,挑染"
hololive,"ホロライブ,ホロライブプロダクション,ホロライブゲーマーズ,ホロライブファンタジー,ホログラ,hololive,hololewd"
twitter_username,
grey_background,
mole,"ほくろ,ホクロ,痣"
hood,"頭巾,후드,帽兜,フード"
nail_polish,"マニキュア,マニキュア液,指甲油,매니큐어"
sailor_collar,"セーラー襟,セーラーカラー,セーラー水着,水手领"
black_dress,黒ワンピ
fate/grand_order,"FGO,FateGO,FateGrandOrder,Fate/GrandOrder,Fate/Grand_Order,Cosmos_in_the_Lostbelt,Fate/GrandOrder(腐),FGO夢,Fate/GO"
cum,"精液,정액,ザーメン"
holding_weapon,
wide_sleeves,
fingerless_gloves,"指抜きグローブ,无指手套"
two-tone_hair,"ツートン,ツートーン,二色髪"
genshin_impact,"原神,原神project,원신,gnsnプラス,Genshin,Yuanshen,genshinimpactfanart,GenshinImpact,gnsn夢,Genshinfanart,原神同人,gnsn,GenshinImpact5ꓸ0,原尻,genshintwt"
hair_over_one_eye,"片目隠れ,片目隠し"
hair_bun,"丸子头,お団子,发髻,お団子ヘアー,おだんご"
blurry,"ぼかし,ぼやけた,模糊"
from_behind,後ろ姿
speech_bubble,"ふきだし,말풍선,對話框"
sword,"剣,大刀,刀剣,グレートソード,大剣,女剣士,劍,miekka,espada,pedang,Schwert,miecz,меч,svärd,swaard"
rabbit_ears,"うさぎ耳,ウサギ耳,うさみみ,うさ耳,兎耳,ウサミミ,ウサ耳"
leotard,レオタード
white_thighhighs,"白ニーソックス,白ニーソ,白ニーハイ,白ストッキング,白スト,白丝袜"
looking_at_another,
necklace,ネックレス
idolmaster,"アイドルマスター,idolm@ster,theidolm@ster,im@s,アイマス,アイドルマスタ"
open_jacket,
clothes_lift,たくし上げ
yuri,"百合,ユリ,レズ,社会人百合,レズレイプ,創作百合,オリジナル百合,sapphic,にょたゆり,ウマ娘百合ティーダービー,pkmn百合,백합,lesbian,wlw"
huge_breasts,"爆乳,폭유,爆乳化,hugeboobs,hugebreasts"
black_jacket,
animal_ear_fluff,
bra,"ブラジャー,ブラ,デカブラ,브래지어,브라,胸罩"
striped_clothes,
grin,"輝く白い歯,露齿笑"
feet,"足,足フェチ"
water,"水,물"
orange_hair,オレンジ髪
black_pantyhose,"黒スト,黒ストッキング,黑丝,黒タイツ"
from_side,"たかみよこがお,よこがおフレンズ"
mosaic_censoring,马赛克
english_text,英語
kimono,"👘,着物,和服"
pokemon,"ポケモン,ポケモン擬人化,ポケモン人間絵,pkmn腐,ポケ擬,Pokemon,포켓몬,포켓몬스터,ポケモントレーナー版深夜の真剣お絵描き60分一本勝負,ポケモン×人間,ポケットモンスター,ポケモントレーナー,pocketmonsters,精灵宝可梦,ポケモン機械化,ポケモンイラスト,Pokémon,宝可梦,pkg版深夜の真剣お絵描き60分一本勝負,pokemonfanart,pkmn,ポケモンFA,星座タロット風ポケモン,ポケモンと生活,宝可梦图鉴,アニポケ,pkmn夢,pkmn百合"
star_(symbol),"星形,星型,星,星星"
red_bow,
high_heels,"ハイヒール,高跟,高跟鞋"
arm_up,
vaginal,"膣の,阴道性行为"
crop_top,"ハーフトップ,露腹短上衣,短款上衣"
bag,"鞄,かばん,カバン"
tears,涙
white_panties,"白パンツ,白パン,白いパンツ"
completely_nude,"生まれたままの姿(産まれたままの姿)全裸(ヌード),すっぽんぽん,裸帽子,全裸,完全裸,髪飾り以外完全裸"
sweatdrop,"汗マーク,汗滴"
coat,"コート,外套"
blue_sky,"青空,蒼空,青い空,蒼天,蒼穹,碧空,蓝天"
3girls,
apron,"エプロン,えぷろん,围裙"
black_shirt,黒シャツ
arms_up,脇見せのポーズ
collar,"首輪,项圈"
sweater,"セーター,스웨터,毛衣,トレーナー,スウェット,スウェットシャツ,スエットシャツ"
dark-skinned_female,"褐色娘,褐色ロリ,黒ギャル"
bracelet,"ブレスレット,腕輪,手镯"
black_eyes,黒目
red_ribbon,
parted_bangs,"センター分け,真ん中分け,中分刘海"
:o,Oの字口
flat_chest,"極上の貧乳,ぺったんこ,大平原の小さな胸,無乳,ナイチチ,平らな胸,ツルペタ,つるぺた,平胸,まな板,flat-chested"
fingernails,"爪,손톱,指甲"
vest,"ベスト,背心"
symbol-shaped_pupils,柄目
blue_skirt,青いスカート
hands_up,
black_choker,
cape,"ケープ,披风,披風"
armor,"鎧,甲冑"
grey_eyes,灰色の瞳
strapless,ベアトップ
character_name,
cup,"コップ,カップ,杯子"
toes,"足指,足の指"
chibi,"ちびキャラ,ちび,デフォルメ,SD,SDイラスト,Q版,Q版造型,ちびきゃら,ミニキャラ,デフォルメエロ,SDキャラ,TDM,チビケモ"
two_side_up,ツーサイドアップ
covered_nipples,"胸ポチ,勃起乳首,透け乳首,浮き乳首"
scarf,"🧣,マフラー,围巾,围脖"
clothing_cutout,
orange_eyes,"オレンジ目,おれんじめ"
twin_braids,
puffy_short_sleeves,
side_ponytail,"サイドテール,侧马尾"
looking_to_the_side,
bar_censor,
dated,日付
aqua_eyes,
multiple_views,"三面図,3面図,multiple_angles"
groin,"鼠蹊部,またすじ,恥丘,鼠径部"
2boys,
see-through_clothes,"透け,透け透け,スケスケ,すけすけ,シースルー,濡れ透け,透けブラ,スケブラ,透けスカート"
eyelashes,"まつげ,睫毛"
neckerchief,ネッカチーフ
thigh_strap,"サイバンド,大腿上的带子,腿带"
fake_animal_ears,"付け耳,つけ耳,けもみみ(偽)"
legs,"足,美脚"
arknights,"明日方舟,アークナイツ,명일방주,Arknights,ArknightsFanArt,アークナイツバトルイラコン"
loli,"ロリ,ロリビッチ,ロリ妊婦,ペド,ロリフ,合法ロリ,おねロリ,萝莉,LOLI,lolicon,蘿莉,로리,ロリコン,ロリショタ,ケモロリ,ロリ陰毛,メスガキ,褐色ロリ,おにロリ,ロリ巨根,ロリサキュバス,幼女,mesugaki"
mole_under_eye,"泣きぼくろ,泣きボクロ,泣き黒子,눈물점,泪痣"
v-shaped_eyebrows,
sleeves_past_wrists,"萌え袖,萌袖"
wrist_cuffs,"腕带袖口,护腕"
fox_ears,"狐耳,きつね耳,キツネ耳,きつねみみ"
wet,"濡れ,濡れる,びしょ濡れ,びしょびしょ"
cat_tail,"ねこしっぽ,猫しっぽ,猫尻尾"
fur_trim,
feet_out_of_frame,小全景镜头
sleeveless_dress,ノースリーブワンピース
covered_navel,透けへそ
black_panties,"黒パン,黒パンツ"
short_shorts,"ショートパンツ,ホットパンツ,超短パン,短パン,热裤"
bare_arms,
sleeveless_shirt,
pillow,"枕,枕头,まくら,マクラ"
v,"ピース,ピースサイン,Vサイン,ブイサイン,ハメピス,フェラピス"
hand_on_own_hip,"腰に手,单手叉腰"
upper_teeth_only,
tree,"木,樹,樹木,木本,じゅもく,き"
detached_collar,付け襟
bare_legs,生足
black_bow,
maid_headdress,"ホワイトブリム,女仆头饰"
one-piece_swimsuit,ワンピース水着
maid,"メイド,メイドさん,メイド少年,女仆,메이드,メイド服,妹抖"
azur_lane,"碧蓝航线,碧藍航線,アズールレーン,AzurLane,舰B,艦B,アズレン,벽람항로,アズールレーン陣営,アズールレーン版深夜の真剣お絵かき60分一本勝負,パイズールレーン,KAN-SEN,アズレン漫画"
pubic_hair,"陰毛,阴毛,음모,生えかけ,ロリ陰毛,パイパン差分希望,ヘアヌード,アンダーヘア"
torn_clothes,"服ビリ,尻破れ"
head_tilt,"首傾げ,歪头"
blurry_background,虚化背景
black_ribbon,
gradient_hair,"グラデ髪,グラデヘアー,渐变色头发"
gradient_background,渐变色背景
pov,"ハメ撮り視点,POV,主観視点,一人称視点,自分視点,第一人称视角"
shiny_skin,
gun,銃
lips,唇
uncensored,"無修正,uncensored"
skindentation,ももぷく
sash,"サッシュ,현장,飾帶,饰带,条带"
horse_ears,馬耳
black_bikini,"黒ビキニ,たくし上げ黒ビキニ"
sideboob,"横乳,よこちち,옆가슴"
tattoo,"タトゥー,刺青"
neck_ribbon,"リボンタイ,りぼんたい,ネックリボン,ねっくりぼん,紐タイ"
highleg,ハイレグ
cosplay,コスプレ
plaid_clothes,
black_shorts,
window,"窓,窓辺,窗户"
umamusume,"ウマ娘,ウマ娘プリティーダービー,赛马娘,賽馬娘,马娘,馬娘,우마무스메,말딸,Umamusume,フォロワーさんからイメージもらって自分をウマ娘化する,ウマ娘ガンダムダービー,北斗の拳ニンジン味,ウマ娘モータリゼーション,闪耀优俊少女,闪耀!优俊少女,优骏少女,グラップラー馬姫,ウマ娘百合ティーダービー"
horse_girl,"馬娘,ウマ娘"
buttons,"釦,鈕扣,纽扣,扣子,단추,鈕"
hair_intakes,"インテーク,进气口发型,排气孔"
ascot,"ジャボ,多褶领巾"
single_braid,
sparkle,"kirakiradeshita,闪闪发光,キラキラ"
sketch,
floating_hair,
zettai_ryouiki,"絶対領域,絕對領域,绝对领域,절대영역"
leaning_forward,"前屈み,前かがみ"
anus,"肛門,アヌス,尻の穴,縦割れアナル,尻穴"
vocaloid,"ボーカロイド,ボカロ,VOCALOID,博歌樂,术力口,術力口"
on_bed,ベッドの上
double_bun,"お団子頭,お団子"
idolmaster_cinderella_girls,"アイドルマスターシンデレラガールズ,シンデレラガールズ,デレマス,モバマス,imas_cg"
kneehighs,"ハイソックス,ハイソ,黒ハイソックス,黒ハイソ,黒ハイ,白ハイソックス,白ハイソ,白ハイ,紺ハイソックス,紺ハイソ,紺ハイ"
blue_bow,
bell,ベル
dutch_angle,"ダッチアングル,倾斜角度"
book,本
swept_bangs,
petals,"花びら,花吹雪,桜吹雪,花瓣"
border,边框
blue_dress,"青ドレス,青いワンピース,青いワンピ"
kneeling,"跪く,膝立ち,跪,跪着,下跪"
saliva,"涎,唾液,口水"
black_pants,
open_shirt,
playboy_bunny,"バニーガール,バニースーツ,バニー,兔女郎,바니걸,メカバニー,bunnysuit"
dress_shirt,"Yシャツ,ワイシャツ,裸Yシャツ,正装衬衫,西装衬衫,衬衫"
pussy_juice,"爱液,愛液,マン汁"
soles,"足裏,裸足裏,ソックス足裏,足の裏"
colored_skin,異色肌
hoodie,"パーカー,连帽衫"
red_skirt,赤いスカート
bodysuit,"ボディスーツ,ぴっちりスーツ,ボディースーツ,艦ラバー,ラバースーツ,全身タイツ,ピッチリスーツ,连体紧身衣,紧身衣"
nose_blush,赤面
makeup,"化粧,化妆,メイク"
halterneck,"ホルターネック,ホルタートップ,ホルタービキニ,颈挂式"
black_hat,
white_socks,"白ソックス,白ハイソックス,白ハイソ,白靴下"
honkai_(series),"Honkai,崩坏,崩壊,逆熵,崩壞,붕괴"
shadow,"影,影子"
low_twintails,"おさげ,二つ結び,下双马尾,低双马尾,로우테일"
fox_tail,
mask,"マスク,仮面,覆面,衛生マスク,サージカルマスク,防塵マスク,ガスマスク,面具,カラスマスク"
white_jacket,
white_bikini,白ビキニ
capelet,披肩
heterochromia,"オッドアイ,ヘテロクロミア,异瞳,虹彩異色症,异色瞳,虹膜异色症"
no_bra,"ノーブラ,つけてない"
underboob,"下乳,南半球,下パイ,おっぱいスカート,underboobs"
alternate_hairstyle,"髪型チェンジ,非常态发型"
profile,"横顔,侧脸,侧面"
one_side_up,"ワンサイドアップ,サイドアップ,ハーフアップ"
turtleneck,"タートルネック,ハイネック,高领毛衣"
depth_of_field,"被写界深度,피사계심도,虚化背景,虚化前景"
piercing,"ピアス,ボディピアス"
side-tie_bikini_bottom,紐ビキニ
night,"夜,夜景,よる"
aqua_hair,
cameltoe,"いいスジしてる,メコスジ,すじ,スジ,骆驼趾,도끼자국,キャメルトゥ,まんすじ"
cum_in_pussy,"中出し,膣出し,中出,膣内射精,膣內射精,질내사정,體內射精,体内射精,체내사정,內射,内射"
expressionless,"無表情,平然,无表情"
bed_sheet,"シーツ,ベッドシーツ"
blue_background,BB
bed,ベッド
:3,"猫口,ω"
black_hairband,
no_shoes,"ソックス足裏,生靴下"
holding_sword,
ass_visible_through_thighs,前から見えるお尻
ocean,海
hug,"ハグ,拥抱"
chinese_clothes,"中国风,チャイナ服,中華風,中国風"
embarrassed,"恥じらい,恥,恥ずかしい,はずかしい,羞恥,赤面"
pokemon_(creature),"ポケモン×ポケモン,ポケモン×人間,pokemon"
erection,"勃起,剥けチン"
bottomless,"穿いてない,ボトムレス,下脱ぎ,フルチン"
arm_support,
no_panties,"はいてない,ノーパン"
from_above,ハイアングル
blood,血
watermark,透かし
beret,"ベレー,贝雷帽"
cat_girl,"キャットガール,猫系女子,猫耳娘,貓人,猫人,貓娘,猫娘"
wavy_hair,"ウェーブヘア,ウェービーヘア"
muscular,"筋肉,筋肉質,玉つき筋肉ショタ"
cum_on_body,
thick_thighs,"ぶっともも,thickthighs"
frown,"しかめっ面,・''・,皱眉"
back,"背中,魅惑の背中,ぱっくり背中,せなか"
heart-shaped_pupils,"目がハート,目にハート,ハート目,心形瞳孔"
copyright_name,タイトル回収
black_socks,"黒ハイソックス,黒ソックス,黒生,黒靴下"
short_dress,
brown_footwear,
beach,"砂浜,ビーチ,すなはま,浜辺"
white_footwear,
half-closed_eyes,"半眼,半目,眯眼,眯着眼睛,半闭着眼,はんめ"
female_pubic_hair,マン毛
phone,"電話,电话"
chain,"鎖,くさり,チェーン,チェイン,链条"
red_dress,"赤いワンピース,赤いワンピ,赤ワンピ,赤いドレス,赤ドレス"
fangs,"八重歯,虎牙"
white_skirt,
siblings,
on_side,"横臥,松葉崩し,侧躺"
rose,"荊棘,薔薇,蔷薇,ばら,玫瑰,バラ,장미,roses"
frilled_dress,
looking_down,下を見る
plaid_skirt,"チェックスカート,格子裙"
demon_horns,
blue_shirt,青シャツ
groping,爱抚
cleavage_cutout,"谷間ホール,奶窗"
sandals,"サンダル,凉鞋,涼鞋,신발"
garter_straps,"ガーターベルト,吊带袜的吊带"
fruit,"果物,フルーツ,くだもの,水果"
holding_hands,"握り,ラブ握り,牵手"
blue_jacket,
witch_hat,魔女帽子
white_bow,
clothes_pull,拉丝
colored_inner_hair,"インナーカラー,内层挑染,inner_color"
arms_behind_back,"後ろ手,後ろ手縛り"
wariza,"割座,ぺたん座り,女の子座り,アヒル座り,鸭子坐"
4girls,
facial_mark,
floral_print,花柄
sunglasses,サングラス
hatsune_miku,"初音ミク,初音未来,初音未來,miku_monday,mikumonday,ミクの日,hatsunemiku,初音ミクイラスト,miku,ミク,hatsumemiku,mikuhatsune,miku_hatsune,vocaloid_miku"
holding_food,
fox_girl,"狐娘,狐っ娘,foxgirl"
thigh_boots,サイハイブーツ
squatting,"蹲踞,エロ蹲踞,しゃがみ,スクワット,蹲,蹲着"
testicles,"金玉,睾丸,キンタマ,揉みしだきたい玉,ふぐり,裏玉,玉責め"
glowing,
bird,"鳥,擬鳥化,鳥ポケモン,鳥と女の子"
shirt_lift,"たくし上げ,たくし上げ黒ビキニ,シャツたくし上げ"
bob_cut,"おかっぱ,ボブカット,ボブ,黒髪ボブ,黒髪ボブカット,茶髪ボブ,赤髪ボブ,ショートボブ,エアリーボブ,前下がりボブ,マッシュルームカット,ワンレンボブ,前上がりボブ,おかっぱ男子"
white_flower,
leaf,"葉,葉っぱ,木の葉"
demon_girl,"悪魔っ娘,悪魔娘,サキュバス,succubus,悪魔っ子,悪魔,ロリサキュバス"
pink_background,
thigh_gap,絶対空域
from_below,"ローアングル,ぶちアングル,アオリ"
chair,椅子
^_^,
headphones,"ヘッドフォン,ヘッドホン,ヘッドホン娘,ヘッドホン男子,头戴式耳机"
animal,"動物,动物,小动物,アニマル,兽,ヨツケモ,wildlife"
wolf_ears,狼耳
scar,"傷跡,疤痕,疤"
drill_hair,"縦ロール,ドリルヘアー"
military,"軍事,ミリタリー,軍用機,軍人"
bandages,"包帯,眼帯,绷带,包扎"
standing_on_one_leg,"片足立ち,单腿站立,单脚站立"
hololive_english,"hololiveEnglish,ホロライブEN,HololiveMyth,HololiveEN,holocouncil,holoEN,ホロライブEnglish"
fire_emblem,"ファイアーエムブレム,ガチホモエムブレム,FE,FireEmblem,FE版深夜の真剣お絵描き60分一本勝負,FE腐向け,火焰纹章"
oral,
bright_pupils,
leg_up,
obi,"帯,kimono_obi,kimono_belt,束带"
ring,"リング,戒指,指輪"
umbrella,"傘,伞,雨傘,雨伞"
blush_stickers,
thick_eyebrows,太眉
light_brown_hair,"茶色髪,小麦色髪,淡褐色髪"
military_uniform,"軍服,军服,军装,セクシー軍服"
scrunchie,"シュシュ,大肠圈发圈"
black_leotard,
black_nails,
x_hair_ornament,
cardigan,"カーディガン,카디건,開襟衫,开衫"
skirt_lift,"スカートめくり,スカート捲り,セルフスカートめくり,セルフスカート捲り"
hood_down,
white_hat,
bound,バインド
mouth_hold,"咥える,咥え髪留め,くわえたくしあげ"
white_border,
blue_ribbon,
headgear,
crossed_legs,"足組み,タイツ足組み,二郎腿"
sunlight,"日光,阳光"
stuffed_toy,"ぬいぐるみ,毛绒玩具"
sharp_teeth,"ギザ歯,鲨鱼齿"
wavy_mouth,"ピーナッツみたいな口しやがって,波浪嘴"
headband,"鉢巻,ヘッドバンド"
cellphone,"携帯電話,ケータイ,手机,电话"
happy,ハッピー
lifting_own_clothes,"たくしあげ,たくし上げ,セルフスカートめくり,セルフスカート捲り"
flying_sweatdrops,"汗マーク,ぼのぼの汗"
elf,"エルフ,エロフ,ロリフ,精灵"
high_ponytail,ハイポニーテール
eyes_visible_through_hair,
honkai:_star_rail,"崩坏星穹铁道,崩坏:星穹铁道,崩壊スターレイル,スターレイル,붕괴:_스타레일,붕괴_스타레일,HonkaiStarRail,StarRail,HSR,星穹铁道,崩壊:スターレイル,崩壊スタートレイル,崩壊スターレール,hust夢,รางดาว"
trembling,震える
table,テーブル
frilled_skirt,
tank_top,"タンクトップ,无袖紧身背心"
topless,"トップレス,上半身裸"
white_apron,
horse_tail,
straddling,"馬乗り,馬乗りパイズリ"
no_humans,誰もいない
frilled_sleeves,
abs,"腹筋,腹直筋,腹肌"
love_live!,"ラブライブ,ラブライブ!,LOVELIVEFEST,lovelive"
dark-skinned_male,"黒人,黑人,BBC,褐色男性"
black_background,
cloudy_sky,"曇天,曇り空,曇り"
strapless_leotard,
mob_cap,モブキャップ
eating,もぐもぐ
transparent_background,"PNG,透明な背景,背景が透明,透過PNG"
light_smile,
sex_from_behind,
crossed_arms,腕組み
underwear_only,下着姿
own_hands_together,
ear_piercing,
grabbing_another's_breast,"乳鷲掴み,乳揉み,揉奶,背後から胸揉み,後ろから乳揉み,从背后揉奶,服の中で乳揉み,肩を組んで乳揉み"
red_necktie,
girl_on_top,
black_bra,"黒下着,黒ブラ"
red_bowtie,
girls'_frontline,"少女前线,少女前線,少女戦線,少女戰線,少前,소녀전선,소전,GirlsFrontline,Girls'frontline,GFL,ドールズフロントライン,ドルフロ,DollsFrontline,銃を持った戦術人形,戦術人形"
6+girls,
bottle,"瓶,ペットボトル"
fellatio,"フェラ,フェラチオ,フェラピス,チン毛付きフェラ,ノーハンド,輪フェラ,パイフェラ,机の下のフェラ,逆フェラ,オナフェラ,うごフェラ,口交,桌下口交"
denim,"デニム,데님,牛仔布"
breasts_out,乳だけ出してる
hair_tubes,
rabbit_tail,
motion_lines,
antenna_hair,"触角,アホ毛,触角娘"
red_flower,
holding_cup,
feathers,"🪶,羽毛,正羽,綿羽"
curtains,"カーテン,窗帘"
single_hair_bun,"お団子頭,お団子"
pink_bow,
on_stomach,"うつぶせ,うつ伏せ,伏臥,趴着"
cross,"十字架,十字"
skin_fang,
light_blush,
holding_gun,
eyewear_on_head,
slit_pupils,"猫目,ネコ目,猫瞳,竖瞳"
moon,月
grass,草
bdsm,"ボンデージ,ボンテージ,ドM,ドMホイホイ,ドSホイホイ,拘束具,SM"
pantyshot,"パンチラ,しゃがみパンチラ,露内裤,ダイナミックパンチラ"
fishnets,渔网服饰
straight_hair,"ストレートヘア,直毛"
helmet,"ヘルメット,フルフェイス,头盔"
final_fantasy,"ファイナルファンタジー,FF,最终幻想"
suspenders,"サスペンダー,吊带"
cat,"猫,ねこ,猫と女の子,ネコ,イエネコ,にゃにこれかわいい,猫イラスト"
tiara,ティアラ
single_thighhigh,"片足ニーハイ,片足ニーソ"
backpack,"バックパック,リュックサック,双肩包,背包"
bent_over,"站立前屈,前屈,鞠躬"
plant,"植物,植物姦"
tassel,"タッセル,流苏"
extra_ears,四つ耳
facial_hair,"髭,ひげ,ヒゲ"
red_shirt,"赤シャツ,赤いシャツ"
crying,
looking_up,
;d,
white_pupils,
eyepatch,"眼帯,アイパッチ"
head_wings,頭羽
hakurei_reimu,"乳巫女,博麗霊夢,霊夢,青霊夢,博麗靈夢,靈夢,博丽灵梦,灵梦,하쿠레이레이무,레이무,HakureiReimu,ReimuHakurei,Reimu,Reimu_Hakurei"
girls_und_panzer,"ガールズ&パンツァー,ガルパン,ガールズアンドパンツァー,ガールズパンツァー,GIRLSundPANZER,GuP,ガールズ&パンツァー最終章,garupan,ガルパンはいいぞ,ガルパンイラスト再投稿企画,ガルパンバレンタインイラスト投稿企画,ガルパンクリスマスイラスト投稿企画,ガルパン最終章カウントダウンイラスト投稿企画,ガールズ&パンツ,ガールズ&モーター"
sleeping,まどろみ
clenched_teeth,咬牙
juliet_sleeves,"ジュリエットスリーブ,朱丽叶袖"
portrait,"ポートレート,肖像画,似顔絵,头像,大头,顔,近特写镜头,肖像,面部特写"
hand_on_own_chest,"胸に手,心臓を捧げよ"
stuffed_animal,毛绒动物玩具
animal_print,
sisters,"姉妹,姉妹百合"
demon_tail,悪魔しっぽ
1other,
wing_collar,
red_nails,
hat_ribbon,
blazer,ブレザー
school_swimsuit,"スクール水着,スク水,死库水,school_mizugi,schomizu,男子スク水,スク水男の娘"
no_pants,"スカートはいてない,スカート穿いてない,セーラーパンツ,セーラーふんどし"
feathered_wings,
crown,王冠
all_fours,"四つん這い,女豹のポーズ,四肢着地"
cover,封面
highleg_leotard,ハイレグレオタード
?,きょとんハテナ
gem,宝石
green_skirt,
sneakers,"スニーカー,运动鞋"
tan,"褐色,日焼け,小麦肌"
muscular_male,"筋肉,筋肉質,ガチムチ"
black_necktie,
crossed_bangs,
china_dress,"チャイナドレス,旗袍,Cheongsam,長衫,チャイナ,チーパオ"
parody,"パロディ,パロディー,模仿"
knee_boots,ロングブーツ
monster_girl,"モンスター娘,魔物娘,人外娘,亜人"
fire,"火,炎"
revealing_clothes,"エロ衣装,情趣服,側面全裸,セクシー軍服"
puffy_long_sleeves,
knees_up,
grey_shirt,
bug,"昆虫,虫,こんちゅう,곤충,蟲姦,虫姦,蟲姦管理職"
outstretched_arms,"手を広げる,伸出去的双臂,伸手"
veil,"面纱,头纱"
nijisanji,"にじさんじ,にじさんじSEEDS,にじさんじゲーマーズ,にじさんじマイクロビキニ部,2434ガールズコレクション,2434RPGガールズコレクション,彩虹社,二次三次,니지산지,NIJIArt,にじさんじ甲子園,にじさんじ甲子園2020,にじさんじ甲子園2021,にじさんじ甲子園2022,にじさんじアルプススタンド,バーチャル・タレント・アカデミー,Nijihub,Nijilewd,にじGTAFA"
red_footwear,
undressing,"脱ぐ,脱衣,脱ぎかけ,半脱"
toenails,
group_sex,"4P,5P"
outstretched_arm,"手を伸ばす,伸手,单手伸出"
polka_dot,水玉
bandaid,"絆創膏,创可贴,创口贴"
t-shirt,"Tシャツ,T恤,T恤衫"
blue_sailor_collar,
multicolored_clothes,
white_ribbon,
katana,"刀,日本刀,打刀,太刀"
facing_viewer,
loafers,ローファー
pelvic_curtain,"前垂れ,开衩"
dog_ears,犬耳
towel,"バスタオル,タオル,毛巾"
pink_dress,
kiss,"キス,口づけ,接吻,キスハメ,手コキッス,吻,亲嘴,亲亲,😘"
shoulder_armor,"肩当て,肩当,肩パッド"
messy_hair,"くせ毛,ボサボサ,ボサ髪,寝癖,寝ぐせ"
bondage,"緊縛,ボンデージ,ボンテージ,捆绑play,東方緊縛画"
white_pantyhose,"白タイツ,白ストッキング,しろたいちゅ❤️"
black_belt,
steam,"湯気,湯けむり"
string_bikini,
adapted_costume,衣装アレンジ
furry,"ケモノ,獣人,メスケモ,トリケモ,オスケモ,獣化,猫人,ケモロリ,ケモショタ,兽人,福瑞,ファーソナ,transfur,兽设,チビケモ,オリケモ,furryart,furry_art,kemono"
lingerie,"ランジェリー,セクシーランジェリー,女式内衣"
crossover,"クロスオーバー,版権クロスオーバー,联动,夢の共演,梦幻共演,双厨狂喜,乱入"
striped_thighhighs,縞ニーソ
breast_press,"あててんのよ,つぶれおっぱい"
hat_bow,
lace_trim,蕾丝边
arms_behind_head,
ribbon_trim,
strapless_dress,ベアトップワンピース
alternate_breast_size,"貧乳化,巨乳化,爆乳化,超乳化"
pectorals,"雄っぱい,男子おっぱい"
sex_toy,大人のおもちゃ
bat_wings,
meme,"海外ミーム,インターネットミーム,ミーム,沙雕"
between_breasts,おっぱいポケット
armband,腕章
smartphone,"スマートフォン,スマホ,智能手机"
otoko_no_ko,"男の娘,女装少年,femboy,こんな可愛い子が女の子のはずがない,わぁい,女装子,男の娘×女の子,おとこのこ,だが男だ,伪娘,伪伪郎,萝太,お姉さん×男の娘,男の娘×男の娘,男娘,秀吉,女装大佬,偽娘"
building,"建物,ビル,建築物"
magical_girl,"魔法少女,変身ヒロイン,마법소녀,mahou_shoujo,mahoushoujo,magicalgirl,馬猴燒酒,马猴烧酒"
drooling,"よだれ,流口水"
foreshortening,
hooded_jacket,连帽夹克
knife,"ナイフ,knife"
short_twintails,
areola_slip,輪チラ
red_background,
hair_over_shoulder,
blue_nails,
pink_nails,ピンクネイル
yellow_background,
suit,"スーツ,ビジネススーツ,西装,スリーピーススーツ,3ピーススーツ,スリーピース・スーツ,3ピース・スーツ"
pointing,指差し
red_jacket,
pink_panties,ピンクパンツ
grey_skirt,
couch,"ソファー,ソファ,沙发"
wet_clothes,濡れ透け
panty_pull,"パンツ下ろし,パンツめくり,パンツずらし,下ろしパンツ,パンツ脱ぎ"
kirisame_marisa,"おっぱまりさ,霧雨魔理沙,魔理沙,雾雨魔理沙,키리사메마리사,마리사,마이사"
mole_under_mouth,艶ぼくろ
box,
multiple_tails,
maid_apron,女仆围裙
staff,"杖,权杖"
brooch,"ブローチ,胸针"
couple,"カップル,情侣,嗑cp"
mahou_shoujo_madoka_magica,"魔法少女まどか☆マギカ,まどマギ,まどかマギカ,まどか☆マギカ,魔法少女まどかマギカ,魔法少女小圆,MadokaMagica,puella_magi_madoka_magica,pmmm,puellamagimadokamagica"
ejaculation,"射精,ビュービュー系,乳内射精,挟射,大量射精"
side_braid,
goggles,"ゴーグル,护目镜"
4koma,"4コマ漫画,4コマ,四コマ,四格漫画,4格漫画"
night_sky,夜空
breath,呼吸
o-ring,
star_(sky),"恒星,星星"
granblue_fantasy,"グランブルーファンタジー,グラブル,碧蓝幻想,グラ腐ル,GranblueFantasy"
>_<,><
breasts_apart,
black_coat,
wristband,"リストバンド,腕带"
outside_border,
flandre_scarlet,"U.N.おっぱい,フランドール・スカーレット,フランドール,芙兰朵露·斯卡雷特,芙兰朵露,플랑드르스칼렛,플랑드르,フラン,ゆっくりフラン"
light_particles,
holding_phone,
robot,"ロボット,ロボ,ロボショタ,ロボエロ"
white_sleeves,
cropped_legs,腿部出画
pink_flower,
neck_bell,
cropped_jacket,"ボレロ,短夹克"
anal,"アナル,アナルセックス,着衣アナルセックス,アナル騎乗位,肛交"
bridal_gauntlets,新娘手套
rope,"ロープ,縄,ロペ"
cherry_blossoms,"桜,桜吹雪,樱花,桜の花"
covering_privates,
patreon_username,
spoken_heart,
wind,風
purple_dress,
micro_bikini,マイクロビキニ
aged_down,"幼児化,幼少期,ショタ化,ロリ化,子供化,幼少時代,シンスイカッコカリ,幼児体型,若返り"
male_pubic_hair,
hair_bobbles,ヘアゴム
red_neckerchief,
candy,"飴,飴玉,あめ,あめだま,キャンデー,キャンディ,キャンディー,スイーツ,糖,糖果"
waist_apron,腰部围裙
formal_clothes,
clenched_hand,"握り拳,握りこぶし"
polearm,ポールウェポン
camisole,"キャミソール,キャ,无袖紧身背心(细肩带)"
sleeves_past_fingers,萌え袖
bike_shorts,"スパッツ,レーサーパンツ,ジャージ+スパッツ,紧身短裤"
sheath,"鞘,剑鞘"
3boys,
clothing_aside,"股布ずらし,ずらし挿入,ずらし事後"
dragon_horns,
blue_necktie,
5girls,
gauntlets,"籠手,ガントレット"
scenery,"風景,风景,ファンタジー風景,背景,背景イラスト,环境,场景"
lipstick,"カラーリップ,口紅,립스틱,口红"
facial,顔射
butterfly,"蝶,蝶々,蝴蝶"
bow_panties,
white_sailor_collar,
crescent,"☾,三日月,みかづき"
dot_nose,
official_alternate_hairstyle,セカンドヘアスタイル
blue_bikini,青ビキニ
low_ponytail,ローポニーテール
front-tie_top,
forehead,"おでこ,でこ,オデコ,デコ,凸,おでこちゃん,おで娘,デコ娘,ひたい,额头,露额"
instrument,"楽器,乐器,民族楽器"
restrained,"拘束,四肢拘束"
pale_skin,色白
index_finger_raised,
skirt_set,
curvy,"むちむち,むちましい,グラマラス,女神的女体"
black_wings,
shaded_face,
gold_trim,
short_hair_with_long_locks,
side-tie_panties,"紐パン,ひもパン,ヒモパン"
interlocked_fingers,"手と手,ラブ握り,手指交叉"
twin_drills,ツインドリル
casual,"私服,カジュアル"
jingle_bell,"猫铃铛,响铃铛"
pom_pom_(clothes),
hood_up,
side_slit,"スリット,开衩"
letterboxed,
cover_page,表紙
dragon_girl,"竜娘,ドラゴン娘,龍娘,龙娘,メスドラ,辰娘"
third_eye,"第三の目,サードアイ"
demon_wings,悪魔羽
clothes_writing,文字Tシャツ
kemono_friends,"けものフレンズ,けもフレ,けものフレンズぱびりおん,けものフレンズFESTIVAL,けものフレンズフェスティバル,けもフェス,けものフレンズ2,よこがおフレンズ,オリジナルフレンズ,オリフレ,長髪けもフレ,オトナけもフレ,kemonofriends,アライさん美術部"
corset,"コルセット,束腰"
surprised,"驚く,驚き,驚いた,驚愕,びっくり,ビックリ,びっくりした"
yaoi,"BL,腐向け,黒バス【腐】,腐,腐向け【腐】,やおい,ホモ,ゲイ,FE腐向け,創作bl,腐向けKTR,あんさん腐るスターズ!,ゼルダの伝説【腐】,イナゴ[腐],ス腐ラトゥーン,ゲイ向け"
logo,ロゴ
web_address,
convenient_censoring,見えない構図
wolf_tail,"おおかみしっぽ,狼しっぽ,狼尻尾"
eyeshadow,"アイシャドウ,眼影"
cowgirl_position,"騎乗位,騎乘位,骑乘位,기승위,アナル騎乗位,騎上位"
tearing_up,"涙目,泣き顔,哭泣之前"
remilia_scarlet,"れみぱい,レミリア・スカーレット,レミリア,蕾米莉亚·斯卡雷特,蕾米莉亚,레밀리아스칼렛,레밀리아,れみりゃ,ゆっくりレミリア,蕾咪"
black_sailor_collar,
baseball_cap,"棒球帽,鸭舌帽"
anger_vein,"怒りマーク,青筋"
open_coat,
semi-rimless_eyewear,"ナイロール,ハーフリム"
yellow_bow,
mole_on_breast,乳ぼくろ
hand_on_own_face,
hair_flaps,侧翘
buckle,バックル
cloak,"マント,斗篷"
blouse,ブラウス
scar_on_face,
paizuri,"パイズリ,ぱいずり,馬乗りパイズリ,パイフェラ,挟射,乳交,젖치기,パイズールレーン,強制パイズリ,파이즈리"
strap_slip,
nature,自然
blue_shorts,
hakama,"袴,袴裙,裤裙,巫女裙,神道裙"
frilled_apron,
red_gloves,
knee_up,坐立腿
low-tied_long_hair,
spiked_hair,
clothed_female_nude_male,CFNM
idolmaster_shiny_colors,"アイドルマスターシャイニーカラーズ,シャニマス,シャニエロ,Shinymas,im@s_shiny,imas_shine"
cum_on_breasts,
armlet,"アームレット,臂环,臂带"
single_earring,
gundam,"ガンダム,高达,敢达,ガンダムシリーズ,ウマ娘ガンダムダービー"
pencil_skirt,タイトスカート
tsurime,"ツリ目,つり目,つりめ,釣り目,吊眼,上挑眼"
frilled_bikini,フレアビキニ
indie_virtual_youtuber,"個人勢,完全個人勢,個人Vtuber,個人勢Vtuber,完全個人Vtuber"
arm_at_side,
high-waist_skirt,"ハイウエストスカート,ハイウエストサスペンダースカート"
rifle,"ライフル,步枪,小銃"
two-tone_background,
peaked_cap,"官帽,かんぼう,大檐帽,军警帽"
faceless,
black_bowtie,
single_glove,
striped_panties,"縞パン,しまぱん,縞ぱん,縞パンツ"
claws,鉤爪
^^^,
licking,"ペロペロ,舌責め"
heavy_breathing,
pink_skirt,
brown_gloves,
christmas,"クリスマス,圣诞节,圣诞,聖誕,聖誕節"
brown_pantyhose,
musical_note,"音符,演奏記号"
holding_book,
...,
round_eyewear,"圆框眼镜,圆框墨镜,丸眼鏡,丸メガネ"
:p,
bara,"ホモ,ゲイ,大叔"
after_sex,"事後,事后,歩き事後,ずらし事後"
zenless_zone_zero,"绝区零,ゼンレスゾーンゼロ,ゼンゼロ,Zenless,ZenZero,ZenlessZoneZero,zzzero,zzzeroIllustration,zzzdripfest,zzzfanart,ZenlessZoneZeroFanart,Juequling,젠레스,젠레스존제로"
pink_shirt,ピンクシャツ
high_heel_boots,高跟靴
green_bow,
spikes,
skin_tight,ぴっちりスーツ
microphone,"マイク,麦克风,话筒"
between_legs,
pink_ribbon,
blue_flower,青い花
genderswap,"性転換,ショタ化,東方ショタ化,TSF,性转,性転人格,性轉,genderbend,genderbent"
drinking_glass,"グラス,玻璃杯"
wading,"涉水,蹚水,水遊び"
lace,"レース,蕾丝"
wide_hips,"巨尻,デカ尻"
black_vest,
frilled_shirt_collar,
glowing_eyes,眼光
hair_scrunchie,发圈
motor_vehicle,
mahou_shoujo_madoka_magica_(anime),"魔法少女まどか☆マギカ,まどマギ,まどかマギカ,まどか☆マギカ,魔法少女まどかマギカ,魔法少女小圆,MadokaMagica"
arm_behind_back,
clothed_sex,"着衣セックス,着衣交尾,着衣アナルセックス"
veins,"脈,脉"
asymmetrical_legwear,
eye_contact,"見つめ合う,对视"
hair_rings,"飞仙髻,飛仙髻,稚児髷,鬟"
finger_to_mouth,口に手
desk,"机,书桌"
close-up,特写
hand_fan,
child,"幼女,子供,幼児,女児,少年,男児"
tentacles,触手
fake_tail,
plate,"皿,접시,碟"
beads,
colored_sclera,
one_eye_covered,
mary_janes,"ストラップシューズ,メリージェーン,玛丽珍鞋"
zipper,ジッパー
carrying,
white_bra,白ブラ
bikini_top_only,"裸ビキニトップ,ビキニトップ"
lens_flare,
ribbed_sweater,"たてセタ,リブ生地,縦セーター,リブニット,縦セタ"
legs_up,
purple_bow,
red_bikini,赤ビキニ
handjob,"手コキ,手交,乳首舐め手コキ,手袋コキ,オナホコキ,手コキッス,背後から手コキ"
seiza,"正座,跪坐"
track_jacket,"ジャージ,运动服,ジャージ+スパッツ"
brown_background,
white_hairband,
yellow_shirt,黄シャツ
masturbation,"オナニー,自慰,女オナニー,オナフェラ,オナバレ,公開オナニー"
condom,"コンドーム,避孕套,ゴム"
long_fingernails,
puffy_nipples,パフィーニップル
swim_ring,
one-hour_drawing_challenge,"Threads版深夜の真剣お絵描き60分一本勝負,深夜の真剣お絵描き60分一本勝負,ロボトミー版深夜の真剣お絵描き60分一本勝負,アークナイツ版深夜の真剣お絵かき60分一本勝負,アズレン版深夜の真剣お絵かき60分一本勝負,艦これ版深夜の真剣お絵描き60分一本勝負,ラブライブ版深夜の真剣お絵描き60分一本勝負,真夏の夜のクッキー迫真お絵描き,JOJO版深夜の真剣お絵描き60分一本勝負,ポケモントレーナー版深夜の真剣お絵描き60分一本勝負,プリキュア版深夜の真剣お絵描き60分一本勝負,深夜の真剣MMD60分一本勝負,ワートリ版深夜の真剣お絵かき60分一本勝負,背景版深夜の真剣お絵描き60分一本勝負,utau_one,ラブライブサンシャイン版深夜の真剣お絵描き60分一本勝負,戦勇版深夜の真剣お絵描き60分一本勝負,ワンドロ,わんどろ,ポケモン版深夜の真剣お絵描き60分一本勝負,ポケスペ版深夜の真剣お絵かき60分一本勝負,ガルパン版深夜のお絵描き60分一本勝負,GuP版深夜のお絵描き60分勝負,1hTolkien,お絵描き60分一本勝負,東方版もうひとつの深夜の真剣お絵描き60分一本勝負,key版深夜の真剣お絵かき60分一本勝負,まどマギ版真剣深夜のお絵かき60分一本勝負,ゼルダの伝説版深夜のお絵描き60分一本勝負,ワンドロウィッチーズ,ww版深夜の真剣お絵描き60分一本勝負,人外版深夜の真剣お絵描き60分一本勝負,ジョジョワンドロ,pkg版深夜の真剣お絵描き60分一本勝負,鳴花ヒメ・ミコト版ワンドロワンライ,松野家次男版深夜の真剣お絵描き60分一本勝負,連縁版深夜の真剣お絵描き60分一本勝負,蓮ノ空版深夜の真剣お絵描き60分一本勝負"
purple_background,
outline,
cropped_torso,
floating,
partially_submerged,
arm_behind_head,
science_fiction,"近未来,sf,科幻,scifiart,sci-fi"
furrowed_brow,眉間に皺を寄せる
black-framed_eyewear,"黒縁眼鏡,黑框眼镜"
no_headwear,"帽子なし,帽子無し"
reflection,"反射,映り込み,鏡越し,倒影"
:<,への字口
gift,"贈り物,おくりもの,贈答品,ぞうとうひん,プレゼント,ギフト,進物,しんもつ,礼物,れいもつ"
ball,"ボール,공,球"
sports_bra,"スポーツブラ,スポブラ"
honkai_impact_3rd,"Honkai_Impact3,崩坏3,崩壊3rd,崩坏3rd,崩壞3rd,붕괴3rd,Honkaiimpact3rd,崩坏三"
tareme,"タレ目,たれ目,たれめ,垂れ目,垂眼,下垂眼"
artoria_pendragon_(fate),"アルトリア・ペンドラゴン,アルトリア,聖剣の騎士王,騎士王,阿尔托莉雅"
full_moon,"満月,满月"
green_dress,
angry,怒り
white_coat,
dress_lift,
@_@,ぐるぐる目
thong,Tバック
pouch,"小包,小盒"
toned,
denim_shorts,牛仔短裤
handgun,"拳銃,ハンドガン,ピストル,オートマチックピストル,マシンピストル,pistol"
hand_in_own_hair,髪に手
alcohol,"酒,お酒,アルコール"
half_updo,"ハーフアップ,お嬢様結び"
snow,"雪,雪原,雪地"
precure,"プリキュア,光之美少女,腐リキュア,オリキュア,マイプリキュア,オリジナルプリキュア"
tray,"お盆,托盘"
raised_eyebrows,
vertical-striped_clothes,
izayoi_sakuya,"巨乳長,十六夜咲夜,咲夜,이자요이사쿠야,사쿠야"
sleeves_rolled_up,腕まくり
purple_skirt,
freckles,"そばかす,雀斑"
white_wings,
age_difference,"年の差,年齢差,大人×子供,歳の差,おねロリ,ショタおね,ロリおね,ママショタ,おばショタ,おばロリ,ババショタ,おにロリ,おにショタ,ショタおに,ロリおに,パパショタ,お姉さん×男の娘"
black_sleeves,
red_hat,
white_shorts,
mature_female,"熟女,人妻,ママン,おばさん,milf,母性的女体,年増,お姉さん,既婚女性"
angel_wings,天使
pendant,ペンダント
wolf_girl,狼娘
pocket,口袋
grey_jacket,
sweater_vest,ニットベスト
green_background,
backlighting,"逆光,背光"
clenched_hands,"グー,握り拳,拳"
smoke,煙
fingering,"手マン,指マン,乳首舐め手マン"
santa_hat,サンタ帽
tanlines,日焼け跡
white_skin,
green_jacket,緑ブレザー
tokin_hat,"頭襟,ときん"
blue_one-piece_swimsuit,
competition_swimsuit,競泳水着
blue_bowtie,
rabbit_girl,"兎娘,兔娘,ウサギ娘,うさぎ娘,bunny_girl,bunnygirl,rabbitgirl"
cumdrip,溢れ精液
knees_together_feet_apart,
blue_hat,
furry_female,"メスケモ,ケモロリ,ケモノ,獣人,female_furry,獣娘"
starry_sky,星空
upskirt,逆さ撮り
blue_footwear,
blue_halo,
cross-laced_footwear,
thighband_pantyhose,ランガード
pink_halo,
turtleneck_sweater,"タートルネック,高领毛衣"
komeiji_koishi,"古明地こいし,こいし,코메이지코이시,古明地恋,病んだ恋の瞳"
:q,ペコ舌
asymmetrical_bangs,
futanari,"ふたなり,双成り,フタナリ,ふたなり化,ぬえちんぽ,女ふたなり,ディックガール"
black_horns,
cuffs,"手枷,手錠"
long_skirt,ロングスカート
white_leotard,
hakama_skirt,"行灯袴,女袴"
legs_apart,"腿分开,叉开腿"
love_live!_school_idol_project,"ラブライブ!SchoolIdolProject,學園偶像計畫,μʼs"
yellow_ribbon,
out_of_frame,
contrapposto,"コントラポスト,짝다리,单腿重心"
missionary,"正常位,传教士位,传教士体位"
brown_jacket,
panties_under_pantyhose,"タイツ越しのパンツ,ストッキング越しのパンツ,パンスト越しのパンツ"
faceless_male,
gym_uniform,"体操服,体操着,襟付きジップアップ体操服,体育着"
brown_skirt,
torn_pantyhose,
hand_on_another's_head,
ribbon-trimmed_sleeves,
legs_together,
crying_with_eyes_open,
black_serafuku,黒セーラー
shirt_tucked_in,
animal_hands,肉球
cake,"ケーキ,蛋糕"
white_kimono,
genderswap_(mtf),"女体化,にょたゆり,にょたりあ"
mecha,"メカ,ロボット,オリメカ,オリロボ"
star_hair_ornament,
white_pants,
single_horn,
!,
fins,ヒレ
multicolored_eyes,
dragon_tail,
red-framed_eyewear,"赤眼鏡,赤縁メガネ"
androgynous,"中性的,無性別"
buruma,"ブルマ,ブルマー,レーシングブルマ,ジャーブル"
innertube,"浮き輪,うきわ,浮輪,游泳圈"
short_ponytail,
forest,"森林,森"
spread_pussy,くぱぁ
walking,
dual_persona,
dog_girl,"犬娘,いぬ娘,犬系女子"
braided_ponytail,
sun_hat,遮阳帽
doggystyle,後背位
dog_tail,
spot_color,单色基调
ass_focus,尻アングル
goggles_on_head,
cleft_of_venus,"すじ,スジ,ワレメ,われめ,割れ目,ぷにまん,オッパイワレメ,つるまんさいこう,阴裂,一线天"
idolmaster_(classic),
blurry_foreground,虚化前景
school_bag,"学生鞄,スクールバッグ,制服リュック"
purple_flower,
cum_in_mouth,"口内射精,精飲,飲精,咥内射精"
garter_belt,"ガーターベルト,吊带袜的腰带"
unworn_headwear,"没戴的帽子,脱下的帽子"
cirno,"チルノ,琪露诺,치르노"
headset,"ヘッドセット,インカム"
halloween,"ハロウィン,ハロウィーン,할로윈,万圣夜,万圣节"
kemonomimi_mode,
fish,"魚,鱼,さかな,물고기,魚姦,海生物姦"
high_collar,
toenail_polish,ペディキュア
hoop_earrings,
threesome,3P
light_blue_hair,
rain,"雨,梅雨"
empty_eyes,"レイプ目,虚ろ目,ベタ目,マグロ目,死んだ魚のような目,目が死んでる,死鱼眼,空洞的眼神"
rape,"レイプ,輪姦,陵辱,強姦,逆レイプ,凌辱,レズレイプ,スライム姦,non-con"
hat_ornament,
holding_umbrella,
plump,"むちむち,ムチムチ,ぽちゃり,むちましい"
naughty_face,
head_rest,頬杖
fate/stay_night,Fate/staynight
colored_eyelashes,
steaming_body,"発情,蒸れ"
low_wings,腰羽
personification,"擬人化,兵器擬人化,艦船擬人化,オリジナル艦娘,ポケモン擬人化,ドーナツ擬人化,お菓子擬人化,ポケ擬,曲擬人化,遊戯王擬人化,オリジナルウマ娘,競走馬擬人化,ヘタリアにない国を擬人化してみる,拟人化,拟人,鉄道擬人化,車擬人化,バイク擬人化,自動車擬人化,干支擬人化,Humanformers,의인화,gijinka"
belt_buckle,
shoulder_bag,ショルダーバッグ
holding_staff,
drinking_straw,"ストロー,吸管"
bandaged_arm,
tentacle_hair,
konpaku_youmu,"魂魄妖夢,妖夢,魂魄妖梦,妖梦,콘파쿠요우무,요우무"
red_scarf,赤マフラー
yellow_flower,
fishnet_pantyhose,網タイツ
hand_between_legs,"脚の間の手,あしのあいだのて"
robe,
persona,"ペルソナ,女神异闻录"
black_collar,
meme_attire,例の服
striped_bikini,縞ビキニ
hands_on_own_hips,"双手叉腰,腰に手"
pink_lips,
happy_birthday,"誕生日,お誕生日おめでとうございます,お誕生日おめでとうございます!,生日快乐"
doujin_cover,
jitome,"ジト目,冷眼"
teacup,"ティーカップ,茶杯"
fur_collar,
bubble,"泡,シャボン玉,気泡"
thought_bubble,
hair_down,髪下ろし
curly_hair,"巻き毛,卷发"
partially_fingerless_gloves,
bulge,形くっきりペニス
wooden_floor,フローリング
enmaided,
hairpin,ヘアピン
short_eyebrows,
purple_nails,
epaulettes,肩章
purple_shirt,
blood_on_face,
impossible_clothes,乳袋
large_pectorals,雄っぱい
female_masturbation,"手マンオナニー,オナニー女"
reaching,
hand_in_pocket,
off-shoulder_dress,滑肩连衣裙
chainsaw_man,"チェンソーマン,チェンソーマン2部,电锯人,電鋸人,전기톱맨,chainsawman,csm,chainsawmanfanart"
mouth_mask,"口罩,カラスマスク"
backless_outfit,"ぱっくり背中,オープンバック"
crossdressing,"女装,男装,女装男子,女装子,女裝,女扮男装,男扮女装,女装大佬,男装大佬,女装オナニー,女水着チャレンジ,男体化女装"
danganronpa_(series),"ダンガンロンパ,弹丸论破,彈丸論破"
asymmetrical_hair,
shiny_clothes,
santa_costume,"サンタ服,サンタ衣装,サンタ娘,サンタコス"
pauldrons,ポールドロン
breasts_squeezed_together,寄せ乳
pink_jacket,
paw_pose,
front-tie_bikini_top,
double_v,"ダブルピース,アヘ顔ダブルピース,えへ顔ダブルピース"
long_dress,
beard,顎鬚
wide-eyed,瞠目
lolita_fashion,"ロリィタファッション,ロリータファッション,ロリィタ,ロリータ,洛丽塔,lolita,洛麗塔"
black_bodysuit,
foot_focus,足控
red_rose,红玫瑰
oni,"鬼,おに,鬼娘,鬼女"
collared_dress,
long_bangs,"両目隠れ,メカクレ,片目隠れ,片目隠し,前髪に目が隠れてるの正義"
shrug_(clothing),"无胸领衫,露胸领衫"
top_hat,"シルクハット,礼帽"
circlet,サークレット
green_shirt,
bouncing_breasts,"乳揺れ,荒ぶるおっぱい,アニぱい,乳揺れ(うごイラ),乳分身,あばれる乳,おっぱいぷるんぷるん,乳摇"
patchouli_knowledge,"パチュリー・ノーレッジ,パチュリー,パチェ,帕秋莉,파츄리노우렛지,파츄리"
sailor_dress,セーラーワンピース
under-rim_eyewear,アンダーリム
the_legend_of_zelda,"ゼルダの伝説,ゼルダの伝説シリーズ,legend_of_zelda,thelegendofzelda,젤다의_전설,塞尔达传说,LegendOfZelda,ゼルダの伝説【腐】"
+_+,"目がしいたけ,✧_✧"
eyebrows_hidden_by_hair,
foot_out_of_frame,
spoken_ellipsis,
leash,"リード,リーシュ,手綱"
boku_no_hero_academia,"僕のヒーローアカデミア,我的英雄学院,ヒロアカ,MHA,mha,bnha,MyHeroAcademia,bokunoheroacademia,hrak【腐】,hrak,夢アカ"
hair_spread_out,
dual_wielding,"二挺拳銃,二丁拳銃,双銃,二刀流,双剣"
striped_bow,
large_penis,巨根
pasties,"ニプレス,ニップレス,乳貼,乳贴,胸貼,胸贴"
height_difference,"身長差,逆体格差"
kochiya_sanae,"さなぱい,東風谷早苗,东风谷早苗,早苗,코치야사나에"
water_drop,水滴
league_of_legends,"LeagueOfLegends,league_of_legends,LOL,ArtofLegends,英雄联盟,英雄聯盟,리그오브레전드,롤,リーグ・オブ・レジェンド,リーグオブレジェンド,英雄联盟同人,리그오브레전"
double-parted_bangs,
object_insertion,"异物插入,異物挿入"
black_one-piece_swimsuit,
mug,"マグカップ,马克杯"
blue_panties,青パンツ
cum_overflow,溢れ精液
criss-cross_halter,"クロスホルターネック,交叉颈挂式"
bowl,"お椀,椀,丼,碗"
neon_genesis_evangelion,"新世紀エヴァンゲリオン,ヱヴァンゲリヲン,エヴァンゲリオン,エヴァ,EVA,新世纪福音战士,NGE,NeonGenesisEvangelion,Evangelion"
mirror,鏡
pov_hands,
blue_pants,
veiny_penis,
cigarette,タバコ
blue_leotard,
princess_connect!,"プリンセスコネクト!,プリンセスコネクト,プリンセスコネクト!Re:Dive,プリンセスコネクトRe:Dive,プリコネ,超異域公主連結,프린세스커넥트,プリコネR,超異域公主連結Re:Dive,PrincessConnectReDive,超異域公主連結☆Re:Dive,公主连结"
popsicle,"アイスキャンデー,アイスキャンディー,棒アイス,棒冰,冰棒"
striped_shirt,
broom,"ほうき,箒,ホウキ,扫帚"
yakumo_yukari,"ゆかぱい,八雲紫,八云紫,야쿠모유카리,유카리"
final_fantasy_xiv,"FF14,FFXIV,ファイナルファンタジーXIV,ファイナルファンタジー14,最终幻想14,Endwalker,FF14art,FF14イラスト"
watch,
alice_margatroid,"アリぱい,アリス・マーガトロイド,爱丽丝·玛格特罗依德,爱丽丝,앨리스마가트로이드,앨리스,アリス·マーガトロイド,マリアリ,アリマリ"
lollipop,"棒飴,棒棒糖,ぼうあめ,ペロペロキャンディー,ロリポップ,ペロリンキャンディー,ペロキャン"
glint,
on_floor,
pout,"噘嘴,ふくれっ面"
crystal,"鉱物,鉱石"
sarashi,さらし
twins,"双子,双胞胎"
v_arms,
yu-gi-oh!,"遊戯王,遊戯王OCG,遊戯王ファンアート,OCGファンアート,遊戲王,遊☆戯☆王,遊戯王シリーズ,遊戯王擬人化,遊戯王ラッシュデュエル,YGO,遊戯王女性向け,유희왕,yugioh,yugiohtcg,yugiohfanart,現代遊戯王,游戏王"
eyeliner,"アイライン,アイライナー,眼線,아이라이너"
sunset,"夕焼け,日没,日落,夕日,夕阳"
nipple_stimulation,刺激乳头
poke_ball,モンスターボール
jeans,"👖,ジーンズ,ジーパン,ジーンズ/jeans,牛仔裤"
handbag,
can,缶
red_hairband,
white_sweater,
straight-on,"直视,正面,绝对正面"
muscular_female,"筋肉娘,筋肉女,筋肉女子,musclegirl"
aged_up,"大人化,30ライブ!,オトナけもフレ,老化,アダルトジャックちゃん"
flying,飛行
single_side_bun,
butterfly_hair_ornament,
2koma,"2コマ,二格漫画,2格漫画,即オチ2コマ"
admiral_(kancolle),"提督(艦隊これくしょん),提督"
butt_crack,半ケツ
:t,"ふくれっ面,膨れっ面,气鼓鼓,鼓脸"
yellow_ascot,
pajamas,"パジャマ,睡衣"
spaghetti_strap,"スパゲッティストラップ,细肩带"
mini_person,
tiles,"タイル,瓷砖"
sheathed,帯刀
bocchi_the_rock!,"ぼっち・ざ・ろっく!,ぼっち・ざ・ろっく,ぼざろ,Bozaro,BTR!,BTRbandparody,孤獨搖滾!,孤独摇滚!,孤独摇滚,ぼっち・ざ・けいおん!,BocchiTheRock,ぼざろおえかき,ぼっち·ざ·ろっく,ぼっち・ざ・ろっく!モータリゼーション"
shield,"盾,盾牌"
hat_flower,
lantern,ランタン
nun,"シスター,修道女,修女,バトルシスター"
bags_under_eyes,"目の下のクマ,目の下にクマ,黑眼圈,眼袋"
heart_hair_ornament,
print_bikini,
nontraditional_miko,改造巫女服
kneepits,"膝裏,膕,ひかがみ,오금"
teddy_bear,"🧸,テディベア,熊のぬいぐるみ,クマのぬいぐるみ"
sand,砂
fake_horns,
paper,"紙,纸,纸张"
ice,氷
topless_male,上半身裸
purple_ribbon,
adjusting_clothes,"食い込み直し,调整服装"
dakimakura_(medium),"抱き枕,抱きまくら,抱き枕カバー,抱枕画"
looking_ahead,
breastplate,"胸当て,おっぱいアーマー"
fur-trimmed_jacket,
off-shoulder_shirt,オフショルダー
panties_aside,"股布ずらし,ずらし挿入"
sensei_(blue_archive),"先生(ブルーアーカイブ),先生,sensei,先生(ゲマトリア)"
shameimaru_aya,"射命丸文,샤메이마루아야"
blue_gloves,
crown_braid,"クラウンブレイド,发箍状麻花辫"
monster,モンスター
borrowed_character,"描いてみた,描かせていただきました,描かせて頂きました,よその子,お借りしました,よそのこ,人様の子"
mini_hat,
large_areolae,"巨乳輪,爆乳輪,超乳輪"
stud_earrings,
light_rays,可见光
sound_effects,"オノマトペ,オノマトペー,オノマトペア,擬声語,擬音語,擬態語,의성어,擬聲詞"
long_legs,
vibrator,"ローター,バイブ,按摩棒"
rock,岩
interracial,異人種間
serious,
center_frills,
vision_(genshin_impact),神の目
one_piece,"ONEPIECE,onepiece,ワンピース,アニワン,海賊王,航海王,劇場版ONEPIECE,海贼王,onepieceredraw,ワンピース女性向,OP夢"
hugging_object,
brown_belt,
arms_at_sides,
armpit_crease,
shawl,"ショール,披帛,pibo"
pokemon_swsh,"ポケモン剣盾,소드실드,ポケットモンスターソードシールド,ポケモンソードシールド"
fire_emblem_heroes,"ファイアーエムブレムヒーローズ,FEヒーローズ,FEH,FEHeroes,FireEmblemHeroes,描けば出るFEH"
ghost,"幽霊,亡霊,おばけ,幽灵"
sideways_glance,"流し目,斜视"
highleg_panties,
open_book,
orange_background,
machinery,机械
motion_blur,モーションブラー
animal_hood,
bouquet,"ブーケ,花束"
skirt_hold,
running,
skull,"髑髏,スカル,头骨,骷髅头,頭蓋骨"
mouse_ears,ねずみみ
chromatic_aberration,色収差
stairs,階段
grabbing_from_behind,"背後から胸揉み,背後から乳揉み,後ろから乳揉み"
holding_unworn_clothes,
forehead_mark,
fujiwara_no_mokou,"藤原妹紅,藤原妹红,妹紅,후지와라노모코우,모코우"
blue_kimono,
visor_cap,サンバイザー
waving,"手を振る,挥手"
nurse_cap,"ナースキャップ,护士帽"
fate/extra,"Fate/EXTRA,セイバー(Fate/EXTRA)"
full-face_blush,
pink_bikini,ピンクビキニ
sharp_fingernails,
palm_tree,"椰子,ヤシの木,椰子の木,やしの木"
cropped_shirt,
drink,飲み物
;),
tinted_eyewear,
white_one-piece_swimsuit,"白スク,白スク水"
contemporary,現パロ
chocolate,"チョコレート,초콜릿,巧克力"
card,カード
partially_visible_vulva,大陰唇
railing,"手すり,栏杆"
arm_tattoo,
city,"都会,都市,城市"
snowing,降雪
unworn_hat,"没戴的帽子,脱下的帽子"
upside-down,"逆さ吊り,さかさま"
covering_breasts,手ブラ
hand_on_own_cheek,"頬に手,頬杖"
cum_on_hair,髪射
fire_emblem:_three_houses,"ファイアーエムブレム風花雪月,FE3H,FE風花雪月,風花雪月,fireemblemthreehouses,火焰纹章风花雪月"
hug_from_behind,
tress_ribbon,
xenoblade_chronicles_(series),"ゼノブレイドシリーズ,ゼノブレイド,Xenoblade,異度神劍"
red_cape,红披风
red_vest,
green_ribbon,
tabard,
scar_across_eye,
back_bow,
straw_hat,"麦わら帽子,草帽"
sitting_on_person,
blue_skin,青肌
yukata,浴衣
military_hat,"軍帽,军帽"
hair_tie,"髪留め,咥え髪留め,发带"
horizon,"地平線,地平线,水平線,水平线"
pink_bra,"ピンクブラ,ぴんくブラ"
brown_thighhighs,
red_lips,
komeiji_satori,"古明地さとり,さとり,코메이지사토리,古明地觉,小五"
smug,"どや顔,ドヤ顔,どや乳"
notice_lines,注意到
wedding_dress,"ウェディングドレス,婚纱,ウエディングドレス"
idolmaster_million_live!,"アイドルマスターミリオンライブ!,アイドルマスターミリオンライブ,THE_IDOLM@STER_MILLION_LIVE!,ミリマス,グリマス,ミリエロ"
hair_behind_ear,
double-breasted,"両前,双排扣"
heart_hands,"手でハート,心気功砲,比心"
hanging_breasts,垂れ乳
bespectacled,"メガネプラス,リュネット・パッチェ,東方眼鏡娘"
red_halo,
reisen_udongein_inaba,"鈴仙・優曇華院・イナバ,鈴仙,うどんげ,铃仙·优昙华院·因幡,铃仙,레이센우동게인이나바"
brother_and_sister,"兄妹,姉弟,姐弟,문자남매"
black_cape,
licking_lips,"舌なめずり,舌舐めずり"
smirk,
underbust,"コルセット,显胸服饰"
tail_ornament,
selfie,"自分撮り,自画撮り,自撮り,自拍"
minigirl,"小人,小女子,縮小娘"
bandeau,"バンドゥ,バンドゥビキニ,裹胸"
artist_logo,
pink_footwear,
white_outline,
dildo,ディルド
frilled_shirt,
drawstring,"ドローストリング,松紧带绳子"
absurdly_long_hair,头发拖地
blindfold,"目隠し,眼罩"
wrist_scrunchie,发圈手饰
holding_flower,手に花
hand_on_another's_shoulder,
!?,
holding_bag,
adjusting_hair,调整侧发
reaching_towards_viewer,
top-down_bottom-up,
street_fighter,"ストリートファイター,StreetFighter,SF,街頭霸王,街霸"
holding_knife,
sign,看板
pokemon_sv,"ポケモンSV,ポケットモンスタースカーレット,ポケットモンスターバイオレット,ポケモンスカーレットバイオレット,ポケモンスカーレット・バイオレット,PokemonScarletViolet"
panties_around_one_leg,片足パンツ
character_doll,ぬいぐるみ化
yokozuwari,"横座り,侧身坐,侧坐,sitting_sideways"
splatoon_(series),"スプラトゥーン,Splatoon,Splatfest,Splatoonfanart,ス腐ラトゥーン,Splatsona"
center_opening,
bikini_under_clothes,"服の下に水着,服の下にビキニ"
on_chair,"椅子,椅子の上"
hair_bell,
headpiece,
suspender_skirt,"吊りスカート,ハイウエストサスペンダースカート,背带半裙,吊带半裙,jumperskirt,JSK,ジャンパースカート,ジャンスカ"
ringed_eyes,写轮眼
lab_coat,"白衣,白大褂"
world_witches_series,"ワールドウィッチーズ,w_witch,ワンドロウィッチーズ,ww版深夜の真剣お絵描き60分一本勝負"
new_year,"新年,正月,お正月,賀正,お正月イラスト,HappyNewYear,大晦日"
shoulder_cutout,カットアウェイショルダー
anklet,アンクレット
injury,
dog,"犬,イヌ,犬姦"
goddess_of_victory:_nikke,"NIKKE,THISISNIKKE,Project:NIKKE,Project_NIKKE,勝利の女神:NIKKE,ニケ,メガニケ,ニケ(勝利の女神:NIKKE),승리의여신:니케,니케,勝利の女神ニケ,NIKKEFanartContest"
microskirt,マイクロミニスカート
falling_petals,
bandaid_on_face,
fence,围栏
mountain,"山,山脈"
ice_cream,"アイス,アイスクリーム,ソフトクリーム,冰淇淋,冰激凌,雪糕"
covering_own_mouth,口隠し
tracen_school_uniform,"トレセン学園制服,トレセン冬服,特雷森学园制服"
valentine,"バレンタインデー,バレンタイン,ヴァレンタインデー,ヴァレンタイン,情人节"
final_fantasy_vii,"FF7,FFVII,ファイナルファンタジー7,ファイナルファンタジーVII,finalfantasy7,finalfantasyvii"
jacket_on_shoulders,
gag,"猿轡,口枷,口塞"
petite,
black_sweater,
white_scarf,
inubashiri_momiji,"犬走椛,이누바시리모미지,ショタ椛"
saliva_trail,"唾液ブリッジ,糸引き"
ear_covers,耳套
yellow_jacket,
rabbit,"兎,菟,兔,うさぎ,ウサギ,ラビット,うさぎと女の子"
bloomers,"ドロワーズ,ドロモロ,かぼちゃパンツ,南瓜裤,灯笼裤"
spoon,"スプーン,숟가락,匙"
head_out_of_frame,"目元より下で切り出すとエロいらしい,目元より下で切り出すとエ口いらしい"
pinafore_dress,"ピナフォア,ジャンパースカート,无袖连衣裙"
alternate_hair_length,"ロング化,ショート化,長髪けもフレ"
star-shaped_pupils,目が星
yellow_halo,
bodystocking,全身タイツ
cross-laced_clothes,
hime_cut,"姫カット,姬发式"
blue_theme,"青,青い,青色,青の衝撃"
ofuda,"御札,神符"
=_=,"コメくいてー顔,糸目"
hands_in_pockets,
mario_(series),"マリオシリーズ,スーパーマリオ,MarioBros"
4boys,
body_fur,
symbol_in_eye,
facing_away,"後姿,背影"
on_couch,ソファの上
bound_wrists,"手枷,手かせ"
branch,枝
holding_bottle,
ganyu_(genshin_impact),"甘雨,甘雨(原神),Ganyu"
single_bare_shoulder,
arched_back,"仰け反り絶頂,腰前屈,伸腰,伸懒腰"
arrow_(symbol),
gift_box,
heart_censor,
black_sclera,黒白目
spear,槍
toaru_majutsu_no_index,"とある魔術の禁書目録,魔法禁书目录"
k-on!,"けいおん!,けいおん,けいおん!!,轻音少女,ぼっち・ざ・けいおん!,keion"
orange_bow,
jumping,ジャンプ
6+boys,
mecha_pilot_suit,
winter_uniform,冬服
cow_print,牛柄ビキニ
chopsticks,"箸,筷子"
nose,
potted_plant,"植木,鉢植え"
music,
tube_top,"チューブトップ,裹胸"
grey_dress,
blue_hairband,
purple_gloves,
brown_shirt,
emphasis_lines,集中線
adjusting_eyewear,眼鏡に手
dragon,"ドラゴン,ドラゴン化,竜姦,드래곤"
onsen,"温泉,露天風呂"
leaning_back,のけぞる
zoom_layer,
crotch_seam,センターシーム
project_moon,"projectmoon,projmoon,프로젝트문,프문,プロジェクトムーン,プロムン,月亮计划"
midriff_peek,"腹チラ,魅惑の腹チラ"
fork,"フォーク,포크,餐叉"
highleg_one-piece_swimsuit,スーパーハイレグ
camera,カメラ
strawberry,"苺,莓,いちご,イチゴ,ストロベリー,草莓"
shared_bathing,
covered_mouth,
toeless_legwear,露趾袜
outstretched_hand,张手
claw_pose,ガオー
bow_(weapon),弓
size_difference,"体格差,サイズフェチ"
id_card,"学生証,身分証"
abyssal_ship,"深海棲艦,深海棲艦化"
antlers,
cheerleader,"チアリーダー,チアガール,啦啦队员"
white_capelet,
beanie,
sailor_shirt,
akemi_homura,"暁美ほむら,ほむまど,まどほむ,ほむさや,さやほむ,メガほむ,ほむほむ,ほむ杏,杏ほむ,ほむあん,あんほむ,マミほむ,ほむマミ,変態ほむらさん,晓美焰,homura,akemihomura,homura_akemi,homurakemi,madohomu,homumado"
shota,"ショタ,おねショタ,ショタおね,ママショタ,おばショタ,正太,shota,shotacon,ショタコン,ロリショタ,ケモショタ,ぷにショタ,しょた,デブショタ,ショタ攻め,ショタエルフ,巨根ショタ,ふたショタ,翔太,쇼타,ロボショタ,なにこれ男の子かわいい,裸足男子"
underwater,水中
food-themed_hair_ornament,
floral_background,
flipped_hair,"外ハネ,外はね"
pom_pom_(cheerleading),
fighting_stance,
hong_meiling,"ちちゅーごく,紅美鈴,红美铃,홍메이링,메이링,ゆっくりめーりん,めーりん,美鈴"
pool,"プール,游泳池,泳池"
mask_on_head,
name_tag,"📛,名札,ネームプレート,ネーム,なふだ"
after_vaginal,
half_gloves,
clitoris,"クリトリス,陰核,女の子のおちんちん,阴蒂,阴核"
android,"アンドロイド,メカバレ"
brown_dress,
smoking,"くわえタバコ,煙草,喫煙"
gagged,
pulling_own_clothes,
lactation,"母乳,搾乳,噴乳,모유"
dragon_ball,"ドラゴンボール,드래곤볼,七龙珠,七龍珠,DB,dragon_ball,dragonball,ドラゴンボールイラスト,dragonballfanart"
food_in_mouth,
holding_tray,端着托盘
tachi-e,"立ち絵,立绘"
love_live!_sunshine!!,"ラブライブ!サンシャイン!!,ラブライブサンシャイン,Aqours"
purple_bikini,紫ビキニ
kono_subarashii_sekai_ni_shukufuku_wo!,"この素晴らしい世界に祝福を!,このすば,为美好的世界献上祝福!,この素晴らしい世界に祝福を"
ahegao,"アヘ顔,アヘ顔ダブルピース,アホ顔"
zipper_pull_tab,
folded_ponytail,
sportswear,"スポーツウェア,トレーニングウェア"
door,"扉,ドア"
petticoat,"ペチコート,페티코트"
pixel_art,"ドット絵,ドット,pixelart,pixel,像素画,ピクセルアート"
furry_male,"ケモショタ,オスケモ,ケモノ,獣人,ケモホモ"
fish_tail,
bare_back,ベアバック
hair_over_eyes,"両目隠れ,メカクレ,前髪に目が隠れてるの正義"
kaname_madoka,"鹿目まどか,まどほむ,ほむまど,まどマミ,マミまど,まどさや,さやまど,鹿目圆,鹿目圓,madoka,kanamemadoka,madokakaname,madoka_kaname,madohomu,homumado"
saigyouji_yuyuko,"西行寺幽々子,幽々子,西行寺幽幽子,幽幽子,사이교우지유유코,유유코"
fate/apocrypha,"Fate/Apocrypha,FateApocrypha,アポクリファ"
guilty_gear,"ギルティギア,罪恶装备,길티기어,GuiltyGear"
scales,"鱗,鳞,鱼鳞,鳞片,うろこ,ウロコ"
two-tone_dress,
cow_ears,牛耳
pleated_dress,
assault_rifle,"アサルトライフル,突撃銃,Sturmgewehr"
mash_kyrielight,"マシュ・キリエライト,ドスケベ礼装,デンジャラス・ビースト,マシュケベ礼装,シールダー,マシュ,マシュキリエライト,玛修·基列莱特,玛修,真白キリエ"
holding_fan,
blanket,毛布
folding_fan,"折扇,扇子"
food_on_face,
korean_text,"韓国語,한국어,한글,ハングル"
snake,"蛇,ヘビ,へび,뱀"
summer_uniform,夏服
nipple_slip,"胸チラ,乳首チラ"
miko,"巫女,巫女服,ミニスカ巫女,miko"
classroom,"教室,교실"
bang_dream!,"BanG_Dream!,バンドリ,ガルパ,バンドリーム,BanGDream,BanGDream!,Bandoriart,Bandori,bang_dream"
hand_on_headwear,帽子に手
sun,太陽
duel_monster,"遊戯王OCG,遊戯王ファンアート,遊戯王ラッシュデュエル,ラッシュデュエル,OCGファンアート,効果モンスター,サイバース族,蟲惑魔,Evil★Twin,Live☆Twin,機械族,YuGiOhTCG"
realistic,リアル絵
arm_strap,
bookshelf,本棚
covered_eyes,
warrior_of_light_(ff14),"光之战士,光の戦士(FF14)"
chinese_text,"中国語,중국어,中文,漢語,汉语,華語,华语,普通話,普通话,chinese_language"
black_kimono,
habit,修道服
w,
alternate_color,"色違い,東方色違娘"
mature_male,"dilf,uncle,おじさん,大叔,オッサン,おっさん,オヤジ"
re:zero_kara_hajimeru_isekai_seikatsu,"Re:ゼロから始める異世界生活,Reゼロ,腐ゼロ,リゼロ,리제로"
nipple_tweak,"チクニー,乳首オナニー,乳首責め,乳首イキ,玩弄乳头"
patreon_logo,
blunt_ends,
apple,"林檎,りんご,アップル,蘋果,苹果"
unbuttoned,
sunflower,"向日葵,ひまわり,ヒマワリ"
pokemon_sm,"ポケモンSM,サン&ムーン,ポケットモンスターサン,ポケットモンスタームーン,ポケットモンスターSM,ポケットモンスターサン・ムーン,ポケモンサン・ムーン,ポケモンサンムーン"
lowleg,
round_teeth,
blue_thighhighs,
sousou_no_frieren,"葬送のフリーレン,葬送のフリーレンFA,フリーレン,フリーレンFA,葬送的芙莉莲,프리렌,FrierenBeyondJourneysEnd"
car,"車,车,车辆,自動車,汽车,スポーツカー,カーイラスト,机动车,改造車,外車,クルマ"
joints,関節
shimakaze_(kancolle),"島風(艦隊これくしょん),島風(艦これ),島風,ぜかまし,しまかぜ,ぜかましり,なにこれぜかましい,岛风"
spoken_question_mark,
inverted_nipples,陥没乳首
brown_hat,
gangbang,"輪姦,輪フェラ,腕押さえ輪姦"
red_choker,
kaenbyou_rin,"火焔猫燐,お燐,火焰猫燐,카엔뵤린,火炎猫燐"
layered_sleeves,
lace-up_boots,"編み上げブーツ,レースアップブーツ"
highleg_bikini,
bird_wings,
ear_ornament,
print_kimono,
pen,"ペン,펜,筆"
white_choker,
angel,天使
two-sided_fabric,裏地
arm_under_breasts,
grey_pants,
fishnet_thighhighs,網タイツ
raiden_shogun,"雷神バアル,雷電将軍,雷电将军,雷電将軍(原神),raidenshogun,雷電將軍,雷電影,Baal,巴尔,EiMiko,RaidenEi"
holding_polearm,
thighlet,
yakumo_ran,"八雲藍,けしか藍,야쿠모란,란,八云蓝"
emblem,エンブレム
fairy_wings,
blue_neckerchief,
wet_shirt,"透けブラ,スケブラ"
anchor_symbol,
ankle_boots,アンクルブーツ
tabi,足袋
split_mouth,
bun_cover,
controller,
naked_shirt,"裸シャツ,裸Yシャツ,裸ワイシャツ,裸Tシャツ"
torn_thighhighs,破洞丝袜
leg_lift,
copyright_notice,"©,®"
doll,"人形,인형,玩偶,ドール,お人形さん"
blood_on_clothes,
bandana,バンダナ
clock,時計
open_fly,
school_desk,"课桌,学校机,机(学校),生徒用机"
cabbie_hat,"キャスケット,报童帽"
swimsuit_under_clothes,"服の下に水着,セラスク"
feather_hair_ornament,
lumine_(genshin_impact),"蛍(原神),Lumine,荧,蛍,旅人(原神),루미네,熒"
mustache,"口髭,口ひげ"
office_lady,OL
spread_arms,
overalls,"オーバーオール,サロペット,背带裤,工人装,吊带工作服"
huge_ass,"特盛り下半身,巨尻,デカ尻"
halloween_costume,仮装
taut_clothes,
o_o,〇目
mechanical_halo,
arm_warmers,アームウォーマー
black_hoodie,
wedding_ring,"婚約指輪,結婚指輪,结婚戒指,婚戒,左手薬指"
red_horns,
beachball,ビーチボール
red_thighhighs,
breast_pocket,
hair_stick,发簪
yellow_bikini,黄色ビキニ
aircraft,航空機
curled_horns,
cow_horns,
orgasm,"絶頂,連続絶頂,強制絶頂,仰け反り絶頂,高潮"
purple_thighhighs,
antennae,"触角,ヽノ"
gyaru,"gal,ギャル,neogal,ネオギャル,次世代ギャル,ポストギャル,黒ギャル"
skin-covered_horns,"肌角,鬼角"
xenoblade_chronicles_2,"ゼノブレイド2,XenobladeChronicles2,Xenoblade2"
purple_jacket,
red_ascot,
open_cardigan,
winter_clothes,
guitar,ギター
wristwatch,"腕時計,手表"
tatami,榻榻米
wand,"杖,魔法の杖,魔杖"
basket,
reiuji_utsuho,"霊烏路空,お空,灵乌路空,레이우지우츠호,うにゅぱい"
vambraces,ヴァンブレイス
horn_ornament,
drinking,飲む
hand_on_another's_face,
confetti,"紙吹雪,五彩纸屑,彩色纸屑,彩纸屑"
cable,"ケーブル,电线"
green_skin,緑肌
geta,"下駄,木屐,齿履"
chestnut_mouth,"栗みたいな口,栗みたいな口しやがって,口みたいな栗,口みたいな栗しやがって"
konpaku_youmu_(ghost),半霊
stretching,"ストレッチ,拉伸,伸懒腰"
electricity,"電気,電撃"
witch,"魔女,魔女っ子,魔女っこ,ウィッチ,majokko"
eyeball,
paw_gloves,"肉球手袋,猫の手グローブ"
happy_sex,愛のあるセックス
bangle,
red_kimono,
mini_crown,
shoulder_tattoo,
rumia,"ルーミア,露米娅,루미아,毎月七日はルーミアの日"
bush,"低木,shrub"
bow_bra,
sundress,"サマードレス,サンドレス,キャミソールワンピース"
gothic_lolita,"ゴシックロリィタ,ゴシックロリータ,ゴスロリ,ゴシック"
poke_ball_(basic),モンスターボール
yellow_neckerchief,
glass,ガラス
monogatari_(series),物語シリーズ
cityscape,"🏙,都市"
backless_dress,"ぱっくり背中,オープンバック"
houshou_marine,"宝鐘マリン,マリンのお宝,沈没後悔日記,エロちゃまりん,赤鐘まり,宝鍾マリン"
candle,"🕯,ロウソク,ろうそく,キャンドル,蜡烛,蝋燭"
kaga_(kancolle),"加賀(艦隊これくしょん),加賀(艦これ),加賀,赤賀,い加賀わしい,年中瑞加賀祭"
no_nose,
silent_comic,サイレント漫画
shibari,"縛り,菱縄縛り,緊縛,紧缚,긴박,緊縛労働,野外緊縛"
blue_vest,
red_panties,
tile_floor,瓷砖地板
partially_unbuttoned,
white_collar,
shark_tail,"さめしっぽ,鮫しっぽ"
one_breast_out,片乳
holster,ホルスター
on_head,
lamp,"台灯,落地台灯"
bridal_garter,"ガーターリング,腿环"
holding_microphone,
holding_poke_ball,
white_fur,
hand_to_own_mouth,
asymmetrical_gloves,不对称手套
frilled_bow,
red_leotard,
precum,"ガマン汁,我慢汁,先走り汁,カウパー,尿道球腺液,precum"
arrow_(projectile),矢
navel_cutout,
standing_sex,"立ちバック,立位"
gawr_gura,"がうるぐら,がうる・ぐら,gawrt,GawrGura"
unzipped,下ろしチャック
tight_clothes,"ピチピチ,トップス胸元前面に布のしわ"
overwatch,"Overwatch,overwatch,オーバーウォッチ,守望先锋,OW,오버워치,OverwatchFanart"
hip_focus,
sword_art_online,"ソードアート・オンライン,ソードアートオンライン,SAO,刀劍神域,刀剑神域"
headpat,"なでなで,頭なでなで,摸头"
femdom,"女性上位,女攻め,逆レイプ,逆リョナ,ドMホイホイ"
strap_gap,おっぱいロープウェイ
disposable_cup,"紙コップ,纸杯,一次性杯子"
wind_lift,"風のいたずら,風の悪戯,モンロー効果,風チラ"
bridal_veil,
tied_shirt,裾結び
harness,ボディハーネス
green_hat,
chen,"ちちぇん,橙,첸,ゆっくりちぇん,ちぇん種"
sarong,パレオ
nurse,"ナース,看護婦,看護師,护士,東方白衣天使"
bandaged_leg,
condom_wrapper,
presenting,
armored_boots,
purple_panties,"紫パンツ,紫下着"
white_tank_top,
chinese_zodiac,"十二生肖,十二支,干支,干支娘,干支擬人化"
voiceroid,"ボイスロイド,voiceroid,コッショリ,VOICEROIDドット絵部"
road,
headdress,
pokemon_(anime),"ポケットモンスター(アニポケ),アニポケ,ポケモン映画,anipoke,ハルカ(アニポケ),セレナ(アニポケ),シトロン(アニポケ),ユリーカ(アニポケ),リーリエ(アニポケ),シロン(アニポケ),スイレン(アニポケ),マオ(アニポケ),劇場版ポケットモンスター,カスミ(アニポケ),タケシ(アニポケ)"
used_condom,使用済みコンドーム
imminent_penetration,"挿入直前,事前"
nipple_piercing,"乳首ピアス,乳環,乳环,piercednipples"
wet_hair,濡れ髪
hands_on_own_chest,
jack-o'-lantern,"🎃,ジャック・オ・ランタン,ジャック・オー・ランタン,ジャックオーランタン,잭오랜턴,傑克南瓜燈"
white_cape,
on_ground,
bikini_skirt,
sailor_hat,
inkling,
hands_on_own_face,
fur-trimmed_coat,
yuuka_(blue_archive),"ユウカ,ユウカ(ブルアカ),ユウカ(ブルーアーカイブ),早瀬ユウカ,유우카,하야세유우카,优香,yuuka"
green_nails,
hip_vent,
mismatched_legwear,
uneven_legwear,
shade,"陰,日陰"
futa_with_female,"ふた×女,ふたゆり"
shigure_(kancolle),"時雨,時雨(艦隊これくしょん),時雨(艦これ),時雨くん,大天使時雨,時雨改二,时雨"
red_shorts,
shoulder_blades,肩甲骨
incest,"近親相姦,母子相姦,姉妹百合,姉弟相姦,兄妹相姦,乱伦"
holding_instrument,
bound_arms,
mechanical_arms,"メカ腕,機械腕"
disembodied_hand,
sleeve_cuffs,袖口
wuthering_waves,"鸣潮,鳴潮,WutheringWaves,WuWa,WuWaFanart,명조"
green_bikini,緑ビキニ
print_shirt,
pointless_censoring,
invisible_chair,空气椅子
military_vehicle,"軍用車両,軍用車輌,軍用車"
wine_glass,ワイングラス
pov_crotch,
hibiki_(kancolle),"響,響(艦隊これくしょん),響(艦これ)"
balloon,"風船,ふうせん,バルーン,气球"
frog_hair_ornament,
string_panties,
bench,ベンチ
belly,イカ腹
grabbing_another's_ass,
flag,旗
grabbing_own_breast,セルフ乳揉み
pocky,"ポッキー,빼빼로"
eighth_note,"8分音符,八分音符,eighth_note,corchea,♪"
blue_rose,"青薔薇,青い薔薇"
white_belt,
kazami_yuuka,"風見幽香,风见幽香,幽香,카자미유카,유카"
against_wall,
gochuumon_wa_usagi_desu_ka?,"ご注文はうさぎですか?,請問您今天要來點兔子嗎?,请问您今天要来点兔子吗?,ご注文はココアパイですか?,ご注文はうさぎですか,ごちうさ,gochiusa"
cum_in_ass,アナル中出し
whisker_markings,
hand_on_own_chin,
toaru_kagaku_no_railgun,"とある科学の超電磁砲,とある科学の携帯怪獣"
split-color_hair,阴阳发
souryuu_asuka_langley,"惣流・アスカ・ラングレー,アスカ,アスカ・ラングレー,式波・アスカ・ラングレー,式波,明日香,惣流·明日香·兰格雷,아스카,소류아스카랑그레이,LAS,asuka,evangelion_asuka,souryuuasukalangley,soryuasukalangley,soryu_asuka_langley,asukalangleysouryuu,asukalangleysoryu,asuka_langley_souryuu,asuka_langley_soryu"
love_live!_nijigasaki_high_school_idol_club,"PDP,ラブライブ!PDP,スクフェスPERFECT_Dream_Project,ラブライブ_虹ヶ咲学園スクールアイドル同好会,虹ヶ咲学園スクールアイドル同好会,ラブライブ!虹ヶ咲学園スクールアイドル同好会,虹ヶ咲,アニガサキ"
paw_print,
stubble,無精髭
moriya_suwako,"洩矢諏訪子,諏訪子,洩矢诹访子,泄矢诹访子,诹访子,모리야스와코"
asuna_(blue_archive),"アスナ(ブルアカ),一之瀬アスナ,一之濑明日奈,明日奈,이치노세아스나,아스나,アスナ"
fairy,"妖精,オナホ妖精"
key,
kagamine_rin,"鏡音リン,镜音铃,kagaminerin,rinkagamine,rin_kagamine"
strike_witches,"ストライクウィッチーズ,強襲魔女"
bathing,"入浴,水浴び"
magic,"魔法,まほう,魔導,呪文,マジック"
pink_kimono,
ninja,"🥷,忍者,くのいち,くノ一,シノビ"
star_print,
checkered_clothes,
mouse_tail,
hand_on_own_head,頭に手
heart_of_string,"ラインのハート,心型轨迹"
idolmaster_cinderella_girls_starlight_stage,"スターライトステージ,デレステ"
drunk,"酔って,酔っ払い,泥酔"
anal_object_insertion,
lace-trimmed_bra,
gotoh_hitori,"後藤ひとり,ぼ喜多,后藤一里,ぼっちちゃん"
aqua_nails,
tail_raised,
layered_dress,
mother_and_daughter,母娘
leggings,レギンス
brown_coat,
french_kiss,"べろちゅー,ディープキス,フレンチキス"
doodle_sensei_(blue_archive),(◠ڼ◠)
randoseru,"ランドセル,裸ランドセル"
cone_hair_bun,猫耳发角
covering_crotch,股に手
indian_style,"胡坐,あぐら,盘腿坐"
limbus_company,"Limbus_Company,LimbusCompany,LCB,limbus_comapny,limbuscomapny,limbus_comapany,림버스,림버스컴퍼니,リンバス,リンバスカンパニー,边狱公司,リ夢バス,Limbus_Company(腐)"
clothes_around_waist,"腰結び,衣服系在腰上,系在腰上的衣服"
fire_emblem_fates,"ファイアーエムブレムif,FEif"
reading,読書
nier_(series),"ニーア,NieR"
chibi_inset,
bucket,"バケツ,水桶"
retro_artstyle,"おっさんホイホイ,レトロ,レトロポップ,ニューレトロ,retro"
armored_dress,
tiger_ears,"虎耳,トラ耳"
micro_shorts,
squiggle,
hand_on_own_thigh,
bedroom,
salute,敬礼
short_kimono,"ミニ着物,mini_kimono"
hu_tao_(genshin_impact),"胡桃(原神),胡桃,HuTao,フータオ,호두"
yellow_dress,
unworn_eyewear,"外した眼鏡,没戴的眼镜,脱下的眼镜"
cannon,"大砲,砲兵"
hugging_own_legs,"体育座り,taiikuzuwari"
gohei,"御幣,幣束"
star_earrings,
holding_own_hair,
huge_ahoge,
forehead_jewel,
pink_bowtie,
layered_skirt,层叠裙
haori,羽織
lyrical_nanoha,"魔法少女リリカルなのは,リリカルなのは,魔法少女奈葉"
tatara_kogasa,"多々良小傘,多多良小伞,타타라코가사"
colored_tips,
looking_afar,
chibi_only,
wince,"眉をひそめる,しかめっ面"
brown_pants,
alternate_eye_color,
hitodama,人魂
fox_mask,狐面
blue_bra,青ブラ
slippers,"スリッパ,拖鞋"
silhouette,"シルエット,剪影"
hinanawi_tenshi,"比那名居天子,天子,てんこ,히나나위텐시"
kawashiro_nitori,"河城にとり,河城荷取,카와시로니토리"
rolling_eyes,眼球上翻
public_indecency,
stuffed_rabbit,兎のぬいぐるみ
pantyhose_under_shorts,
link,"リンク,リンク(ブレスオブザワイルド),林克,リンク(ゼルダの伝説),リンゼル,zelink"
tamamo_(fate),玉藻
navel_piercing,"へそピアス,臍ピアス,𦜝ピアス,臍環,脐环"
overwatch_1,
black_tank_top,
fujimaru_ritsuka_(male),"ぐだ男,藤丸立香,ぐだ邪ン,ぐだジャン,ぐだ♂ぐだ♀"
multicolored_jacket,
wide_shot,"大全景镜头,远景镜头"
animal_nose,
autumn_leaves,"紅葉,黄葉,紅葉狩り"
architecture,建築
card_(medium),
dancing,"ダンス,ダンシング"
o-ring_bikini,
creature,"クリーチャー,幻想生物"
casual_one-piece_swimsuit,
tiptoes,"爪先立ち,つま先立ち,踮脚尖"
dagger,ダガー
red_hakama,緋袴
scythe,"大鎌,デスサイズ"
ice_wings,
naked_towel,"裸バスタオル,裸タオル"
3koma,"3コマ,三格漫画,3格漫画"
interspecies,"人間♂×ポケモン♀,異種和姦,人間♂×ケモノ♀,異種姦,人外×少女,異種間恋愛,人外×人間"
purple_kimono,
hibiscus,"ハイビスカス,芙蓉"
pubic_tattoo,"淫紋,淫纹,inmon,crotch_tattoo"
lace-trimmed_panties,
+++,
grey_skin,
|_|,
spy_x_family,"SPY×FAMILY,スパイファミリー,SPYxFAMILY,spy_family,SPYFAMILY,スパイファミリーファンアート,间谍过家家"
cowbell,
project_sekai,"プロジェクトセカイ,prsk_FA,プロセカ,pjsekai,prsk,pjsk,Hatsune_Miku:_Colorful_Stage!,プロセカ衣装デザイン,pjsk_FA,prsk_HL,prsk_NL,prsk_GL,prsk_BL,腐ロセカ"
rigging,艤装
m_legs,M字開脚
riding,乗る
sexually_suggestive,"謎のエロス,kenzen,性暗示"
space,宇宙
oil-paper_umbrella,"和傘,唐傘,番傘,蛇の目,蛇の目傘,油纸伞"
black_neckerchief,
black_sports_bra,
light_frown,
oekaki,"お絵描き,お絵かき掲示板,絵チャ,おえかきびより"
open_hand,
sleeveless_turtleneck,アメリカンスリーブ
two_tails,
triangle_mouth,
polka_dot_background,
shirakami_fubuki,"白上フブキ,絵フブキ,白上吹雪,白雪稲穂"
ffm_threesome,
leg_grab,
white_hoodie,
leg_ribbon,
white_eyes,白眼
animal_costume,
very_short_hair,"ベリーショート,ベリショ,超短发,寸头,平头"
holding_animal,
bishoujo_senshi_sailor_moon,"美少女戦士セーラームーン,セーラームーン,セラムンイラスト部,sailor_moon,SailorMoon"
reference_sheet,"设定图,人设,キャラクター設定,キャラ表,持ち物検査,設定,referencesheet"
loose_socks,ルーズソックス
sideburns,もみあげ
bracer,
cum_on_clothes,"着衣,着衣ぶっかけ"
happy_new_year,"あけましておめでとう,あけましておめでとうございます,あけおめ,あけおめことよろ,謹賀新年,근하신년,新年快樂,新年快乐,新春快乐,恭贺新禧,恭贺新春"
hina_(blue_archive),"空崎ヒナ,ヒナ,hina,sorasaki_hina,소라사키히나,히나,hina_sorasaki"
blue_cape,
frilled_hairband,
holding_bouquet,
saber_(fate),"セイバー,セイバー(Fate/staynight),アルトリア・ペンドラゴン,アルトリア,アルトリア・ペンドラゴン(水着),セイバー(Fate),士剣"
hoshimachi_suisei,"星街すいせい,ほしまちぎゃらりー,古河七星,ほしまちギャラリー,miComet,みこめっと"
jeanne_d'arc_alter_(fate),"ジャンヌ・オルタ,ジャンヌオルタ,ジャンヌ・ダルク〔オルタ〕,邪ンヌ,ジャンヌ・ダルク・オルタ,Jalter,ぐだ邪ン,ぐだジャン,折田さん"
japanese_armor,"鎧兜,具足,当世具足,大鎧,胴丸,胴丸鎧"
scabbard,
mittens,"ミトン,连指手套"
ear_blush,
mmf_threesome,
multicolored_skin,
cross-section,"断面図,断面"
deep_skin,
blue_gemstone,"サファイア,青玉,사파이어,蓝宝石"
fantasy,"ファンタジー,幻想,幻想的,ファンタジー風景,玄幻"
limited_palette,カラーパレット
pantyhose_pull,裾上げタイツ脱ぎ
carrot,"🥕,人参,にんじん,ニンジン,キャロット"
bandaid_on_leg,
anchor,"アンカー,錨,锚,船锚"
knee_pads,护膝
>:),
fujimaru_ritsuka_(female),"ぐだ子,リヨぐだ子,藤丸立香,ぐだ♀,以ぐだ,ぐだ邪ン,ぐだジャン,ぐだ♂ぐだ♀"
raccoon_ears,"狸耳,浣熊耳"
multiple_others,
leaf_hair_ornament,
crop_top_overhang,"乳カーテン,裹胸帘"
fang_out,
air_bubble,"泡,水泡,气泡"
fire_emblem_awakening,"ファイアーエムブレム覚醒,FE覚醒"
holding_another's_wrist,
lolita_hairband,
spreading_own_pussy,
neptune_(series),"超次元ゲイムネプテューヌ,ネプテューヌ,ネプテューヌシリーズ"
mystia_lorelei,"ミスティア・ローレライ,ミスティア,みすちー,米斯蒂娅·萝蕾拉,米斯蒂娅,미스티아로렐라이"
spiked_collar,
aqua_necktie,
platform_footwear,"厚底,厚底靴"
oversized_clothes,"ぶかぶか,だぼだぼ"
grey_shorts,
ribbon_choker,
teapot,"ティーポット,急須"
onee-shota,"おねショタ,ショタおね,おばショタ,ママショタ,ババショタ,お姉さん×男の娘,姉弟"
hat_feather,羽帽子
:>,Vの字口
back-to-back,"背中合わせ,背靠背"
under_covers,
nier:automata,"NieR:Automata,ニーアオートマタ,automata,NieRAutomata,尼爾:自動人形,neirautomata,nier_automata"
holding_stuffed_toy,
tilted_headwear,
out-of-frame_censoring,"カメラさんもうちょっと下,カメラさんもっと下,カメラさんもっと下!"
headphones_around_neck,
holding_plate,端着盘子
nijisanji_en,"にじさんじEN,NIJISANJI_EN"
o-ring_top,
dark,"闇,暗,昏暗"
field,畑
see-through_sleeves,
pink_hat,
brown_sweater,
laughing,
garrison_cap,ギャリソンキャップ
cross_hair_ornament,
split,"開脚,劈叉"
shiroko_(blue_archive),"砂狼シロコ,シロコ,シロコ(ブルアカ),シロコ(ブルーアーカイブ),shiroko,시로코,스나오오카미시로코,砂狼白子,白子"
bukkake,"ぶっかけ,射满身"
computer,"コンピューター,コンピュータ,パソコン,电脑,计算机"
folded,"まんぐり返し,ちんぐり返し"
trailblazer_(honkai:_star_rail),"开拓者,開拓者,開拓者(スターレイル)"
sample_watermark,SAMPLE
suzumiya_haruhi_no_yuuutsu,涼宮ハルヒの憂鬱
white_rose,
assertive_female,"女性上位,女性優位"
bald,"ハゲ,スキンヘッド,剃髪"
triangular_headpiece,三角頭巾
licking_penis,
vampire,"吸血鬼,ヴァンパイア"
braided_bun,
necktie_between_breasts,"ネクパイ,谷間ネクタイ"
heart_earrings,
kill_la_kill,"キルラキル,klk,killlakill,斩服少女"
head_wreath,花冠
kamishirasawa_keine,"上白沢慧音,上白泽慧音,카미시라사와케이네,케이네,慧音"
waitress,"ウェイトレス,給仕,服务员(女)"
belt_pouch,腰包
flat_cap,
axe,"斧,バトルアックス"
white_ascot,
purple_footwear,
handcuffs,"手錠,手铐"
black_cat,黒猫
facial_tattoo,
scared,怖がった
princess_zelda,"ゼルダ姫,ゼルダ,ゼルダ(ブレスオブザワイルド),リンゼル,zelink,ゼルダ姫(知恵のかりもの)"
own_hands_clasped,手を組む
print_thighhighs,
grey_footwear,
hair_up,扎头发
brown_cardigan,
alternate_hair_color,髪色チェンジ
gym_shirt,
animal_collar,"犬の首輪,개목걸이,狗项圈"
hand_on_own_knee,
on_one_knee,"单膝跪地,片膝立ち"
unworn_shoes,"脱下的鞋,没穿的鞋"
tifa_lockhart,"ティファ・ロックハート,ティファ,蒂法,tifalockhart"
the_king_of_fighters,"kof,キングオブファイターズ,ザ·キング·オブ·ファイターズ,ザ・キング・オブ・ファイターズ"
vaginal_object_insertion,
white_bodysuit,
bath,"お風呂,風呂"
bow_hairband,
blue_scarf,
kitsune,妖狐
go-toubun_no_hanayome,"五等分の花嫁,5-toubun_no_hanayome,five_equal_brides,五等分的花嫁,the_quintessential_quintuplets,五等分的新娘,5Toubun"
mega_man_(series),"ロックマン,Rockman,Megaman,Rock_Man,Mega_Man"
miki_sayaka,"美樹さやか,さや杏,杏さや,さやほむ,ほむさや,さやまど,まどさや,あんさや,さやあん"
fur-trimmed_sleeves,
neck_ring,
red_pants,
koakuma,"小悪魔,小悪魔(東方Project),こあ,소악마,小惡魔,小恶魔,こあぱい,こあくま,まさに小悪魔,こぁーず"
striped_dress,
scar_on_cheek,
bead_bracelet,
cutoffs,カットジーンズ
asymmetrical_docking,"乳合わせ,胸合わせ,おっぱいキス"
airplane,"飛行機,軍用機"
breast_sucking,"乳吸い,乳頭吸吮,乳头吸吮"
:/,
black_capelet,
bread,パン
rabbit_hair_ornament,
houraisan_kaguya,"蓬莱山輝夜,蓬莱山辉夜,호라이산카구야"
x-ray,透視
bathroom,洗面所
snake_hair_ornament,
persona_5,"ペルソナ5,P5,Persona5,女神异闻录5,P5腐"
see-through_shirt,
leather,"革,レザー,皮革,ひかく,피혁"
gameplay_mechanics,エロステータス
shark_girl,"マーシャーク,サメ娘"
evil_smile,"黒い笑顔,黒い笑み"
idol,アイドル
battle,"戦闘,戦う,戦争,バトル"
strap,ストラップ
black_scarf,
animal_hat,
goat_horns,
film_grain,"粒状フィルム,粒状フィルター,噪点"
inaba_tewi,"因幡てゐ,てゐ,이나바테위,테위,因幡帝,tewi-inaba"
black_border,
white_bowtie,
ibuki_suika,"伊吹萃香,萃香,이부키스이카"
marvel,"marvelcomics,MARVEL,マーベル,マーヴル,マーヴルスーパーヒーローズ,漫威,マーベル・コミック"
giant,巨人
gakuen_idolmaster,"学園アイドルマスター,学マス"
sack,麻袋
bleach,"BLEACH,ブリーチ"
one-piece_tan,水着跡
dark_blue_hair,
yellow_necktie,
red_coat,
shimenawa,"七五三縄,しめ縄,注連縄,標縄,しめなわ"
ears_through_headwear,
animal_focus,動物
torii,"鳥居,鸟居"
red_eyeshadow,
naruto_(series),"ナルト,NARUTO"
bat_(animal),"🦇,コウモリ,こうもり,蝙蝠"
jujutsu_kaisen,"呪術廻戦,咒術迴戰,咒术回战,주술회전,夢術廻戦,jujutsukaisen,jjk"
asymmetrical_clothes,
pokemon_dppt,"DPt,ポケモンDPt,DP,ダイパ,DPpt,ポケモンDP"
bead_necklace,
diamond_(shape),"♦️,ダイヤ,菱形,方片"
babydoll,ベビードール
yellow_skirt,
face-to-face,"面と向かって,顔を合わせて"
snowflakes,"六花,雪の結晶,雪花"
pokemon_bw,ポケモンbw
shoe_soles,"靴底,靴裏"
cross_necklace,
style_parody,"野生の公式,野生"
water_bottle,"水筒,ウォーターボトル"
grey_sweater,
abigail_williams_(fate),"異端なるセイレム,アビゲイル,アビゲイル・ウィリアムズ(Fate),アビゲイル(Fate),Abigail,アビラヴィ,阿比盖尔"
male_underwear,
pants_pull,
cube_hair_ornament,
same-sex_bathing,
multicolored_background,
red_collar,
plugsuit,プラグスーツ
white_camisole,
furina_(genshin_impact),"Furina,フリーナ,芙宁娜,Focalors,フォカロルス,芙卡洛斯,フリーナ(原神),フリヌヴィ,ヌヴィフリ,arlefuri"
yae_miko,"guuji_yae,guuji,宮司,ぐうじ,八重神子,yaemiko,EiMiko"
dragon_quest,"ドラゴンクエスト,ドラクエ,DQ,DRAGONQUEST"
draph,ドラフ
fur-trimmed_gloves,
shackles,"足枷,手錠,枷"
hakama_short_skirt,
facepaint,"フェイスペイント,顔に落書き"
male_penetrated,
half_up_braid,
drink_can,"缶ジュース,缶コーヒー"
annoyed,
holding_gift,
mouse_girl,ねずみ娘
parasol,"日傘,パラソル,遮阳伞,阳伞"
constricted_pupils,
short_over_long_sleeves,
company_name,会社名
ribs,肋骨
transparent,透明
slingshot_swimsuit,"スリングショット,ブラジル水着,マンキニ"
red_capelet,红披肩
narrow_waist,魅惑の腰つき
nervous_sweating,冷や汗
princess_carry,"お姫様だっこ,お姫様抱っこ,姫抱っこ,姫抱き,お姫さまだっこ,お姫さま抱っこ,公主抱"
symmetrical_docking,"乳合わせ,胸合わせ,おっぱいキス"
blue_choker,
body_writing,"身体に落書き,体に落書き,身体涂鸦"
kimetsu_no_yaiba,"鬼滅の刃,鬼滅,キメツ学園,鬼灭之刃,鬼滅之刃,DemonSlayer,Demon_Slayer,DemonSlayer:KimetsunoYaiba,Kimetsu,귀멸의칼날,ดาบพิฆาตอสูร,腐滅の刃,DemonSlayerFanart,Demon_Slayer_Fanart,kimetsunoyaiba"
monitor,
string,"紐,ひも"
charm_(object),"キーホルダー,钥匙扣"
thumbs_up,サムズアップ
head_fins,ヒレ耳
orange_shirt,
3d,"3DCG,DAZ,3dmodel,3dart,3d_art,3drender,3d_render"
paintbrush,"画筆,がひつ"
firefly_(honkai:_star_rail),"流萤,流螢,반디,ホタル(スターレイル),ホタル(崩壊スターレイル),firefly,ホタル"
purple_bowtie,
cross-shaped_pupils,
lace-trimmed_legwear,
earmuffs,"耳あて,耳当て,耳罩"
latex,"ラバー,艦ラバー,ラテックス"
wagashi,"和菓子,わがし"
photo_(object),"写真の絵,照片(图中物品)"
chest_jewel,
green_vest,
hair_censor,"髪ブラ,ディフェンスに定評のある髪"
open_kimono,
raglan_sleeves,"ラグラン,ラグランスリーブ"
coat_on_shoulders,
bishounen,"美少年,女性向け,イケメン,美男子,なにこれ男の子かわいい,bishie"
spiked_bracelet,
fireworks,"花火,烟火,烟花"
watercraft,
pink_sweater,
sitting_on_lap,
nervous,
dark_background,
crescent_hair_ornament,
white_wrist_cuffs,
chest_harness,"ハーネス,上身安全带"
red_sweater,
everyone,"集合絵,艦これ集合絵,ウマ娘集合絵"
imminent_kiss,
red_skin,赤肌
in_container,在里面
holding_fruit,
red_pupils,
single_sidelock,
official_alternate_hair_length,
nazrin,"ナズーリン,纳兹琳,나즈린"
cunnilingus,"クンニ,クンニリングス"
mismatched_pupils,
dungeon_meshi,"ダンジョン飯,Delicious_in_Dungeon,迷宫饭,dungeonmeshi,DeliciousinDungeon,dunmeshi"
hoshino_(blue_archive),"ホシノ(ブルーアーカイブ),小鳥遊ホシノ,ホシノ,小鳥遊ホシノ(過去),暁のホルス,타카나시호시노,호시노"
animal_on_head,
blue_coat,
playing_instrument,
brown_shorts,
east_asian_architecture,
blue_sweater,
mecha_musume,"メカ娘,メカ少女,兵器擬人化,艦船擬人化,オリジナル艦娘,MS少女,機娘,机娘,機甲娘,メカバニー"
over_shoulder,
yellow_bowtie,
sakura_kyoko,"佐倉杏子,佐仓杏子,杏さや,さや杏,杏ほむ,ほむ杏,マミあん,杏マミ,マミ杏,あんマミ,あんさや,さやあん,あんほむ,ほむあん"
braided_bangs,
game_controller,コントローラー
stitches,縫い目
off-shoulder_sweater,
aura,"気,霊気,波動,オーラ"
pink_gloves,
lapels,"ラペル,翻领"
stool,
pink_thighhighs,
erection_under_clothes,"もっこり,テントを張る"
2b_(nier:automata),"ヨルハ二号B型,2B,ヨルハ2号B型,yorha_no_2_type_b,yorha_2b,yorha2b,yorhatype2b"
implied_sex,これ絶対入ってるよね
fate/kaleid_liner_prisma_illya,"プリズマ☆イリヤ,Fate/kaleidlinerプリズマ☆イリヤ"
jojo_no_kimyou_na_bouken,"ジョジョの奇妙な冒険,ジョジョ,JOJO,JOJO【腐】,jojo的奇妙冒险,JO↑JO↓,jjba,ジョジョパロ,ジョジョワンドロ,ジョジョアーカイブ,JOJO【夢】"
summer,"夏,夏季,하계,夏天,여름,夏休み"
dolphin_shorts,ドルフィンパンツ
winter,"冬,冬季,동계,冬天,겨울,冬休み"
talking,"話す,会話"
infection_monitor_(arknights),"检测环,抑制器,特殊抑制器,感染监控装置"
nero_claudius_(fate),"ネロ・クラウディウス(Fate),ネロ・クラウディウス,尼禄"
mika_(blue_archive),"聖園ミカ,ミカ,미소노미카,mika"
floating_earring,
rwby,"RWBY,rwby,Rwby"
fat,"BBW,ぽっちゃり,ぽちゃり,ぽちゃりー,デブ,デブショタ,腹肉"
naked_apron,裸エプロン
torso_grab,
pink_rose,
pigeon-toed,"内股,内八字"
red_bodysuit,
multiple_rings,
belt_collar,
grey_gloves,
black_tail,
biting,"噛む,噛み付き"
mermaid,"人鱼,人魚,マーメイド,人魚化,マーこれかわいい"
holding_can,
senran_kagura,"閃乱カグラ,閃亂神樂,闪乱神乐,섬란카구라,閃乱カグ"
peeing,"おしっこ,お漏らし,おもらし,放尿,野外放尿,失禁,立ちション,オシッコ,東方黄金水,空中放尿,野ション,限界放尿"
coin,"コイン,硬貨,硬币,钱币"
aether_(genshin_impact),"空,空(原神),Aether,原神空,Aether(GenshinImpact),旅人(原神)"
purple_hat,
bra_lift,
sparkling_eyes,
tiger_print,虎柄ビキニ
fate/extra_ccc,Fate/EXTRA-CCC
ruins,"廃墟,废墟"
trigger_discipline,
cow_girl,牛娘
aqua_bow,
danganronpa_2:_goodbye_despair,"スーパーダンガンロンパ2,超弾丸論破2【腐】,ダンガンロンパ2,弹丸论破2,スーダン"
frieren,"フリーレン,芙莉莲,프리렌"
submachine_gun,"サブマシンガン,SMG,subfusil,短機関銃,マシンピストル"
sheet_grab,"掴みシーツ,シーツつかみ"
yuudachi_(kancolle),"夕立,夕立(艦隊これくしょん),夕立(艦これ),ぽいぬ,夕立改二"
fur-trimmed_dress,
no_pupils,瞳孔なし
animification,
playing_card,"🂠,トランプ,プレイング・カード"
spoken_exclamation_mark,
glowing_eye,
afterimage,"残像,乳分身,残影,잔상"
moaning,"呻吟,娇喘,オホ声,汚喘ぎ,濁点喘ぎ"
seductive_smile,
green_necktie,
police,"警察,警察官,おまわりさんの日"
toned_male,細マッチョ
sweater_dress,ニットワンピ
tomoe_mami,"巴マミ,マミ,マミ(まどマギ),マミあん,マミ杏,杏マミ,あんマミ,マミほむ,ほむマミ,マミまど,まどマミ,麻美"
standing_split,"Y字バランス,I字バランス,淫蘭,I字バランス部,站立劈叉"
female_ejaculation,"潮吹,潮喷,潮吹き,潮吹き(女の子の射精)"
utau,"UTAU,utau,utauloid"
grey_thighhighs,
leg_tattoo,
female_orgasm,
sliding_doors,引き戸
toned_female,
leaning_to_the_side,身体倾斜
green_shorts,
skirt_pull,"スカートおろし,スカート下ろし"
heart_cutout,"心窗,心奶窗"
pee,尿
frilled_choker,
usada_pekora,"Pekora,兎田ぺこら,ぺこらーと,ぺこら新衣装グッズ案,兔田佩克拉,水田兎月"
tassel_earrings,
pumpkin,"南瓜,カボチャ,かぼちゃ"
vines,"蔓,藤蔓"
hamakaze_(kancolle),"浜風,浜風(艦隊これくしょん),浜風(艦これ)"
frog,"カエル,蛙,青蛙"
maple_leaf,"紅葉,椛,momiji,红叶,秋叶"
miqo'te,"ミコッテ,ミッコテ,miqo'te,猫魅族"
stomach_bulge,"ボコォ,腹ボコ"
sunbeam,"薄明光線,天使の梯子,天使の階段,ヤコブの梯子"
breast_rest,"乳乗せ,乗せ乳,卓上の乳,おっぱいプレート,おっぱいトレイ,のせてんのよ,乗せてんのよ"
tea,"お茶,ティータイム"
final_fantasy_vii_remake,"FF7R,FFVIIR,FF7Remake,FFVIIRemake,finalfantasy7remake,finalfantasyviiremake,ファイナルファンタジー7リメイク,ファイナルファンタジーVIIリメイク,FF7リメイク,FFVIIリメイク"
peach,"桃,もも,モモ"
hair_over_breasts,髪ブラ
tying_hair,
weibo_watermark,
lion_ears,獅子耳
long_braid,
anniversary,"記念日,纪念日,周年,周年庆"
kongou_(kancolle),"金剛,金剛(艦隊これくしょん),金剛(艦これ),ダイヤモンドバスト,金剛改二,金剛改二丙"
torn_shirt,
star_in_eye,
yellow_hairband,
tasuki,"襷掛け,襷,束袖带"
ninomae_ina'nis,"一伊那尓栖,一伊イナニス,イナニス,イナ,にのまえいなにす,inART,いなート,一伊那爾棲,4thWAH"
brick_wall,
bikini_pull,
undercut,ツーブロック
rebuild_of_evangelion,ヱヴァンゲリヲン新劇場版
low_twin_braids,
headscarf,头巾
pointing_at_viewer,
blue_hoodie,
christmas_tree,圣诞树
mori_calliope,"森美声,森カリオペ,callillust,カリイラスト,MoriCalliope,TakaMori,callilust,callidrip,Calliope"
greaves,グリーブ
handheld_game_console,携帯ゲーム機
double_penetration,"二穴,2穴,二穴責め,2穴責め"
erune,エルーン
partially_colored,
badge,バッジ
traditional_bowtie,
houjuu_nue,"封獣ぬえ,封兽鵺,호쥬누에,しょうたいふメイド,ぬえちんぽ"
bikini_bottom_only,
chest_tattoo,
halftone,"ハーフトーン,網点,网点,망점,半色調"
bathtub,"浴槽,湯船,バスタブ,浴缸"
manjuu_(azur_lane),"饅頭(アズールレーン),蛮啾"
race_queen,"レースクイーン,賽車女郎,赛车女郎,레이싱모델"
goatee,山羊鬚
lanyard,ネックストラップ
nosebleed,"鼻血,はなぢ"
frilled_bra,
heart_ahoge,アホ毛がハート
arm_guards,"籠手,アームガード"
material_growth,
name_connection,"名前系バラエティ,同名ネタ,名前繋がり,名字相同/相近"
floppy_ears,"垂れ耳,垂耳,趴耳"
toki_(blue_archive),"トキ(ブルアカ),飛鳥馬トキ,アビ・エシュフ,トキ"
wardrobe_malfunction,ハプニング
fur-trimmed_capelet,
holding_candy,
leg_warmers,レッグウォーマー
vehicle_focus,"カーイラスト,ウマ娘モータリゼーション,艦これモータリゼーション,東方モータリゼーション,カーデザイン,ガールズ&モーター"
dappled_sunlight,"木漏れ日,木洩れ陽"
touhou_(pc-98),"東方旧作,东方旧作"
hooded_cloak,
iron_cross,鉄十字
burger,"ハンバーガー,汉堡包,汉堡"
darkstalkers,"ヴァンパイア,ヴァンパイアシリーズ,ヴァンパイアハンター,ヴァンパイアセイヴァー,ダークストーカーズ"
facing_another,
bikini_armor,ビキニアーマー
code_geass,"コードギアス反逆のルルーシュ,コードギアス,コードギアス反逆のルルーシュR2,反逆のルルーシュR2,コードギアスR2"
frilled_panties,
5boys,
ripples,"波紋,波纹,涟漪"
two-tone_eyes,
crescent_hat_ornament,
striped_background,
cow_print_bikini,牛柄ビキニ
asymmetrical_wings,
dripping,
senki_zesshou_symphogear,"戦姫絶唱シンフォギア,戦姫絶唱シンフォギアG,戦姫絶唱シンフォギアGX,戦姫絶唱シンフォギアAXZ,戦姫絶唱シンフォギアXV,シンフォギア,Symphogear,SymphogearXD"
naval_uniform,
untied_bikini,
raccoon_tail,
extra_arms,"多腕,六本腕,四本腕,十本腕"
stirrup_legwear,"トレンカ,トレンカソックス"
checkered_floor,
rem_(re:zero),"レム,レム(リゼロ),雷姆,蕾姆"
pokemon_bw2,ポケモンBW2
heart_pasties,"ハートニプレス,心形乳貼,心形乳贴,心形胸貼,心形胸贴"
holding_spoon,
no_shirt,
puff_of_air,"フンス,气流"
syringe,"💉,💉︎,注射器,ちゅうしゃき"
inkling_player_character,"インクリング,イカちゃん,マイイカ,4号,3号,イカガール,イカボーイ"
unworn_panties,"没穿的胖次,脱下的胖次"
presenting_armpit,"腋は性器,腋見せのポーズ,腋見せ"
pink_hairband,
multicolored_dress,
soaking_feet,足を浸す
print_gloves,
magatama,勾玉
mind_control,"洗脳,マインドコントロール,洗脳装置,洗脑,精神控制"
big_hair,
picture_frame,"画框,相框,額縁"
;o,
body_markings,
showgirl_skirt,
monster_hunter_(series),"モンスターハンター,モンハン,MH"
weapon_on_back,
fox_shadow_puppet,"キツネの影絵,キツネポーズ"
animal_ear_headphones,
sonic_(series),"ソニック・ザ・ヘッジホッグ,ソニック,ソニック(ゲーム),SonicTheHedgehog,sonicthehedgehog,オリソニ,Sonic_the_Hedgehog,Sonic,STH,索尼克,sonicpict,sonic_fanart,sonicfanart,ソニック100users入り,ソニック(セガ),sonicart"
kashima_(kancolle),"鹿島,鹿島(艦隊これくしょん),鹿島(艦これ),有明の女王,三越鹿島"
huge_penis,"爆根,超根,極上の竿,巨根ショタ,ロリ巨根"
earphones,"イヤホン,耳机,有线耳机"
detached_wings,
doctor_(arknights),"博士,業狱,ドクター,ドクター(アークナイツ),刀客塔"
leaf_on_head,
unworn_skirt,"没穿的裙子,脱下的裙子"
shigure_kai_ni_(kancolle),時雨改二
chalkboard,"黒板,黑板"
camouflage,"迷彩,カモフラージュ,迷彩柄,maskowanie,Tarnkleidung"
jeanne_d'arc_alter_(avenger)_(fate),ジャンヌ・オルタ
holding_fork,
purple_skin,紫肌
black_blindfold,
side-by-side,横に並んで
yor_briar,"ヨル・ブライア,ヨル・フォージャー,いばら姫(SPY×FAMILY),いばら姫,部屋着ヨルさん,约尔,约儿,yorforger,yor"
aiming,
arm_cannon,"アームキャノン,エックスバスター"
torogao,トロ顔
reverse_cowgirl_position,背面騎乗位
minato_aqua,"湊あくあ,あくあーと,阿夸,凑あくあ"
lower_teeth_only,
holding_chopsticks,
megumin,"めぐみん,めぐみん(このすば),惠惠,메구밍"
inazuma_(kancolle),"電(艦隊これくしょん),電(艦これ),電,いなづま"
shorts_under_skirt,安全裤
scathach_(fate),"スカサハ,スカサハ(Fate),師匠ランサー,斯卡哈,叔母サハ"
single_sock,
chest_sarashi,"さらし,裹胸布"
two-tone_skin,
white_neckerchief,
side_braids,
sandwiched,
bonnet,"ボンネット,波奈特,婴儿帽"
fubuki_(kancolle),"吹雪(艦隊これくしょん),吹雪(艦これ),吹雪,ブッキー,淫獣吹雪"
sheep_horns,
police_uniform,"ミニスカポリス,東方警察"
pencil,
doughnut,"🍩,ドーナツ,ドーナッツ,甜甜圈"
the_pose,伏臥
splashing,"しぶき,水しぶき"
gundam_suisei_no_majo,"Mobile_Suit_Gundam_The_Witch_from_Mercury,機動戦士ガンダム水星の魔女,機動戦士ガンダム_水星の魔女,水星の魔女,G_Witch,G-Witch,수성의마녀,水星の魔女最終回,水星の腐女,水星的魔女"
!!,
halter_dress,"ホルターネックワンピース,ホルターワンピース"
linea_alba,
polka_dot_bow,
arm_ribbon,
pinstripe_pattern,
trait_connection,"特征相仿,性格相仿,经历相仿"
bamboo,"竹,笹,竹(植物)"
arm_garter,
nekomata_okayu,"猫又おかゆ,絵かゆ,エロおにぎり,猫宮友架,おかころ"
elden_ring,"エルデンリング,eldenring,艾尔登法环,엘든링,ELDENRING,EldenRingFanart,老头环"
bra_visible_through_clothes,"透けブラ,スケブラ"
hijiri_byakuren,"聖白蓮,圣白莲,히지리뱌쿠렌"
striped_necktie,
collared_jacket,
foreskin,"包皮,仮性包茎"
orange_skirt,
kicking,"蹴り,キック"
ear_bow,
aqua_background,
flag_print,
undershirt,
sad,"悲しい,憂い,哀しい"
yellow_nails,
green_panties,
tiger_tail,
other_focus,
leotard_under_clothes,レオタードアンダーパンツ
content_rating,"R指定マーク,レイティング"
singing,歌う
feet_up,
gardevoir,"サーナイト,サーナイト♂,Gardevoir"
television,"テレビ,电视"
house,家
cum_string,ザーメンブリッジ
beach_umbrella,ビーチパラソル
scaramouche_(genshin_impact),"Scaramouche,スカラマシュ,散兵,Kunikuzushi,国崩,Balladeer,scaralumi,scaramona"
crescent_moon,"三日月,朏,みかづき,弦月,上弦月,下弦月,月牙"
holding_cigarette,
green_footwear,
zzz,
amiya_(arknights),"アーミヤ,アーミヤ(アークナイツ),阿米娅"
huge_weapon,"大刀,大剣,グレートソード"
flower-shaped_pupils,
electric_guitar,エレキギター
ouro_kronii,"オーロ・クロニー,OuroKronii,kronillust,kroniillust,クロニーラ"
nahida_(genshin_impact),"ナヒーダ,nahida,纳西妲,ナヒーダ(原神),小吉祥草王,kusanali,クラクサナリデビ,クサナリ,草神,小草神,나히다"
oripathy_lesion_(arknights),"源石病,矿石病,源石结晶,オリパシー,鉱石病(オリパシー)"
whistle,"ホイッスル,哨子"
single_leg_pantyhose,
frilled_hair_tubes,
sweater_lift,
muneate,"胸当て,弓道护胸"
button_gap,天使の小窓
page_number,
nanashi_mumei,"七詩ムメイ,watchMEI,memeMEI,drawMEI,drawingMEI,ムメ絵,NanashiMumei"
zouri,"草履,ぞうり"
very_dark_skin,"黒人,黒い肌"
yellow_footwear,
multiple_persona,
star_hat_ornament,
voice_actor_connection,"中の人繋がり,中の人つながり,中の人ネタ,声優ネタ,声優ネタ集合絵,声优梗"
short_necktie,
mushroom,"菌,きのこ,キノコ,マッシュルーム,蘑菇,菌类"
nekomata,"ねこまた,猫又,猫叉,猫股"
print_dress,"柄ワンピース,柄ワンピ"
power_lines,"送電線,電線"
fundoshi,"ふんどし,褌,フンドシ,ふんどし娘"
bear_ears,"熊耳,くまみみ"
yawning,"あくび,欠伸,アクビ,打哈欠"
black_suit,
tail_bow,
one-eyed,"単眼,隻眼"
mismatched_gloves,
mountainous_horizon,
sakura_miko,"さくらみこ,miko_Art,四宮桜,miComet,みこめっと"
knees,膝
black_halo,
tile_wall,瓷砖墙
holding_bow_(weapon),
hooded_coat,
hololive_indonesia,"holoID,hololive_ID,ホロライブID,HololiveID"
ball_gag,"ボールギャグ,口球"
pearl_necklace,珍珠项链
internal_cumshot,
illyasviel_von_einzbern,"イリヤスフィール・フォン・アインツベルン,イリヤ,プリズマイリヤ,イリヤスフィール(プリズマ☆イリヤ),イリヤスフィール,Illya,Illya_von_Einzbern,イリヤがいっぱい見れるタグ"
cookie,"クッキー,ビスケット,曲奇,曲奇饼干"
sakazuki,盃
red_bra,
doll_joints,"球体関節,人形,球体関節人形,人形娘"
see-through_cleavage,
sniper_rifle,"狙撃銃,スナイパーライフル,DMR,マークスマンライフル"
single_shoe,
shell,"壳,甲羅,殻,貝殻"
guilty_gear_strive,"GGSTRIVE,GuiltyGearStrive,GGST"
shirt_pull,
competition_school_swimsuit,競スク
saucer,
cross_earrings,
sleeveless_jacket,
green_gloves,
sleepy,
bobby_socks,
mini_top_hat,
green_halo,
tail_wagging,摇尾巴
heads_together,
print_panties,"バックプリント,フロントプリント"
bridge,橋
black_shoes,
beer,ビール
pink_theme,"桃色,ピンク,pink,ぴんく,ピンク色,pinkcore,pinkart,pink_art"
open_vest,
mona_(genshin_impact),"Mona,莫娜,モナ(原神),モナ,アストローギスト・モナ・メギストス,Astrologist_Mona_Megistus,scaramona"
imaizumi_kagerou,"今泉影狼,影狼,이마이즈미카게로"
nishizumi_miho,"西住みほ,あんこうチーム,西住姉妹,みほまほ,西住サンド,みほゆか,みほさお,みほまこ,みほ杏,みほ桃,エリみほ,ダーみほ,ケイみほ,カチュみほ,絹みほ,ミカみほ,みほあり,みほマリ,隊長組,西住殿,ミホニウム,主将&次期主将,隊長&次期隊長"
lamppost,"街灯,街燈,街路灯"
bra_strap,ブラ紐
dark_persona,"黒化,闇堕ち,悪堕ち,深海棲艦化,オルタ化"
single_wing,片翼
tokoyami_towa,"常闇トワ,TOWART,かなトワ,常盤香菜,ねねねトワワ"
poolside,プールサイド
rio_(blue_archive),"調月リオ,ビッグ•シスター,츠카츠키리오,リオ"
mizuhashi_parsee,"水橋パルスィ,パルスィ,水桥帕露西,帕露西,미즈하시파르시,地殻の下の嫉妬心,嫉妬心を操る程度の能力,パルスィがかわいすぎ,勇パル,て生きていくのが辛い,おっぱるすぃ,パルスィード"
downblouse,胸チラ
coffee,"コーヒー,珈琲"
bound_legs,"足枷,足かせ"
insect_wings,
yagokoro_eirin,"八意永琳,永琳,야고코로에이린"
lucky_star,"らき☆すた,らきすた,luckystar,幸运星"
zhongli_(genshin_impact),"鍾離,鍾離(原神),钟离,Zhongli,Morax,Rex_Lapis,女体化鍾離"
:|,
inkling_girl,イカガール
akemi_homura_(magical_girl),
tape,
sanpaku,"三白,三白眼,四白眼"
partially_unzipped,
cushion,クッション
hand_on_own_stomach,
reclining,
hammer,"ハンマー,槌,鎚"
danganronpa_v3:_killing_harmony,"NEWダンガンロンパV3,ニューダンガンロンパV3,新弾丸論破V3,新弾丸論破V3【腐】,ダンガンロンパV3,弹丸论破v3"
blinking,
bang_dream!_it's_mygo!!!!!,"MyGO!!!!!,BanG_Dream!_It's_MyGO!!!!!,MyGO,バンドリアニメMyGO,バンドリアニメMyGO_FA"
blank_eyes,白目
clothed_male_nude_female,CMNF
haruna_(kancolle),"榛名,榛名(艦隊これくしょん),榛名(艦これ),榛名改二,榛名牛乳,榛名ちゃんマジ天使"
danganronpa:_trigger_happy_havoc,"ダンガンロンパ,弹丸论破"
smoking_pipe,"パイプ,烟斗"
persona_3,"ペルソナ3,persona3,女神异闻录3,P3"
explosion,"爆発,ばくはつ"
holding_card,
fur-trimmed_cape,
watermelon,"西瓜,水瓜,すいか,スイカ,ウォーターメロン,🍉"
blue_butterfly,
clipboard,"📋,クリップボード,ペーパーホルダー,用箋挟"
two-tone_jacket,
uterus,子宮
recording,●REC
persona_4,"ペルソナ4,P4,persona4"
plaid_bow,
stelle_(honkai:_star_rail),"星(スターレイル),星,ベクターX"
striped_pantyhose,
red_theme,"赤,赤色"
tate_eboshi,"立烏帽子,烏帽子,冠"
birthday,"誕生日,生日,生贺"
multiple_horns,
multicolored_bikini,
blood_on_hands,
multicolored_nails,
purple_bra,"紫ブラ,紫下着"
ooarai_school_uniform,
shy,"人見知り,はにかみ,恥ずかしがる"
dragon_ball_z,"ドラゴンボールZ,dragonballz,DBZ,オラの悟飯をかえせッ!!,この世で一番強いヤツ,地球まるごと超決戦,超サイヤ人だ孫悟空,とびっきりの最強対最強,激突!!100億パワーの戦士たち,極限バトル!!三大超サイヤ人,燃えつきろ!!熱戦・烈戦・超激戦,銀河ギリギリ!!ぶっちぎりの凄い奴,危険なふたり!超戦士はねむれない,超戦士撃破!!勝つのはオレだ,復活のフュージョン!!悟空とベジータ,龍拳爆発!!悟空がやらねば誰がやる"
glaring,"ニラマレ,ジト目,怒视"
pillow_hug,hugging_pillow
tomboy,"ボーイッシュ,お転婆,おてんば,假小子,男人婆"
grey_pantyhose,
gold,"金,黄金,ゴールド,금,黄金化"
falling,"落ちる,落下"
pokemon_xy,"ポケモンXY,XY,ポケットモンスターxy"
torpedo,魚雷
anchor_hair_ornament,
yasaka_kanako,"八坂神奈子,야사카카나코"
bare_pectorals,
fringe_trim,流苏
mari_(blue_archive),"伊落マリー,이오치마리,マリー,mari"
lycoris_recoil,"リコリス・リコイル,リコリコ,リコリスリコイル,LycorisRecoil,莉可丽丝"
tales_of_(series),テイルズ
cyborg,"サイボーグ,改造人間"
clothes_grab,
koharu_(blue_archive),"下江コハル,コハル,시모에코하루,코하루,小春"
onii-chan_wa_oshimai!,"お兄ちゃんはおしまい!,お兄ちゃんはおしまい,おにまい,おにまいお絵描き"
misaka_mikoto,"御坂美琴,超電磁砲"
floating_object,
takanashi_kiara,"小鳥遊キアラ,ArtsofAsh,絵ニックス,ArtsOfAshes,小鸟游琪亚拉,TakanashiKiara,TakaMori,ArtsOfAsses,KFPicasso,KiaraTakanashi,kiara"
prosthesis,"義肢,義手,義足"
giantess,"巨大娘,巨大少女,거대소녀,巨大カップル"
panty_peek,
american_flag,"🇺🇸,星条旗,アメリカ合衆国の国旗,せいじょうき,合衆国旗,がっしゅうこっき,古き栄光,ふるきえいこう"
striped_bowtie,
two-tone_shirt,
yuudachi_kai_ni_(kancolle),夕立改二
take_your_pick,
earclip,
gakuran,"学蘭,学らん,学ラン,がくらん"
bow-shaped_hair,
hand_on_own_ass,
dirty,"汚い,汚れ,不潔"
suzuya_(kancolle),"鈴谷(艦隊これくしょん),鈴谷(艦これ),鈴熊,鈴谷"
gradient_eyes,渐变色眼睛
motorcycle,"バイク,オートバイ"
akagi_(kancolle),"赤城(艦隊これくしょん),赤城(艦これ),赤城,赤賀"
bare_tree,"枯れ木,枯树,秃树"
green_pants,
holding_wand,
atelier_(series),"アトリエ,アトリエシリーズ,アトリ絵"
tenryuu_(kancolle),"天龍,天龍(艦隊これくしょん),天龍(艦これ),眼帯のかわいい方,天龍型の白が眩しい方,天乳,天龍改二,天龙"
yin_yang,"太極図,太极图,阴阳,☯"
kisaki_(blue_archive),"竜華キサキ,キサキ(ブルーアーカイブ),キサキ,黒い君主,妃咲,키사키,門主様,kisaki"
wine,
megurine_luka,"巡音ルカ,LUKA,巡音流歌"
black_flower,
animalization,"ケモ化,擬鳥化,ドラゴン化,动物化"
squatting_cowgirl_position,"M字騎乗位,スパイダー騎乗位"
v-neck,Vネック
cow_tail,
makima_(chainsaw_man),"マキマ(チェンソーマン),マキマ,マキマさん,瑪奇瑪,玛奇玛"
higurashi_no_naku_koro_ni,"ひぐらしのなく頃に,寒蝉鸣泣之时,쓰르라미울적에,ひぐらし,ひぐらしFA"
white_bloomers,
keqing_(genshin_impact),"刻晴,刻晴(原神),Keqing,Kokusei"
argyle_clothes,"アーガイルチェック,アーガイル"
barbell_piercing,
green_kimono,
book_stack,本の山
fucked_silly,んほぉ系
akatsuki_(kancolle),"暁,暁(艦隊これくしょん),暁(艦これ)"
nightgown,"ナイトガウン,ねまき,睡袍,睡裙"
the_legend_of_zelda:_breath_of_the_wild,"ゼルダの伝説ブレスオブザワイルド,ブレスオブザワイルド,breathofthewild,botw,ブレワイ,lozbotw,旷野之息,荒野之息,塞尔达传说旷野之息"
no_mouth,
tentacle_sex,触手姦
hair_pulled_back,
purple_leotard,
3:,ひの字口
futon,"布団,ふとん"
hands_on_own_cheeks,
scissors,"ハサミ,はさみ,剪刀,剪,✂️"
planted,
swivel_chair,
shorts_pull,
text_focus,
long_eyelashes,
yellow_gloves,
fake_screenshot,
green_bowtie,
shelf,"棚,たな,선반"
blue_sleeves,
vertical-striped_thighhighs,
ikazuchi_(kancolle),"雷,雷(艦隊これくしょん),雷(艦これ),ブラックサンダー,いかづち,雷ちゃんマジ天使"
daiyousei,"大妖精,大ちゃん,胸が大ちゃん,대요정"
rimless_eyewear,"縁無し眼鏡,リムレスフレーム,リムレス"
purple_necktie,
toeless_footwear,"サンダル,露趾鞋"
thigh_holster,レッグホルスター
median_furrow,背中线
low-braided_long_hair,
helltaker,"Helltaker,ヘルテイカー,헬테이커"
bad_anatomy,糟糕的人体比例
oversized_object,
robot_joints,
cum_on_ass,
tsukihime,月姫
grey_halo,
last_origin,"라스트오리진,ラストオリジン,ラスオリ,LastOrigin"
footjob,足コキ
idolmaster_million_live!_theater_days,"アイドルマスターミリオンライブ!シアターデイズ,ミリシタ"
aris_(blue_archive),"天童アリス,텐도아리스,아리스,アリス,aris,arisu,alice"
rainbow,"🌈,虹,彩虹"
unconventional_maid,
planet,惑星
backboob,裏乳
holding_ball,
frilled_thighhighs,
fire_emblem_engage,"ファイアーエムブレムエンゲージ,FEエンゲージ,FireEmblemEngage,火焰纹章engage"
mixed-sex_bathing,"混浴,水中結合"
maebari,"まえばり,前貼り,마에바리,前バリ"
asymmetrical_sleeves,
ayanami_rei,"綾波レイ,アヤナミレイ,アヤナミレイ(仮称),ロング綾波,黒波,凌波丽,AyanamiRei,ReiAyanami,Rei_Ayanami,Rei,evangelion_rei"
black_bag,
bokeh,"ボケ表現,シャロー・フォーカス,散景,焦外"
photo_background,デジラマ
exhibitionism,"露出,野外露出,노출,야외노출"
twisted_torso,
cardboard_box,"段ボール箱,段ボール"
evening,"夕暮れ,夕方"
holding_camera,
d:,
heart_print,
biceps,上腕二頭筋
cherry,"さくらんぼ,チェリー,樱桃,车厘子"
jester_cap,
projectile_cum,cumshot
pillar,"柱,支柱"
holding_lollipop,
kagiyama_hina,"鍵山雛,键山雏,카기야마히나,厄リスマス,鍵山雛(二次創作),厄かわいい"
pink_pupils,
jeanne_d'arc_(fate),"ジャンヌ・ダルク,ジャンヌ姉妹,ジャンヌ・ダルク(Fate),ジャンヌ,ぐだジャン"
tunic,"チュニック,丘尼卡,튜닉"
open_hoodie,
red_gemstone,"ルビー,ルービィ,紅玉,루비,红宝石"
dress_bow,
yellow_sweater,
kazusa_(blue_archive),"カズサ(ブルーアーカイブ),カズサ,kazusa,杏山カズサ,쿄야마카즈사,카즈사"
magic_circle,"魔法陣,魔法円"
bestiality,"獣姦,兽奸,兽交,異種姦,異種和姦,着衣交尾,熊姦,ポケ姦,犬姦,馬姦,獸姦,動物の仔,蟲姦,虫姦,竜姦,蛇姦,猿姦,豚姦,魚姦,海生物姦,수간"
pink_choker,
flower_field,"花畑,花田"
girl_sandwich,両手に花
brown_vest,
blue_buruma,"紺ブルマ,青ブルマ,水色ブルマ"
frilled_collar,
over-kneehighs,"オーバーニー,オーバーニーソックス,オーバーニーハイ,ニーハイソックス"
extra_eyes,多眼
chess_piece,"チェス駒,チェスの駒,駒,棋子"
bride,"花嫁,はなよめ,ブライド"
holding_pen,
super_smash_bros.,"大乱闘スマッシュブラザーズ,スマッシュブラザーズ,スマブラ,スマブラ64,大乱闘スマッシュブラザーズDX,スマブラDX,大乱闘スマッシュブラザーズX,スマブラX,亜空の使者,スマブラ3DS/WiiU,大乱闘スマッシュブラザーズスペシャル,大乱闘スマッシュブラザーズSPECIAL,スマブラSP,スマブラfor3DS/WiiU,灯火の星,スマブラカウントダウン,SmashBrosUltimate,SuperSmashBrosUltimate,SSBU,SmashUltimate"
speed_lines,
hachimaki,"鉢巻,ハチマキ,はちまき,鉢巻き"
black_ascot,
old_school_swimsuit,"旧スク,旧々スク,旧スクール水着,kyuu_scho,kyuukyuu_scho,きゅーすく"
holding_paper,拿着张纸
hair_slicked_back,オールバック
pregnant,"妊婦,妊娠,腹ボテ,ロリ妊婦,多胎,経産婦,임신"
torn_pants,
sleeves_past_elbows,"七分袖,七分丈"
pink_cardigan,
squeans,
thong_bikini,
tank,"戦車,MBT"
boy_on_top,
heart_in_eye,
shushing,"しーっ,嘘(手势)"
suggestive_fluid,"謎の白い液体,白くべたつくなにか,白くべたつく何か"
oshi_no_ko,"推しの子,【推しの子】,我推的孩子"
skull_hair_ornament,
mouth_drool,
faulds,
military_jacket,ミリタリージャケット
gigantic_breasts,"超乳,K点越えおっぱい,ロリ超乳"
cum_on_tongue,"舌射,溜め精液"
high_school_dxd,ハイスクールD×D
gap_(touhou),スキマ
feeding,"あーん,餌付け"
interface_headset,インタフェイスヘッドセット
bra_pull,
unworn_clothes,"脱いだ服,没穿的衣服,脱下的衣服"
trainer_(umamusume),"トレーナー(ウマ娘プリティーダービー),トレーナー(ウマ娘)"
official_style,"野生の公式,原作風"
pokemon_legends:_arceus,"LEGENDSアルセウス,ポケモンレジェンズ,ポケモンレジェンズアルセウス,ポケットモンスターLEGENDSアルセウス,PokémonLEGENDSアルセウス,PokemonLEGENDSアルセウス,pokemon_legends_arceus,PokemonLEGENDS,レジェンズアルセウス,ポケモンLegendsアルセウス,PokémonLEGEND"
topknot,
blue_bodysuit,
spoken_blush,
animal_ear_piercing,
old,
between_fingers,
merry_christmas,"メリークリスマス,メリクリ"
multiple_hair_bows,
mitakihara_school_uniform,見滝原中学校制服
shoulder_pads,肩パッド
obijime,帯締め
fur-trimmed_headwear,
object_on_head,
on_desk,
lap_pillow,膝枕
number_tattoo,
expressions,表情
crotchless,
grabbing_another's_hair,髪掴み
weapon_over_shoulder,
single_elbow_glove,
texas_(arknights),"Texas,德克萨斯,テキサス,テキサス(アークナイツ),德克薩斯,双狼组"
uwabaki,"上履き,うわばき"
skyscraper,"超高層ビル,高層ビル,摩天楼,摩天大楼,摩天大厦,高層建築,超高層建築物"
yellow_sclera,
pikachu,"ピカチュウ,皮卡丘"
zuikaku_(kancolle),"瑞鶴,瑞鶴(艦隊これくしょん),瑞鶴(艦これ),年中瑞加賀祭"
kobayashi-san_chi_no_maidragon,"小林さんちのメイドラゴン,メイドラゴン,小林家的龙女仆,kobayashi-san_chi_no_maid_dragon,小林さんちのメイドラゴンS,메이드래곤"
gridman_universe,
baseball_bat,"バット,金属バット"
toyosatomimi_no_miko,"豊聡耳神子,丰聪耳神子,토요사토미미노_미코"
strap_pull,
cooking,"料理,調理"
chain-link_fence,"金網,かなあみ,철망,鐵網,铁丝网围栏"
shiki_eiki,"四季映姫・ヤマザナドゥ,四季映姫,ヤマザナドゥ,四季映姬,시키에이키야마자나두,시키에이키"
bandaid_on_nose,
jiangshi,"キョンシー,僵尸,殭屍"
heart-shaped_box,
purple_lips,
shingeki_no_kyojin,"進撃の巨人,進擊的巨人,进击的巨人,進撃の腐人,進撃の百合,aot,進撃の巨人イラコン"
utility_pole,"電柱,電信柱"
dark_elf,ダークエルフ
adjusting_headwear,
taking_picture,
pinky_out,兰花指
cow_print_thighhighs,
agnes_tachyon_(umamusume),"アグネスタキオン,アグネスタキオン(ウマ娘),爱丽速子,愛麗速子,아그네스타키온,아그네스_타키온"
purple_pantyhose,
checkered_background,
heart-shaped_food,
1990s_(style),"90年代風,90sanime,90年代"
kafuu_chino,"香風智乃,チノ,チマメ隊,香風チノ"
okita_souji_(fate),"沖田総司,冲田总司"
vspo!,"VSPO,ぶいすぽっ!,ぶいすぽ"
thighhighs_under_boots,
spoken_musical_note,
sakuragaoka_high_school_uniform,桜が丘女子高等学校制服
lillie_(pokemon),"リーリエ(ポケモン),リーリエ,リーリエ(トレーナー),がんばリーリエ,Lillie,릴리에,リーリエ(アニポケ),エーテル兄妹,ミヅリリ,ヨウリエ,莉莉艾,莉莉爱"
back_cutout,
shuten_douji_(fate),"酒呑童子(Fate),酒呑童子"
convenient_leg,"ディフェンスに定評のある左足,ディフェンスに定評のある右足,鉄壁の左足,鉄壁の右足"
red_eyeliner,
superhero_costume,"スーパーヒーロー,スーパーヒロイン"
producer_(idolmaster),プロデューサー(アイドルマスター)
pink_neckerchief,
plaid_vest,
pussy_peek,大陰唇
red_wings,
brown_bow,
suitcase,"スーツケース,슈트케이스,行李箱"
jumpsuit,"ジャンプスーツ,つなぎ,作業着"
school_chair,椅子
skeleton,"骨格,骷髅,骨架,骸骨"
looking_at_penis,
polka_dot_panties,水玉パンツ
train_interior,"電車内,員電車"
skinny,
dawn_(pokemon),"ヒカリ(トレーナー),ヒカリ(ポケモン),ヒカリ(ダイヤモンド&パール),ヒカリ(プラチナ),ヒカリ(アニポケ),ヒカリ,チビヒカリ,プラチナ・ベルリッツ,プラチナ(ポケスペ),シロヒカ,サトヒカ,コハヒカ,ポチャヒカ"
holding_hat,
raised_eyebrow,
pyra_(xenoblade),"ホムラ,ホムラ(ゼノブレイド2),焰,吼姆拉"
gawr_gura_(1st_costume),がうる・ぐら(通常)
plaid_scarf,
grey_cardigan,
bandaid_on_knee,膝絆創膏
kasane_teto,"重音テト,teto,kasaneteto,tetokasane,重音teto"
scroll,"巻物,スクロール"
waist_cape,
egg,"卵,たまご,タマゴ"
pervert,変態
holding_removed_eyewear,
pink_necktie,
lowleg_panties,
broom_riding,箒で飛ぶ
street,道路
kagamine_len,"鏡音レン,镜音连"
red_buruma,赤ブルマ
single_mechanical_arm,
holding_pom_poms,
manly,"益荒男,男らしさ"
cookie_(touhou),"クッキー☆,クッキー☆☆,東方蛮法天,魔理沙とアリスのクッキーKiss,真夏の夜のクッキー迫真お絵描き,cookie☆"
octoling,オクトリング
white_necktie,
gold_earrings,
company_connection,"制作公司相同,发行公司相同"
tohsaka_rin,"遠坂凛,远坂凛,士凛"
marnie_(pokemon),"マリィ(トレーナー),マリィ,マリィちゃんマジ天使,マリィ(ポケモン),マリィ(ジムリーダー),マリィっぱい,ユウマリ,マサマリ,ビトマリ"
playing_games,
wriggle_nightbug,"リグル・ナイトバグ,リグル,莉格露·奈特巴格,莉格露,리글나이트버그,리글"
nakano_azusa,"中野梓,けいおん!!2年生トリオ,あずにゃん,ゆいあず,azusanakano"
flower_knot,
two-tone_fur,
black_skin,
orb,"球体,オーブ"
taut_shirt,
blue_socks,
vertical-striped_shirt,
hand_on_another's_cheek,頬に手
blue_ascot,
vase,花瓶
hoshiguma_yuugi,"星熊勇儀,星熊勇仪,호시구마유기"
costume_switch,"衣装交換,制服交換,服交換,毛皮交換,東方装束換"
crack,"亀裂,裂缝"
print_pantyhose,
;p,
kamisato_ayaka,"神里绫华,神里綾華,KamisatoAyaka,神里綾華(原神)"
red_sleeves,
looking_at_object,
kayoko_(blue_archive),"鬼方カヨコ,오니카타카요코,카요코"
orange_bikini,オレンジビキニ
sake,"酒,日本酒"
blazblue,"blazblue,ブレイブルー"
watson_amelia,"ワトソン・アメリア,アメリア・ワトソン,WatsonAmelia,AmeliaWatson,ameliart,華生·阿米莉亞,amelewd"
paper_lantern,"提灯,灯籠,灯篭,灯笼"
akiyama_mio,"秋山澪,AkiyamaMio"
anal_beads,"アナルビーズ,アナルパール"
plaid_shirt,
black_cloak,
frilled_hat,
horn_ribbon,
yuzuki_yukari,"結月ゆかり,结月ゆかり,结月缘"
reverse:1999,"重返未来1999,重返未来:1999,リバース1999,リバース:1999,Reverse1999,리버스1999,Reverse1999FanWorkContest,BackToTheFuture1999,リバース1999二次創作CP"
byleth_(fire_emblem),"ベレト,ベレス,ベレト=アイスナー,ベレス=アイスナー,ベレト先生,byleth"
suit_jacket,
lily_(flower),"百合の花,百合花"
footwear_bow,
nagato_(kancolle),"長門,長門(艦隊これくしょん),長門(艦これ),ながもん"
cowboy_hat,テンガロンハット
bruise,青痣
shanghai_doll,上海人形
water_gun,"水鉄砲,みずでっぽう,水枪"
falling_leaves,
bakemonogatari,化物語
bikini_bottom_aside,
bursting_breasts,
dragon_wings,
beer_mug,ジョッキ
rice,"米,米饭,ご飯,御飯,ごはん"
tamamo_no_mae_(fate/extra),"キャスター(Fate/EXTRA),玉藻の前,玉藻の前(Fate),玉藻前,キャス狐,藻女"
serval_(kemono_friends),"サーバル,サーバル(けものフレンズ),サーバルちゃん,さばんなコンビ,魅惑のサーバル姉さん,薮猫"
fat_man,太った男
amatsukaze_(kancolle),"天津風,天津風(艦隊これくしょん),天津風(艦これ),天津风,あまつかぜ"
artistic_error,
hypnosis,"催眠,催眠術,逆催眠"
covered_collarbone,
digimon,"デジモン,デジタルモンスター,数码宝贝"
coffee_mug,コーヒーカップ
drop_shadow,
striped_socks,ストライプソックス
kita_ikuyo,"喜多郁代,ぼ喜多"
two-tone_gloves,
karin_(blue_archive),"カリン(ブルーアーカイブ),角楯カリン,카쿠다테카린"
metal_collar,
blue_capelet,
orange_flower,
fat_mons,"ぷにまん,阴埠凸起"
matoi_ryuuko,"纏流子,まといりゅうこ"
rosa_(pokemon),"メイ(トレーナー),メイ,メイぱい,メイっぱい,mei,ファイツ"
shibuya_rin,"渋谷,渋谷凛,渋谷凜"
shopping_bag,"レジ袋,购物袋"
knight,"騎士,女騎士"
armpit_peek,
usami_renko,"宇佐見蓮子,蓮子,宇佐见莲子,우사미렌코,렌코"
netorare,"寝取られ,NTR,逆NTR,寝取り,寝取らせ,ntr"
ranguage,
paimon_(genshin_impact),"派蒙,パイモン,パイモン(原神),페이몬,Paimon,非常食(原神)"
broken,
dango,"🍡,団子,だんご,お団子,团子"
sailor_senshi_uniform,
elbow_rest,
frilled_gloves,
purple_hairband,
perspective,"パース,透视画法,三点透视"
torn_dress,
holding_towel,
genderswap_(ftm),"男体化,男の娘化,艦ショタ,東方男体化,男体化女装"
horse,"馬,ウマ,馬姦"
cardcaptor_sakura,"カードキャプターさくら,CCさくら,魔卡少女樱,ccs,cardcaptors,cardcaptorsakura"
dimples_of_venus,ウェヌスのえくぼ
black_mask,
nintendo_switch,"ニンテンドースイッチ,ニンテンドーSWITCH"
nishikino_maki,西木野真姫
animal_ear_hairband,
bird_ears,
against_glass,ガラス越し
dog_tags,"認識票,军人身份确认牌,인식표"
body_blush,
heart_necklace,
yandere,"ヤンデレ,病んでれ,病んだ恋の瞳,病娇,ヤンこれ,病嬌,養得累"
orange_jacket,
disembodied_penis,
explosive,
reverse_outfit,逆衣装
husband_and_wife,夫婦
braided_hair_rings,ポンデリングヘア
pole,
real_life,"実在人物,実在の人,真实人物,真实世界,现实"
river,"川,河"
wet_panties,
cat_hair_ornament,
jacket_partially_removed,
purple_theme,"紫,紫色,purple"
arthropod_girl,"虫娘,昆虫娘,虫人"
grabbing_own_ass,
cake_slice,
onozuka_komachi,"小野塚小町,小野冢小町,오노즈카코마치"
heart_choker,
sagging_breasts,"垂れ乳,長乳"
medium_skirt,
high-waist_shorts,
venti_(genshin_impact),"ウェンティ(原神),ウェンティ,温迪,Venti"
blue_wings,
large_bow,
the_legend_of_zelda:_tears_of_the_kingdom,"ゼルダの伝説ティアーズオブザキングダム,ティアーズオブザキングダム,ティアキン,ZeldaTearsOfTheKingdom,ブレスオブザワイルド2,botw2,totk,塞尔达传说王国之泪,王国之泪,TearsOfTheKingdom"
male_swimwear,"競パン,ビキニパンツ,ブーメランパンツ"
laptop,"ノートパソコン,ラップトップ"
tengen_toppa_gurren_lagann,"天元突破グレンラガン,グレンラガン"
tight_pants,
tokiwadai_school_uniform,常盤台制服
ookami_mio,"大神ミオ,みおーん絵,神代美玖,大神美緒"
bird_tail,
hands_in_hair,
half-closed_eye,"半目,半眼"
murakumo_(kancolle),"叢雲,叢雲(艦隊これくしょん),叢雲(艦これ),MURAKUMO"
monocle,"モノクル,片眼鏡,单片眼镜"
blood_splatter,"スプラッタ,スプラッター"
holding_shield,
blue_fire,青い炎
black_boots,
policewoman,"婦警,婦人警官,女警"
full_armor,
jaggy_lines,バイナリペン
nishikigi_chisato,"錦木千束,ちさたき,山葵のりこ,千束泷奈,たきちさ"
naked_ribbon,裸リボン
breast_envy,胸囲の格差社会
hot,
astolfo_(fate),"アストルフォ(Fate),アストルフォ,黒のライダー,Astolfo,攻めトルフォ,阿斯托爾福,阿斯托尔福,阿福"
kafka_(honkai:_star_rail),"卡芙卡,カフカ,Kafka,카프카,カフカ(スターレイル),卡夫卡,kafhime"
track_suit,"ジャージ,运动套装"
teamwork_(sexual),
holding_broom,
fern_(sousou_no_frieren),"フェルン,fern,フェルンっぱい,菲伦,フェルン(葬送のフリーレン),페른"
dressing,"着る,着替え,着替え中,羽織る,履く,靴下を履く"
earpiece,
tail_ribbon,しっぽリボン
brown_bag,
loincloth,腰布
black_corset,
mononobe_no_futo,"物部布都,모노노베노_후토,布都もも,ふとっぱい,布都どき者"
striped_skirt,
sakamata_chloe,"沙花叉クロヱ,またまたさかまた,さかまた飼育日記,飼育日記"
aiguillette,"飾緒,金モール,銀モール"
faceless_female,
heart-shaped_chocolate,
grey_coat,
white_horns,
tojo_nozomi,"東條希,のんたん,アルティメットのんたん,わしわしMAX,のぞえり"
nervous_smile,"引きつった笑顔,作り笑い"
brown_fur,
hands_on_own_knees,
kaname_madoka_(magical_girl),
barcode,バーコード
poster_(object),"ポスター,海报(图中物体)"
orange_dress,
dc_comics,"DCコミックス,DC,DCコミック"
heart-shaped_eyewear,
hand_on_another's_chin,
mole_on_thigh,
grey_hoodie,
bandaged_hand,
no_eyes,
grey_hat,
shirogane_noel,"白銀ノエル,ノエラート,銀鏡八重,ノエル団長"
maribel_hearn,"マエリベリー・ハーン,マエリベリー,玛艾露贝莉·赫恩,마에리베리한,마에리베리"
waves,"浪花,海浪"
machine_gun,"マシンガン,機関銃,MG,机枪,機槍,汎用機関銃,GPMG"
one-punch_man,"ワンパンマン,一撃男【腐】,onepunchman,One-punchman,一撃男"
morichika_rinnosuke,森近霖之助
dougi,"道着,도복,稽古着,稽古衣"
stomach_tattoo,
oozora_subaru,"大空スバル,プロテインザスバル,スバルーナ,山村しのぶ,鵜飼薫"
oppai_loli,"ロリ巨乳,ロリ爆乳,巨乳小学生,ロリ超乳"
inugami_korone,"戌神ころね,できたてころね,ぶっころね,HeyGuysXPotato,ころねすきー,戌飼茜,おかころ"
ice_cream_cone,
holding_own_arm,
cable_knit,ケーブルニット
amane_kanata,"天音かなた,かなたーと,かなココ,かなトワ,雨乃奏"
rose_petals,玫瑰花瓣
reverse_bunnysuit,"逆バニー,逆兔女郎,東方逆遊兎,역바니걸,역바니"
mobile_suit,"モビルスーツ,MS"
female_pervert,"痴女,変態淑女"
whip,"鞭,ムチ"
covering_face,"顔隠し,顔を覆う"
pink_skin,
\m/,🤟
pubic_hair_peek,ハミ毛
black_camisole,
ore_no_imouto_ga_konna_ni_kawaii_wake_ga_nai,俺の妹がこんなに可愛いわけがない
suzumiya_haruhi,"涼宮ハルヒ,光陽園ハルヒ,バニーハルヒ,ハルキョン,キョンハル,ハルみく,ハル長,古ハル"
unworn_jacket,
red_sash,
flat_color,
kitchen,"台所,キッチン"
snout,鼻口部
crotch,股間
yamato_(kancolle),"大和,大和(艦隊これくしょん),大和(艦これ)"
wine_bottle,酒瓶
dragon_print,
thigh_grab,
elbow_pads,护肘
pun,"ダジャレ,双关语,谐音梗"
white_vest,
lineart,線画
print_skirt,
twilight,"夕暮れ,夕闇,黄昏"
no_socks,"素足履き,素足に上履き"
v_over_eye,
sleeveless_kimono,
teardrop,"涙の雫,なみだのしずく,涙,なみだ,涙滴型"
anal_tail,"アナル尻尾,tail_plug"
castle,城
mythra_(xenoblade),"ヒカリ(ゼノブレイド2),ヒカリ"
ryuujou_(kancolle),"龍驤,龍驤(艦隊これくしょん),龍驤(艦これ),rj,rjt,RJいじめ"
grey_vest,
chaldea_uniform,魔術礼装・カルデア
tiger_girl,"虎娘,寅娘"
underboob_cutout,
condom_in_mouth,"咥えゴム,くわえゴム,咥え使用済みゴム,含套"
deep_penetration,子宮をノック
locker,"ロッカー,사물함,儲物櫃"
skadi_(arknights),"斯卡蒂,蒂蒂,スカジ,スカジ(アークナイツ),ActualSkadiArt"
eula_(genshin_impact),"优菈,エウルア・ローレンス,エウルア,Eula,Eula_Lawrence,エウアン"
asuna_(bunny)_(blue_archive),"アスナ(バニーガール),バニーアスナ,一之瀬アスナ(バニーガール)"
viewfinder,
arm_belt,
mahou_shoujo_lyrical_nanoha_strikers,魔法少女リリカルなのはStrikerS
single_sleeve,
pointy_hair,
pokemon_masters_ex,"ポケモンマスターズ,ポケマス,ポケモンマスターズEX,ポケマスアート,ポケマスEX"
single_detached_sleeve,
mushoku_tensei,"無職転生,無職轉生,无职转生"
carrying_person,
humanization,"humanized,gijinka"
carrot_hair_ornament,
meat,肉
mordred_(fate),"モードレッド,莫德雷德"
shenhe_(genshin_impact),"申鶴,申鹤,shenhe,ShenJin,申鶴(原神)"
may_(pokemon),"ハルカ(トレーナー),ハルカ(アニポケ),ハルカ(ルビー&サファイア),ハルカ(エメラルド),ハルカ(ORAS),ORASハルカ,ハルカ,サファイア(ポケスペ),オダマキ・サファイア,サファイア,シュウハル,ユウハル,ハルカっぱい"
forehead_protector,"額当て,鉢金"
blood_on_weapon,
kaguya-sama_wa_kokurasetai_~tensai-tachi_no_renai_zunousen~,"かぐや様は告らせたい,かぐや様は告らせたい〜天才たちの恋愛頭脳戦〜,かぐや様,辉夜大小姐想让我告白~天才们的恋爱头脑战~,Kaguya-sama:_Love_Is_War"
green_sailor_collar,
breast_curtains,"おっぱい前掛け,乳暖簾,乳カーテン,奶盖"
yazawa_nico,"矢澤にこ,矢泽妮可,矢泽にこ"
atago_(kancolle),"愛宕(艦隊これくしょん),愛宕(艦これ),愛宕,胸がぱんぱかぱーん,爱宕"
autumn,"秋,秋季,추계,秋天,가을"
blue_belt,
flashing,
one-piece_swimsuit_pull,
on_grass,
klee_(genshin_impact),"可莉,クレー,クレー(原神),Klee,클레"
metroid,"メトロイド,メトロイドシリーズ,密特罗德,密特羅德"
xd,
notebook,
cloud_strife,"クラウド・ストライフ,クラウド"
white_veil,
dress_pull,
side_cutout,
mouse_(animal),"ラッテ,ラット,ねずみ"
waist_bow,
chun-li,"春麗,春丽,チュン・リー,チュンリー"
waking_up,"寝起き,起床"
mandarin_collar,立襟
penis_on_face,"顔面チンポ置き,頬ズリ,W頬ズリ"
old_man,"オッサン,おじさん,おっさん,汚いおっさん,じじい,爺"
lion_girl,獅子娘
cat_cutout,"猫窗,猫奶窗"
striped_ribbon,
yellow_fur,
aru_(blue_archive),"陸八魔アル,アル,리쿠하치마아루,아루"
breast_suppress,用手压胸部
zombie,"🧟,ゾンビ,丧尸"
double_handjob,両手に茎
colored_pubic_hair,
high-waist_pants,
yellow_shorts,
wedgie,食い込み
red_rope,
partially_undressed,
see-through_silhouette,
holding_bowl,
starfish,"ヒトデ,海星"
cat_ear_headphones,"猫耳ヘッドホン,猫耳ヘッドフォン"
midair,半空中
karakasa_obake,唐傘お化け
averting_eyes,目光闪躲
tassel_hair_ornament,
slime_(substance),"スライム,史莱姆,スライム姦"
ellen_joe,"エレン・ジョー,エレンジョー,艾莲·乔,艾莲乔,EllenJoe,エレン・ジョー(ゼンゼロ)"
daiwa_scarlet_(umamusume),"ダイワスカーレット(ウマ娘),ダイワスカーレット,大和赤骥,大和赤驥,ダスカ"
arona_(blue_archive),"アロナ,アロナ(ブルーアーカイブ),아로나,arona"
clownpiece,"クラウンピース,克劳恩皮丝,클라운피스"
kogal,"コギャル,ギャル,黒ギャル"
mini_wings,
cat_lingerie,"ねこランジェリー,猫ランジェリー,ネコランジェリー,例の下着"
unbuttoned_shirt,
white_robe,
streaming_tears,
hand_on_own_arm,
red_belt,
pectoral_cleavage,
money,"お金,貨幣"
red_scrunchie,
holding_box,
hanako_(blue_archive),"浦和ハナコ,ハナコ,우라와하나코"
arms_under_breasts,
revolver,"リボルバー,回転式拳銃"
eiyuu_densetsu,"英雄伝説,英雄傳說,英雄传说,영웅전설"
soap_bubbles,"泡,シャボン玉"
firing,"発砲,射撃,発射"
long_tongue,長舌
wing_hair_ornament,
open_hands,
hirasawa_yui,"平沢唯,ゆいあず,yuihirasawa"
rice_shower_(umamusume),"ライスシャワー,ライスシャワー(ウマ娘),お兄様ホイホイ,米浴,Make_up_Vampire!,라이스샤워"
food_print,
sonoda_umi,"園田海未,海未ちゃん,園田海未生誕祭,海未の日"
darjeeling_(girls_und_panzer),"ダージリン,ダージリン(GuP),聖グロリアーナ女学院,ダー様,田尻凛,ダーペコ,ダッサム,ダーみほ,ケイダジ,西ダジ,ダーまほ,ダーカチュ,ダーマリ,ノーブルシスターズ,隊長組,大吉岭"
2others,
gradient_clothes,
hose,ホース
plana_(blue_archive),"A.R.O.N.A,プラナ,プラナ(ブルーアーカイブ),黒アロナ,クロナ"
engrish_text,
grey_sailor_collar,
princess_peach,"ピーチ姫,ピーチ,碧姬公主,피치공주,เจ้าหญิงพีช"
ayase_eli,"絢瀬絵里,エリーチカ,エリチカ,髪下ろしエリチ,のぞえり"
damaged,メカバレ
lower_body,下半身
black_fur,
suletta_mercury,"スレッタ・マーキュリー,スレッタっぱい,髪下ろしスレッタ,スレミオ"
armchair,
strapless_bikini,
sidelighting,
manhattan_cafe_(umamusume),"マンハッタンカフェ,マンハッタンカフェ(ウマ娘),曼城茶座,曼城插座,맨하탄카페"
computer_keyboard,キーボード
anus_peek,アナルチラ
pink_shorts,
pink_leotard,
hatching_(texture),"ハッチング,排线"
heart_brooch,
gradient_sky,
himekaidou_hatate,"姫海棠はたて,히메카이도하타테,姬海棠果"
trading_card,"トレーディングカード,交換卡片"
grapes,"葡萄,ぶどう,ブドウ,グレープ"
noodles,"麺,ヌードル"
hibike!_euphonium,"響け!ユーフォニアム北宇治高校吹奏楽部へようこそ,響け!ユーフォニアム,響けユーフォニアム,吹响吧!上低音号"
imminent_vaginal,
fur_hat,
samus_aran,"サムス・アラン,サムス,samus,萨姆斯·阿兰"
mahou_shoujo_lyrical_nanoha,魔法少女リリカルなのは
chest_hair,胸毛
father_and_daughter,父娘
sideless_outfit,"サイドオープン,サイドオープンチャイナドレス,サイドカットチャイナドレス"
cowlick,
front_ponytail,
defeat,"全滅,全滅フラグ,戦いに疲れたようだな。,敗北"
raccoon_girl,アライグマ娘
ssss.gridman,"ssss.gridman,SSSS.GRIDMAN,グリッドマン,SSSS_GRIDMAN,SSSSGRIDMAN"
kariginu,"狩衣,かりぎぬ,浄衣,水干,長絹"
cat_boy,"猫男,ねこ男,猫系男子,猫耳男子,貓人,猫人"
ibaraki_kasen,"茨木華扇,茨華仙,扇ぱい,奸佞邪智の鬼,이바라키카센,茨木华扇"
ambiguous_gender,
spread_anus,"アナルくぱぁ,ぽっかりアナル"
albino,"アルビノ,白皮症,東方アルビノ化"
popped_collar,
green_gemstone,"エメラルド,에메랄드,祖母綠"
shouting,
yukihana_lamy,"雪花ラミィ,らみあ~と,らみあ〜と,LamyArt,Lamyme,雪原冬花"
oyama_mahiro,"緒山真尋,緒山まひろ"
diagonal-striped_clothes,
megami_magazine,メガミマガジン
hk416_(girls'_frontline),"HK416,HK416(少女前線),HK416(ドールズフロントライン),416,416(ドールズフロントライン),흥국이"
ijichi_nijika,"伊地知虹夏,リョウ虹,虹夏,虹夏ちゃん"
knees_to_chest,
penis_awe,見せ槍
leaf_print,
scar_on_arm,
pokemon_oras,"ORAS,ポケモンORAS,ハルカ(ORAS),ユウキ(ORAS),ORASハルカ,ORASユウキ,オメガルビー,アルファサファイア"
scene_reference,
lifting_person,
leather_jacket,"ライダース,ライダースジャケット,革ジャン,レザージャケット,皮革夹克"
office_chair,オフィスチェア
egg_vibrator,"ローター,跳蛋,ピンクローター"
pointing_at_self,
aerith_gainsborough,"エアリス・ゲインズブール,エアリス,爱丽丝"
amputee,"欠損,隻脚,アクロトモフィリア,欠損少女,四肢欠損"
horror_(theme),"なにこれこわい,夢に出る,こっちみんな,ホラー"
holding_mask,
aqua_bowtie,
loose_necktie,
arms_around_neck,
diamond-shaped_pupils,
energy,
paper_fan,
doorway,戸口
steepled_fingers,
baggy_pants,
red_sailor_collar,
splatoon_3,"スプラトゥーン3,Splatoon3"
bb_(fate),"ビィビィ,BB,BB(Fate)"
to_love-ru,"ToLoveる,とらぶる"
boo_tao_(genshin_impact),
unsheathing,
toe_scrunch,
punishing:_gray_raven,"战双帕弥什,战双:帕弥什,战双,パニシング:グレイレイヴン,パニグレ,パ二グレ,punishinggrayraven,PGR,パニグレ意識"
solid_oval_eyes,
nami_(one_piece),"ナミ,娜美,Nami,ナミ(ONEPIECE)"
nude_cover,
breast_lift,乳上げ
multiple_wings,
pentagram,"五芒星,ペンタグラム,⛤"
winter_coat,
hata_no_kokoro,"秦こころ,はたのこころ,秦心"
ears_down,
hilda_(pokemon),"トウコ(トレーナー),トウコ,ホワイト(ポケスペ),トウトウ"
reverse_suspended_congress,"アナル固め,駅弁,背面駅弁,逆駅弁"
onigiri,"おにぎり,おむすび,御握,日式饭团,饭团"
gym_shorts,
fate_testarossa,"フェイト・テスタロッサ,フェイト・T・ハラオウン,フェイト・テスタロッサ・ハラオウン,なのフェイ"
orgy,"乱交,男女女男"
magia_record:_mahou_shoujo_madoka_magica_gaiden,"マギアレコード,マギレコ,魔法少女まどか☆マギカ外伝,魔法纪录"
spread_toes,
new_super_mario_bros._u_deluxe,NewスーパーマリオブラザーズUデラックス
yellow_panties,
ringlets,縦ロール
elysia_(honkai_impact),"爱莉希雅,エリシア,Elysia,エリシア(崩壊3rd)"
after_fellatio,
multiple_moles,
dancer,"踊り子,ベリーダンス,ダンサー"
track_pants,jogging_pants
shishiro_botan,"獅白ぼたん,ししらーと,深見獅那"
food_on_body,
march_7th_(honkai:_star_rail),"三月七,三月なのか,Siete_de_Marzo,Mar._7th,Март_7,7._März,7_de_Março"
cane,"杖,지팡이"
cynthia_(pokemon),"シロナ,シロナっぱい,シロナ(トレーナー),ポケモン界の女神,マジコスシロナ,シロヒカ,アカシロ"
bone,骨
cow_print_gloves,
acheron_(honkai:_star_rail),"黄泉,黄泉(スターレイル),Acheron,星穹铁道黄泉,AcheronHSR,崩铁黄泉,ヨミ,아케론,Acheswan"
ako_(blue_archive),"天雨アコ,아마우아코,아코,アコ"
sideways_mouth,
asymmetrical_footwear,
kasodani_kyouko,"幽谷響子,響子,幽谷响子,카소다니쿄코"
0_0,
houshou_(kancolle),"鳳翔,鳳翔(艦隊これくしょん),鳳翔(艦これ),全ての空母の母,お艦"
whistle_around_neck,
reference_inset,
lock,"錠前,じょうまえ,錠,じょう,ロック"
warship_girls_r,"战舰少女,战舰少女R,戰艦少女,戦艦少女,戦艦少女R,warshipgirls,전함소녀,전함소녀R,Warshipgirls,warship_girls"
wrist_ribbon,
tablet_pc,タブレットPC
minamoto_no_raikou_(fate),"源頼光,源頼光(Fate),源賴光,源赖光"
framed_breasts,
single_hair_intake,
pouring,
dungeon_ni_deai_wo_motomeru_no_wa_machigatteiru_darou_ka,"ダンまち,ダンジョンに出会いを求めるのは間違っているだろうか,在地下城尋求邂逅是否搞錯了什麼,期待在地下城邂逅有错吗,在地下城寻求邂逅是否搞错了什么,dungeonnideaiwomotomerunowamachigatteirudarouka"
punching,
breast_tattoo,
romaji_text,ローマ字
paizuri_under_clothes,着衣パイズリ
holding_drink,
flip-flops,"ビーチサンダル,人字拖"
holding_scythe,
kirby_(series),"星のカービィ,カービィイラスト,星之卡比,擬カビ"
amagami,アマガミ
garreg_mach_monastery_uniform,
aqua_(konosuba),"アクア,アクア(このすば)"
chick,"ひよこ,ヒヨコ"
leotard_aside,股布ずらし
sepia,"セピア,セピア色"
tail_through_clothes,
microphone_stand,マイクスタンド
colored_extremities,
thank_you,
american_flag_print,
houshou_marine_(1st_costume),宝鐘マリン(通常)
sono_bisque_doll_wa_koi_wo_suru,"その着せ替え人形は恋をする,着せ恋,戀上換裝娃娃,更衣人偶坠入爱河,MyDressUpDarling,My_Dress-Up_Darling,My_Dress_Up_Darling"
towel_around_neck,
super_crown,"スーパークラウン,ピーチ姫化"
long_coat,
kinomoto_sakura,"木之本桜,木之本さくら,木之本樱,KinomotoSakura,SakuraKinomoto,Sakura_Kinomoto"
male_masturbation,"男オナニー,せんずり,女装オナニー"
pirate_hat,海賊帽子
orange_nails,
two-tone_skirt,
arm_rest,
saki_(manga),"咲-saki-,咲"
blue_scrunchie,
planted_sword,
spread_ass,
after_anal,
ladle,おたま
kotatsu,"こたつ,炬燵,コタツ"
roswaal_mansion_maid_uniform,
purple_rose,
kyuubi,"九尾,九尾の狐,九尾狐,구미호,クミホ"
nanami_chiaki,七海千秋
uneven_eyes,
otonokizaka_school_uniform,"国立音ノ木坂学院制服,国立音ノ木坂学院女子制服,音ノ木坂学院制服,音ノ木坂学院女子制服"
lowleg_bikini,
fox,"狐,キツネ,きつね"
throne,"玉座,王座,宝座"
holding_strap,
bikini_top_lift,
see-through_dress,
byleth_(female)_(fire_emblem),"ベレス,ベレト♀,ベレス(FE風花雪月),ベレス=アイスナー,ベレス先生"
noa_(blue_archive),"生塩ノア,生盐诺亚"
imminent_rape,"レイプフラグ,即レイプ"
idol_clothes,アイドル衣装
butterfly_wings,
artist_self-insert,"コテキャラ,代理キャラ,自设,sona,my_sona,self_sona,selfsona,artist_sona,artistsona,my_persona"
orange_(fruit),"オレンジ,橙子"
asashio_(kancolle),"朝潮(艦隊これくしょん),朝潮(艦これ),朝潮"
multicolored_wings,
umineko_no_naku_koro_ni,"うみねこのなく頃に,海猫鸣泣之时,うみねこFA"
red_armband,
purple_halo,
jacket_around_waist,
statue,"彫像,雕塑"
three_quarter_view,
bra_peek,ブラチラ
open_door,
grey_panties,
bicycle,"自行车,单车,自転車,脚踏车,ママチャリ"
leaning_on_person,倚靠在别人身上
kita_high_school_uniform,"県立北高校制服,県立北高校(涼宮ハルヒの憂鬱)"
swimsuit_aside,股布ずらし
prinz_eugen_(kancolle),"プリンツ・オイゲン,プリンツ・オイゲン(艦隊これくしょん),プリケツ・オイゲン,パイオツ・オイゲン,プリンツ・オイゲン(艦これ),欧根"
frilled_one-piece_swimsuit,
waterfall,滝
jeanne_d'arc_(ruler)_(fate),ルーラー
o-ring_choker,
junko_(touhou),"純狐,纯狐,순호"
fur-trimmed_boots,
lightning,"雷,稲妻,落雷,打雷"
reverse_grip,"逆手持ち,逆手"
bandaids_on_nipples,BAN装甲
winged_arms,
kiana_kaslana,"琪亚娜,琪亚娜·卡斯兰娜,キアナ,キアナ・カスラナ,キアナ·カスラナ,Kiana"
wolf,"狼,オオカミ"
digimon_(creature),
unmoving_pattern,
landscape,"自然风景,景観,風景画"
yellow_cardigan,
nilou_(genshin_impact),"Nilou,ニィロウ,ネル(原神),妮露,原神妮露,kavelou"
diagonal_bangs,
ribbed_shirt,
yuru_yuri,"ゆるゆり,ゆるゆり活動日記,YRYR,摇曳百合"
monster_boy,"モンスター男子,亜人"
vertical-striped_dress,
multiple_belts,
purple_sleeves,
tomoe_mami_(magical_girl),
test_tube,"試験管,시험관,试管"
family,
naruto,"ナルト,NARUTO,火影忍者,NARUTO【腐】"
white_feathers,
unworn_mask,マスクオフ
ankle_socks,
lappland_(arknights),"拉普兰德,ラップランド,ラップランド(アークナイツ),双狼组"
coattails,
nishizumi_maho,"西住まほ,黒森峰女学園,西住姉妹,みほまほ,エリまほ,まほゆか,まほミカ,ダーまほ,まほチョビ,西住サンド,隊長組,変態まほさん,西住まほ生誕祭"
fatal_fury,"餓狼伝説,餓狼,fatalfury"
panty_&_stocking_with_garterbelt,"パンティ&ストッキングwithガーターベルト,PSG,Panty&StockingwithGarterbelt,吊带袜天使,PaSwG,pantyandstocking,パンスト,pantyandstockingwithgarterbelt"
prosthetic_arm,義手
rose_print,
crab,"🦀,蟹,かに,カニ,クラブ"
whiskers,
tissue_box,
tomoe_(symbol),巴紋
shotgun,"ショットガン,散弾銃,霰弹枪"
toki_(bunny)_(blue_archive),"トキ(バニーガール),飛鳥馬トキ(バニーガール)"
green_cape,
momoi_(blue_archive),"モモイ,モモイ(ブルアカ),モモイ(ブルーアーカイブ),才羽モモイ,모모이,사이바모모이,桃井,小桃,王小桃,momoi,saiba_momoi"
w_arms,
mejiro_mcqueen_(umamusume),"メジロマックイーン,メジロマックイーン(ウマ娘),目白麦昆"
suction_cups,吸盤
turning_head,
rabbit_pose,"うさみみポーズ,手で耳"
diamond_button,
hairpods,
peeking_out,のぞき
bolt_action,"ボルトアクション方式,ボルトアクションほうしき,手動槍機"
green_theme,"緑,緑色"
long_hair_between_eyes,
surgical_mask,"衛生マスク,サージカルマスク"
gourd,"ひょうたん,ヒョウタン,瓢箪,瓢簞"
maid_bikini,メイドビキニ
miki_sayaka_(magical_girl),
animal_on_shoulder,
kissing_cheek,"ほっぺちゅー,ほっぺチュー"
irrumatio,"イラマチオ,イラマチオハンドル,イマラチオ"
flexible,柔软
purple_choker,
purple_wings,
crazy_eyes,
thong_leotard,
weibo_logo,
road_sign,道路標識
>:(,
pom_pom_hair_ornament,
inoue_takina,"井ノ上たきな,ちさたき,蒲焼太郎,たきちさ"
ushio_(kancolle),"潮,潮(艦隊これくしょん),潮(艦これ),潮っぱい"
pussy_juice_stain,
towel_on_head,
toilet,"🚽,トイレ,洋式,便器,洋式トイレ"
assisted_exposure,"脱がす,脱がせる,水着剥ぎ,曝光身体"
closed_umbrella,
bone_hair_ornament,
green_sweater,
pumps,パンプス
aikatsu!_(series),"アイカツ!,アイカツ,偶像活动"
crow,"カラス,乌鸦"
gloved_handjob,"手袋コキ,手袋手コキ"
clone,分身
pink_scarf,
holding_axe,
multicolored_skirt,
macross,"マクロス,超時空要塞,超时空要塞"
yukikaze_(kancolle),"雪風,雪風(艦隊これくしょん),雪風(艦これ)"
blue_serafuku,
hydrangea,"アジサイ,ハイドランジア,紫陽花,绣球花"
impossible_shirt,
mask_pull,
heart_background,
cat_paws,
orange_bowtie,
poking,
higuchi_madoka,"樋口円香,円香,mado,mdk,hgcmdk"
virgin_killer_sweater,"童貞を殺すセーター,スケベニット,例のセーター"
no_pussy,
butt_plug,"アナルプラグ,ジュエリーアナルプラグ,アナルジュエリー"
penguin,"🐧,ペンギン,ペンギン目,ペンギン科"
santa_dress,
kyubey,"キュゥべえ,QB"
bubble_skirt,"パニエ,蓬蓬裙"
cum_pool,
furry_with_non-furry,
red_headband,
puddle,"水たまり,水溜り,水溜まり"
morrigan_aensland,"モリガン・アーンスランド,モリガン,morriganaensland,莫妮卡"
blood_from_mouth,口からの血
hakos_baelz,"ハコス・ベールズ,illustrayBAE,ベーアート,BaelzBrush,HakosBaelz"
bustier,ビスチェ
tie_clip,ネクタイピン
:>=,"ひょっとこフェラ,バキュームフェラ"
resident_evil,"バイオハザード,ResidentEvil,生化危机"
kaku_seiga,"霍青娥,青娥娘々,곽청아,카쿠세이가"
miorine_rembran,"ミオリネ・レンブラン,スレミオ"
deepthroat,"イラマチオ,ディープスロート"
brown_scarf,
black_armor,
kamen_rider,"仮面ライダー,昭和ライダー,昭和仮面ライダー,平成ライダー,平成仮面ライダー,新世ライダー,新世仮面ライダー,女性ライダー,ライダーヒロイン,オリジナルライダー"
long_pointy_ears,
eyepatch_bikini,眼帯ビキニ
assault_lily,"アサルトリリィ,突击莉莉,アサルトリリィ_FA"
hanfu,"漢服,汉服,古风"
yumemi_riamu,夢見りあむ
unaligned_breasts,
power_(chainsaw_man),"パワー(チェンソーマン),パワーちゃん,パワー"
improvised_gag,
painting_(object),絵中絵
blowing_bubbles,"吹泡泡,吹泡泡糖"
hand_on_another's_thigh,
striped_jacket,有条纹的夹克
4-finger_heart_hands,
hand_on_another's_back,
akebono_(kancolle),"曙,曙(艦隊これくしょん),曙(艦これ)"
gloria_(pokemon),"ユウリ(トレーナー),ユウリ,女主人公(剣盾),ユウリっぱい,ユウリ(ガラルリーグ),チャンピオンユウリ,ユウリ(鎧の孤島),ユウリ(冠の雪原),闇ユウリ,キバユウ,ホプユウ,ユウマリ,ダンユウ,ビトユウ,マサユウ,オニユウ,ユウクラ,クラユウ"
tower,"タワー,塔"
serval_print,"薮猫花纹,薮猫纹路"
two-tone_swimsuit,
beamed_eighth_notes,♫
brown_horns,
unworn_bra,
jirai_kei,"地雷系,地雷系女子,量産型,量産型女子,landminetype,landmine_type,jiraikei"
single_ear_cover,
hooded_capelet,
scope,
two-tone_bikini,
rozen_maiden,"ローゼンメイデン,rozenmaiden,蔷薇,蔷薇少女"
frilled_pillow,
upright_straddle,対面座位
dot_mouth,
ceres_fauna,"セレス・ファウナ,faunline,finefaunart,onlyfauns,CeresFauna"
lion_tail,
pussy_juice_trail,
girls_band_cry,"ガールズバンドクライ,ガルクラ,GirlsBandCry"
multiple_earrings,
holding_leash,
shore,"岸,きし"
rensouhou-chan,連装砲ちゃん
gold_ship_(umamusume),"ゴールドシップ,ゴールドシップ(ウマ娘),ゴルシ,幼ゴルシ,ポイントフラッグの2009,黄金船,黙れば美人、喋ると奇人、走る姿は不沈艦,ゴゴゴーゴ・ゴールシ"
ship,船
taur,タウル
hair_beads,
yoga_pants,ヨガウェア
anchovy_(girls_und_panzer),"アンチョビ,アンチョビ(GuP),安斎千代美,アンツィオ高校,ドゥーチェ,隊長組,ペパチョビ,まほチョビ"
eye_mask,
hair_tie_in_mouth,
ancient_egyptian,"エジプト,古代エジプト"
turn_pale,顔面蒼白
purple_vest,
pointing_up,
pocket_watch,"懐中時計,怀表"
okobo,"おこぼ,ぽっくり下駄,平履"
polka_dot_bikini,水玉ビキニ
no_nipples,
anya_(spy_x_family),"アーニャ(SPY×FAMILY),アーニャ・フォージャー,アーニャ,AnyaForger"
bat_print,
quiver,矢筒
brand_name_imitation,
goth_fashion,"ゴシック,고딕,哥特"
mole_on_neck,
monster_girl_encyclopedia,"魔物娘図鑑,魔物娘図鑑二次,魔物図鑑,魔物娘図鑑100users入り,虫(魔物娘図鑑)"
two-footed_footjob,
ooyodo_(kancolle),"大淀,大淀(艦隊これくしょん),大淀(艦これ),任務娘,任務娘(艦これ),任務娘(艦隊これくしょん)"
bremerton_(azur_lane),"ブレマートン,ブレマートン(アズールレーン),布莱默顿"
ear_ribbon,
bikini_tan,水着跡
ragnarok_online,"RO,ラグナロクオンライン,仙境傳說,rowitter,仙境传说RO,ROお絵描き,라그나로크온라인,仙境传说,Ragnarok,RO20周年,【PURO】"
tengu-geta,
open_collar,開襟シャツ
crossed_ankles,
xiao_(genshin_impact),"魈,魈(原神),Xiao,Xiao(GenshinImpact),Alatus,金鹏"
orange_necktie,
taihou_(azur_lane),"大鳳(アズールレーン),大鳳,鹩,大凤"
black_headband,
holding_another's_arm,
mirko,"ミルコ,兎山ルミ,ラビットヒーロー,miruko,rumi_usagiyama,usagiyama_yumi,ミルコ(僕のヒーローアカデミア)"
au_ra,"アウラ(FF14),アウラ,aura"
bullet,銃弾
disgaea,ディスガイア
fisheye,"魚眼レンズ,魚眼,鱼眼透视"
business_suit,
power_armor,"パワードスーツ,パワーアーマー"
watanabe_you,"渡辺曜,ようちか安心委員会"
dead_or_alive,"デッドオアアライブ,死或生,DOA"
yellow_pupils,
koha-ace,コハエース
armpit_hair,"腋毛,脇毛,腋毛差分"
school,"学校,學校,학교"
ereshkigal_(fate),"エレシュキガル,エレシュキガル(Fate),艾蕾,埃列什基伽勒"
navel_hair,
hand_under_clothes,服の中で乳揉み
shooting_star,"流星,流れ星"
ranma_1/2,"らんま1⁄2,らんま1/2"
mother_and_son,"母子,母と息子,母子相姦"
suzuran_(arknights),"铃兰,スズラン,スズラン(アークナイツ)"
itsumi_erika,"逸見エリカ,逸見エリカ(GuP),黒森峰女学園,エリまほ,エリみほ,ゆかエリ,エリカチュ,エリあり,エリカは不憫,ハンバーグ殿,ついにやって来たわに!"
okita_souji_(koha-ace),"桜セイバー,沖田総司,沖田総司(fate),沖田総司(FateGO)"
la+_darknesss,"ラプラス・ダークネス,laplus_great,laplus_artdesu"
stage,舞台
multi-strapped_bikini_bottom,
yamada_ryo,"山田リョウ,山田凉,山田リョウ(ぼっち・ざ・ろっく!),リョウ虹,山田涼"
album_cover,"CDアルバム,CDジャケット,ジャケット,专辑封面"
black_scrunchie,
microdress,
female_pov,"女性主観視点,谷間本人視点"
wiffle_gag,
spoken_squiggle,
feather_hair,
tokai_teio_(umamusume),"トウカイテイオー,トウカイテイオー(ウマ娘),东海帝王,東海帝王,东海帝皇,闇のテイオー,テイルド"
macaron,"マカロン,马卡龙"
murasaki_shion,"紫咲シオン,シオンの書物,紫咲シオン新衣装予想"
torn_skirt,
shop,"店,お店"
boat,船
lake,"湖,湖畔"
kijin_seija,"鬼人正邪,正邪,키진세이자"
shoukaku_(kancolle),"翔鶴,翔鶴(艦隊これくしょん),翔鶴(艦これ)"
evil_grin,
dark_nipples,黒乳首
beer_can,缶ビール
rubber_duck,"ラバーダック,アヒル隊長,黃色小鴨,小黄鸭"
imagining,
pokemon_hgss,"ポケモンHGSS,HGSS"
locked_arms,
harpy,"ハーピー,ハーピィ,ハルピュイア,하피,하르피이아,哈耳庇厄,鹰身女妖,鹰身人,鹰身"
two-sided_jacket,
leopard_print,"豹柄,ヒョウ柄,豹柄ビキニ"
neck_tattoo,
queen's_blade,"クイーンズブレイド,クィーンズブレイド,QB"
yurucamp,"ゆるキャン,ゆるキャン△,ゆるキャンΔ,搖曳露營,摇曳露营"
bandaid_on_cheek,
mordred_(fate/apocrypha),"モードレッド(Fate),モードレッド,赤のセイバー,モーさん"
elsword,"エルソード,ELSWORD,elsword,엘소드,艾爾之光,艾尔之光,elsword_FA"
tartaglia_(genshin_impact),"公子,达达利亚,タルタリア,Childe,タルタリヤ,Tartaglia"
plaid_dress,
orange_ribbon,
bodypaint,ボディペイント
fate/zero,Fate/Zero
black_robe,
d.va_(overwatch),"D.Va,D.va,디바,dva,송하나,dvattra"
hand_on_another's_arm,
date_a_live,"デート・ア・ライブ,DATEALIVE,デート·ア·ライブ,约会大作战,DATE・A・LIVE"
jar,
kanna_(blue_archive),"尾刃カンナ,오가타칸나,カンナ,kanna"
baobhan_sith_(fate),"妖精騎士トリスタン,バーヴァン・シー(Fate),バーヴァンシー"
solid_circle_eyes,
triangle,三角形
curtained_hair,"窗帘式刘海,开窗刘海"
milk,"牛乳,ぎゅうにゅう,ミルク"
toramaru_shou,"寅丸星,토라마루쇼"
asuna_(sao),"アスナ(SAO),アスナ,結城明日奈,亚丝娜"
command_spell,令呪
thorns,茨
2023,"2023年,令和5年"
crescent_pin,
notched_lapels,平驳领
silk,
lamia,"ラミア,ナーガ,蛇娘,ロールミー,蛇女"
sheep_ears,
takao_(kancolle),"高雄(艦隊これくしょん),高雄(艦これ),高雄"
sleeveless_sweater,
oshino_shinobu,"忍野忍,忍,shinobu,怪異殺し"
lightning_bolt_symbol,
sekibanki,"赤蛮奇,세키반키"
snowman,"⛄,⛄︎,雪だるま,雪ダルマ,ゆきだるま,スノーマン,snowman"
star_symbol_background,
remote_control,リモコン
muted_color,
medium_dress,
biting_own_lip,唇を噛む
hoshii_miki,星井美希
sitting_on_throne,
musical_note_hair_ornament,
very_sweaty,
bite_mark,"噛み跡,咬痕,牙印"
novelty_censor,
bike_shorts_under_skirt,
robot_ears,"メカ耳,ロボ耳,機械耳"
lying_on_person,
pince-nez,
stick,
alien,宇宙人
asymmetrical_horns,
flower_knight_girl,"フラワーナイトガール,FLOWERKNIGHTGIRL,花騎士,フラワーナイトガールイラスト"
fedora,ソフト帽
flaccid,
prone_bone,寝バック
watashi_ga_motenai_no_wa_dou_kangaetemo_omaera_ga_warui!,"私がモテないのはどう考えてもお前らが悪い!,ワタモテ,私モテ,わたモテ,watamote,丧女,no_matter_how_i_look_at_it_it's_you_guys'_fault_i'm_not_popular!"
kitagawa_marin,"喜多川海夢,海夢"
orange_sky,
tainaka_ritsu,田井中律
demon,"悪魔,魔王,魔神"
text_background,
guilty_gear_xrd,"GGXrd,ギルティギアXrd"
shirasaka_koume,白坂小梅
blue_pantyhose,
chewing_gum,"風船ガム,ふうせんガム,泡泡糖,口香糖"
blue_cardigan,
aqua_skirt,
saori_(blue_archive),"サオリ(ブルーアーカイブ),錠前サオリ,サオリ,조마에사오리,사오리,saori"
assault_visor,
aran_sweater,アランセーター
folded_fan,
x-shaped_pupils,
shiny_pokemon,"色違い,shinypokemon"
musashi_(kancolle),"武蔵,武蔵(艦隊これくしょん),武蔵(艦これ)"
medusa_(fate),"メドゥーサ,美杜莎"
marcille_donato,"マルシル,マルシル・ドナトー,玛露希尔"
sheep_girl,羊娘
o-ring_thigh_strap,
shark_hair_ornament,
arm_hug,"腕を組む,搂住胳膊"
clothes_in_mouth,
wet_swimsuit,
unsheathed,
meltryllis_(fate),"メルトリリス,溶解莉莉丝"
white_scrunchie,
red_sclera,
splatoon_1,
touken_ranbu,"刀剣乱舞-ONLINE-,刀剣男士,刀剣乱舞,とうらぶ,刀剣乱腐,刀剣ヘタ,刀劍亂舞,刀剣乱夢,刀剑乱舞,聖杯乱舞"
bismarck_(kancolle),"ビスマルク,ビスマルク(艦隊これくしょん),ビスマルク(艦これ),ゲルマン艦娘,Bismarck,でかい暁"
nero_claudius_(fate/extra),"赤セイバー,セイバーエクストラ"
aqua_shirt,水色シャツ
mutsu_(kancolle),"陸奥(艦隊これくしょん),陸奥(艦これ),陸奥,ラバウルの女神,陆奥"
holding_controller,
??,
cum_on_stomach,
drill_sidelocks,
pillarboxed,
halftone_background,
mutsuki_(blue_archive),"浅黄ムツキ,ムツキ,아사기무츠키,무츠키"
tucking_hair,髪かきあげて
spring_onion,"葱,長ネギ,ねぎ,ネギ,リーキ"
animal_feet,ケモ足
trident,"トライデント,三叉槍"
reverse_trap,"男装,男装の麗人,雄んなの子,伪郎,伪伪娘,正莉"
formidable_(azur_lane),"フォーミダブル,フォーミダブル(アズールレーン),可畏,可畏(碧蓝航线)"
rectangular_eyewear,
yahari_ore_no_seishun_lovecome_wa_machigatteiru.,"やはり俺の青春ラブコメはまちがっている。,やはり俺の青春ラブコメは間違っている,はまち,俺ガイル,やはり俺の青春ラブコメはまちがっている,我的青春恋爱物语果然有问题"
grey_socks,
spitroast,串刺しファック
medical_eyepatch,
feather_boa,
gears,"齿轮,歯車"
holding_dagger,
stomach_cutout,
mechanical_wings,
showering,シャワー
spider-man_(series),"スパイダーマン,SpiderMan"
2022,"2022年,令和4年"
layered_bikini,レイヤードビキニ
kaban_(kemono_friends),"かばん,かばんちゃん,さばんなコンビ,ネオかばんちゃん"
loose_hair_strand,
nagae_iku,"永江衣玖,나가에이쿠"
white_sports_bra,
\||/,
clover,"クローバー,三叶草"
twitter_logo,
scar_on_chest,
too_many,
miyu_(blue_archive),"霞沢ミユ,카스미자와미유"
holding_underwear,
colored_tongue,
pantylines,パンティーライン
obiage,帯揚げ
lemon,"柠檬,レモン"
clitoral_hood,包茎クリトリス
fox_boy,
green_leotard,
thigh_belt,
leaning,
ceiling,"天井,天花板"
aki_minoriko,"秋穣子,秋穰子,아키미노리코"
ro-500_(kancolle),"呂500,呂500(艦これ),呂500(艦隊これくしょん),LO500,LO号,ろーちゃん"
plunging_neckline,プランジングネック
black_cardigan,
green_thighhighs,
iowa_(kancolle),"アイオワ,アイオワ(艦隊これくしょん),アイオワ(艦これ),Iowa,iowa"
arm_around_shoulder,
sparkle_(honkai:_star_rail),"花火,花火(スターレイル),星穹铁道花火"
frilled_kimono,
atago_(azur_lane),"爱宕(碧蓝航线),愛宕(アズールレーン),爱宕,愛宕"
nakiri_ayame,"百鬼あやめ,百鬼絵巻,百鬼綾目"
foot_up,
remote_control_vibrator,リモコンバイブ
ear_tag,
adjusting_swimsuit,食い込み直し
heart_tattoo,
penis_grab,
shibari_over_clothes,
shiranui_flare,"不知火フレア,しらぬえ,白鳥火樽,不知火フレア新衣装"
miyako_yoshika,"宮古芳香,宫古芳香,미야코요시카"
middle_finger,"中指,竖中指,ファックサイン,凸"
crowd,群衆
letter,手紙
spider_lily,"ヒガンバナ,彼岸花,曼珠沙华,曼珠沙華,Lycoris_radiata"
energy_sword,"レーザーブレード,ビームサーベル"
arm_around_waist,
harem_outfit,"bedlah,西域舞者,踊り子の服"
hands_on_another's_face,
yellow_kimono,
lace_panties,
kote,小手
phantasy_star,ファンタシースター
defloration,"破瓜,処女喪失,処女"
strappy_heels,通用高跟鞋
single_kneehigh,
minami_kotori,"南ことり,ことりちゅん,ミナリンスキー"
glowing_weapon,
v-fin,"V字アンテナ(ガンダム),V字アンテナ"
instant_loss,"即堕ち2コマシリーズ,即堕ち2コマ,即落ち2コマシリーズ,即堕ち"
midori_(blue_archive),"ミドリ,才羽ミドリ,미도리,사이바미도리,小绿,midori,saiba_midori"
o-ring_bottom,
miyamoto_musashi_(fate),"宮本武蔵(Fate),宮本武蔵"
spider_web,"🕸️,蜘蛛糸,クモの網,くもの巣,クモのあみ,クモの巣,蜘蛛の巣"
teacher,"教師,先生,女教師"
seagull,"かもめ,gull,海鸥,Seagull"
pizza,"ピザ,披薩,피자"
mandarin_orange,"🍊,蜜柑,みかん,橘子"
flower_earrings,
iono_(pokemon),"ナンジャモ,ナンジャモ(トレーナー),ナンジャモ(ポケモン),모야모,奇樹,奇树"
yukkuri_shiteitte_ne,"ゆっくりしていってね,ゆっくり,ウマ娘ゆっくりダービー"
magazine_(weapon),"弾倉,マガジン,mag,STANAG,STANAGマガジン"
bar_(place),"バー,パブ,酒吧"
white_cardigan,
kurodani_yamame,"黒谷ヤマメ,黑谷山女,쿠로다니야마메,乳蜘蛛,yamameさん,ヤマメ"
hand_on_another's_chest,
no_legwear,
hecatia_lapislazuli,"ヘカーティア・ラピスラズリ,ヘカーティア,赫卡提亚·拉碧斯拉祖利,赫卡提亚,헤카티아라피스라줄리,헤카티아"
brothers,兄弟
spotlight,"スポットライト,聚光灯"
nanashi_inc.,"ななしいんく,774inc.,ななしふぇすどぅーいっと"
uruha_rushia,"潤羽るしあ,絵クロマンサー,るしあ大好きだよ"
kemono_friends_3,"けものフレンズ3,けもフレ3,動物朋友3"
octopus,"タコ,蛸,章鱼"
horizontal_pupils,
shouji,障子
xenoblade_chronicles_3,"ゼノブレイド3,XenobladeChronicles3"
chain_necklace,
kal'tsit_(arknights),"凯尔希,ケルシー,ケルシー(アークナイツ)"
prinz_eugen_(azur_lane),"欧根亲王,欧根亲王(碧蓝航线),プリンツ・オイゲン(アズールレーン),プリンツオイゲン(アズールレーン),プリンツ・オイゲン"
cheek-to-cheek,
hair_flowing_over,
evening_gown,"晚礼服,パーティードレス"
perky_breasts,beckoning_breasts
sagisawa_fumika,鷺沢文香
fog,"霧,雾,안개"
sukuna_shinmyoumaru,"少名針妙丸,少名针妙丸,스쿠나신묘마루"
hoshimi_miyabi,"星見雅,星见雅"
hand_in_another's_hair,
gaping,拡張済み
cat_hood,"猫耳パーカー,猫耳フード,猫フード,ネコ耳フード"
scowl,"ニラマレ,くっ、殺せ!"
christmas_ornaments,
small_horns,
multiple_crossover,
rudder_footwear,
nontraditional_playboy_bunny,
pokephilia,"ポケ姦,ポケモン×人間,人間♂×ポケモン♀,サナユウ"
long_sideburns,
splatoon_2,"splatoon2,スプラトゥーン2"
hololive_dev_is,hololiveDEV_IS
purple_bodysuit,
darling_in_the_franxx,"DARLINGintheFRANXX,ダーリン・イン・ザ・フランキス,ダリフラ,ダーリンインザフランキス,DARLI_FRA"
ishtar_(fate),"イシュタル,イシュタル(Fate),伊什塔尔"
denji_(chainsaw_man),"デンジ,デンジ(チェンソーマン)"
karyl_(princess_connect!),"キャル,キャル(プリコネ),百地希留耶,凯露"
black_sash,
furisode,振袖
flower_wreath,花輪
egasumi,"ヱ霞,ヱ雲"
frogtie,
matou_sakura,"間桐桜,士桜,サクランスロット,间桐樱"
grey_sky,
strap_between_breasts,"π/,πX,タクティカルパイスラッシュ,パイスラ,パイスラッシュ,パイクロス"
star_halo,
blue_pupils,
grid_background,
tsundere,"ツンデレ,つんでれ,デレツン,ツンだ、デレない,傲嬌,傲娇,蹭得累"
murasa_minamitsu,"村紗水蜜,村纱水蜜,무라사미나미츠"
alternate_universe,平行宇宙
red_pantyhose,
spoken_anger_vein,
transformation,"状態変化,狀態變化,状态变化,상태변화,tf"
fusion,"フュージョン,合体,融合,ポケモンフュージョン"
head_on_pillow,
shide,"紙垂,四手"
twitching,"痙攣,痉挛"
monster_musume_no_iru_nichijou,"モンスター娘のいる日常,MonsterMusume"
time_paradox,タイムパラドックス
mitsudomoe_(shape),"三つ巴,三つ巴(紋所)"
panty_straps,見せハイレグパンツ
street_fighter_6,"sf6,ストリートファイター6,スト6,ストリートファイターVI,ストVI,StreetFighter6,SF6,StreetFighterVI,SFVI"
greyscale_with_colored_background,
black_lips,
finger_on_trigger,
tsukino_usagi,月野うさぎ
tacet_mark_(wuthering_waves),声痕
;q,
envelope,信封
duck,"🦆,鴨,カモ,マガモ,アヒル,家鴨,あひる"
updo,
love_live!_superstar!!,"ハロー!!!ラブライブ!,Hello!!!_Love_Live!,ラブライブ!スーパースター!!,Liella!,Liella,リエラ,Liella応援"
saber_alter,"セイバーオルタ,アルトリア・オルタ"
floating_clothes,
aqua_dress,
finger_gun,指鉄砲
shijou_takane,四条貴音
brown_sweater_vest,
bag_charm,
print_bow,
contrail,飛行機雲
hasumi_(blue_archive),"羽川ハスミ,ハスミ,하네카와하스미,하스미"
baby,"赤ちゃん,乳児"
fire_emblem:_the_blazing_blade,"ファイアーエムブレム烈火の剣,烈火の剣"
wanderer_(genshin_impact),"放浪者,wanderer,放浪者(原神)"
kanzashi,"簪,かんざし,发簪(日式)"
c.c.,C.C.
kirby,カービィ
rapier,レイピア
fu_hua,"フカ,熾鳶,符华,炽翎,符華"
looking_over_eyewear,
strapless_shirt,
chest_belt,胸ベルト
soda_can,
non-humanoid_robot,
diagonal-striped_bow,
button_badge,"ピンバッジ,缶バッジ,缶バッチ,缶バッヂ"
takamachi_nanoha,"高町なのは,なのぱい,なのフェイ"
library,"図書館,圖書館,图书馆,도서관,図書室,圖書室,图书室,도서실"
puffy_detached_sleeves,
floor,
paper_bag,紙袋
usada_pekora_(1st_costume),兎田ぺこら(通常)
arlecchino_(genshin_impact),"Arlecchino,アルレッキーノ,アルレッキーノ(原神),아를레키노,僕人,召使,阿蕾奇诺,arlebina,arlefuri"
wide_spread_legs,
sleepwear,寝間着
smile_precure!,"スマイルプリキュア!,スマイルプリキュア,スマプリ"
red_socks,
sendai_(kancolle),"川内,川内(艦隊これくしょん),川内(艦これ),夜戦バカ"
kunai,"苦無,くない,苦无手里剑"
atelier_ryza,ライザのアトリエ
kasumi_(kancolle),"霞(艦隊これくしょん),霞(艦これ),霞"
wizard_hat,
gold_bikini,"金色ビキニ,金ビキニ"
grinding,"股コキ,素股"
silence_suzuka_(umamusume),"サイレンススズカ,サイレンススズカ(ウマ娘),无声铃鹿,無聲鈴鹿"
animal_penis,ケモチン
spider_web_print,蜘蛛の巣柄
lifebuoy,"救生圈,泳圈"
on_bench,
parfait,"パフェ,パルフェ,パフェの日"
soga_no_tojiko,"蘇我屠自古,苏我屠自古,소가노_토지코"
djeeta_(granblue_fantasy),"ジータ,ジータ(グラブル),姬塔,ジータ(プリコネ)"
reindeer_antlers,
serena_(pokemon),"セレナ(トレーナー),セレナ(ポケモン),セレナ(ライバル),セレナ(アニポケ),ショートセレナ,ワイ・ナ・ガーベナ,ワイ(ポケスペ),セレナ,サトセレ,カルセレ"
holding_flag,
hands_on_another's_shoulders,
northern_ocean_princess,"北方棲姫,ほっぽ,ほっぽちゃん,敵艦隊のチャイドル"
green_bra,緑ブラ
narrowed_eyes,
fashion,"ファッション,패션,时尚,お洒落"
yelan_(genshin_impact),"夜兰,夜蘭,夜阑,原神夜兰,yelan,イェラン"
orange_gloves,
gold_bracelet,
abstract_background,
nipple_rings,
hand_on_another's_waist,
smelling,"嗅ぐ,くんかくんか,クンカクンカ,ちん嗅ぎ"
paint_splatter,
twirling_hair,
two-tone_bow,
blue_overalls,
checkered_skirt,
arm_held_back,
diffraction_spikes,"光条,回折スパイク"
holding_condom,
multicolored_swimsuit,
gold_chain,
2000s_(style),"2000s,2000sanime,2000s_anime,animecore,animecoreart,moecore,animecore_art,00s_anime,00s"
domino_mask,ドミノマスク
puckered_lips,
emiya_shirou,衛宮士郎
little_witch_academia,"リトルウィッチアカデミア,little_witch_academia,LWA,littlewitchacademia,LWA_jp"
sakura_kyoko_(magical_girl),
tongue_piercing,舌ピアス
bullpup,ブルパップ方式
flight_deck,"飛行甲板,비행갑판,飞行甲板"
green_hairband,
earth_(planet),地球
sleeves_pushed_up,腕まくり
city_lights,
big_belly,"ボテ腹,腹ボテ,bigbelly"
akiyama_yukari,"秋山優花里,あんこうチーム,みほゆか,ケイゆか,まほゆか,ゆかエリ,忠犬ユカ公,秋山殿,オッドボール三等軍曹,グデエル"
wa_maid,"和風メイド,和メイド"
constellation,星座
bodysuit_under_clothes,
purple_shorts,
chicken,"鶏,鸡,にわとり,チキン"
bird_girl,"鳥娘,鳥人"
cage,檻
kitakami_(kancolle),"北上,北上(艦隊これくしょん),北上(艦これ),ktkm,大北"
yellow_hat,
debris,
sangonomiya_kokomi,"珊瑚宮心海,珊瑚宫心海,心海,Kokomi,sangonomiyakokomi"
black_leggings,
open_dress,
takagaki_kaede,"高垣楓,高垣楓生誕祭"
squirrel_ears,
nipple_bar,
demon_boy,"インキュバス,オスサキュバス,悪魔の少年,demonboy,devilboy,devil_boy"
shiranui_mai,"不知火舞,ShiranuiMai,MaiShiranui"
lipstick_mark,キスマーク
chips_(food),野菜チップス
caelus_(honkai:_star_rail),"穹(スターレイル),穹,ベクターY"
kodomo_doushi,"子供同士,インピオ,lolishota"
yellow_rose,黄色のバラ
shrine,神社
senketsu,"鮮血,鮮血(キルラキル)"
trash_can,"ゴミ箱,ごみ箱"
quad_tails,
single_off_shoulder,
kotobuki_tsumugi,琴吹紬
2024,"2024年,令和6年"
white_headband,
huge_nipples,長乳首
goggles_around_neck,
you_gonna_get_raped,
drum,ドラム
white_cloak,
game_console,ゲーム機
stylus,スタイラス
lifting_another's_clothes,
backwards_hat,
employee_uniform,
afloat,
yellow_scarf,
commander_(azur_lane),"指揮官(アズールレーン),司令官(アズールレーン),司令(アズールレーン)"
reverse_upright_straddle,背面座位
holding_smoking_pipe,
hand_on_another's_hip,
layered_clothes,
fishing_rod,"釣り竿,釣竿,鱼竿,钓鱼竿"
corrin_(fire_emblem),"カムイ(FEif),カムイ♀,カムイ♂"
tally,正の字
two-sided_cape,
morgan_le_fay_(fate),"モルガン(Fate),モルガン"
mechanical_legs,
after_kiss,
looking_at_phone,
striped_scarf,
radio_antenna,アンテナ
briefcase,"💼,ブリーフケース,公文包,서류가방"
red_moon,血月
edelgard_von_hresvelg,"エーデルガルト=フォン=フレスベルグ,エーデルガルト"
raiden_mei,"芽衣,雷电芽衣,RaidenMei,雷電芽衣"
american_flag_legwear,
black_rock_shooter,"ブラック★ロックシューター,ブラックロックシューター,黑岩射手,B★RS"
demon_slayer_uniform,
striped_tail,
dark_souls_(series),"ダークソウル,だーくそうる,DarkSouls"
2021,"2021年,令和3年"
chinese_knot,"中国结,中國結,中国結"
white_nails,
candy_apple,"りんご飴,林檎飴"
takarada_rikka,"宝多六花,rikkatakarada"
wrench,"🔧,レンチ,スパナ"
hestia_(danmachi),"ヘスティア,ヘスティア(ダンまち),Hestia,赫斯提亞"
naruto_shippuuden,"NARUTO疾風伝,ナルト疾風伝,疾風伝,火の意志を継ぐ者,ザ・ロストタワー,疾風伝忍者の道へ,火影忍者"
shimamura_uzuki,"島村卯月,しまむらむらむら"
horned_headwear,
finger_to_cheek,
seia_(blue_archive),"百合園セイア,유리조노세이아,세이아"
skirt_suit,リクルートスーツ
bubble_tea,"タピオカティー,タピオカ,珍珠奶茶,奶茶"
lance,ランス
sirius_(azur_lane),"シリアス(アズールレーン),シリアス,天狼星"
cooperative_fellatio,"Wフェラ,ダブルフェラ,トリプルフェラ"
green_sleeves,
large_hat,
lucina_(fire_emblem),ルキナ
death,"死亡,死,亡,逝世"
selene_(pokemon),"ミヅキ(トレーナー),コウミ,SM♀主,コウミ(トレーナー),グラミヅ,ムーン(ポケスペ),ミヅリリ,ヨウミヅ,selene"
pendant_choker,
latin_cross,"ラテン十字,✟"
bow_bikini,
belly_chain,
purple_pants,
thigh_pouch,
shiori_novella,"シオリ・ノヴェラ,ShiorinSketch,ShiorinFix,ShioriNovella"
mecha_focus,
on_table,
riding_crop,"乗馬鞭,乗馬ムチ,馬鞭,马鞭,ムチ(乗馬)"
mismatched_bikini,
smokestack,
multi-tied_hair,"poodle_puffs,bubble_braid,bubble_braids"
black_feathers,
sphere_earrings,
green_coat,
argyle_background,
cammy_white,"キャミィ,キャミィ・ホワイト,キャミィ(ストリートファイター),嘉米,キャミイ"
condom_on_penis,ゴム着用
holding_doll,
ui_(blue_archive),"古関ウイ,코제키우이"
feather_earrings,
nakano_nino,"中野二乃,长发二乃"
nerissa_ravencroft,"RavenCrafts,ネリッサ・レイヴンクロフト,DepravenCrafts,NerissaRavencroft"
trench_coat,トレンチコート
tachibana_arisu,"橘ありす,橘ありす生誕祭2024,かなあり"
leg_lock,だいしゅきホールド
belfast_(azur_lane),"ベルファスト,贝尔法斯特,ベルファスト(アズールレーン),ベルちゃん(アズールレーン),ベルエン(アズールレーン),ベルバスト"
ejaculating_while_penetrated,"ところてん,メスイキ,トコロテン"
milestone_celebration,
diagonal-striped_necktie,
phantasy_star_online_2,"PSO2,ファンタシースターオンライン2"
animal_ear_headwear,
qingdai_guanmao,"清代官帽,暖帽"
vshojo,"VSHOJOART,VSJArtContest,VSJHalloweenArt,VShojoNext,VShojoJapan,V少女"
aki_shizuha,"秋静葉,秋静叶,아키시즈하"
son_goku,"孫悟空,孫悟空(ドラゴンボール),悟空,孫悟空(GT),カカロット,悟空さ"
kiryu_coco,"桐生ココ,みかじ絵,cocoART,桐生会FOREVER,友人C,かなココ,桐生可可"
mascara,"マスカラ,睫毛膏,마스카라"
sake_bottle,"一升瓶,酒瓶"
ancient_egyptian_clothes,
finger_in_another's_mouth,口内指責め
violin,"🎻,ヴァイオリン,バイオリン,小提琴"
sandwich,"🥪,サンドイッチ,タマゴサンド,カツサンド"
pink_scrunchie,
eromanga_sensei,"エロマンガ先生,エロマンガ先生妹と開かずの間,埃罗芒阿老师"
character_hair_ornament,
jougasaki_mika,城ヶ崎美嘉
lotion,ローション
hairy,毛深い
machikado_mazoku,まちカドまぞく
stray_pubic_hair,"抜け陰毛,チン毛付きフェラ,チン毛"
glowstick,"サイリウム,サイリューム,ケミカルライト,荧光棒"
sailor_bikini,セーラーミズギ
head_grab,
ace_attorney,"逆転裁判,逆转裁判,역전재판,AceAttorney,逆裁腐向け"
sushi,"寿司,鮨,すし"
kiseru,"煙管,キセル,きせる"
orange_hairband,
heart_o-ring,
clitoral_stimulation,クリ責め
pink_apron,
orange_footwear,
shirakami_fubuki_(1st_costume),"白上フブキ(通常),白上吹雪(通常)"
satono_diamond_(umamusume),"サトノダイヤモンド(ウマ娘),サトノダイヤモンド,サトノダイナマイト,クレイジーダイヤモンド(ウマ娘)"
gloom_(expression),
ch'en_(arknights),"陈,チェン,チェン(アークナイツ),Chen,첸"
1980s_(style),"1980年代,80年代,80年代風,1980s,80s,80's"
spoken_interrobang,
danmaku,"弾幕,弾幕ごっこ,弹幕(东方)"
white_tail,
fischl_(genshin_impact),"フィッシュル(原神),菲谢尔,フィッシュル,フィッシュル・ヴォン・ルフシュロス・ナフィードット,Fischl,Amy,艾咪,小艾咪,エミ,피슬"
banner,横幅
rooftop,"屋上,天台"
holding_hammer,
vibrator_under_clothes,
cuts,切り傷
plum_blossoms,"梅,梅花,梅の花"
in_box,"箱入り娘,箱詰め"
red-tinted_eyewear,
scar_on_nose,
dragon_ball_super,"ドラゴンボール超,dragonballsuper,DBS,龍珠超"
energy_wings,
heart-shaped_pillow,
horn_bow,
glitch,
neru_(blue_archive),"美甘ネル,네루룽,미카모네루,ネル,neru"
swimming,"水泳,競泳"
nagato_yuki,"長門有希,消失長門,ハル長,キョン長,長みく,古長"
cosmetics,"化粧品,化妆品"
lineup,
peeing_self,"お漏らし,おもらし,タイツおもらし,着衣放尿,恐怖失禁,おトイレ間に合わなかった系女子"
exercising,"運動,体操,エクササイズ"
squirrel_tail,
calligraphy_brush,"筆,ふで,毛笔"
french_fries,"ポテト,フライドポテト,薯条"
verniy_(kancolle),"ヴェールヌイ,Верный,Верный(艦隊これくしょん),Верный(艦これ),ヴェールヌイ(艦隊これくしょん),ヴェールヌイ(艦これ)"
black_apron,
mahou_shoujo_madoka_magica:_hangyaku_no_monogatari,"叛逆の物語,puella_magi_madoka_magica_the_movie:_rebellion,puella_magi_madoka_magica_the_movie_rebellion,pmmm_rebellion"
watson_cross,
kindergarten_uniform,"園児服,スモック,チャイルドスモック"
irys_(hololive),"IRyS,IRySart,アイリス"
electric_fan,扇風機
natsuiro_matsuri,"夏色まつり,祭絵,肌色まつり,まつりは絵っち,若木春,夏乃華火"
bronya_zaychik,"布洛妮娅·扎伊切克,布洛妮婭·扎伊切克,ブローニャ・ザイチク,ブローニャ,bronya,布洛妮娅,布洛妮婭,BronyaZaychik"
tomato,"🍅,蕃茄,トマト"
cum_on_legs,
fur-trimmed_hood,
purple_cape,
surtr_(arknights),"史尔特尔,スルト,スルト(アークナイツ)"
ahri_(league_of_legends),"Ahri,아리,阿狸,アーリ,阿璃"
mismatched_footwear,
lily_pad,"睡莲叶,睡蓮葉"
undersized_clothes,ぱっつんぱっつん
slave,"奴隷,奴隸,奴隶,노예"
winged_hat,
hiiragi_kagami,柊かがみ
profanity,"言葉責め,言葉攻め,脏话"
smell,"臭いフェチ,臭い,匂いフェチ,匂い,臭い責め,蒸れ"
gundam_seed,"ガンダムSEED,機動戦士ガンダムSEED"
skullgirls,"スカルガールズ,骷髅女孩,skullgirls,Skullgirls,SKULLGIRLS"
subtitled,
single_pauldron,
rei_no_himo,"例の紐,乳紐"
waistcoat,"ウェストコート,ウエストコート,チョッキ,ジレ,马甲"
naked_sweater,裸セーター
orange_neckerchief,
cream,クリーム
reisalin_stout,"ライザリン・シュタウト,ライザ"
sanrio,"サンリオ,三丽鸥,サンリオコラボ"
color_guide,
hip_bones,
exusiai_(arknights),"能天使,EXUSIAI,Exusiai,エクシア(アークナイツ),エクシア"
fellatio_gesture,フェラ素振り
kosaka_honoka,"高坂穂乃果,高坂穗乃果"
gold_necklace,
arm_hair,
futatsuiwa_mamizou,"二ッ岩マミゾウ,二岩猯藏,후타츠이와_마미조,二ツ岩マミゾウ"
corruption,"悪堕ち,ビッチ化"
onee-loli,"おねロリ,ロリおね,おばロリ,ママロリ"
staring,
frilled_ribbon,
chloe_von_einzbern,"クロエ・フォン・アインツベルン,クロエ,クロ"
blue_hakama,
slime_girl,"スライム娘,slimegirl,goo_girl,googirl"
cyberpunk_(series),cyberpunk
pink_hoodie,
pokemon_frlg,
soul_gem,"ソウルジェム,ジェム姦"
police_hat,警帽
ichinose_shiki,一ノ瀬志希
oversized_shirt,
circle,"円,원,圆"
kiryuuin_satsuki,"鬼龍院皐月,Satsuki,鬼龙院皋月,satsukikiryuin,killlakillsatsuki,satsukikilllakill"
asticassia_school_uniform,
romper,"ロンパース,連身短褲"
hagoromo,羽衣
holding_basket,
public_nudity,"野外露出,야외노출"
white_cat,白い猫
skin_fangs,
barbara_(genshin_impact),"芭芭拉,バーバラ,バーバラ(原神),Barbara_Pegg,Barbara"
unworn_shirt,
aiming_at_viewer,カメラ銃口
spanked,スパンキング
looking_at_animal,
kikuchi_makoto,"菊地真,きくちまこと"
bird_on_head,
torn_bodysuit,
overskirt,
breastless_clothes,
fighting,打架
megaphone,"📣,🕫,🕬,メガホン,메가폰"
shower_head,
mating_press,種付けプレス
samidare_(kancolle),"五月雨,五月雨(艦隊これくしょん),五月雨(艦これ),毎日五月雨,五月雨ちゃんマジ天使"
open_shorts,
kokkoro_(princess_connect!),"コッコロ,コッコロ(プリコネ),可可蘿,棗こころ,可可萝"
talons,
robin_(honkai:_star_rail),"知更鸟,知更鳥,ロビン(スターレイル),RobinHSR,Robin,ロビン"
american_flag_dress,
neon_trim,
trefoil,
yoko_littner,"ヨーコ・リットナー,ヨーコ,优子"
bangs_pinned_back,
paw_shoes,
thinking,
plaid_bowtie,
steins;gate,"steins;gate,シュタインズゲート,シュタインズ・ゲート,STEINS;GATE,Steins;Gate,シュタゲ"
undertale,"Undertale,undertale,あんだーてーる,アンダーテール,언더테일,Undertale夢,アンテプラス"
thigh_sex,"素股,すまた,スマタ,太ももコキ,thigh_job,thighjob,ふとももコキ"
grey_horns,
laurel_crown,月桂冠
very_long_sleeves,
hakui_koyori,"博衣こより,溶けろこより,こよりすけっち,こよりすげーえっち,博衣こより新衣装"
wife_and_wife,百合夫婦
purple_gemstone,"アメシスト,アメジスト,자수정,紫水晶"
jane_doe_(zenless_zone_zero),"ジェーン・ドゥ(ゼンゼロ),ジェーン・ドゥ,ジェーン,JaneDoe,Jane"
crotch_rope,股縄
ribbed_dress,"竖纹连衣裙,毛衣连衣裙,毛衣裙"
torn_sleeves,
vegetable,"野菜,やさい"
doki_doki_literature_club,"ddlc,ドキドキ文芸部,DokiDokiLiteratureClub,ドキドキ文芸部!,DokiDokiLiteratureClub!,DDLC,心跳文学部,두근두근문예부,doki_doki_literature,DDLCfanart"
spill,
aqua_bikini,
holding_sheath,
nonomi_(blue_archive),"ノノミ(ブルーアーカイブ),十六夜ノノミ,ノノミ,nonomi,이자요이노노미,노노미"
tekken,鉄拳
anime_coloring,"アニメ塗り,セル画"
stethoscope,"🩺,聴診器,听诊器"
needle,
head-mounted_display,"HMD,ヘッドマウントディスプレイ"
needy_girl_overdose,"NEEDY_pic,NEEDY_GIRL_OVERDOSE,NEEDYGIRLOVERDOSE,にーでぃがーる,主播女孩重度依赖,ニディガ,needy_streamer_overload,needystreameroverload,니디걸오버도즈"
come_hither,"据え膳,誘い受け,色仕掛け,誘ってやがる,色诱"
hand_over_own_mouth,
holding_syringe,
w_(arknights),"W,W(明日方舟),W(명일방주),W(アークナイツ)"
sheep,"羊,未,ひつじ"
colorful,"カラフル,色彩,colorful"
taimanin_(series),"対魔忍,對魔忍,对魔忍,대마인,東方対魔忍"
puzzle_&_dragons,"パズル&ドラゴンズ,パズドラ,パスドラ,P&D,puzzle&dragons,PAD,パズドラ(アニメ)"
kama_(fate),"カーマ(Fate),カーマ(FGO),カーマ,カーマ/マーラ,愛欲の魔王,カーマデーヴァ"
floral_print_kimono,
nakano_miku,"中野三玖,三玖"
embers,
pancake,"ホットケーキ,パンケーキ"
yellow_scrunchie,
blue_sash,
torn_shorts,
holding_pokemon,
hifumi_(blue_archive),"ヒフミ,阿慈谷ヒフミ,아지타니히후미,히후미"
graf_zeppelin_(kancolle),"グラーフ・ツェッペリン,グラーフ・ツェッペリン(艦これ),グラーフ・ツェッペリン(艦隊これくしょん),パイオツェッペリン,アクグラ,グラーフ,齐柏林伯爵"
bandage_over_one_eye,
omori,"OMORI,おもり,OMORIFANART,OMORIGAME,OMORI1000users入り"
naked_jacket,"裸ジャージ,裸パーカー,裸学ラン"
grenade,"手榴弹,手榴弾,手雷"
izumi_konata,"泉こなた,こなた"
gundam_build_fighters,"ガンダムビルドファイターズ,ビルドファイターズ"
cellphone_photo,スマホ差分
uneven_gloves,
bat_hair_ornament,
letterman_jacket,"棒球外套,スタジアムジャンパー"
back_tattoo,
miyako_(blue_archive),"月雪ミヤコ,미야코,月雪ミヤコ(水着)"
jean_(genshin_impact),"琴,ジン,ジン・グンヒルド,ジン(原神),Jean,Jean_Gunnhildr,jeanlisa,ディルジン,jealuc"
emilia_(re:zero),"エミリア,エミリア(リゼロ)"
large_tail,
people,人々
mudrock_(arknights),"泥岩,マドロック,マドロック(アークナイツ)"
red_cloak,
to_heart_(series),
parted_hair,分开的头发
wakasagihime,"わかさぎ姫,若鹭姬,와카사기히메"
link!_like!_love_live!,"Link!Like!ラブライブ!,ラブライブ!蓮ノ空女学院スクールアイドルクラブ,蓮ノ空女学院スクールアイドルクラブ,蓮ノ空,蓮ノ空お披露目,リンクラ,蓮ノ空美術部,With蓮ノ空,せーはす"
backless_leotard,
energy_gun,
shoe_dangle,
turtleneck_dress,
tatsuta_(kancolle),"龍田(艦隊これくしょん),龍田(艦これ),龍田,鬼畜艦龍田,龙田"
bandaged_head,頭の包帯
loose_belt,
tsushima_yoshiko,"津島善子,よしまる普及委員会,ヨハネ"
ump45_(girls'_frontline),"UMP45,UMP45(ドールズフロントライン),UMP45(少女前線),UMP45_MOD3(ドールズフロントライン)"
kamitsubaki_studio,"神椿スタジオ,神椿,神椿市復興美術部,協奏中応援イラスト,音楽的同位体"
cone_horns,锥角
rabbit_print,
high_side_ponytail,
horseshoe_ornament,
fuwawa_abyssgard,"フワワ・アビスガード,FUWAMOCO,FWMCpix,Fuwawa"
holding_paintbrush,
kisaragi_chihaya,如月千早
stuffed_cat,
soldier,"兵隊,兵,歩兵,兵士,女性兵士"
arched_bangs,
banana,バナナ
aqua_ribbon,
american_flag_bikini,星条旗ビキニ
see-through_skirt,
letty_whiterock,"レティ・ホワイトロック,レティ,蕾蒂·霍瓦特洛克,蕾蒂,레티화이트락,레티"
super_saiyan,"超サイヤ人,スーパーサイヤ人"
opaque_glasses,
in-franchise_crossover,
bleeding,出血
kishin_sagume,"稀神サグメ,サグメ,稀神探女,探女,키신사구메,사구메"
train,"電車,列車,気動車,鉄道,貨物列車"
aikatsu!,"アイカツ!_アイドルカツドウ,アイカツ!"
orange-tinted_eyewear,
striped_bra,縞ブラ
black_pubic_hair,
tracen_training_uniform,
chain_leash,
hunter_x_hunter,"HUNTER×HUNTER,ハンターハンター,ハンター×ハンター,hunterxhunter,HUNTERHUNTER,HxH,hxhfanart,全职猎人"
beach_towel,
laevatein_(touhou),"禁忌「レーヴァテイン」,レーヴァテイン"
holding_clipboard,
deer_ears,
bandaid_on_pussy,BAN装甲
character_profile,
souryuu_(kancolle),"蒼龍,蒼龍(艦隊これくしょん),蒼龍(艦これ),九九艦爆乳"
goggles_on_headwear,
white-framed_eyewear,
blue_lips,
ankle_ribbon,
suspender_shorts,
dice,"サイコロ,주사위,骰子,ダイス"
silver_wolf_(honkai:_star_rail),"銀狼(スターレイル),银狼,銀狼,Silver_Wolf,Louve_d'argent,Loba_Prateada,Серебряный_Волк,ぎんろう,은랑,Sói_Bạc"
plantar_flexion,"足底屈,绷脚"
unicorn_(azur_lane),"ユニコーン(アズールレーン),ユニコーン,独角兽"
tokyo_afterschool_summoners,"東京放課後サモナーズ,放サモ,Housamo,东京放课后"
reflective_water,
bandaid_on_arm,
blue_apron,
humanoid_robot,人型ロボット
locker_room,"ロッカールーム,更衣室"
piggyback,"おんぶ,背着"
arm_around_neck,
head_back,仰け反り絶頂
uchiwa,"団扇,团扇,うちわ"
shirt_tug,拖拽衬衣
hair_horns,
crescent_earrings,
object_namesake,名字双关
matching_outfits,おそろい
left-handed,"左利き,左利手,왼손잡이"
mococo_abyssgard,"モココ・アビスガード,FUWAMOCO,FWMCpix"
chainsaw,"チェーンソー,チェンソー"
ooi_(kancolle),"大井,大井(艦隊これくしょん),大井(艦これ),大北"
mixed-language_text,
bowsette,"クッパ姫,bowsette,库巴姬"
nice_nature_(umamusume),"ナイスネイチャ,ナイスネイチャ(ウマ娘),ワイフネイチャ"
baozi,"包子,中華まん,肉まん,馒头,饅頭"
skates,
mayuzumi_fuyuko,"黛冬優子,FYK,Fuyu,あさふゆ"
squirrel_girl,リス娘
tatsumaki,"戦慄のタツマキ,Tatsumaki,タツマキ"
kanzaki_ranko,"神崎蘭子,神埼蘭子,神崎兰子"
snowflake_hair_ornament,
black_garter_straps,黑色吊袜带
impossible_bodysuit,
twitching_penis,throbbing
pretty_series,"プリティーシリーズ,星光系列"
teardrop_facial_mark,
brown_ribbon,
white_romper,
feather_trim,
jackal_ears,
nitroplus,"ニトロプラス,Nitroplus+,NITROPLUS"
forked_eyebrows,
minase_iori,"水瀬伊織,みなせいおり"
pixiv_fantasia,"pixivファンタジア,ピクファン,pixivFantasia"
fur_scarf,
covered_face,
see-through_leotard,
orange_shorts,
dusk,黄昏
shiranui_(kancolle),"不知火,不知火(艦隊これくしょん),不知火(艦これ)"
bulletproof_vest,"防弾チョッキ,방탄복,防彈背心,プレートキャリア"
stocking_(psg),アナーキー・ストッキング
grey_neckerchief,
after_ejaculation,"ズリ事後,ぶっかけ,パイ射,ザーメンブリッジ"
stained_glass,"ステンドグラス,ステンドグラス風"
flats,
shell_casing,薬莢
obliques,
narmaya_(granblue_fantasy),ナルメア
bangboo_(zenless_zone_zero),"邦布,ボンプ"
denim_skirt,デニムスカート
chef_hat,コック帽
ultimate_madoka,"アルティメットまどか,女神まどか,まど神様,まど神"
mario,"マリオ,マリオ(スーパーマリオ)"
bloom,
grey_bow,
kumoi_ichirin,"雲居一輪,云居一轮,쿠모이이치린"
hand_on_another's_ass,
holding_panties,パンツであやとり
chained,
cheese,チーズ
uranohoshi_school_uniform,浦の星女学院制服
made_in_abyss,"メイドインアビス,来自深渊,MadeInAbyss,miabyss"
fate/prototype,Fate/Prototype
pink_pants,
hugging_doll,
dog_boy,"犬系男子,犬男,犬耳少年,犬耳男子"
akashi_(kancolle),"明石,明石(艦隊これくしょん),明石(艦これ),アイテム屋娘"
hand_on_own_leg,
pillow_grab,掴みピロー
lace-trimmed_dress,
purple_coat,
flask,フラスコ
hirogaru_sky!_precure,"ひろがるスカイ!プリキュア,ひろプリ"
pink_sleeves,
yoimiya_(genshin_impact),"宵宮,宵宫,宵宮(原神),长野原宵宮,長野原宵宮,Naganohara_Yoimiya,Yoimiya"
cupcake,カップケーキ
leg_hair,
fire_emblem:_genealogy_of_the_holy_war,聖戦の系譜
holding_popsicle,
snot,"鼻水,鼻涕"
purple_umbrella,
disposable_coffee_cup,
snk,SNK
surreal,"シュルレアリスム,シュール"
kaedehara_kazuha,"楓原万葉,枫原万叶,Kazuha,楓原万葉(原神)"
ceiling_light,
bass_guitar,"ベース,ベースギター"
rubbing_eyes,目を擦る
print_bowtie,
shingeki_no_bahamut,神撃のバハムート
rabbit_hood,bunny-ear_hood
suspension,
sitting_on_face,顔面騎乗
flute,フルート
florence_nightingale_(fate),"ナイチンゲール(Fate),ナイチンゲール,メルセデス(Fate)"
map,"地図,マップ"
shiroko_(swimsuit)_(blue_archive),"砂狼シロコ(水着),シロコ(水着)"
earbuds,
frying_pan,"フライパン,프라이팬,平底锅"
latex_bodysuit,ラバースーツ
kitasan_black_(umamusume),"キタサンブラック(ウマ娘),キタサンブラック,北黑,北部玄驹"
yuuka_(track)_(blue_archive),早瀬ユウカ(体操服)
spade_(shape),"♠,黑桃,スペード"
fanbox_username,
stage_lights,
mechanical_horns,
playing_with_own_hair,
animal_crossing,"どうぶつの森,AnimalCrossing,动物森林,动物森友会,動物森友會,あつまれどうぶつの森,あつ森,ACNH,とびだせどうぶつの森,劇場版どうぶつの森"
mechanical_tail,
unworn_helmet,
amami_haruka,天海春香
cracked_skin,
dungeon_and_fighter,"DNF,アラド戦記,アラド戰記,던전앤파이터,던파,地下城与勇士"
pink_bodysuit,
plastic_bag,
flower_pot,"植木鉢,盆栽"
bare_hips,
cat_ear_panties,
yamashiro_(kancolle),"山城,山城(艦隊これくしょん),山城(艦これ),小江戸美人戦艦"
skirt_tug,"前押さえ,スカート押さえ"
small_penis,"短小,粗チン"
mechabare,メカバレ
shoulder_spikes,
medusa_(rider)_(fate),"Rider,ライダー(Fate/staynight),メドゥーサ(Fate),ライダー(Fate)"
monkey_tail,
hooded_cape,
single_fingerless_glove,
piano,"ピアノ,钢琴"
wolf_boy,
computer_mouse,"鼠标,マウス"
ganaha_hibiki,"我那覇響,がなはひびき"
chuunibyou_demo_koi_ga_shitai!,"中二病でも恋がしたい!,中二病でも恋がしたい"
blur_censor,
gas_mask,ガスマスク
meiko_(vocaloid),"メイコ,めいこ,MEIKO"
green_scarf,
rubber_boots,レインブーツ
white_serafuku,
holding_handheld_game_console,
holding_cat,
shokuhou_misaki,"食蜂操祈,食蜂操祈(ブルーアーカイブ)"
eastern_dragon,"龍,Loong"
sakurauchi_riko,"桜内梨子,リコ(幻日のヨハネ)"
lace_bra,
red_umbrella,
keyhole,
yamakaze_(kancolle),"山風,山風(艦隊これくしょん),山風(艦これ)"
santa_bikini,
toy,"おもちゃ,장난감,玩具"
dandadan,ダンダダン
sink,
pill,"錠剤,药丸"
g-string,
zuihou_(kancolle),"瑞鳳,瑞鳳(艦隊これくしょん),瑞鳳(艦これ),づほ"
swim_trunks,
car_interior,在车里
holding_swim_ring,
food_focus,"なにこれ美味しそう,食べ物,飯テロ,菓子テロ,おいしそう,美食,美食插画,食べ物イラスト,食べ物絵,美味しそう"
bridget_(guilty_gear),"ブリジット,ブリジット(ギルティギア),鰤,Bridget,Mayburi"
dungeons_&_dragons,"DND,D&D,dungeons&dragons,dungeonsanddragons,ダンジョンズ&ドラゴンズ,フォーゴトン・レルム"
cum_on_penis,
striped_horns,
beard_stubble,
lily_white,"リリーホワイト,릴리화이트,莉莉白"
pawpads,"肉球,肉垫"
purple_sweater,
stripper_pole,
blue_fur,
midoriya_izuku,"緑谷出久,デク,deku"
hiding,
sparkle_background,
porkpie_hat,
japari_symbol,
bound_ankles,
side_up_bun,
orange_kimono,
holding_game_controller,
jealous,"嫉妬,やきもち"
toothbrush,"🪥,歯ブラシ,はブラシ"
apex_legends,"ApexLegends,Apex_Legends,APEX,エーペックス,ApexLegendsFanart,エーペックスレジェンズ,ApexLedgends,レジェンドと共に,Apexイラスト,apexfanart,Apexモバイル,APEXファンアート,apex英雄,ケモエペ,ApexLegendsファンアート,エイペックスレジェンズ"
pecorine_(princess_connect!),"ペコリーヌ,ユースティアナ,ペコリーヌ(プリコネ),ユースティアナ・フォン・アストライア,ユースティアナフォンアストライア,佩可莉姆"
nico_robin,"ニコ・ロビン,罗宾"
karin_(bunny)_(blue_archive),"カリン(バニーガール),角楯カリン(バニーガール)"
string_of_fate,"赤い糸,運命の赤い糸,命运的红绳"
:i,"ふくれっ面,「ぷー」とふくらんで"
don-chan_(usada_pekora),"どんちゃん,ドンちゃん"
yellow_horns,
tall_female,長身女性
yellow_theme,"黄,黄色"
jack_the_ripper_(fate/apocrypha),"ジャック・ザ・リッパー(Fate),ジャック・ザ・リッパー,アダルトジャックちゃん"
corrin_(female)_(fire_emblem),カムイ♀
sleep_molestation,"睡姦,睡眠姦,睡奸"
flat_ass,
graffiti,"グラフィティ,涂鸦"
kay_(girls_und_panzer),"ケイ,ケイ(GuP),サンダース大学付属高校,ケイみほ,ケイゆか,ケイダジ,隊長組"
ayanami_(azur_lane),"綾波(アズールレーン),綾波改(アズールレーン),綾波,柚"
collage,コラージュ
hallway,廊下
bear,"熊,クマ,くま,熊さん,クマさん,くまさん,ベアー,ベア,クマ科"
snowflake_print,
talisman,
library_of_ruina,"LibraryOfRuina,Library_Of_Ruina,Library_of_Luina,라이브러리오브루이나,라오루,废墟图书馆,ライブラリー・オブ・ルイナ,ライブラリーオブルイナ,ラオル,ローラン(Library_of_Ruina)"
broken_glass,
ribbon-trimmed_skirt,
holding_arrow,
sticker,"ステッカー,シール,스티커,貼紙"
archer_(fate),"アーチャー,アーチャー(Fate/staynight),EMIYA"
notched_ear,
spacecraft,"宇宙船,宇宙戦艦"
magazine_cover,
pinching,つねる
kazama_iroha,"風真いろは,いろはにも絵を,いろはにも絵"
sazanami_(kancolle),"漣,漣(艦隊これくしょん),漣(艦これ)"
carpet,カーペット
cyberpunk_edgerunners,"サイバーパンクエッジランナーズ,エッジランナーズ,Edgerunners,CyberpunkEdgerunners,サイバーパンク:エッジランナーズ,赛博朋克边缘行者"
hoshizora_rin,"星空凛,金曜凛ちゃんりんりんりん"
happy_valentine,
beak,"くちばし,鸟喙"
twilight_(spy_x_family),"黄昏(SPY×FAMILY),ロイド・フォージャー"
black_hakama,
binoculars,"双眼鏡,双筒望远镜,双筒镜,望远镜(双筒)"
ribbon-trimmed_thighhighs,
alice_in_wonderland,"不思議の国のアリス,ふしぎの国のアリス,愛麗絲夢遊奇境,爱丽丝梦游仙境"
medal,メダル
covering_own_eyes,
food_on_head,
oda_nobunaga_(fate),
four-leaf_clover,"🍀,四つ葉のクローバー,四葉のクローバー,四叶草"
nightcap,
red_bag,
cocktail_glass,
spacesuit,宇宙服
impregnation,受精
millennium_cheerleader_outfit_(blue_archive),
alternate_form,
lotus,"蓮,ハス,はす,蓮の花,莲花,荷花"
fire_emblem:_mystery_of_the_emblem,"紋章の謎,ファイアーエムブレム紋章の謎"
aerial_fireworks,"打ち上げ花火,花火大会"
single_hair_ring,
artoria_caster_(fate),"アルトリア・キャスター,キャストリア,castoria"
nijigasaki_school_uniform,
seashell,"貝殻,贝壳"
zombie_land_saga,"ゾンビランドサガ,フランシュシュ,佐贺偶像是传奇,佐賀偶像是傳奇,Franchouchou,ゾンサガ,ZLS,あなたの推しゾンビ,좀비랜드사가"
fullmetal_alchemist,"鋼の錬金術師,钢之炼金术师,FA腐,ハガレン"
neck_ruff,
horned_helmet,
infinite_stratos,インフィニット・ストラトス
holding_sack,
pokemon_rse,"RSE,RS,ルビサファ,ポケモンRSE,ポケモンRS"
driving,"運転,操縦"
kuroki_tomoko,"黒木智子,もこっち,黒木姉弟,ゆうもこ,こみもこ,きーもこ,今もこ,ネモクロ,吉もこ,ゆりもこ,黒木智子となかまたち,うちもこ,かともこ,キバもこ,岡もこ,まこもこ,黑木智子,tomoko,tomoko_kuroki,kurokitomoko,tomokokuroki"
blue-framed_eyewear,
caught,オナバレ
gilgamesh_(fate),"ギルガメッシュ,女帝ギルガメッシュ,姫ギル,ギルガメッシュ(Fate)"
strangling,"絞殺,首絞め,絞首"
kaito_(vocaloid),"カイト,かいと,KAITO"
ice_cube,冰块
over-rim_eyewear,
submerged,
speaker,スピーカー
sailor,"セーラー,水兵服,マリンルック"
amamiya_ren,"雨宮蓮,主人公(ペルソナ5),来栖暁,ジョーカー(ペルソナ5),主明,雨宫莲"
frilled_socks,
shark,"鮫,サメ,ザメ,鲨鱼"
transformers,"トランスフォーマー,变形金刚,트랜스포머,TF擬女化,TF腐向け,TF擬人化,TFfanart,Humanformers"
tiger,虎
petting,
yellow-framed_eyewear,
upturned_eyes,"上目遣い,上目づかい,上目,向上看(脸不仰)"
rabbit_ear_hairband,"うさ耳カチューシャ,うさみみカチューシャ,兔子头带,兔耳头带"
happy_halloween,
kabedon,"壁ドン,壁咚"
borrowed_clothes,"彼ジャージ,彼シャツ"
thumb_ring,
girls'_frontline_2:_exilium,"GF2:EXILIUM,GF2EXILIUM,少女前线2,少女前线2:追放,少女前线2追放,少女前線2,少女前線2:追放,少女前線2追放,少前2,少前2:追放,少前2追放,소녀전선2,소녀전선2:망명,소녀전선2:_망명,소녀전선2망명,소전2,소전2:_망명,소전2:망명,소전2망명,GirlsFrontline2,GirlsFrontline2Exilium,GirlsFrontline2ExiliumEN,GFL2:EXILIUM,GFL2EXILIUM,GFL2,ドールズフロントライン2,ドールズフロントライン2:エクシリウム,ドールズフロントライン2エクシリウム,ドルフロ2,ドルフロ2:エクシリウム,ドルフロ2エクシリウム"
breast_slip,"ポロリ,極上のポロリ"
spice_and_wolf,"狼と香辛料,狼与香辛料"
nitocris_(fate),"ニトクリス(Fate),ニトクリス"
octoling_player_character,"8号,タコガール,タコボーイ,タコちゃん,オクトリング"
hand_grab,
licking_finger,
holding_sign,
inflatable_toy,
white_headdress,
champagne_flute,
pink_bag,
milk_bottle,"牛乳瓶,牛乳ビン"
iori_(blue_archive),"銀鏡イオリ,시로미이오리"
nessa_(pokemon),"ルリナ,ルリナ(ポケモン),ルリナ(トレーナー),露璃娜,Nessa,ネッサ,ソニルリ,ルリソニ,ヤロルリ,Rurina"
arch,アーチ
ok_sign,
pulling_another's_clothes,
monster_hunter_(character),
clothes_hanger,ハンガー
galaga,ギャラガ
murasame_(kancolle),"村雨,村雨(艦隊これくしょん),村雨(艦これ)"
burn_scar,
sparse_pubic_hair,"アンダーヘア,生えかけ,ロリ陰毛"
candy_cane,キャンディーケイン
hitachi_magic_wand,"電マ,電動マッサージ機,日立マジックワンド"
candlestand,"燭台,烛台"
grey-framed_eyewear,
padlock,南京錠
light_trail,
cross_scar,
robot_girl,ロボ娘
aroused,被挑逗
digital_media_player,
hex_maniac_(pokemon),オカルトマニア
ramen,"老麺,拉麺,拉面,らーめん,ラーメン,라면,日式拉麵,拉麵,ramen_noodles,ramennoodles"
multicolored_bodysuit,
izuna_(blue_archive),"イズナ,久田イズナ,쿠다이즈나,이즈나"
hieda_no_akyuu,"稗田阿求,히에다노아큐"
cat_print,
omelet,オムレツ
straddling_paizuri,馬乗りパイズリ
arabian_clothes,アラビアン
on_lap,
fetal_position,
leotard_pull,
tokkuri,徳利
multicolored_horns,
artoria_pendragon_(lancer)_(fate),"アルトリア・ペンドラゴン(ランサー),乳王,女神ロンゴミニアド,獅子王(Fate),ランサーアルトリア,槍トリア,乳上"
boku_wa_tomodachi_ga_sukunai,"僕は友達が少ない,はがない"
hiei_(kancolle),"比叡,比叡(艦隊これくしょん),比叡(艦これ),比叡改二"
in_tree,樹上
akari_(pokemon),"女主人公(LEGENDS),ショウ(ポケモン),ショウ(トレーナー),Akari(Pokemon),テルショウ,ウォロショウ"
green_neckerchief,
duffel_bag,ダッフルバッグ
veiny_breasts,"血管,乳房の青筋"
drawing_(object),
takodachi_(ninomae_ina'nis),takodachi
holding_baseball_bat,
holo,"ホロ,赫蘿,赫萝"
naganami_(kancolle),"長波,長波(艦隊これくしょん),長波(艦これ)"
unusually_open_eyes,
misty_(pokemon),"カスミ(トレーナー),カスミ(アニポケ),カスミ(ポケモン),カスミ,大人カスミ,カスミ(電撃ピカチュウ)"
brown_capelet,
black_rose,
alternate_legwear,
clothed_female_nude_female,CFNF
nape,うなじ
shimada_arisu,"島田愛里寿,愛里寿,大学選抜チーム,みほあり,ミカあり,エリあり"
fire_emblem:_radiant_dawn,暁の女神
father_and_son,父息子
e.g.o_(project_moon),"E.G.O戦,E.G.O"
pink_pajamas,
praying,祈祷
angel_beats!,"エンジェルビーツ,AngelBeats!,エンジェルビーツ!,AngelBeats"
bea_(pokemon),"サイトウ,サイトウ(トレーナー),サイトウっぱい,がくせいのすがた,채두,彩豆"
collared_coat,
bandaid_hair_ornament,
orange_bodysuit,
bamboo_forest,竹林
crossed_bandaids,
synthesizer_v,"SynthesizerV,SynthV"
iseri_nina,"井芹仁菜,になもも,ももにな"
chest_strap,
ex-keine,"きもけーね,キモけーね,카미시라사와케이네(백택)"
clover_hair_ornament,
futaba_anzu,"双葉杏,双葉杏(物理)"
dark_magician_girl,"ブラックマジシャンガール,ブラック・マジシャン・ガール,ブラマジガール,BMG,黑魔导女孩"
purple_sailor_collar,
callie_(splatoon),"シオカラーズ,アオリ"
ishmael_(project_moon),"イシュメール,Ishmael,イシュメール(LCB),이스마엘"
cover_image,
hiroi_kikuri,"廣井きくり,广井菊里"
gundam_00,"ガンダム00,機動戦士ガンダム00,ガンダムOO"
yuubari_(kancolle),"夕張,夕張(艦隊これくしょん),夕張(艦これ)"
melting,"氷解,解凍,溶融"
owl,"🦉,フクロウ,猫头鹰,ふくろう"
birthday_cake,バースデーケーキ
street_fighter_v,"ストリートファイター5,スト5,ストリートファイターV,ストV,SFV"
shovel,"シャベル,ショベル,スコップ"
black_undershirt,
torn_cape,
drumsticks,
scratches,
clothes_down,
grey_kimono,
symboli_rudolf_(umamusume),"シンボリルドルフ,シンボリルドルフ(ウマ娘),ルナ(ウマ娘),カイチョー,テイルド"
zero_two_(darling_in_the_franxx),"CODE:002,ゼロツー(ダリフラ),ゼロツー,002,02,zerotwo"
pink_belt,
red_one-piece_swimsuit,
futa_with_male,"ふた×男,ふたショタ,男×ふた,ふた×男の娘"
purple_sky,
sennen_sensou_aigis,"千年戦争アイギス,millennium_war_aigis,アイギスお絵かき"
untied_panties,
orange_scrunchie,
ladder,"梯子,はしご,ハシゴ"
crotchless_panties,オープンショーツ
eevee,"イーブイ,伊布"
peeking,"覗き,偷看"
robin_(fire_emblem),"マイユニット,ルフレ"
steam_censor,"ディフェンスに定評のある湯気,湯気ブラ,鉄壁の湯気"
star_choker,
lace-trimmed_thighhighs,
fine_fabric_emphasis,
shirai_kuroko,白井黒子
negligee,ネグリジェ
sailor_moon,"セーラームーン,セーラームーン(キャラクター)"
throwing,投擲
breasts_on_glass,乳ワイパー
walk-in,
turtle_shell,
dragon_boy,竜男
kiyohime_(fate),"清姫(Fate),清姫"
goldfish,"金魚,きんぎょ"
anastasia_(idolmaster),"アナスタシア,アナスタシア(シンデレラガールズ)"
takebe_saori,"武部沙織,あんこうチーム,まこさお,みほさお,やだもー"
kuromorimine_military_uniform,
raincoat,"レインコート,雨合羽,合羽,雨衣"
restaurant,"レストラン,ファミレス,カフェ"
dusk_(arknights),"夕,ダスク(アークナイツ),シー(アークナイツ),シィ(アークナイツ),夕(アークナイツ),シー"
cyberpunk,"サイバーパンク,赛博朋克"
amber_(genshin_impact),"安柏,アンバー,アンバー(原神),Amber,エウアン"
pink-framed_eyewear,
skull_and_crossbones,"☠,🕱,髑髏と骨,ドクロマーク,頭蓋骨と交差した骨"
snake_tail,
on_shoulder,
club_(weapon),棍棒
moonlight,"月光,月明かり"
writing,
dirty_face,
reflective_floor,反射的地面
character_print,
flustered,慌てる
clothed_pokemon,
gokou_ruri,"五更瑠璃,黒猫(俺妹),黒猫(俺の妹)"
cervix,"子宫口,子宮口"
watson_amelia_(1st_costume),ワトソン・アメリア(通常)
basketball_(object),"🏀,バスケットボール"
purple_scarf,
urethra,"尿道,요도,にょうどう"
fewer_digits,
treble_clef,"ト音記号,高音谱号,G谱号"
covering_nipples,
ankle_cuffs,
hand_in_panties,パンツの中に手
harem,"ハーレム,后宫,後宮"
cold,"寒波,寒い,寒さ責め,한파,なにこれ寒い"
plaid_bikini,
shiroko_terror_(blue_archive),"砂狼クロコ,シロコ・テラー,砂狼シロコ(色彩),シロコ*テラー"
sticker_on_face,
phimosis,"包茎,半剥け"
the_legend_of_zelda:_twilight_princess,"トワイライトプリンセス,塞尔达传说黄昏公主"
toradora!,とらドラ!
white_sash,
uneven_sleeves,
pudding,"プリン,プディング,布丁"
moss,"苔,苔藓"
emoji,絵文字
newspaper,"📰,新聞,신문,報紙,英文报纸"
nitta_minami,"新田美波,歩くセックス"
jellyfish,"🪼,くらげ,クラゲ,海月"
frilled_capelet,
fanny_pack,ウエストポーチ
falin_touden,"ファリントーデン,ファリン・トーデン,ファリン,法琳"
holding_lantern,
yellow_vest,
wedding,"結婚,結婚式,ウェディング,결혼,けっこん,婚姻,婚礼"
yorigami_shion,"依神紫苑,紫苑,요리가미시온,시온"
omaru_polka,"尾丸ポルカ,絵まる,ポルカおるか,尾森歩香"
drone,ドローン
jougasaki_rika,"城ヶ崎莉嘉,城ケ崎莉嘉"
blue_horns,
monkey_d._luffy,"モンキー・D・ルフィ,ルフィ,monkey_d._ruffy,Luffy,Ruffy"
ryouou_school_uniform,陵桜学園制服
giving,
mochi,"餅,もち,お餅"
hands_on_another's_head,
cuddling,"相互愛撫,依偎,搂抱"
humiliation,屈辱
white_bag,
see-through_legwear,
yuzu_(blue_archive),"ユズ,ユズ(ブルアカ),ユズ(ブルーアーカイブ),花岡ユズ,하나오카유즈,yuzu"
evangelion:_3.0_you_can_(not)_redo,"ヱヴァンゲリヲン新劇場版:q,evangelion_shin_gekijouban:_q"
drop-shaped_pupils,
lycoris_uniform,
shikishi,"色紙,色紙絵"
censored_nipples,
toga_himiko,"トガヒミコ,渡我被身子,トガちゃん,토가,토가히미코,toga_himiko"
dress_flower,
elizabeth_bathory_(fate),エリザベート・バートリー(Fate)
white_theme,"白,白い"
plaid_necktie,
horizontal-striped_thighhighs,
mouth_veil,フェイスベール
meiji_schoolgirl_uniform,
hikimayu,引眉
thigh_ribbon,
march_7th_(preservation)_(honkai:_star_rail),三月なのか(存護)
seamed_legwear,
shark_hood,
alice_gear_aegis,"アリスギアアイギス,アリス・ギア・アイギス,アリスギア,アリスギアEX,アリスギアオリジナルアクトレス,アリスギアお絵かき,大人のアリスギア"
fish_hair_ornament,
shoulder_boards,
enpera,"えんぺら,マフモコ"
quill,"羽ペン,羽根ペン,羽毛笔"
ruby_rose,"RubyRose,rubyrose,ルビー・ローズ"
doremy_sweet,"ドレミー・スイート,哆来咪·苏伊特,도레미스위트"
gekkoukan_high_school_uniform,
atlanta_(kancolle),"Atlanta,アトランタ(艦隊これくしょん),Atlanta(艦隊これくしょん),アトランタ(艦これ),Atlanta(艦これ),アトランタ,亚特兰大"
blue_eyeshadow,
gegege_no_kitarou,"ゲゲゲの鬼太郎,ゲゲゲの鬼太郎(アニメ),腐向けKTR"
costume,
cropped_hoodie,
pokemon_(classic_anime),ポケットモンスター(アニポケ第1シリーズ)
turnaround,三面図
pencil_dress,
hickey,"キスマーク,吻痕,키스마크"
blue_bag,
shoujo_kageki_revue_starlight,"少女☆歌劇レヴュースタァライト,スタァライト,少女☆歌劇レヴュー・スタァライト,レヴュースタァライト,少女歌剧,少女歌劇"
belle_(zenless_zone_zero),"リン(ゼンゼロ),铃,鈴,Belle"
fur_coat,
looking_at_mirror,
greatsword,
nicole_demara,"妮可·德玛拉,ニコ・デマラ,妮可,Nicole_Demara,NicoleDemara,Nicole,ニコデマラ"
wo-class_aircraft_carrier,"空母ヲ級,空母ヲ级,ヲ級,ヲっぱい"
guro,"グロ,内臓,R-18G"
hill,丘
anal_fingering,
blowing_kiss,"投げキッス,飞吻"
illustrious_(azur_lane),"イラストリアス,イラストリアス(アズールレーン),光辉,일러스트리어스,エンイラ(アズールレーン)"
miyu_edelfelt,美遊・エーデルフェルト
bit_gag,"ビットギャグ,口銜"
hands_on_own_thighs,
a.i._voice,"a.i.voice,AIVOICE"
grey_fur,
hands_on_own_head,
paint,"ペイント,塗料,とりょう,ペンキ,颜料"
patterned_clothing,
long_tail,
pink_eyeshadow,
pool_ladder,
rug,
skirt_around_one_leg,
transparent_umbrella,ビニール傘
patterned_background,
ikari_shinji,"碇シンジ,LAS,カヲシン"
heart_hands_duo,"二人でハート,比心(二人)"
sen_no_kiseki_(series),
clannad,"CLANNAD,clannad,クラナド,小鎮家族,团子大家族"
darkness,
ninomae_ina'nis_(1st_costume),一伊那尓栖(通常)
inverted_bob,斜切波波头
2020,"2020年,令和2年"
shako_cap,シャコー帽
user_interface,"HUD,GUI"
open-chest_sweater,"胸開きタートルネック,例のタートルネック,胸空きタートルネック"
instrument_case,
kirishima_(kancolle),"霧島,霧島(艦隊これくしょん),霧島(艦これ),霧島改二"
mercy_(overwatch),"Mercy,マーシー,메르시,pharmercy,ツィーグラー博士"
greco-roman_clothes,
spoken_character,
zero_suit,"ゼロスーツサムス,ゼロスーツ"
capri_pants,
breast_curtain,"乳暖簾,おっぱい前掛け"
han_juri,"ハン・ジュリ,ジュリ(ストリートファイター),한주리,Juri,ジュリ"
false_smile,"目が笑ってない,怖い笑顔,笑顔が怖い"
mop,"モップ,拖把"
chemise,"シュミーズ,슈미즈"
naoetsu_high_school_uniform,私立直江津高校制服
white_shoes,
butterfly_print,
brown_kimono,
cheating_(relationship),"不倫,浮気,出轨"
the_legend_of_zelda:_ocarina_of_time,"ゼルダの伝説_時のオカリナ,時のオカリナ,zelda_no_densetsu:_toki_no_ocarina,時オカ,塞尔达传说时之笛"
bisexual_female,
year_of_the_rabbit,"卯年,兔年"
hoto_cocoa,"保登心愛,ココア,オトナココア"
shaved_ice,"かき氷,刨冰,冰沙"
rod_of_remorse,"悔悟の棒,悔悟棒"
thick_arms,
grimace,
side-tie_leotard,
naked_coat,裸コート
spilling,こぼす
gold_hairband,
white_halo,
licking_nipple,"乳舐め,乳首舐め,乳首舐め手コキ,乳首舐め手マン"
koizumi_hanayo,"小泉花陽,火曜日かよちゃん"
nanashi_mumei_(1st_costume),七詩ムメイ(通常)
counter,カウンター
facing_to_the_side,
to_heart_2,"ToHeart2,同班同學2"
izumi_sagiri,"和泉紗霧,紗霧,和泉纱雾"
finger_to_own_chin,
shu_(arknights),"黍,シュウ(アークナイツ)"
super_robot_wars,"スーパーロボット大戦,スーパーロボット大戦シリーズ,スパロボ,スパロボ風"
mcdonald's,マクドナルド
katyusha_(girls_und_panzer),"カチューシャ,カチューシャ(GuP),プラウダ高校,隊長組,ノンカチュ,カチュみほ,ダーカチュ,エリカチュ,カチューシャ親衛隊,カチューシャ日記"
mahou_shoujo_lyrical_nanoha_a's,魔法少女リリカルなのはA's
roman_numeral,"ローマ数字,罗马数字"
confused,混乱
brown_sailor_collar,
dan_heng_(honkai:_star_rail),"丹恒,단항,Danheng,Dan_Heng"
warhammer_40k,"Warhammer40k,40K,WH40K,ウォーハンマー40,000,warhammer,warhammer40000,warhammer_40000"
uneven_horns,
qiqi_(genshin_impact),"七七,七七(原神),Qiqi"
special_week_(umamusume),"スペシャルウィーク,スペシャルウィーク(ウマ娘),特别周"
tomoe_gozen_(fate),"アーチャー・インフェルノ,巴御前,巴御前(Fate),アーチャーインフェルノ,archer_of_inferno"
potato_chips,"ポテトチップス,ポテチ"
marie_(splatoon),"シオカラーズ,ホタル,ホタル(スプラトゥーン)"
traditional_nun,
serika_(blue_archive),"黒見セリカ,セリカ,serika,쿠로미세리카,세리카"
hand_on_another's_stomach,
cu_chulainn_(fate),クー・フーリン
desert,砂漠
barcode_tattoo,
weiss_schnee,"Weiss,weiss,WeissSchnee,Schnee,schnee,weissschnee,ワイス・シュニー"
gold_choker,
path,
monsterification,"モンスター化,人魚化,スライム化,魔物化,人外化,モンスター娘化"
knees_apart_feet_together,
turtleneck_shirt,
red_armor,
surrounded_by_penises,チンコ包囲網
ibuki_(blue_archive),"丹花イブキ,イブキ(ブルアカ),イブキ,イブキ(ブルーアーカイブ),이부키,ibuki,伊吹"
tsunomaki_watame,"角巻わため,つのまきあーと"
dragon_quest_iii,"ドラゴンクエスト3,ドラクエ3,DQ3"
houseki_no_kuni,"宝石の国,housekinokuni_fanart,housekinokuni,寶石之國,宝石之国,보석의나라"
lemon_slice,
excalibur_(fate/stay_night),"エクスカリバー,約束された勝利の剣"
mage_staff,
red_hoodie,
tailcoat,燕尾服
helm,"兜,ヘルム,フルフェイスヘルム"
black_buruma,黒ブルマ
center-flap_bangs,
ram_(re:zero),"ラム(リゼロ),ラム,拉姆"
metal_gear_(series),"メタルギアシリーズ,メタルギア,合金装备"
minecraft,"minecraft,マインクラフト,マイクラ,我的世界,mc,mcoc,minecraftoc,minecraft_fanart,minecraftfanart,minecraftart,minecraft_art,mineblr"
kizuna_akari,"紲星あかり,绁星灯"
naked_bandage,裸包帯
fluffy,"ふわふわ,ふんわり,モフモフ"
pink_socks,
safety_pin,安全ピン
nia_(xenoblade),"ニア,ニア(ゼノブレイド2)"
puppet,パペット
typo,
brown_tail,
feather-trimmed_sleeves,
miniboy,小人
project_voltage,ポケミク
flower_ornament,
heart_button,
cumulonimbus_cloud,"入道雲,積乱雲,积雨云"
iroha_(blue_archive),"棗イロハ,나츠메이로하,이로하"
duel,"決闘,一騎打ち"
fairy_tail,"フェアリーテイル,フェアリーテール,FairyTail,妖精的尾巴,魔導少年"
cat_hat,猫耳帽子
mostima_(arknights),"莫斯提马,モスティマ,モスティマ(アークナイツ),mostima"
sakurai_momoka,櫻井桃華
tribadism,"貝合わせ,가위치기,磨鲍,磨豆腐"
bloodborne,"ブラッドボーン,Bloodborne,血源诅咒"
sunrise,"🌅,朝焼け,日の出,日出"
starry_sky_print,星空ドレス
wa2000_(girls'_frontline),"WA2000,WA2000(ドールズフロントライン),WA2000(少女前線)"
heart_balloon,
screaming,
nian_(arknights),"年,ニアン,ニアン(アークナイツ),ニェン,ニェン(アークナイツ)"
hanako_(swimsuit)_(blue_archive),"ハナコ(水着),浦和ハナコ(水着)"
rika_(pokemon),"チリ(トレーナー),チリ(ポケモン),チリ,チリちゃん,オモチリ"
palm_leaf,
ash_ketchum,"サトシ(アニポケ),サトシ,サトシ(トレーナー),サトゴウ,サトリエ,サトマオ,サトセレ,シゲサト,サトシゲ,サトヒカ"
legwear_garter,"ガーターソックス,吊袜带"
ovum,
arcueid_brunestud,"アルクェイド,アルクェイド・ブリュンスタッド"
convenient_arm,
hand_on_hilt,
z3_max_schultz_(kancolle),"z3,マックス・シュルツ,マックス・シュルツ(艦これ),マックスちゃん,マックス,ゲルマン艦娘,Z3(艦隊これくしょん),Z3(艦これ)"
colored_inner_animal_ears,
star_necklace,
kitauji_high_school_uniform,
holstered,
short_bangs,
broken_horn,
don_quixote_(project_moon),"DonQuixote,Don_Quixote,ドンキホーテ,돈키호테"
kawaragi_momoka,"河原木桃香,になもも,ももにな"
furude_rika,"古手梨花,후루데리카,리카,Rika_Furude"
church,"教会,チャペル,教堂"
have_to_pee,"おしっこ我慢,おしがま,おもらし寸前,前押さえ"
i-19_(kancolle),"伊19,伊19(艦隊これくしょん),伊19(艦これ),イクちゃん,イク,r-19"
surfboard,サーフボード
multiple_condoms,
tactical_clothes,現代個人装具
single_pantsleg,
medicine_melancholy,"メディスン・メランコリー,梅蒂欣·梅兰可莉,메디슨멜랑콜리,メランコリー"
calendar_(object),カレンダー
hands_in_opposite_sleeves,
disembodied_head,
strapless_bra,ストラップレスブラ
look-alike,"外の人繋がり,外の人つながり,他人の空似,カップやきそば現象,そっくりさん"
pokemon_adventures,"ポケスペ,ポケットモンスターSPECIAL,レッド(ポケスペ),スペレグリ,ポケSP,ナツメ(ポケスペ),グリーン(ポケスペ),クリスタル(ポケスペ)"
mismatched_pubic_hair,色違い陰毛
goat_ears,ヤギ耳
brown_hairband,
female_admiral_(kancolle),"女性提督,提督"
power_symbol,
single_gauntlet,
kanna_kamui,"カンナカムイ,カンナカムイ(小林さんちのメイドラゴン),小林カンナ,カンナ(小林さんちのメイドラゴン),カンナちゃん,カンナ,kanna,康娜"
mobile_suit_gundam,機動戦士ガンダム
two-tone_bodysuit,
love_live!_school_idol_festival,"ラブライブ!スクールアイドルフェスティバル,スクールアイドルフェスティバル,スクフェス,モブライブ!"
sakamata_chloe_(1st_costume),
puckered_anus,
holding_gohei,
gae_bolg_(fate),
long_shirt,シャツワンピ
ouro_kronii_(1st_costume),オーロ・クロニー(通常)
orange_hat,
super_sonico,"すーぱーそに子,supersonico,そに子"
fur-trimmed_legwear,
prostitution,"売春,コールガール,デリバリーヘルス,デリヘル"
sangvis_ferri,"铁血工造,鐵血工造,鉄血工造,鐵血(少女前線),铁血(少女前线),鉄血(少女前線),철혈(소녀전선),铁血工造公司,鐵血工造公司,鉄血工造公司,철혈공조공단,铁血人形,鐵血人形,鉄血人形,铁血工业製造公司"
evolutionary_line,
open_skirt,
body_freckles,
yoshida_yuuko_(machikado_mazoku),"吉田優子,シャミ子,吉田優子/シャミ子/吉田良子"
no_eyewear,眼鏡なし
cliff,崖
tricorne,
impossible_dress,
kisume,"キスメ,琪斯美,키스메"
spatula,"へら,フライ返し"
maekawa_miku,前川みく
yellow_skin,黄肌
bad_feet,
multicolored_gloves,
worried,悩み
bread_slice,
fishnet_top,
winged_helmet,
creator_connection,"絵師つながり,作者相同/相关"
balcony,"バルコニー,阳台"
purple_belt,
bondage_outfit,
azusa_(blue_archive),"白洲アズサ,アズサ,시라스아즈사"
i-401_(kancolle),"伊401,伊401(艦隊これくしょん),伊401(艦これ),しおい"
head_between_breasts,かまくらぱふぱふ
cherry_blossom_print,
plectrum,"ギターピック,ピック,拨片"
school_hat,通学帽
triangle_earrings,
leaning_on_object,
warspite_(kancolle),"ウォースパイト(艦隊これくしょん),ウォースパイト(艦これ),ウォースパイト,Warspite,ウォッパイ"
gojou_satoru,五条悟
fine_art_parody,"名画オマージュ,名画模仿"
year_of_the_tiger,"寅年,虎年"
shading_eyes,
red_(pokemon),"レッド(ポケモン),レッド(トレーナー),リメイクレッド,レッド(ポケスペ),スペレグリ,レグリ,レイエ"
shared_clothes,
walkie-talkie,トランシーバー
ichika_(blue_archive),"仲正イチカ,イチカ(ブルーアーカイブ),이치카,イチカ,ichika"
laffey_(azur_lane),"拉菲(碧蓝航线),ラフィー(アズールレーン),ラフィー"
diadem,冠
ribbed_legwear,
impossible_leotard,
spread_fingers,
>_o,
furry_with_furry,
stiletto_heels,ピンヒール
different_reflection,
shinosawa_hiro,篠澤広
magatama_necklace,
blank_censor,
sanya_v._litvyak,サーニャ・V・リトヴャク
hayami_kanade,"速水奏,かなあり"
beach_chair,
bow_earrings,
path_to_nowhere,"无期迷途,無期迷途,무기미도,辛迪加涂鸦大队,PathToNowhere,PTN"
sonic_the_hedgehog,"ソニック,SonicTheHedeghog,Sonic,sonamy,青粉,ソニエミ,ソナミー,sonadow,シャソニ,sonknux,ソニナコ,sonaze,ソニブレ,sonilver,ソニシル,sontails,ソニテイ,shadonic,shadnic"
sleeveless_turtleneck_leotard,
tail_bell,
vertical-striped_skirt,
mega_pokemon,"メガシンカ,メガシンカポケモン"
darkness_(konosuba),"ダクネス,ダスティネス・フォード・ララティーナ,lalatina_dustiness_ford,達克妮絲,ダクネス(このすば)"
bird_legs,
hyouka,"氷菓,冰菓"
pink_fur,
purple-tinted_eyewear,
tombstone,"墓石,墓碑,Headstone"
bento,"お弁当,弁当,おべんとう,便当,便當"
carrot_necklace,
skull_earrings,
rosalina,"ロゼッタ,ロゼッタ(スーパーマリオ)"
holding_another's_hair,
pirate,海賊
string_of_flags,"彩旗,旗条"
jinx_(league_of_legends),"jinx,ジンクス,ケイオストイ・ジンクス"
striped_sleeves,
loose_bowtie,
hibiki_(blue_archive),"ヒビキ,ヒビキ(ブルアカ),ヒビキ(ブルーアーカイブ),猫塚ヒビキ,네코즈카히비키,hibiki,Nekozuka_Hibiki"
hand_on_another's_neck,
green_choker,
kirigiri_kyoko,"霧切響子,霧切,響子,雾切响子"
roots_(hair),プリン頭
two-handed,両手持ち
adjusting_gloves,
enoshima_junko,"江ノ島盾子,江ノ島順子"
loose_clothes,
sleeve_garter,
inugami_korone_(1st_costume),戌神ころね(通常)
poke_ball_print,
reach-around,背後から手コキ
diluc_(genshin_impact),"迪卢克,ディルック,ディルック(原神),Diluc,ガイディル,ディルック・ラグヴィンド,ディルジン,jealuc,ディルガイ"
skewer,串
princess,"姫,プリンセス,王女,お姫様"
mika_(girls_und_panzer),"ミカ,ミカ(GuP),継続高校,ミカアキ,ミカみほ,まほミカ,ミカあり,楽しい継続一家,隊長組"
mallet,木槌
akai_haato,"赤井はあと,はあとart,はあちゃま,sexyhaachamaa,R18はあちゃま"
holding_pencil,
paddle,
flower_tattoo,
two-tone_ribbon,
little_busters!,"リトルバスターズ!,リトルバスターズ!エクスタシー,LittleBusters!,リトルバスターズ,リトバス"
sleeping_on_person,
nanamori_school_uniform,
multicolored_fur,
orc,オーク
pant_suit,パンツスーツ
evangelion:_2.0_you_can_(not)_advance,"ヱヴァンゲリヲン新劇場版:破,evangelion_shin_gekijouban:_ha"
shower_(place),
star_sapphire,"スターサファイア,스타사파이어"
lana_(pokemon),"スイレン(トレーナー),スイレン,水着のスイレン,スイレン(アニポケ),スイレン(ポケモン),スイレンちゃんの日"
macross_frontier,マクロスF
under_table,"机の下,机の下のフェラ,桌下,桌下口交"
crystal_wings,
numbered,
shortstack,shortstack
grey_border,
;3,
katsushika_hokusai_(fate),"葛飾北斎,葛飾北斎(Fate),お栄,葛飾応為"
blue_collar,
kamado_nezuko,"竈門禰豆子,灶门祢豆子,禰豆子"
white_suit,
creature_and_personification,"馬とウマ,けものとフレンズ"
covered_abs,
stuck,"壁尻,埋め込み"
window_shadow,
mori_calliope_(1st_costume),森カリオペ(通常)
red_sky,
green_hoodie,
sword_on_back,
mega_man_(classic),
taut_dress,
satou_kazuma,"佐藤和真,カズマ(このすば),サトウカズマ,カズマ"
striped_pants,ストライプ柄パンツ
pearl_earrings,
nakano_yotsuba,中野四葉
z1_leberecht_maass_(kancolle),"レーベレヒト・マース,z1,レーベ,レーベちゃん,ゲルマン艦娘,Z1(艦隊これくしょん),Z1(艦これ)"
star_wars,"スター・ウォーズ,スターウォーズ,STARWARS,StarWarsFanArt,星球大战"
caustics,"コースティクス,焦散"
zombie_pose,
bow_choker,
volleyball,"バレーボール,排球赛"
sekaiju_no_meikyuu,世界樹の迷宮
combat_helmet,"鉄帽,戦闘用ヘルメット"
kalashnikov_rifle,"АК,AK,Kalashnikov,カラシニコフ,Калашников"
yunomi,"湯のみ,湯呑み,湯呑,ゆのみ,湯飲み,湯飲,茶碗(日式)"
eila_ilmatar_juutilainen,エイラ・イルマタル・ユーティライネン
gorget,
shuuchiin_academy_school_uniform,秀知院学園
sweater_around_waist,腰結び
cropped_vest,
tail_wrap,
claw_ring,指甲套
yellow_bra,
seele_vollerei,"ゼーレ,ゼーレ・フェレライ,希儿·芙乐艾,希儿,제레,seele"
red_trim,
milk_carton,牛乳パック
tsukishiro_yanagi,月城柳
no_feet,
glowing_sword,
cutout_above_navel,
inverted_cross,逆十字
teasing,
alice_(alice_in_wonderland),アリス
torch,"松明,たいまつ"
daisy,"ヒナギク,シオン,雏菊,小雏菊,マーガレット"
urusei_yatsura,うる星やつら
condom_packet_strip,
hyur,ヒューラン
asphyxiation,窒息
crazy_smile,
overlord_(maruyama),"オーバーロード(アニメ),オーバーロード,Overlord,OVERLORD,オーバーロード(小説)"
fake_wings,
tsukino_mito,"月ノ美兎,みとあーと"
bandaged_neck,
aventurine_(honkai:_star_rail),"アベンチュリン(スターレイル),Aventurine,AventurineHSR,アベンチュリン,砂金"
x-men,"X-MEN,X-メン,エックスメン,xmen"
town,"街,町,镇,小镇"
vending_machine,"自動販売機,自販機,自动贩卖机,自动售货机,贩卖机,售货机"
skull_print,
specter_(arknights),"幽灵鲨,スペクター,スペクター(アークナイツ)"
sleeping_upright,居眠り
boko_(girls_und_panzer),"ボコられグマ,ボコられグマのボコ,ボコ"
kirima_syaro,"桐間紗路,シャロ"
strawberry_shortcake,"ショートケーキ,いちごショートケーキ,ストロベリーショートケーキ"
fake_antlers,
pink_collar,
hair_ears,耳状发
horseback_riding,"乗馬,騎馬"
grey_sleeves,
instagram_username,
steering_wheel,"ステアリング・ホイール,ステアリング,ハンドル,方向盘"
hikari_(blue_archive),"ハイランダー鉄道学園,シュポガキ,橘ヒカリ,ヒカリ,光明,铁道双子"
song_name,曲名
dalachi_(headdress),大拉翅
hatsuzuki_(kancolle),"初月,初月(艦これ),初月(艦隊これくしょん)"
finger_in_own_mouth,
seaport_princess,"港湾棲姫,爆乳大要塞"
suppressor,
faux_traditional_media,
small_sweatdrop,
sideless_kimono,
wooden_bucket,
gumi,"GUMI,メグッポイド"
arima_kana,"有馬かな,重曹ちゃん,有马加奈"
tree_shade,木陰
fff_threesome,
perineum,"会陰,蟻の門渡り"
window_blinds,ブラインド
dirty_clothes,
nichijou,日常(あらゐけいいち)
shrimp,"蝦,虾,海老,えび,エビ"
lipstick_tube,
fire_emblem:_the_binding_blade,封印の剣
urakaze_(kancolle),"浦風,浦風(艦隊これくしょん),浦風(艦これ)"
sode,"袖,当世袖"
fur-trimmed_cloak,
d-pad,十字キー
between_thighs,
what,"作者は病気,作者は末期,作者は手遅れ,病院が来い,病院持って来い,ここに病院を建てよう,病院逃げて,現代医学の敗北,ここに建てた病院が逃げた,公式が病気,なぜ描いたし,ネッ広,こいつで抜かないでください,なにこれこわい,WTF"
product_placement,
gown,公主裙
herta_(honkai:_star_rail),"黑塔,Herta,ヘルタ,ヘルタ(スターレイル)"
poker_chip,筹码
koshimizu_sachiko,輿水幸子
presenting_foot,
purple_tail,
curtain_grab,
blue-tinted_eyewear,
champion's_tunic_(zelda),champion's_tunic
blue_brooch,
mechanical_hands,
drawing_tablet,"ペンタブレット,ペンタブ,液晶ペンタブレット,液晶タブレット,液タブ,板タブ,板タブレット"
hiryuu_(kancolle),"飛龍,飛龍(艦隊これくしょん),飛龍(艦これ)"
corpse,"死体,尸体"
broken_halo,
tusks,
yuki_miku,"雪ミク,ゆきみく,snow_miku"
red_fur,
hair_through_headwear,
office,"オフィス,오피스,辦公室"
breast_bondage,
tennis_uniform,"テニスウェア,网球服"
common_raccoon_(kemono_friends),"アライグマ(けものフレンズ),アライさん,ばすてきコンビ,アラフェネ"
pole_dancing,ポールダンス
nose_bubble,"鼻提灯,鼻ちょうちん"
nozomi_(blue_archive),"ハイランダー鉄道学園,シュポガキ,橘ノゾミ,ノゾミ,希望,铁道双子"
crotch_rub,
sunburst,
hands_on_lap,
yellow_bag,
patch,
sleep_mask,アイマスク(就寝用)
cameo,カメオ出演
sleeve_bow,
fertilization,受精
insignia,
groin_tendon,
cafe,"カフェ,喫茶店"
drawer,"抽屜,抽屉,서랍,引き出し,引出し,抽き出し"
taihou_(kancolle),"大鳳,大鳳(艦隊これくしょん),大鳳(艦これ)"
wise_(zenless_zone_zero),アキラ(ゼンゼロ)
fur-trimmed_skirt,
zero_no_tsukaima,ゼロの使い魔
carrying_over_shoulder,
momosuzu_nene,"桃鈴ねね,ねねアルバム,杏鈴音,ねねねトワワ"
untucked_shirt,
tokitsukaze_(kancolle),"時津風,時津風(艦これ),時津風(艦隊これくしょん)"
alhaitham_(genshin_impact),"AlHaitham,アルハイゼン,艾尔海森,haikaveh,アルカヴェ,知妙,kavetham,カヴェアル"
st._gloriana's_school_uniform,
sports_bikini,"レーシングブルマ,スポーツビキニ,セパレートユニフォーム"
asakura_toru,"浅倉透,透,Toru"
black_swan_(honkai:_star_rail),"黑天鹅,ブラックスワン,ブラックスワン(スターレイル),星穹铁道黑天鹅,Acheswan"
alternate_headwear,
yellow_belt,
when_you_see_it,"おわかりいただけただろうか,お分かりいただけただろうか"
eraser,消しゴム
against_railing,
motoori_kosuzu,"本居小鈴,모토오리코스즈,本居小铃"
slap_mark,
hands_on_headwear,
komi-san_wa_komyushou_desu,"古見さんは、コミュ症です。,古見さんは、コミュ症です,古見さんはコミュ症です"
sweaty_armpits,"腋汗,脇汗"
kokona_(blue_archive),"春原ココナ,ココナ(ブルアカ),스노하라코코나,코코나"
holding_whip,
bird_on_hand,
takami_chika,"高海千歌,ようちか安心委員会"
nose_piercing,"鼻輪,鼻環,鼻环"
wooden_wall,
jeanne_d'arc_alter_(swimsuit_berserker)_(fate),"水着ジャンヌオルタ,ジャンヌ・オルタ(水着)"
peroro_(blue_archive),ペロロ様
black_rock_shooter_(character),"ブラック★ロックシューター,B★RS,BRS"
dove,"白鸽,白鴿,鸽子(白色)"
morning,"朝,あさ"
full_nelson,フルネルソン
thick_eyelashes,
angelina_(arknights),"安洁莉娜,安心院,アンジェリーナ,アンジェリーナ(アークナイツ)"
face_to_breasts,
pig,"豚,ぶた,ブタ,豚姦"
star_facial_mark,
ace_(playing_card),
takao_(azur_lane),"高雄(碧蓝航线),高雄(アズールレーン),高雄,獒"
koseki_bijou,"古石ビジュー,bijouwled,古石ビジュ―,KosekiBijou"
flame-tipped_tail,
purple_horns,
cabinet,キャビネット
ammunition_pouch,"弾薬盒,弾薬ポーチ,マガジンポーチ"
ghost_tail,
hoshino_(swimsuit)_(blue_archive),"ホシノ(水着),小鳥遊ホシノ(水着),水着おじさん"
hand_on_eyewear,
ohtsuki_yui,大槻唯
magazine_(object),"雑誌,잡지,杂志"
admire_vega_(umamusume),"アドマイヤベガ,アドマイヤベガ(ウマ娘),アヤベ,爱慕织姬"
roller_skates,"ローラースケート,轮滑鞋"
maya_(kancolle),"摩耶,摩耶(艦隊これくしょん),摩耶(艦これ)"
laios_touden,"ライオストーデン,ライオス・トーデン,Laius"
frilled_cuffs,
hooves,蹄
wooden_table,
eyewear_on_headwear,
grey_necktie,
incoming_gift,
cum_on_feet,足射
after_paizuri,ズリ事後
u_u,
haruno_sakura,春野サクラ
lobotomy_corporation,"ロボトミーコーポレーション,lobotomycorporation,Lobotomy_Corporation,로보토미_코퍼레이션,로보토미코퍼레이션,LobotomyCorp,Lobotomy_Corp,LobCorp,脑叶公司"
chocolate_on_body,
footprints,足跡
wire,ワイヤー
alley,
hachimiya_meguru,八宮めぐる
samurai_spirits,"サムライスピリッツ,サムスピ"
saratoga_(kancolle),"Saratoga,saratoga,サラトガ,サラトガ(艦隊これくしょん),サラトガ(艦これ)"
yorigami_jo'on,"依神女苑,女苑,요리가미조온,조온"
excessive_cum,大量射精
panda,"パンダ,熊貓,熊猫"
stationary_restraints,"機械姦,強制絶頂"
patchwork_skin,
crepe,"クレープ,可丽饼,crêpe"
devil_may_cry_(series),"デビルメイクライ,DmC"
wakamo_(blue_archive),"狐坂ワカモ,ワカモ(ブルーアーカイブ),狐坂若藻"
through_clothes,布越し
korean_clothes,"한국옷,韓服"
enterprise_(azur_lane),"企业(碧蓝航线),企业,enterprise,エンタープライズ(アズールレーン),エンタープライズ,エンプラ,エンイラ(アズールレーン),ベルエン(アズールレーン)"
mikasa_ackerman,"ミカサ・アッカーマン,ミカサ,ミカエレ,エレミカ,ミカアル,アルミカ,ミカリヴァ,リヴァミカ,ミカジャン,ジャンミカ,ミカサシャ,サシャミカ,ミカアニ,アニミカ,ミカハン,ハンミカ,三笠·阿克曼"
o3o,"おちょぼ口,口が3,3の口"
vial,
burning,
aegyo_sal,"涙袋,애굣살,エギョサル"
red_bandana,
smiley_face,
behind_another,
slime_(creature),スライム
white_bird,
grey_sports_bra,
juice_box,紙パック
juliana_(pokemon),"アオイ(ポケモンSV),アオイ(ポケモン),アオイ(トレーナー),アオイ,スカーレット・コイト,スカーレット(ポケスペ)"
swirl_lollipop,
fur-trimmed_kimono,
white_garter_straps,
yellow_thighhighs,
constellation_print,
yukine_chris,雪音クリス
oni_mask,
purple_eyeshadow,
elbow_carry,
holding_stick,
mimikaki,耳かき
twin_turbo_(umamusume),"ツインターボ(ウマ娘),ツインターボ,双涡轮,雙渦輪,트윈터보,爆走!ターボエンジン,全力大逃げ娘"
grey_belt,
shoulder_carry,"肩車,骑脖子"
pussy_juice_puddle,
used_tissue,"使用済みティッシュ,纸团"
russian_text,"ロシア語,Русский"
reze_(chainsaw_man),"レゼ,レゼ(チェンソーマン),蕾塞"
vertical-striped_pantyhose,
hilda_valentine_goneril,ヒルダ=ヴァレンティン=ゴネリル
bear_hair_ornament,
clorinde_(genshin_impact),"Clorinde,クロリンデ,克洛琳德,클로린드,clorivia"
falling_feathers,
penis_out,
stitched_face,
dessert,"デザート,お菓子,点心"
takatsuki_yayoi,"高槻やよい,たかつきやよい"
ningguang_(genshin_impact),"凝光,凝光(原神),Ningguang,beiguang"
alternate_skin_color,
zhu_yuan,"朱鸢,朱鳶,주연,ZhuYuan"
no_halo,
sessyoin_kiara,"殺生院キアラ,随喜自在第三外法快楽天,ヘブンズホール,杀生院,杀生院祈荒,殺生院キアラ(アルターエゴ),殺生院祈荒,キアラ・キッショウイン,快楽天・胎蔵曼荼羅,ヘブンズホール/須弥霊掌快楽天魔性菩薩"
chihaya_anon,"千早愛音,あのそよ,ansy,千早爱音"
sparks,火花
cousins,
handsfree_ejaculation,"ところてん,メスイキ,トコロテン,ノーハンド射精"
satchel,かばん
oversized_animal,巨大生物
hexagram,"六芒星,ヘキサグラム,ダビデの星"
higashiyama_kobeni,"東山コベニ,コベニ,kobeni"
triangle_hair_ornament,
nekomata_okayu_(1st_costume),猫又おかゆ(通常)
mash_kyrielight_(dangerous_beast),"デンジャラス・ビースト,マシュケベ礼装"
ump9_(girls'_frontline),"UMP9(ドールズフロントライン),UMP9,UMP9(少女前線)"
sports_car,
tape_gag,テープギャグ
platform_heels,
akagi_(azur_lane),"赤城(碧蓝航线),赤城(アズールレーン),赤城,凰"
fennec_(kemono_friends),"フェネック(けものフレンズ),ばすてきコンビ,アラフェネ"
yellow_armband,
atelier_ryza_1,"ライザのアトリエ,ライザのアトリエ常闇の女王と秘密の隠れ家,Atelier_Ryza:_The_Queen_of_Eternal_Darkness_and_the_Secret_Hideout"
2019,"2019年,平成31年,令和元年"
sweatpants,スウェットパンツ
sweatband,
cupless_bra,トップレスブラ
pokemon_sm_(anime),"ポケットモンスターサン&ムーン,SM(アニポケ)"
hoshimachi_suisei_(1st_costume),星街すいせい(通常)
aisaka_taiga,"逢坂大河,taiga_aisaka,aisakataiga,taiga,taigaaisaka"
green_apron,
swing,"ブランコ,秋千,鞦韆"
crotch_plate,
dust,
incoming_attack,
luna_child,"ルナチャイルド,루나차일드"
rocket_launcher,"ロケットランチャー,MANPADS,無反動砲"
melusine_(fate),"妖精騎士ランスロット,メリュジーヌ(Fate)"
wreath,"花輪,はなわ"
light_bulb,"電球,灯泡"
selfcest,同一CP
choko_(cup),猪口
fairy_(kancolle),"装備妖精,工廠妖精,妖精(艦隊これくしょん),妖精(艦これ)"
cevio,"CeVIO,Cevio"
attack,
white_eyelashes,
saki_(blue_archive),"空井サキ,소라이사키"
multiple_braids,
chouzetsusaikawa_tenshi-chan,"超絶最かわてんしちゃん,超てんちゃん,omgkawaiiangel-chan,kangel,超天酱,최고귀욤뽀짝천사,omgkawaiiangel"
world_war_ii,"第二次世界大戦,第2次世界大戦,WW2,WWII,world_war_2"
reizei_mako,"冷泉麻子,あんこうチーム,まこさお,まこそど,みほまこ,カトマコ"
faucet,"蛇口,水龙头"
skadi_the_corrupting_heart_(arknights),"浊心斯卡蒂,濁心スカジ,濁心スカジ(アークナイツ)"
mummy_costume,
oma_kokichi,"王馬小吉,kokichiouma,王马小吉,最王"
implied_futanari,
puffy_shorts,
octoling_girl,タコガール
respirator,
makise_kurisu,"牧瀬紅莉栖,クリスティーナ"
roronoa_zoro,"ロロノア・ゾロ,ゾロ"
fake_phone_screenshot,閉じ込めてみた
holding_pillow,
kieran_(pokemon),"スグリ(ポケモン),スグリ(トレーナー)"
pith_helmet,
fiery_hair,
spiked_armlet,
shoulder_strap,
whisk,"ホイッパー,泡立て器,打蛋器,搅拌器"
pink-tinted_eyewear,
sweets,"スイーツ,お菓子,甜的"
gradient_skin,
viewer_holding_leash,
black_garter_belt,
liquid,
gusset,
cheek_poking,
tam_o'_shanter,
mole_on_ass,
pearl_(gemstone),"真珠,진주,珍珠"
d-pad_hair_ornament,
german_clothes,
lum,"ラム・インベーダー,ラムちゃん"
brown_socks,
aqua_jacket,
grey_scarf,
fire_emblem:_path_of_radiance,
spread_wings,
alarm_clock,目覚まし時計
kaga_(azur_lane),"加贺(碧蓝航线),加賀(アズールレーン),加賀,鸾"
artificial_vagina,"オナホール,オナホ,オナホコキ,テンガ"
chaps,チャップス
lize_helesta,"リゼ・ヘルエスタ,ヘル絵スタ"
saenai_heroine_no_sodatekata,"冴えない彼女の育てかた,冴えない彼女の育て方,冴えない彼女,冴えカノ,路人女主的养成方法,さえないヒロインのそだてかた"
leg_belt,
mars_symbol,♂
tickling,くすぐり
thigh_cutout,
guitar_case,ギターケース
cube,"立方体,正六面体,정육면체,立方體"
plate_armor,
cum_on_hands,掌受け
barrel,樽
holding_helmet,
blood_stain,血痕
racket,ラケット
mayano_top_gun_(umamusume),"マヤノトップガン,マヤノトップガン(ウマ娘)"
unryuu_(kancolle),"雲龍,雲龍(艦隊これくしょん),雲龍(艦これ),雲乳,云龙"
project_diva_(series),ProjectDIVA
bear_girl,
batman_(series),"バットマン,BATMAN"
grabbing_another's_arm,
pet_play,"ペットプレイ,ヒトイヌ"
purple_capelet,
cum_on_male,
yahagi_(kancolle),"矢矧,矢矧(艦隊これくしょん),矢矧(艦これ)"
holding_shoes,
pink_coat,
yoru_(chainsaw_man),"ヨル(チェンソーマン),ヨル"
isokaze_(kancolle),"磯風,磯風(艦隊これくしょん),磯風(艦これ)"
cheek_pinching,捏脸
pixiv_id,
pocky_day,"ポッキーの日,ポッキー&プリッツの日,ポッキープリッツの日,pockyday"
m4_carbine,"M4カービン,M4A1"
dokidoki!_precure,"ドキドキ!プリキュア,ドキドキプリキュア,ドキプリ"
suigintou,"水銀燈,水銀灯"
orange_thighhighs,
rubble,瓦礫
happy_tears,嬉し涙
blood_from_eyes,血の涙
usami_sumireko,"宇佐見菫子,菫子,우사미스미레코,레코,宇佐见堇子"
multicolored_bow,
takane_lui,"鷹嶺ルイ,luillust"
lace-trimmed_sleeves,
anti-materiel_rifle,"アンチマテリアルライフル,対物ライフル"
cooking_pot,鍋
checkered_necktie,
natsu_(blue_archive),"柚鳥ナツ,유토리나츠"
lysithea_von_ordelia,"リシテア,リシテア=フォン=コーデリア"
cigar,"葉巻,シガー,葉巻きたばこ,엽궐련,雪茄"
yuuki_makoto_(persona_3),"有里湊,結城理,汐見朔也,キタロー,结城理"
striped_sweater,
low_neckline,
holding_brush,
manga_(object),
cropped_shoulders,
yellow_hoodie,
kingdom_hearts,"王国心,キングダムハーツ,KingdomHearts,KH"
coif,
arcane:_league_of_legends,"Arcane,アーケイン"
senran_kagura_new_link,"シノビマスター閃乱カグラNewLink,閃乱カグラNewLink,シノマス,シノビマスター"
touhou_lostword,"東方LostWord,東方LW,東方ロストワード,東ロワ,touhouLW"
orange_scarf,
black_bridal_gauntlets,
fish_girl,"魚人,魚娘"
flexing,
brown_necktie,
breast_focus,
pixiv_username,
drinking_straw_in_mouth,
utility_belt,工具腰带
doyagao,"ドヤ顔,どや顔,どや乳"
spinning,
new_game!,"NEWGAME!,ニューゲーム,NEWGAME!!"
bodice,ボディス
heart_in_mouth,
kiyoshimo_(kancolle),"清霜(艦これ),清霜,清霜(艦隊これくしょん),大戦艦清霜"
bomber_jacket,"フライトジャケット,ボンバージャケット,飞行员夹克"
holding_scissors,
yellow_choker,
akigumo_(kancolle),"秋雲,秋雲(艦隊これくしょん),秋雲(艦これ),秋雲先生,オータムクラウド先生"
baldur's_gate,バルダーズ・ゲート
veiny_arms,
viera,"ヴィエラ,ヴィエラ(FF14)"
pond,池
bat_ears,コウモリ耳
la+_darknesss_(1st_costume),ラプラス・ダークネス(通常)
muv-luv,"マブラヴ,MuvLuv,Muv-Luv,マブラヴSkeb部"
senjougahara_hitagi,戦場ヶ原ひたぎ
cloud_print,
abstract,"アブストラクト,抽象,抽象画"
mihono_bourbon_(umamusume),"ミホノブルボン,ミホノブルボン(ウマ娘)"
chandelier,シャンデリア
gran_(granblue_fantasy),"グラン,グラン(グラブル)"
yuki_setsuna,"優木せつ菜,中川菜々,ユウキ刹那,せっぱい"
ancient_greek_clothes,"古代ギリシャ,ギリシャ神話,イオニア式"
grey_bra,
coral,"サンゴ,珊瑚"
studded_belt,
dizzy_(guilty_gear),ディズィー
cropped_sweater,
multicolored_shirt,
sideways,
overcast,
x,
holding_water_gun,
turtleneck_leotard,
miura_azusa,"三浦あずさ,みうらあずさ"
goblin,"ゴブリン,小鬼"
school_emblem,校章
curren_chan_(umamusume),"カレンチャン,カレンチャン(ウマ娘)"
colored_shoe_soles,
spoken_sweatdrop,
futanari_masturbation,
tippy_(gochiusa),ティッピー
caterpillar_tracks,"無限軌道,キャタピラ,履帯"
eyebrow_piercing,
halloween_bucket,
yugake,
baldur's_gate_3,"バルダーズ・ゲートIII,バルダーズ・ゲート3,BaldursGate3,博德之门3,bg3"
orange_fur,
blunt_tresses,
ashigara_(kancolle),"足柄,足柄(艦隊これくしょん),足柄(艦これ),足柄さん"
industrial_pipe,
banknote,"紙幣,札束"
flaming_eye,
biker_clothes,
tamamo_cat_(fate),タマモキャット
stuffed_shark,
brown_shoes,
yang_xiao_long,"Yang,yang,YangXiaoLong,yangxiaolong,ヤン・シャオロン,陽小龍"
naked_sheet,裸シーツ
kochou_shinobu,"胡蝶しのぶ,蝴蝶忍,shinobukochou,kochoushinobu,shinobu_kochou,kny_shinobu"
brave_witches,ブレイブウィッチーズ
industrial_piercing,
elysia_(miss_pink_elf)_(honkai_impact),エリシア(通常)
sunny_milk,"サニーミルク,서니밀크"
brown_cape,
skull_mask,
bb_(swimsuit_mooncancer)_(fate),"BBペレ,BB(水着),BBホテップ,水着BB"
rabbit_hole_(vocaloid),"ラビットホール,兔子洞"
shallow_water,
still_life,静物
whale,"鯨,くじら,クジラ"
twincest,
pripara,"プリパラ,프리파라,ダンプリ,星光樂園,腐リパラ,美妙天堂,百合パラ"
oguri_cap_(umamusume),"オグリキャップ,オグリキャップ(ウマ娘),モグリキャップ"
fried_egg,"目玉焼き,サニーサイドアップ,煎蛋,荷包蛋"
refrigerator,冷蔵庫
hyuuga_hinata,"日向ヒナタ,うずまきヒナタ,ヒナぱい,ナルヒナ"
hadanugi_dousa,"肌脱ぎ,肌脱ぎ動作"
shiratsuyu_(kancolle),"白露,白露(艦隊これくしょん),白露(艦これ)"
open_bra,フロントホック
samurai,"侍,女武者"
birdcage,鳥かご
matsuura_kanan,"松浦果南,火曜日ご機嫌いかが果南,Kanan_Matsuura"
brown_cloak,
wide_ponytail,
choppy_bangs,"すだれ前髪,シースルー前髪,シースルーバング"
1koma,"1コマ,1コマ漫画,一コマ,一コマ漫画,1格漫画,一格漫画"
toast,トースト
high_contrast,
quarter_note,"四分音符,♩"
baguette,"バゲット,フランスパン,法式长棍面包,长棍面包,法棍"
off-shoulder_bikini,
sword_of_hisou,緋想の剣
excessive_pubic_hair,
frilled_shorts,
ranma-chan,"早乙女らんま,女らんま,らんまちゃん"
kid_icarus,"パルテナの鏡,光神話・パルテナの鏡"
forked_tongue,スプリットタン
comb,櫛
year_of_the_ox,"丑年,牛年"
rabbit-shaped_pupils,
lunasa_prismriver,"ルナサ・プリズムリバー,ルナサ,露娜萨·普莉兹姆利巴,露娜萨,루나사프리즘리버,루나사"
orange_theme,"橙色,だいだい色,オレンジ色,オレンジ"
wrestling_outfit,
two-tone_leotard,
disgust,"養豚場の豚を見るような目,ゴミを見るような目,嫌悪"
navia_(genshin_impact),"Navia,ナヴィア,娜维娅,나비아,ナヴィア(原神),Clorivia,Neuvia"
spider_girl,"蜘蛛女,蜘蛛娘,アルケニー,アラクネ"
rover_(wuthering_waves),
i-58_(kancolle),"伊58,伊58(艦隊これくしょん),伊58(艦これ),ゴーヤ,ごーや,ゴーヤちゃん,ごーやちゃん"
kudamaki_tsukasa,"菅牧典,쿠다마키츠카사"
ibaraki_douji_(fate),"茨木童子(Fate),茨木童子"
single_vertical_stripe,
strawberry_print,
nail_(hardware),釘
hair_lift,
snap-fit_buckle,
bandage_on_face,
open_pants,
tail_censor,ディフェンスに定評のある尻尾
wind_chime,"風鈴,风铃"
ayase_momo,綾瀬桃
brushing_hair,
white_armor,
kaenbyou_rin_(cat),
park_bench,
dodoco_(genshin_impact),
oberon_(fate),"オベロン(Fate),奥伯龙"
diamond_cutout,
dreaming,夢
kicchou_yachie,"吉弔八千慧,八千慧,킷초야치에,야치에,8月7日は八千慧の日,吉吊八千慧"
narukami_yuu,"鳴上悠,瀬多総司,鸣上悠"
argyle_legwear,
heel_up,抬脚跟
pulling,
dark_halo,
lilith_(darkstalkers),"欲望の迷い子リリス,リリス,莉莉丝"
prayer_beads,"📿,数珠,ロザリオ"
ofuda_on_clothes,
neckwear_grab,
ass_ripple,
theresa_apocalypse,"德丽莎,テレサ・アポカリプス,テレサ,德丽莎·阿波卡利斯"
video_camera,ビデオカメラ
head_on_another's_shoulder,
holding_ice_cream,
egg_(food),"卵,玉子,たまご,タマゴ"
69,"69,シックスナイン"
red_hands,
leg_hold,
anastasia_(fate),"アナスタシア(Fate),アナスタシア・ニコラエヴナ・ロマノヴァ(Fate),アナスタシア"
key_necklace,
makinami_mari_illustrious,"真希波・マリ・イラストリアス,イラストリアス"
senran_kagura_shoujo-tachi_no_shin'ei,"閃乱カグラ-少女達の真影-,少女達の真影"
figure,"フィギュア,figurine,手辦"
unworn_bikini_top,
breasts_on_head,"のせてんのよ,乗せてんのよ"
heartcatch_precure!,"ハートキャッチプリキュア!,ハートキャッチプリキュア,ハトプリ,ハートキャッチ"
fire_emblem:_the_sacred_stones,聖魔の光石
kasane_teto_(sv),重音テトSV
bb_(fate/extra),
sonia_(pokemon),"ソニア(ポケモン),ソニア,ソニアっぱい,ダンソニ,ソニルリ,ルリソニ"
seigaiha,青海波
spider-verse,
prosthetic_leg,義足
dark_souls_i,"darksouls1,DARKSOULS,ダークソウル"
fate/prototype:_fragments_of_blue_and_silver,Fate/Prototype蒼銀のフラグメンツ
overgrown,
shinjou_akane,"新条アカネ,新条茜"
holly,"ヒイラギ,セイヨウヒイラギ,冬青"
goat_girl,ヤギ娘
kumano_(kancolle),"熊野(艦隊これくしょん),熊野(艦これ),熊野,鈴熊"
nail_art,
naka_(kancolle),"那珂,那珂(艦隊これくしょん),那珂(艦これ)"
dirndl,ディアンドル
lip_piercing,
imminent_fellatio,
satonaka_chie,里中千枝
whipped_cream,ホイップクリーム
fou_(fate),"フォウ,フォウ(Fate),フォウくん"
fishnet_gloves,
taigei_(kancolle),"大鯨,大鯨(艦隊これくしょん),大鯨(艦これ)"
wolf_cut,ウルフカット
idolmaster_1,
grey_bikini,灰色ビキニ
fourth_wall,"第四の壁,メタ発言"
no_lineart,
elysia_(herrscher_of_human:_ego)_(honkai_impact),"人之律者,エリシア(人の律者)"
hanekawa_tsubasa,羽川翼
unworn_boots,
tighnari_(genshin_impact),"Tighnari,ティナリ,提纳里,Tighlei"
ribbon_bondage,リボン縛り
st._gloriana's_military_uniform,
leather_belt,
kurokote,黒小手
pyonta,
electrokinesis,
2018,"2018年,平成30年"
lyn_(fire_emblem),"リンディス,lyndis"
red_cross,赤十字
matara_okina,"摩多羅隠岐奈,隠岐奈,摩多罗隐岐奈,隐岐奈,마타라오키나,오키나"
striker_unit,ストライカーユニット
scar_on_stomach,
real_life_insert,
micro_panties,
sanshoku_dango,"三色団子,三色团子,花見団子,花见团子"
neon_lights,"ネオン,ネオンサイン"
holding_cane,
deviantart_username,
ryuuguu_rena,"竜宮レナ,龙宫礼奈,류구레이나"
latex_gloves,
spiked_choker,
flame_print,
uzuki_(kancolle),"卯月,卯月(艦隊これくしょん),卯月(艦これ)"
blue_tongue,
neuvillette_(genshin_impact),"neuvillette,ヌヴィレット,那维莱特,wriolette,Neuvia,フリヌヴィ,リオヌヴィ,ヌヴィフリ"
pink_tail,
claw_(weapon),
saten_ruiko,"佐天涙子,さてんるいこ"
citlali_(genshin_impact),"シトラリ,Citlali,茜特菈莉"
sitting_on_stairs,"坐在台阶上,坐在楼梯上"
fate/samurai_remnant,"Fate/SamuraiRemnant,FateSR,Fate/SR,サムレム,FSR"
tail_piercing,
kagari_atsuko,"アッコ,アッコ・カガリ,アツコ・カガリ,アッコ(リトルウィッチアカデミア),亚可"
red_hood,
boxing_gloves,ボクシンググローブ
traffic_light,"信号機,信号"
pov_doorway,
holostars,"ホロスターズ,HOLOSTARS,HolostArt"
kousaka_kirino,高坂桐乃
dreadlocks,"ドレッドヘア,脏辫"
age_progression,"成長過程,ageprogression"
ushiwakamaru_(fate),"牛若丸,牛若丸(Fate)"
ufo,UFO
lace_choker,
wooden_fence,木围栏
polka_dot_bra,
yu-gi-oh!_duel_monsters,"遊☆戯☆王デュエルモンスターズ,遊戯王DM"
railroad_tracks,線路
kara_no_kyoukai,空の境界
shinomiya_kaguya,"四宮かぐや,四宫辉夜,かぐや"
shadowverse,"Shadowverse,シャドウバース,影之诗,シャドバ"
bemani,BEMANI
power_symbol-shaped_pupils,
fate/hollow_ataraxia,"Fate/hollowataraxia,Fate/HollowAtaraxia,フェイト/ホロウアタラクシア,hollow_ataraxia"
triforce,トライフォース
crescent_print,
through_wall,壁尻
lotion_bottle,
yellow_wings,
clothed_masturbation,"女装オナニー,オナニー(着衣),着衣オナニー"
omurice,オムライス
mari_(track)_(blue_archive),伊落マリー(体操服)
drying,
haruna_(blue_archive),"ハルナ,ハルナ(ブルアカ),ハルナ(ブルーアーカイブ),黒舘ハルナ,쿠로다테하루나"
bow_legwear,
slime_(genshin_impact),スライム(原神)
sigh,
shima_rin,志摩リン
futa_with_futa,"ふた×ふた,ふたゆり,ふた男女,フタ百合"
rice_bowl,"茶碗,茶わん,ちゃわん"
clover_print,
phase_connect,"Phaseconnect,Phase-connect,フェーズコネクト,Phase-Connect"
blue_armband,
blade_(honkai:_star_rail),"刃,Blade,블레이드"
akagi_miria,赤城みりあ
chicken_(food),"鶏肉,チキン,鳥肉"
kujou_sara,"九条裟羅,九条サラ,ittosara"
gold_armor,
anzio_school_uniform,
tokusatsu,"特撮,特摄,巨大ヒロイン"
changli_(wuthering_waves),"changli,长离,長離,장리"
off-shoulder_jacket,
standing_on_liquid,
tuxedo,タキシード
blue_cloak,
ak-12_(girls'_frontline),"AK12,AK-12,AK-12(ドールズフロントライン),AK-12(少女前線)"
two-tone_bowtie,
togawa_sakiko,"豊川祥子,丰川祥子,オブリビオニス,にゃむさき,むつさき,さきとも"
adachi_rei,足立レイ
mesugaki,"メスガキ,エロガキ"
final_fantasy_vi,"ファイナルファンタジーvi,ファイナルファンタジー6,ff6"
redesign,
short_sword,"ショートソード,短剣"
gotland_(kancolle),"ゴトランド,ゴトランド(艦隊これくしょん),ゴトランド(艦これ),ローソンゴトランド,ゴトランドandra"
nagasaki_soyo,"長崎そよ,あのそよ,ansy,そよ,长崎爽世,むつそよ,そよりん"
holding_hose,
arm_wrap,
harvin,ハーヴィン
bow_(music),
yuzuki_choco,"癒月ちょこ,しょこらーと"
harusame_(kancolle),"春雨,春雨(艦これ),春雨(艦隊これくしょん)"
cave,"洞窟,洞穴,洞"
eishin_flash_(umamusume),"エイシンフラッシュ,エイシンフラッシュ(ウマ娘),荣进闪耀(赛马娘)"
inset,
nero_claudius_(swimsuit_caster)_(fate),ネロ・クラウディウス(水着)
mihoyo,"miHoYo,米哈游,米哈遊,HoYoLAB,HoYoverse"
springfield_(girls'_frontline),"スプリングフィールド(ドールズフロントライン),春田,M1903,春田(少女前线),スプリングフィールド,スプリングフィールド(少女前線)"
chitanda_eru,"千反田える,えるたそ"
brown_corset,
hairdressing,
shuriken,"手裏剣,手里剑,日本飞镖"
gradient_dress,
no_wings,
jack-o'_challenge,"jackochallenge,jackoposechallenge,jackopose"
eye_focus,"聚焦眼部,大特写镜头"
rotom,ロトム
spine,"脊柱,背骨,backbone"
if_they_mated,假如它们有了孩子
android_18,"人造人間18号,18号,ラズリ"
plaid_jacket,
butterfly_on_hand,
shun_(blue_archive),"春原シュン,春原シュン(幼女),シュン(幼女),シュン,shun,스노하라슌,슌"
shared_scarf,"二人マフラー,ダブルマフラー,2人マフラー,連マフラー,あったかあったか"
twitter_strip_game,
horns_through_headwear,
uzaki-chan_wa_asobitai!,"宇崎ちゃんは遊びたい!,宇崎ちゃんは遊びたい"
meandros,"雷紋,メアンドロス模様,雷文"
incoming_food,
shirogane_naoto,白鐘直斗
collared_cape,
kaeya_(genshin_impact),"凯亚,ガイア・アルベリヒ,ガイア,ガイア(原神),kaeya,ガイディル,kaebedo,ディルガイ"
yu_mei-ren_(fate),"虞美人(Fate),虞美人,虞姬"
deer_antlers,
caressing_testicles,
partially_underwater_shot,
pink_pantyhose,
morpeko,モルペコ
air_conditioner,"エアコン,室外機,空调,空调外机"
himemori_luna,"姫森ルーナ,ルーナート,セクシールーナート,姫川美月,LunArt"
wrist_guards,リストガード
kouzuki_kallen,"カレン・シュタットフェルト,紅月カレン"
closers,"클로저스,クローザーズ,封印者"
polka_dot_dress,
star_sticker,
painterly,"digital_painting,digitalpainting"
skyline,
train_station,"駅,駅舎"
nengajou,"年賀状,年賀"
albedo_(genshin_impact),"kaebedo,阿贝多,アルベド,アルベド(原神),Albedo,Kreideprinz"
scar_on_forehead,
cross-laced_dress,
trick_or_treat,"トリックオアトリート,トリック・オア・トリート"
ooarai_military_uniform,
tarot,"タロット,タロット風"
long_sidelocks,
dominatrix,"女王様,ミストレス"
tissue,ティッシュ
kashiwazaki_sena,柏崎星奈
fleeing,
kasumi_kai_ni_(kancolle),霞改二
dress_tug,
white_mask,
ambience_synesthesia,"音律联觉,音律聯覚"
mohawk,モヒカン
oboro_(kancolle),"朧,朧(艦隊これくしょん),朧(艦これ)"
meltryllis_(swimsuit_lancer)_(fate),"謎のアルターエゴ・Λ,メルトリリス(水着),ラムダリリス,水着メルト"
dark_anus,
uzumaki_naruto,"うずまきナルト,ナルヒナ,ナルサク,サクナル,漩涡鸣人,naruto"
projectile_lactation,噴乳
striped_shorts,
tamamo_no_mae_(swimsuit_lancer)_(fate),"玉藻の前(水着),ビーチフラワー"
taiyaki,"たいやき,鯛焼き,鲷鱼烧,たい焼き"
ankle_strap,
yanfei_(genshin_impact),"煙緋,Yanfei,烟绯"
kiso_(kancolle),"木曾,木曾(艦隊これくしょん),木曾(艦これ)"
2016,"2016年,平成28年"
buttoned_cuffs,
budget_sarashi,
surprise_kiss,
pink_camisole,
penis_size_difference,ちんこ比べ
keyboard_(instrument),"鍵盤,鍵盤楽器,電子ピアノ"
curled_fingers,
itadori_yuuji,虎杖悠仁
marker,
rough_sex,暴力的なセックス
jersey,球衣
ainu_clothes,アイヌ
holding_leaf,
sig_sauer,SIG
touhoku_kiritan,"東北きりたん,きりたんキラキラ金曜日"
stardust_crusaders,"スターダストクルセイダース,星尘十字军,3部"
spanking,"スパンキング,お尻ペンペン,お尻叩き,打尻,打屁股"
kirito,"キリト,桐ヶ谷和人"
kurosawa_dia,"黒澤ダイヤ,Dia_Kurosawa"
pokemon_horizons,"ポケットモンスター(アニポケ第8シリーズ),リコとロイの旅シリーズ,リコとロイの旅立ち,テラパゴスのかがやき,テラスタルデビュー"
prehensile_hair,
battery_indicator,
2017,"2017年,平成29年"
nike_(company),ナイキ
naked_cape,裸ケープ
kikyou_(blue_archive),"キキョウ(ブルーアーカイブ),キキョウ,桐生キキョウ"
veranda,"縁側,ベランダ"
pink_sailor_collar,
strap-on,"ペニスバンド,ペニバン"
rainbow_order,
scepter,"笏,セプター,权杖"
suzutsuki_(kancolle),"涼月,涼月(艦隊これくしょん),涼月(艦これ)"
color_connection,颜色相仿
akizuki_(kancolle),"秋月,秋月(艦隊これくしょん),秋月(艦これ)"
houjou_satoko,北条沙都子
leonardo_da_vinci_(fate),"ダ・ヴィンチちゃん,ダビンチちゃん,レオナルド・ダ・ヴィンチ(Fate)"
sakura_futaba,佐倉双葉
pointless_condom,
shirase_sakuya,白瀬咲耶
watashi_ni_tenshi_ga_maiorita!,"私に天使が舞い降りた!,wataten,わたてん,わたてん100users入り"
melonbooks,メロンブックス
houshou_marine_(summer),宝鐘マリン(水着)
hooded_sweater,
bad_hands,
poncho,ポンチョ
hoshikawa_sara,"星川サラ,サラ星図,サラし絵"
eyebrow_cut,
gundam_seed_destiny,"機動戦士ガンダムSEEDDESTINY,ガンダムSEEDDESTINY"
diving_mask,
lisa_(genshin_impact),"丽莎,リサ(原神),Lisa,Lisa_Minci,リサ・ミンツ,jeanlisa"
oral_invitation,"顔射待ち,舌射待ち,舌は性器"
elira_pendora,"EliraPendora,E1337RA,絵リーラ,pendorART,elilust,エリーラペンドラ,elipomu,エリーラ・ペンドラ"
amy_rose,"amy,エミー,エミー・ローズ,AmyRose,エミーローズ,エイミーローズ,sonamy,ソニエミ,ソナミー,青粉,blazamy,shadamy,シャドエミ"
sketchbook,
failure,"失敗,間違い"
brown_theme,ブラウン
sweet_potato,"芋,いも,イモ,薩摩芋,さつまいも,サツマイモ,红薯,番薯,地瓜"
hair_brush,ヘアブラシ
azumanga_daioh,"あずまんが大王,笑園漫畫大王"
tangzhuang,"唐装,唐裝"
menu,メニュー
takanashi_rikka,小鳥遊六花
satsuki_(kancolle),"皐月,皐月(艦隊これくしょん),皐月(艦これ)"
fourth_east_high_school_uniform,
multiple_weapons,
suspended_congress,"駅弁ファック,櫓立ち,駅弁(体位),火車便當式,駅弁,火车便当"
kanroji_mitsuri,甘露寺蜜璃
bandaid_on_hand,
cheering,"加油,鼓劲"
saria_(arknights),"塞雷娅,サリア,サリア(アークナイツ),博塞,赛雷娅"
purple_sash,
heart_maebari,
hair_in_own_mouth,
bakugou_katsuki,"爆豪勝己,爆豪,ばくごう,かっちゃん,Bakugo,Bakugou"
white_tube_top,
hammer_and_sickle,"☭,鎌と槌"
energy_ball,"光球,エネルギー弾"
stone_floor,
pyrokinesis,
erica_hartmann,"エーリカ・ハルトマン,ハルトマン姉妹"
thrusters,
aoba_(kancolle),"青葉,青葉(艦隊これくしょん),青葉(艦これ)"
multiple_piercings,
mole_on_cheek,
dragon_ball_(classic),"ドラゴンボール,DB,dragon_ball,dragonball,神龍の伝説,魔神城のねむり姫,摩訶不思議大冒険,最強への道"
column,
party_hat,
yellow_coat,
health_bar,
tied_up_(nonsexual),緊縛
boxers,トランクス
soap,
clothed_animal,
hassan_of_serenity_(fate),"静謐のハサン,アサシン(フラグメンツ),assassin_(fate/prototype_fragments)"
censored_identity,
black_male_underwear,
jingasa,陣笠
battle_axe,
torpedo_tubes,魚雷発射管
jintsuu_(kancolle),"神通,神通(艦隊これくしょん),神通(艦これ)"
volleyball_uniform,
furrification,"擬獣化,獣化,transfur,獣人化,拟兽"
faust_(project_moon),"파우스트,faust,ファウスト"
morino_rinze,杜野凛世
belt_bra,ベルトブラ
festival,"祭り,お祭り,节日"
mysterious_heroine_xx_(fate),"ヒロインXX,謎のヒロインXX"
robin_(female)_(fire_emblem),ルフレ♀
heart_collar,
index_fingers_together,
molestation,"痴漢,セクハラ"
haruka_(blue_archive),"伊草ハルカ,이구사하루카,ハルカ,haruka"
scar_on_neck,
setsubun,"節分,せつぶん"
pink_wings,
yura_(kancolle),"由良,由良(艦隊これくしょん),由良(艦これ)"
ryuuou_no_oshigoto!,"りゅうおうのおしごと!,りゅうおうのおしごと,龍王的工作!,龍王的工作,龙王"
gundam_build_fighters_try,ガンダムビルドファイターズトライ
basketball,"バスケットボール,バスケ"
bleach:_sennen_kessen-hen,千年血戦篇
ouji_fashion,"王子,少年装,ouji,boystyle,王子様"
pink_vest,
goldenglow_(arknights),"澄闪,ゴールデングロウ,ゴールデングロウ(アークナイツ),ゴールデングロー(アークナイツ),ゴールデングロー"
saihara_shuichi,"最原終一,最原终一,最王"
asui_tsuyu,"蛙吹梅雨,ケロイン,梅雨ちゃん"
street_fighter_zero_(series),ストリートファイターzero
brown-framed_eyewear,
final_fantasy_xi,"ファイナルファンタジーxi,ファイナルファンタジー11,ff11"
real_world_location,GoogleMapの旅
large_testicles,巨玉
miyafuji_yoshika,"宮藤芳佳,淫獣宮藤"
holding_balloon,
spread_pussy_under_clothes,着衣くぱぁ
sirius_symboli_(umamusume),"シリウスシンボリ(ウマ娘),シリウスシンボリ,天狼星象征"
guiding_hand,
st._louis_(azur_lane),"セントルイス(アズールレーン),セントルイス,圣路易斯"
tokisaki_kurumi,"時崎狂三,狂三,时崎狂三"
minato_aqua_(1st_costume),"湊あくあ(通常),バーチャルマリンメイド"
multiple_bracelets,
spooning,"側位,松葉崩し"
trumpet,"小号,喇叭"
back_focus,魅惑の背中
tri_tails,トリプルテール
irene_(arknights),"艾丽妮,アイリーニ(アークナイツ),アイリーニ,아이린"
oumae_kumiko,"黄前久美子,くみれい"
2025,2025年
kagerou_(kancolle),"陽炎,陽炎(艦隊これくしょん),陽炎(艦これ)"
heart_facial_mark,
desk_lamp,
unworn_sandals,
ballerina,"バレリーナ,バレエダンサー"
skyla_(pokemon),"フウロ,フウロっぱい,フウロちゃんマジぶっとび,フウロ閣下,ハチフロ"
arm_armor,
lynette_(genshin_impact),"Lynette,Lynnette,琳妮特,Línnītè,リネット,Rinetto,리넷,Rinet,原神琳妮特,リネット(原神)"
blue_armor,
yes-no_pillow,"YES/NO枕,イエスノー枕,YES枕,YES/YES枕"
sora_harewataru,ソラ・ハレワタール
gambier_bay_(kancolle),"ガンビア・ベイ(艦隊これくしょん),ガンビア・ベイ(艦これ),ガンビアベイ(艦隊これくしょん),ガンビアベイ(艦これ),ガンビア・ベイ,ガンビアベイ,GambierBay,ガンビア・パイ"
axis_powers_hetalia,"ヘタリア,APH,にょたりあ,刀剣ヘタ,黑塔利亚,aph"
takanashi_kiara_(1st_costume),小鳥遊キアラ(通常)
multiple_4koma,
tennis_racket,
curry,カレー
carmine_(pokemon),"ゼイユ,ゼイユ(トレーナー),ゼイユ(ポケモン)"
spandex,スパンデックス
heart_tail,尻尾がハート
osaki_amana,大崎甘奈
kamikaze_(kancolle),"神風,神風(艦これ),神風(艦隊これくしょん)"
puyopuyo,"ぷよぷよ,腐よ腐よ"
cyclops,"単眼,一つ目,モノアイ"
visible_air,
unworn_socks,
ribbon-trimmed_collar,
turtle,"カメ,亀"
white_snake,白蛇
gun_sling,
ranni_the_witch,"魔女ラニ,魔女レナ,ラニ,菈妮,褪ラニ,ranni,rannithewitch"
tulip,"チューリップ,郁金香"
soulcalibur,"ソウルキャリバー,灵魂能力"
kuwayama_chiyuki,桑山千雪
morikubo_nono,森久保乃々
green_flower,
suite_precure,"スイートプリキュア♪,スイートプリキュア,スイプリ"
final_fantasy_vii_rebirth,"FF7Rebirth,FFVIIRebirth,FF7リバース,FFVIIリバース,finalfantasy7rebirth,finalfantasyviirebirth,ファイナルファンタジー7リバース,ファイナルファンタジーVIIリバース"
full-length_zipper,
you're_doing_it_wrong,"違う、そうじゃない,違うそうじゃない"
beam_rifle,ビームライフル
9s_(nier:automata),"9S,ヨルハ九号S型"
fake_facial_hair,
spider,蜘蛛
blue_robe,
hands_on_another's_cheeks,
kunikida_hanamaru,"国木田花丸,よしまる普及委員会,Hanamaru_Kunikida"
instagram_logo,
sparkler,
gatling_gun,"ガトリングガン,ガトリング砲"
u-511_(kancolle),"U-511,U-511(艦これ),U-511(艦隊これくしょん)"
koyanskaya_(fate),"タマモヴィッチ,光のコヤンスカヤ,コヤンスカヤ,玉藻の前(アサシン),アサ狐"
beckoning,手招き
camilla_(fire_emblem),"カミラ(FEif),Camilla,カミラ"
mega_man_x_(series),ロックマンX
marvel_rivals,
low-tied_sidelocks,
pavement,石畳
fire_emblem_echoes:_shadows_of_valentia,"ファイアーエムブレムEchoesもうひとりの英雄王,ファイアーエムブレムEchoes,FEechoes"
vodka_(umamusume),"ウオッカ,ウオッカ(ウマ娘)"
mankanshoku_mako,"満艦飾マコ,まんかんしょくまこ"
uehara_ayumu,上原歩夢
against_tree,
king_halo_(umamusume),"キングヘイロー,キングヘイロー(ウマ娘),不屈の王,圣王光环"
buttjob,尻コキ
grey_tail,
light_areolae,
naked_kimono,
print_bra,
nonna_(girls_und_panzer),"ノンナ,プラウダ高校,ノンカチュ,カチューシャ親衛隊,カチューシャ日記,农娜"
turban,"頭巾,ターバン"
neck_fur,
kappougi,割烹着
spring_(season),"春,春季,춘계,春天,봄"
simplified_chinese_text,"簡体字,简体字,簡體字,簡化字,简化字,汉字,漢字"
pearl_bracelet,
pacifier,"おしゃぶり,奶嘴"
hoshino_ai,"星野アイ,hoshinoai,aihoshino,星野爱,hoshino_ai,ai_hoshino"
selen_tatsuki,"Artsuki,Lewdsuki,SelenCloset,セレン龍月,SelenTatsuki,セレン・龍月,NijiOceanLaw,lunarrose"
javelin_(azur_lane),"标枪(碧蓝航线),ジャベリン(アズールレーン),ジャベリン改(アズールレーン)"
yellow_sash,
union_jack,"🇬🇧,ユニオンジャック"
undressing_another,
sword_art_online:_alicization,アリシゼーション
spiked_tail,
brown_bowtie,
double_fox_shadow_puppet,
frilled_leotard,
azki_(hololive),"AZKi,AZKiART,SorAZ"
2015,"2015年,平成27年"
fumo_(doll),"ふもふも,fumofumo,fumo"
akuma_homura,悪魔ほむら
bowl_hat,
flip_phone,"翻盖手机,翻盖机"
takamaki_anne,"高巻杏,たかまき,あん,高卷杏"
wrestling,"プロレス,女子プロレス"
komi_shouko,古見硝子
venus_symbol,♀
tankini,
squirrel,"リス,🐿,栗鼠"
deer_girl,
cloth_gag,
stone_ocean,"ストーンオーシャン,6部,stoneocean"
blue_headband,
homurabara_academy_school_uniform,
brown_bikini,茶色ビキニ
white_umbrella,
board_game,"ボードゲーム,圖版遊戲"
mask_around_neck,
p-head_producer,"Pヘッド,間島P"
sunflower_hair_ornament,
pola_(kancolle),"Pola,pola,ポーラ,ポーラ(艦隊これくしょん),ポーラ(艦これ)"
doughnut_hair_bun,
shirt_in_mouth,
sideless_shirt,
gym,"体育館,體育館,体育馆,체육관"
fusou_(kancolle),"扶桑,扶桑(艦隊これくしょん),扶桑(艦これ),京美人戦艦"
akatsuki_kirika,暁切歌
inflation,"膨腹,ボテ腹"
hair_extensions,
orange_pants,
shigure_ui_(vtuber),"ういしぐれぇ,しぐれうい,どろういんぐ"
variations,
vibrator_cord,
raora_panthera,"ラオーラ・パンテーラ,RaorArt,CiaoRaora,4Raora,RaraWara,RaoraPanthera"
shoebill_(kemono_friends),"ハシビロコウ,ハシビロコウ(けものフレンズ),shoebill"
single_strap,
pointer,"指示棒,指し棒"
blonde_pubic_hair,"金髪陰毛,金髮陰毛,金发阴毛,금발음모,金陰毛"
yae_sakura,"八重桜,八重樱"
pillbox_hat,ピルボックス帽
arm_between_breasts,
yes,
mallow_(pokemon),"マオ(トレーナー),マオ(アニポケ),マオっぱい,マオ(ポケモン),サトマオ"
ribbon-trimmed_clothes,
gem_uniform_(houseki_no_kuni),
orange_slice,
hagiwara_yukiho,萩原雪歩
shuka_high_school_uniform,秀華高校
working!!,"WORKING!!,Working!!,working,Wagnaria!!"
ange_katrina,"アンジュ・カトリーナ,絵ンジュ"
warcraft,"warcraft,Warcraft,ウォークラフト"
michishio_(kancolle),"満潮(艦隊これくしょん),満潮(艦これ),満潮"
dwarf,ドワーフ
os-tan,"OS娘,OSたん,OS息子,OS擬人化"
sitting_in_tree,
purple_fur,
crest,紋
fingering_through_clothes,
open_robe,
open_window,
two-tone_footwear,
marina_(splatoon),"イイダ,イイダ(スプラトゥーン),テンタクルズ"
lizard_tail,
tentacle_pit,苗床
mogami_(kancolle),"最上(艦隊これくしょん),最上(艦これ),最上,もがみん"
striped_kimono,
tripping,"躓く,つまづく,つまずく"
circle_skirt,
3d_background,
digitigrade,趾行
mr._c.b._(umamusume),"ミスターシービー,ミスターシービー(ウマ娘)"
mutsuki_(kancolle),"睦月,睦月(艦隊これくしょん),睦月(艦これ)"
tube,チューブ
warship,"軍艦,军舰,軍用艦船,军用舰船,艦船,架空艦"
3others,
fujita_kotone,"藤田ことね,藤田琴音"
cyno_(genshin_impact),"セノ,赛诺,사이노,Cyno,cyllei"
grey_nails,
inazuma_eleven_(series),"イナズマイレブン,イナイレ,イナイレ[腐],イナイレ百合,イナイレ【腐】"
watering_can,"如雨露,じょうろ,ジョウロ"
mega_man_legends_(series),ロックマンDASH
photo_inset,
soccer_ball,サッカーボール
plant_girl,"アルラウネ,植物娘"
artoria_pendragon_(lancer_alter)_(fate),"ランサーアルトリア,槍トリア,乳上,アルトリア・オルタ(ランサー)"
shin_megami_tensei,"真・女神転生シリーズ,真・女神転生,女神転生,メガテン,ShinMegamiTensei,SMT"
blue_tail,
staff_(music),"五線譜,五线谱"
treasure_chest,宝箱
stone_wall,石垣
gym_storeroom,"体育倉庫,体育館倉庫"
traditional_halo,
shimaidon_(sex),姉妹丼
no_jacket,
circle_name,
pink_one-piece_swimsuit,
senpai_ga_uzai_kouhai_no_hanashi,"先輩がうざい後輩の話,선배가짜증나는후배이야기"
barghest_(fate),"妖精騎士ガウェイン,バーゲスト(Fate),Barghest,バゲ子"
accidental_exposure,
fangs_out,
bomb,"💣,爆弾"
junketsu,"純潔,纯洁"
scar_on_leg,
avatar_legends,"降世神通,Avatar,avatarlegends"
matikane_tannhauser_(umamusume),"マチカネタンホイザ,マチカネタンホイザ(ウマ娘)"
eyewear_strap,"メガネチェーン,メガネストラップ,眼鏡チェーン"
lusamine_(pokemon),"ルザミーネ,マザービースト"
beidou_(genshin_impact),"北斗,北斗(原神),Beidou,beiguang"
shikinami_(kancolle),"敷波,敷波(艦隊これくしょん),敷波(艦これ)"
miyamoto_frederica,"宮本フレデリカ,フレデリカ"
promare,"プロメア,腐ロメア"
akamatsu_kaede,"赤松楓,赤松枫"
magnifying_glass,"拡大鏡,放大镜,ルーペ,虫眼鏡"
star_ocean,"スターオーシャン,so"
seiun_sky_(umamusume),"セイウンスカイ,セイウンスカイ(ウマ娘),セキメンスカイ,星云天空"
futari_wa_precure,ふたりはプリキュア
notepad,
ia_(vocaloid),"イア,IA,IA_-ARIA_ON_THE_PLANETES-"
crosswalk,"横断歩道,斑馬線,斑马线,횡단보도"
vibrator_under_panties,バイブINパンツ
panty_(psg),アナーキー・パンティ
h&k_hk416,HK416
sasaki_chie,"佐々木千枝,千枝ちゃんは合法"
blueberry,"ブルーベリー,藍莓"
shoelaces,"靴紐,鞋带"
ink,
naked_hoodie,裸パーカー
poke_ball_symbol,
inui_toko,"戌亥とこ,いぬいらすと,とこ屏風,いぬいどんどん速くなる"
ramune,"ラムネ,波子汽水"
melty_blood,"メルティブラッド,melty_blood,メルブラ"
yu-gi-oh!_gx,"遊戯王GX,遊戯王GX女性向け"
girls'_frontline_neural_cloud,"云图计划,雲圖計劃,뉴럴클라우드,ニューラルクラウド,ProjectNeuralCloud,NeuralCloud,NeuralCloudArt"
hooded_robe,
large_wings,
thighhighs_pull,
red_apron,
grey_ribbon,
zeta_gundam,機動戦士Ζガンダム
fighter_jet,"ジェット戦闘機,戦闘機,ステルス機,ジェット機"
pastry,ペストリー
my_little_pony,"MLP,mlp,my_little_pony,マイリトルポニー,pony,mlpart,小马宝莉,mylittlepony,mlp同人,小马宝莉同人"
nakano_ichika,中野一花
phallic_symbol,
aqua_panties,
lube,
kureiji_ollie,"クレイジー・オリー,OLLIESUPREMACY,graveyART,OLLIcin,KureijiOllie,クレイジーオリー"
holding_own_tail,
shishiro_botan_(1st_costume),獅白ぼたん(通常)
hidamari_sketch,ひだまりスケッチ
akiyama_mizuki,"暁山瑞希,みずえな"
mini-hakkero,ミニ八卦炉
ribbon_in_mouth,
breast_smother,ぱふぱふ
paradis_military_uniform,
bath_yukata,温泉浴衣
to_love-ru_darkness,ToLOVEるダークネス
blue_feathers,
hatsuyuki_(kancolle),"初雪,初雪(艦隊これくしょん),初雪(艦これ)"
princess_daisy,"デイジー姫,黛西公主,데이지공주,菊花公主"
male_playboy_bunny,バニーボーイ
striped_gloves,
lounge_chair,"sunlounger,sun_lounger"
pocky_kiss,ポッキーゲーム
implied_yuri,
sitting_on_object,
opening_door,
nagisa_(blue_archive),桐藤ナギサ
musashi_kai_ni_(kancolle),武蔵改二
fresh_precure!,"フレッシュプリキュア,フレッシュプリキュア!"
cocktail_dress,"カクテルドレス,小礼服"
tokoyami_towa_(1st_costume),常闇トワ(通常)
hiiragi_tsukasa,"柊つかさ,つかさ"
ramlethal_valentine,"ラムレザル=ヴァレンタイン,램리썰밸런타인,램리썰"
haguro_(kancolle),"羽黒,羽黒(艦隊これくしょん),羽黒(艦これ),羽黑"
multiple_swords,
gate,門
mechanical_ears,メカ耳
lawson,ローソン
cheval_grand_(umamusume),"シュヴァルグラン(ウマ娘),シュヴァルグラン,帽子の子,謎のウマ娘02,ウマの大魔神"
6+others,
brown_wings,
destruction,破壊
fallen_down,"倒れる,転ぶ,転び,転倒"
calendar_(medium),カレンダー
pussy_piercing,
berserk,"ベルセルク,剣風伝奇ベルセルク,剑风传奇"
mega_man_zero_(series),ロックマンゼロ
kinugasa_(kancolle),"衣笠,衣笠(艦隊これくしょん),衣笠(艦これ)"
load_bearing_vest,タクティカルベスト
chocolate_bar,板チョコ
oda_nobunaga_(koha-ace),"織田信長,织田信长,魔人アーチャー,ノッブ,ちびノブ,織田信長(Fate)"
fast_food,イートイン
red_tail,
burnice_white,"柏妮思·怀特,バーニス・ホワイト"
deformed,
wisteria,"藤,藤の花,藤花,ウィスタリア"
orange_hoodie,
black_tube_top,
amagi_brilliant_park,"甘城ブリリアントパーク,甘ブリ,甘城光辉游乐园,아마기브릴리언트파크"
hand_on_another's_leg,
cross_print,
benghuai_xueyuan,"崩坏学园2,崩壊学園,崩坏学园,崩壞學園,崩壞學園2,崩坏学院2,ZombiegalKawaii,GunsGirlSchoolDayZ,GunsGirlZ,Houkai_Gakuen"
leaf_(pokemon),"リーフ(トレーナー),リーフ,フグリ,リーフっぱい,グリリフ,leaf"
fishing,
flower_(symbol),
sylveon,ニンフィア
crime_prevention_buzzer,防犯ブザー
mizuno_ami,水野亜美
armpit_cutout,
asahina_mafuyu,"朝比奈まふゆ,朝比奈真冬"
green_capelet,
mega_man_zx,"ロックマンゼクス,ロックマンZX"
kisaragi_(kancolle),"如月,如月(艦隊これくしょん),如月(艦これ)"
green-framed_eyewear,
naginata,薙刀
orange_sailor_collar,
gintama,"銀魂,gintama,GINTAMA,ぎんたま,银魂"
purple_scrunchie,
jewel_under_eye,
hibiki_(cheer_squad)_(blue_archive),"猫塚ヒビキ(応援団),ヒビキ(応援団)"
cat_day,"にゃんにゃんにゃんの日,2月22日,猫の日,ネコの日,ねこの日,ねこのひ,2月22日は猫の日"
gertrud_barkhorn,"ゲルトルート・バルクホルン,トゥルーデ"
bishoujo_senshi_sailor_moon_s,
tokoyami_towa_(jirai_kei),"常闇トワ(私服衣装),常闇トワ(私服)"
bloop_(gawr_gura),
dragon's_crown,ドラゴンズクラウン
fukumaru_koito,福丸小糸
animal_hug,
blake_belladonna,"Blake,blake,ブレイク・ベラドンナ,BlakeBelladonna,Belladonna,belladonna"
green_bodysuit,
wing_ornament,
seiran_(touhou),"清蘭,清兰,세이란"
unworn_bag,
yukihana_lamy_(1st_costume),雪花ラミィ(通常)
voyeurism,"窃視症,관음증,窺視症"
shiomi_syuko,塩見周子
shorts_under_dress,
unworn_gloves,
roxy_migurdia,"ロキシー・ミグルディア,ロキシー,ロキシー・グレイラット,洛克希"
cooperative_paizuri,"Wパイズリ,ダブルパイズリ"
my_little_pony:_friendship_is_magic,"my_little_pony,mlp,mlpfim,mlpg4,マイリトルポニー,m6,mane6,黑暗六同人,小马宝莉,fim,mlp_g4"
title,
striped_headwear,
nakano_itsuki,中野五月
sinon,"シノン,シノン(SAO),朝田詩乃"
charlotte_e._yeager,シャーロット・E・イェーガー
masturbation_through_clothes,
aino_minako,愛野美奈子
butler,"家従,かじゅう,家令,かれい,執事,しつじ,バトラー,管家,执事"
marie_antoinette_(fate),"マリー・アントワネット(Fate),マリー・アントワネット"
soul_eater,"ソウルイーター,噬魂师"
sakuramon,桜紋
screen,"画面,屏幕,大屏幕"
anis_(nikke),"アニス(NIKKE),アニス(勝利の女神:NIKKE),アニス,아니스(NIKKE),阿尼斯"
anilingus,"アナル舐め,rimjob"
holding_ladle,
gibson_les_paul,"レスポール,レス・ポール"
leopard_ears,
black_armband,
sendai_kai_ni_(kancolle),川内改二
tokino_sora,"ときのそら,soraArt,四月一日一花,美空時乃,SorAZ"
scissor_blade_(kill_la_kill),片太刀バサミ
sweaty_clothes,
akitsu_maru_(kancolle),"あきつ丸,あきつ丸(艦隊これくしょん),あきつ丸(艦これ),あきつ丸くん"
shiori_novella_(1st_costume),シオリ・ノヴェラ(通常)
baseball,野球
holding_tablet_pc,
checkered_kimono,
gamepad,
kusazuri,草摺
noelle_(genshin_impact),"诺艾尔,ノエル,ノエル(原神),Noelle"
pixiv_logo,
spoken_object,
team_rocket,ロケット団
palms,"掌,手のひら"
kettle,"薬缶,ヤカン,ケトル,烧水壶"
yellow_sweater_vest,
animal_ear_legwear,
whispering,
moon_(ornament),
transparent_wings,"透明な翼,透明的翅膀,透明翅膀"
dark_penis,
ushanka,"ロシア帽,ウシャンカ,苏联帽,俄罗斯帽,雷锋帽,乌香卡"
hamster,ハムスター
artificial_eye,
harem_pants,
nanasaki_ai,"七咲逢,七咲"
ass_cutout,
hina_(swimsuit)_(blue_archive),"ヒナ(水着),수히나,空崎ヒナ(水着)"
himari_(blue_archive),"ヒマリ(ブルーアーカイブ),明星ヒマリ,히마리"
sun_symbol,
purple_neckerchief,
jeanne_d'arc_alter_santa_lily_(fate),ジャンヌ・ダルク・オルタ・サンタ・リリィ
bibi_(tokoyami_towa),ビビ
cupping_hands,
sanji_(one_piece),"サンジ,ヴィンスモーク・サンジ"
column_lineup,
jimiko,"地味子,地味"
vento_aureo,"黄金の風,5部"
mace,メイス
cockpit,"コックピット,コクピット"
monster_energy,"モンスターエナジー,魔爪,monster_energy,monsterenergy"
role_reversal,立場逆転
hakos_baelz_(1st_costume),ハコス・ベールズ(通常)
tanuki,"狸,タヌキ,狸猫"
hands_on_own_ass,
shoulder_belt,
mismatched_sleeves,
pastel_colors,"パステルカラー,pastel,パステル"
caution_tape,
see-through_jacket,
chocolate_on_breasts,"チョコぱい,チョコがけ,裸チョコ"
eye_trail,眼光
polo_shirt,ポロシャツ
truck,"トラック,貨物自動車,卡車,卡车"
kibito_high_school_uniform,
isuzu_hana,"五十鈴華,あんこうチーム"
shinonome_ena,"東雲絵名,みずえな,えななん"
panther_ears,
collared_vest,
pale_color,
akizuki_ritsuko,"秋月律子,あきづきりつこ"
morpeko_(full),まんぷくもよう
hoshiguma_(arknights),"星熊,ホシグマ,ホシグマ(アークナイツ)"
yoshimi_(blue_archive),"伊原木ヨシミ,이바라기요시미,요시미"
rowlet,モクロー
breath_weapon,"breath_powers,elemental_breath,breath_beam"
white_male_underwear,白ブリーフ
tedeza_rize,"天々座理世,リゼ,天天座理世"
shared_umbrella,相合傘
akane_(blue_archive),"室笠アカネ,アカネ"
yuffie_kisaragi,"ユフィ・キサラギ,ユフィ"
neptune_(neptunia),ネプテューヌ
toutetsu_yuuma,"饕餮尤魔,토테츠유마,可憐な剛欲同盟長"
yellow_tail,
torpedo_launcher,
t-head_trainer_(umamusume),トヘッド
ikkitousen,一騎当千
large_insertion,
grabbing_another's_chin,顎クイ
sex_machine,機械姦
bruise_on_face,
breast_cutout,
puffy_pants,
teruzuki_(kancolle),"照月,照月(艦これ),照月(艦隊これくしょん)"
buck_teeth,出っ歯
chasing,"追う,追いかける,追跡"
invisible_penis,
cowboy_western,"ウェスタン,西部劇,せいぶげき,서부극,西部作品"
ankle_lace-up,
c:,Uの字口
hayakawa_aki,早川アキ
sunscreen,日焼け止め
cheek_press,"頬擦り,頬ずり"
pointing_at_another,
kin-iro_mosaic,"きんいろモザイク,きんモザ,kinmosa,kinmoza,きんいろモザイクBest_wishes.,きんいろモザイクThankyou!!,黃金拼圖,黄金拼图"
blue_sclera,
animal_bag,
crossbow,"クロスボウ,ボウガン,弩"
guided_breast_grab,セルフ胸タッチ
an-94_(girls'_frontline),"AN94,AN-94,AN-94(ドールズフロントライン),AN-94(少女前線)"
muv-luv_alternative,マブラヴオルタネイティヴ
undone_necktie,
pink_petals,
rebecca_(cyberpunk),レベッカ(エッジランナーズ)
sussurro_(arknights),"苏苏洛,sussurro,ススーロ,ススーロ(アークナイツ)"
plaid_background,
serizawa_asahi,"芹沢あさひ,あさふゆ"
makaino_ririmu,"魔界ノりりむ,りりむとあそぼう,りりむとおえかき,痛めもの"
spiked_halo,
leg_between_thighs,夹别人腿
yuugumo_(kancolle),"夕雲,夕雲(艦隊これくしょん),夕雲(艦これ)"
tied_jacket,
kurosawa_ruby,"黒澤ルビィ,Ruby_Kurosawa"
justice_task_force_member_(blue_archive),"正義実現委員会のモブ,正実モブ"
rainbow_gradient,
perrine_h._clostermann,ペリーヌ・クロステルマン
tsukioka_kogane,月岡恋鐘
chainmail,
ijiranaide_nagatoro-san,"イジらないで、長瀞さん,長瀞さん,不要欺負我,長瀞同學,不要欺负我,长瀞同学"
projected_inset,
neck_tassel,
kaveh_(genshin_impact),"カーヴェ,卡维,Kaveh,haikaveh,アルカヴェ,知妙,kavetham,kavelou,カーヴェファル,Kavefaru,カヴェアル"
love_letter,情书
yellow_sleeves,
mitaka_asa,"戦争の悪魔,三鷹アサ,三鹰朝,asamitaka"
monika_(doki_doki_literature_club),"モニカ(DDLC),Monika(DDLC),Monika,モニカ"
irida_(pokemon),"カイ(ポケモン),カイ,セキカイ(ポケモン)"
fletcher_(kancolle),"フレッチャー,フレッチャー(艦これ),フレッチャー(艦隊これくしょん),Fletcher(艦これ),Fletcher(艦隊これくしょん),Fletcher,マザー・フレッチャー"
tiki_(fire_emblem),"チキ,チキ(ファイアーエムブレム)"
multicolored_coat,
kanna_(swimsuit)_(blue_archive),尾刃カンナ(水着)
counter:side,"카운터사이드,カウンターサイド,未來戰,异界事务所,counterside,Counter:Side"
fubuki_kai_ni_(kancolle),吹雪改二
brown_apron,
marianne_von_edmund,マリアンヌ=フォン=エドマンド
gladiator_sandals,"グラディエーターサンダル,罗马鞋"
tight_shirt,
bendy_straw,"ジャバラストロー,蛇腹ストロー,曲がるストロー"
black_veil,
mahou_shoujo_ni_akogarete,"魔法少女にあこがれて,まほあこ,憧憬成为魔法少女"
sword_over_shoulder,
delinquent,"不良,ヤンキー"
kujikawa_rise,"久慈川りせ,りせちー"
karakai_jouzu_no_takagi-san,"からかい上手の高木さん,장난을잘치는타카기양,擅長捉弄人的高木同學,擅长捉弄的高木同学"
leather_gloves,
brushing_teeth,歯磨き
tsukihime_(remake),"月姫Apieceofblueglassmoon,月姫リメイク,月姫R"
stove,"コンロ,ガス台,ガスレンジ"
tail_between_legs,
mococo_abyssgard_(1st_costume),モココ・アビスガード(通常)
tail_grab,
checkered_scarf,"チェック柄マフラー,方格围巾"
ankh,"アンク,エジプト十字"
black_survival,"블랙서바이벌,blacksurvival,BlackSurvival,ブラックサバイバル,ブラサバ"
fur-trimmed_shorts,
tracen_swimsuit,"セパスク,水着ウマ娘"
shark_costume,
artoria_pendragon_(swimsuit_ruler)_(fate),"水着獅子王,アルトリア・ルーラー"
intravenous_drip,"点滴静脈注射,静脉注射,挂水,点滴,打点滴,吊盐水"
light_censor,"謎の光,ディフェンスに定評のある光,聖なる光,光渡し,圣光"
purple_ascot,
sunazuka_akira,砂塚あきら
hawaiian_shirt,アロハシャツ
ensemble_stars!,"あんさんぶるスターズ!,あんさんぶるスターズ!!,あんさんぶるスターズ!!︎,あんすた,あんさん腐るスターズ!,あんスタ,あんスタNL,偶像梦幻祭,あんスタFA,あんさんぶるスターズ,EnsembleStars,ES,ES!!,ES!,あんさん腐るスターズ,앙스타,あんスタCPなし,ensemble_stars,enstars,enstars_fanart,enstarsfanart"
ubel_(sousou_no_frieren),"ユーベル,Übel,ユーベル(葬送のフリーレン)"
glaceon,"グレイシア,グレイシア(ポケモン)"
just_the_tip,
tohru_(maidragon),"トール,トール(小林さんちのメイドラゴン),tooru_(kobayashi-san_chi_no_maid_dragon),tooru,tohru"
nishizumi_shiho,"西住しほ,しほ千代,しぽりん"
green_socks,
fujiwara_chika,"藤原千花,藤原書記"
mole_under_each_eye,
brown_boots,
white_hood,
cardigan_around_waist,
double_w,
on_person,
horse_penis,馬チンポ
black_sweater_vest,
psychic,"PSI,PSI(サイ)"
hakama_pants,馬乗袴
skateboard,"🛹,スケボー"
pokemon_rgby,"ポケモンRGB,ポケモンRGBP"
naranja_academy_school_uniform,"オレンジアカデミー制服,オレンジアカデミー(パルデア)"
fire_emblem_cipher,"ファイアーエムブレム0,ファイアーエムブレム0(サイファ),Fire_Emblem_0_(Cipher),FEcipher"
alchemy_stars,"白夜極光,白夜极光,백야극광,AlchemyStars"
excited,
narita_brian_(umamusume),"ナリタブライアン,ナリタブライアン(ウマ娘)"
holding_beachball,
holding_guitar,
saren_(princess_connect!),"サレン,サレン(プリコネ),佐々木咲恋"
nero_claudius_(bride)_(fate),"セイバー・ブライド,嫁セイバー,ネロ・ブライド"
belly_grab,
merlin_prismriver,"メルラン・プリズムリバー,メルラン,梅露兰·普莉兹姆利巴,梅露兰,메를랑프리즘리버,메를랑"
elphelt_valentine,"エルフェルト,エルフェルト=ヴァレンタイン"
komano_aunn,"高麗野あうん,あうん,高丽野阿吽,阿吽,코마노아운,아운"
honda_mio,本田未央
tail_around_own_leg,
tropical-rouge!_precure,"トロピカル〜ジュ!プリキュア,トロピカル~ジュプリキュア,トロピカルージュプリキュア,トロプリ"
messy,
cephalopod_eyes,
broken_chain,
green_lips,
noshiro_(kancolle),"能代,能代(艦隊これくしょん),能代(艦これ)"
tiered_tray,
futami_mami,双海真美
print_jacket,
holding_stylus,
fake_mustache,
after_rape,
ear_wiggle,
twitter,"ツイッター,ヒ"
mahjong_soul,"雀魂麻将,雀魂,雀魂majsoul,Majsoul,MahjongSoul,じゃんたま"
ame-chan_(needy_girl_overdose),"あめちゃん,糖糖,あめちゃん(NEEDY_GIRL_OVERDOSE),아메짱,謎の黒髪一般女性"
kirigaya_suguha,"桐ヶ谷直葉,スグぱい"
torn_jeans,
shihouin_yoruichi,四楓院夜一
lace-trimmed_skirt,
holographic_interface,
ring_hair_ornament,
weight_conscious,
camellia,"ツバキ,椿,椿の花,山茶"
candy_hair_ornament,
brown_hoodie,
jaguar_ears,
multiple_drawing_challenge,
lion,"ライオン,獅子,lion,Lion,LION,사자"
pain,"負傷,怪我"
yellow_leotard,
ass_support,
grey_bodysuit,
breast_conscious,
stark_(sousou_no_frieren),シュタルク
hand_on_own_shoulder,
wiping_sweat,
ginkgo_leaf,"銀杏の葉,银杏叶,黄叶"
ring_hair_extensions,
gradient_legwear,
lucifer_(helltaker),"ルシファー(Helltaker),ルシフェル"
chiyoda_momo,千代田桃
fish_(food),
yellow_apron,
god_eater,ゴッドイーター
.live,"ドットライブ,アイドル部,.LIVE"
tablecloth,
torn,
pie,"パイ,派"
takasaki_yu,高咲侑
juice,ジュース
beamed_sixteenth_notes,♬
loungewear,"部屋着,ルームウェア"
space_helmet,
ryougi_shiki,"両儀式,「両儀式」,兩儀式,両儀織"
missile,ミサイル
honolulu_(azur_lane),"ホノルル(アズールレーン),ホノルル,火奴鲁鲁"
open_belt,
rabbit_house_uniform,
leg_armor,
i-8_(kancolle),"伊8,伊8(艦隊これくしょん),伊8(艦これ),はっちゃん"
holding_saucer,
kugisaki_nobara,釘崎野薔薇
berry,"ベリー,莓果"
glutton,食いしん坊
multiple_scars,
ballet_slippers,トゥシューズ
baseball_uniform,
kagerou_project,"カゲロウプロジェクト,カゲプロ,阳炎Project,Mekakucity_Actors,kgpr_FA,カゲプロ100users入り,카게프로"
voicevox,VOICEVOX
luigi's_mansion,ルイージマンション
minato_aqua_(sailor),"湊あくあ(セーラー衣装),湊あくあ(セーラー)"
mole_on_stomach,
pokemon_on_head,
sakura_miku,"桜ミク,SakuraMiku,樱初音"
lynette_bishop,リネット・ビショップ
cross_pasties,
kouhaku_nawa,"紅白縄,紅白紐,紅白ロープ"
cooler,クーラーボックス
vegeta,ベジータ
go!_princess_precure,"Go!プリンセスプリキュア,GO!プリンセスプリキュア,go!プリンセスプリキュア,プリンセスプリキュア,ゴープリ"
le_malin_(azur_lane),"ル・マラン(アズールレーン),ルマラン,ル・マラン,恶毒"
artoria_pendragon_(alter_swimsuit_rider)_(fate),アルトリア・オルタ(水着)
white_boots,
green_tail,
camouflage_jacket,
aqua_neckerchief,
usekh_collar,ウセク
black_theme,"黒,黒い,黒色"
potion,ポーション
orange_choker,
ryona,"リョナ,ソフトリョナ"
timestamp,
wheel,"車輪,车轮,しゃりん,바퀴,輪"
futa_without_pussy,"シーメール,ニューハーフ,男姉ちゃん,雌男娘,ディックガール"
gauze,"ガーゼ,거즈,紗布,纱布"
palutena,"パルテナ,パルテナ様,おっパルテナ,ピッパル"
holding_chocolate,
carrying_under_arm,
kemono_friends_v_project,"けものフレンズVぷろじぇくと,けもV,KemoV"
elizabeth_bathory_(fate/extra_ccc),"悪魔ランサー,赤ランサー,エリザベート・バートリー,エリザベート・バートリー(Fate)"
square-end_necktie,
single_thigh_boot,片足サイハイブーツ
shun_(small)_(blue_archive),"シュン(幼女),春原シュン(幼女),シュン,シュエリン,shun"
scathach_skadi_(fate),"スカサハ=スカディ,異聞帯のキャスター"
grass_wonder_(umamusume),"グラスワンダー,グラスワンダー(ウマ娘),清楚系鎌倉武士,草上飞,草上飛"
hand_tattoo,
lyra_(pokemon),"コトネ(トレーナー),コトネ"
blue_poison_(arknights),"蓝毒,アズリウス(アークナイツ),アズリウス"
new_school_swimsuit,新スク
centaur,"ケンタウロス,ケンタウロス娘,ケンタウルス,ケンタウルス娘,人馬"
kiryu_coco_(1st_costume),
takeba_yukari,岳羽ゆかり
holding_vegetable,
tropical_fish,熱帯魚
deerstalker,"鹿撃ち帽,猎鹿帽"
petals_on_liquid,
shinrabanshou,"神羅万象,神羅万象チョコ"
arrow_through_heart,
japanese_flag,"🇯🇵,日の丸,日章旗,日本の国旗"
curtsey,"カーテシー,屈膝礼"
ketchup,ケチャップ
symmetry,"シンメトリー,左右対称"
sonoda_chiyoko,園田智代子
pinstripe_shirt,
va-11_hall-a,"VA-11_Hall-A,ヴァルハラ,va11halla"
looking_at_breasts,
nisemonogatari,偽物語
tamamo_cross_(umamusume),"タマモクロス,タマモクロス(ウマ娘)"
wheelchair,"車椅子,車いす,車イス,轮椅"
unamused,
piplup,"ポッチャマ,ポチャヒカ"
coca-cola,"コカ・コーラ,コカコーラ,可口可乐"
weighing_scale,秤
shinryaku!_ikamusume,侵略!イカ娘
stand_(jojo),"スタンド,幽波紋,stand"
stadium,"🏟,スタジアム,스타디움,體育場"
star_brooch,
prehensile_tail,
single_hair_tube,
x_x,
byleth_(male)_(fire_emblem),"ベレト(FE風花雪月),ベレト"
tachibana_hibiki_(symphogear),立花響
halter_shirt,
purple_hoodie,
fubuki_(one-punch_man),"地獄のフブキ,フブキ,fubuki_opm"
haneoka_school_uniform,羽丘女子学園
earth_(ornament),
cat_teaser,"猫じゃらし,ネコジャラシ,逗猫棒"
fuwawa_abyssgard_(1st_costume),フワワ・アビスガード(通常)
world_of_warcraft,"WoW,WorldOfWarcraft,魔兽世界,魔獸世界,ワールドオフウォークラフト"
kuchiki_rukia,朽木ルキア
kitchen_knife,包丁
thighhighs_over_pantyhose,
untying,
hatsuboshi_gakuen_school_uniform,
playstation_controller,
orange_pekoe_(girls_und_panzer),"オレンジペコ,オレンジペコ(GuP),聖グロリアーナ女学院,ダーペコ,澤ペコ,ペコヒップ,ノーブルシスターズ"
yellow_pants,
mechanical_pencil,
squid,"烏賊,イカ,いか"
z23_(azur_lane),"Z23(碧蓝航线),Z23(アズールレーン),Z23,ニーミ,ニーミ先生"
meitantei_conan,"名探偵コナン,名侦探柯南,名偵探柯南,名探偵柯南,detective_conan,case_closed,まじコナ腐"
palette_(object),"🎨,パレット,パレット(絵画),調色板,交色板,ちょうしょくばん"
object_through_head,
fireplace,
asashio_kai_ni_(kancolle),"朝潮改二,朝潮改二丁"
year_of_the_dragon,"辰年,龍年,龙年,辰年イラスト"
5koma,"5コマ,五格漫画,5格漫画"
oyama_mihari,緒山みはり
phonograph,"蓄音機,留声机"
picnic_basket,"ピクニックバスケット,野餐篮"
shantae_(series),"シャンティ,shantae"
eris_greyrat,"エリス・グレイラット,エリス・ボレアス・グレイラット,爱丽丝"
diving_suit,潜水服
unconscious,"失神,気絶"
long_beard,
yaoyorozu_momo,八百万百
soccer_uniform,サカユニ
huge_bow,
kuma_(kancolle),"球磨,球磨(艦隊これくしょん),球磨(艦これ)"
blue_tabard,
underbutt,
winding_key,"巻鍵,ねじ巻き"
afro,アフロ
applying_makeup,
ballet,バレエ
crotchless_pantyhose,
halberd,ハルバード
tsubaki_(blue_archive),"春日ツバキ,카스가츠바키,츠바키"
yume_nikki,"ゆめにっき,夢日記,梦日记,YumeNikki"
kimono_pull,
drum_set,ドラム
in_water,
shadow_the_hedgehog,"シャドウ・ザ・ヘッジホッグ,シャドウ,シャドマリ,ShadowTheHedgehog,shadow,sonadow,シャソニ,shadamy,シャドエミ,shadouge,シャドルー,shadilver,シャシル,shadonic,shadnic"
pink_capelet,
very_long_fingernails,
frottage,兜合わせ
stone_lantern,"石灯籠,石灯篭"
livestream,"配信,生放送,ライブチャット,ライブ配信"
bowlegged_pose,"蟹股ポージング,がに股"
holding_jacket,
stained_panties,"染みパン,汚パンツ"
green_bag,
impossible_swimsuit,
dolphin,"🐬,海豚,イルカ,いるか"
linear_hatching,
komiya_kaho,小宮果穂
hands_on_feet,
39,
ribbon-trimmed_dress,
dagashi_kashi,だがしかし
black_lagoon,"ブラックラグーン,BLACKLAGOON"
novel_cover,"ライトノベル,ラノベ"
heckler_&_koch,"H&K,ヘッケラー&コッホ"
orange_pantyhose,
overall_shorts,
in_bucket,
mavuika_(genshin_impact),"玛薇卡,マーヴィカ,Mavuika"
frilled_camisole,
tented_shirt,"乳テント,スクールブラウス"
professor_niyaniya_(blue_archive),"ニヤニヤ教授,ニヤニヤ,Professor_Niyaniya,教授さん"
heartbeat,鼓動
louise_francoise_le_blanc_de_la_valliere,"ルイズ・フランソワーズ・ル・ブラン・ド・ラ・ヴァリエール,ルイズ,루이즈"
full_beard,
reisa_(blue_archive),"宇沢レイサ,레이사,レイサ"
martha_(fate),"マルタ,マルタ(Fate)"
sleeveless_hoodie,
two-tone_hairband,
anchor_print,
ribbed_sleeves,
tight_dress,
volleyball_(object),"🏐,バレーボール,排球"
pouring_onto_self,
master_sword,マスターソード
moona_hoshinova,"Moona_Hoshinova,MoonaHoshinova,HoshinovArt,ムーナ・ホシノヴァ,ムーナ"
cu_chulainn_(fate/stay_night),"ランサー,クー・フーリン(Fate)"
briefs,"ブリーフ,白ブリーフ"
duffel_coat,ダッフルコート
panda_ears,
goblin_slayer!,"ゴブリンスレイヤー,ゴブスレ"
perpendicular_paizuri,縦パイズリ
gentildonna_(umamusume),"ジェンティルドンナ,ジェンティルドンナ(ウマ娘)"
dialogue_box,"台詞枠,メッセージウインドウ"
side-tie_peek,"見せ紐,紐チラ,見せ紐パン,スカートの下から見える紐パンの結び目"
bear_print,
visor_(armor),
hakui_koyori_(1st_costume),博衣こより(通常)
short_jumpsuit,
dixie_cup_hat,
tent,
blue_sports_bra,
handkerchief,"ハンカチ,手帕"
dark_aura,
sakura_miko_(1st_costume),さくらみこ(通常)
bikesuit,"ライダースーツ,裸ライダースーツ"
embellished_costume,
delicious_party_precure,"デリシャスパーティ♡プリキュア,デパプリ"
tate_no_yuusha_no_nariagari,"盾の勇者の成り上がり,盾之勇者成名錄,盾之勇者成名录,ShieldHero"
purple_one-piece_swimsuit,
christmas_lights,
popsicle_in_mouth,
felicia_(darkstalkers),"フェリシア,フェリシア(ヴァンパイア)"
atsuko_(blue_archive),"アツコ(ブルーアーカイブ),秤アツコ,하카리아츠코,아츠코"
garden,庭
lio_fotia,"リオ・フォーティア,普羅米亞,LIOFOTIA"
breathing_fire,
inoue_orihime,"井上織姫,黒崎織姫,orihime_inoue"
ohara_mari,"小原鞠莉,マリ(幻日のヨハネ)"
torn_leotard,
abigail_williams_(swimsuit_foreigner)_(fate),"アビゲイル・ウィリアムズ(水着),水着アビ"
blood_in_hair,
schwarz_(arknights),"黑,シュヴァルツ,シュヴァルツ(アークナイツ),Schwarz"
asahina_mikuru,"朝比奈みくる,ハルみく,キョンみく,長みく,古みく"
holding_riding_crop,
bulma,"ブルマ(ドラゴンボール),布尔玛"
eyjafjalla_(arknights),"艾雅法拉,エイヤフィヤトラ,エイヤフィヤトラ(アークナイツ)"
dice_hair_ornament,
foliage,
shiina_taki,"椎名立希,릿키,りっきー,umtk,tktm,たきとも,うみたき"
nemona_(pokemon),"ネモ(トレーナー),ネモ(ポケモン),ヒソカ=ネモロウ,孫ネモ"
bar_stool,
holding_fishing_rod,
nagatoro_hayase,"長瀞さん,長瀞早瀬"
painting_(action),
dildo_riding,
panther_girl,
fire_emblem_warriors:_three_hopes,ファイアーエムブレム無双風花雪月
covered_penis,形くっきりペニス
shiina_yuika,"椎名唯華,しいなーと,しぃしぃ"
ujimatsu_chiya,"宇治松千夜,千夜,宇治松千夜生誕祭"
palms_together,合掌
princess_king_boo,キングテレサ姫
cheek_squash,
blood_on_knife,
kizuna_ai_inc.,"KizunaAI株式会社,A.I.Channel,Kizuna_LIVE,キズナアイ"
kayoko_(dress)_(blue_archive),"カヨコ(ドレス),鬼方カヨコ(ドレス),ドレスカヨコ"
stepped_on,
tensei_shitara_slime_datta_ken,"転生したらスライムだった件,転スラ,关于我转生变成史莱姆这档事,転腐ら"
hojo_karen,北条加蓮
eimi_(blue_archive),"和泉元エイミ,エイミ,eimi"
neck,"首,頸,목"
horikawa_raiko,"堀川雷鼓,호리카와라이코"
shin_guards,すね当て
hisakawa_hayate,"久川颯,ひさかわはやて"
heaven's_feel,Heaven's_Feel
crescent_facial_mark,
kurokoma_saki,"驪駒早鬼,早鬼,쿠로코마사키,사키,黒駒早鬼"
full-package_futanari,玉付きふたなり
group_picture,
uvula,"のどちんこ,口蓋垂"
prisma_illya,
ammunition,"実包,탄약통,子彈,カートリッジ,弾薬,ammo"
two-sided_coat,
nia_teppelin,ニア・テッペリン
yu-gi-oh!_5d's,"遊戯王5D's,遊戯王5D's女性向け"
star_tattoo,
inuyasha,犬夜叉
i-168_(kancolle),"伊168,伊168(艦隊これくしょん),伊168(艦これ),いむや"
make_heroine_ga_oo_sugiru!,"負けヒロインが多すぎる!,マケイン,負けヒロインが多すぎる"
yang_guifei_(fate),"楊貴妃,楊貴妃(Fate)"
vrchat,"VRチャット,VRC,VR_Chat"
shakugan_no_shana,"灼眼のシャナ,灼眼的夏娜"
bolo_tie,"ポーラー・タイ,ポーラータイ"
necktie_grab,
lace_gloves,レースグローブ
core_crystal_(xenoblade),
alear_(fire_emblem),リュール
natsuki_subaru,"ナツキ・スバル,菜月昴"
training_bra,ジュニアブラ
yukinoshita_yukino,"雪ノ下雪乃,雪之下雪乃,ゆきのん,八雪"
g11_(girls'_frontline),"g11,G11(少女前線),G11(ドールズフロントライン)"
headlamp,
dehya_(genshin_impact),"Dehya,ディシア,ディシア(原神),迪希雅,德哈雅"
frilled_ascot,
dragon_quest_iv,"ドラゴンクエスト4,ドラクエ4,DQ4"
graveyard,墓地
spear_the_gungnir,"神槍「スピア・ザ・グングニル」,スピア・ザ・グングニル"
tail_ring,
bat_girl,"蝙蝠娘,コウモリ娘"
dumbbell,ダンベル
legs_folded,
chewing,もぐもぐ
etna_(disgaea),エトナ
high_kick,ハイキック
gundam_zz,"機動戦士ガンダムZZ,ガンダムZZ"
osaka_shizuku,桜坂しずく
mixing_bowl,
licking_another's_face,顔舐め
unzan,"雲山,운잔"
spiked_shell,
talking_on_phone,電話中
drill_ponytail,
aegis_(persona),"アイギス(ペルソナ3),アイギス"
amagi_yukiko,天城雪子
yoisaki_kanade,宵崎奏
ribbed_leotard,
plaid_pants,
senshi_(dungeon_meshi),"センシ,イズガンダのセンシ"
lace-trimmed_choker,
yagasuri,矢絣
eren_yeager,"エレン・イェーガー,エレン,エレミカ,ミカエレ,エレアル,アルエレ,エレジャン,ジャンエレ,エレアニ,アニエレ,エレクリ,クリエレ,エレヒス,ヒスエレ,エレハン,ハンエレ,エレライ,ライエレ,エレリ,リヴァエレ,エレジク,ジクエレ,エレフロ,フロエレ"
yagami_hayate,八神はやて
sakuragi_mano,櫻木真乃
argyle_pantyhose,
hanging,
pokemon_journeys,"ポケットモンスター(アニポケ第7シリーズ),ポケットモンスターめざせポケモンマスター"
runes,
jervis_(kancolle),"ジャーヴィス(艦隊これくしょん),ジャーヴィス(艦これ),ジャーヴィス,Jervis"
makigumo_(kancolle),"巻雲,巻雲(艦隊これくしょん),巻雲(艦これ)"
box_of_chocolates,
tokyo-3_middle_school_uniform,
cup_ramen,"カップ麺,カップラーメン,カップメン,カップ拉麺,カップめん,生タイプカップ麺,杯面,カップうどん,カップ饂飩,カップそば,カップ蕎麦,カップ焼きそば,カップやきそば,カップ焼き蕎麦,컵국수,컵면,컵라면"
helicopter,"🚁,ヘリコプター,直升机"
lyrica_prismriver,"リリカ・プリズムリバー,リリカ,莉莉卡·普莉兹姆利巴,莉莉卡,리리카프리즘리버,리리카"
kissing_forehead,
holding_sex_toy,
hilbert_(pokemon),"トウヤ(トレーナー),トウトウ"
grey_hairband,
kizuna_ai,"キズナアイ,絆愛,きずなーぽすと,KizunaAI,aiaiai,AIAIAI"
kuromorimine_school_uniform,
two-tone_sports_bra,
stealth_sex,隠姦
concert,"コンサート,演奏会,ライブ"
fireflies,萤火
condom_belt,コンドーム腰蓑
ugly_man,"汚いおっさん,ブ男,種付けおじさん,uglybastard"
cleaning,
doukyuusei_(series),"同級生,classmates"
andou_(girls_und_panzer),"安藤,安藤(GuP),安押,チャイナ安藤"
kemomimi-chan_(naga_u),"ケモミミちゃん,獸耳醬"
shinki_(touhou),"神綺,신키"
kazama_iroha_(1st_costume),風真いろは(通常)
purple_socks,
denim_jacket,
higuchi_kaede,"樋口楓,でろあーと,DeroArt"
wrist_wrap,
pendulum,振り子
seiken_densetsu,"聖剣伝説,圣剑传说"
military_combat_uniform,
siege_(arknights),"推进之王,シージ,シージ(アークナイツ)"
final_fantasy_ix,"ファイナルファンタジーIX,ファイナルファンタジー9,FFIX,FF9"
mon-musu_quest!,"もんむす・くえすと!,もんむす・くえすと,勇者大战魔物娘"
dynamax_band,ダイマックスB
boned_meat,"マンガ肉,骨付き肉,あの肉"
jeanne_d'arc_(swimsuit_archer)_(fate),ジャンヌ・ダルク(水着)
ritual_baton,"笏,笏板"
bucket_hat,
red_mask,
curly_eyebrows,
godzilla_(series),"ゴジラ怪獣,ゴジラ"
haru_urara_(umamusume),"ハルウララ,ハルウララ(ウマ娘)"
grey_capelet,
two-tone_headwear,
kamisato_ayato,"綾人,神里綾人,神里绫人"
mechanical_eye,
gangut_(kancolle),"ガングート(艦隊これくしょん),ガングート(艦これ),ガングート,Гангут,Гангут(艦これ),甘古特"
dinosaur,"恐竜,恐龙,恐龍,공룡"
murakumo_kai_ni_(kancolle),叢雲改二
fate/extella,"Fate/EXTELLA,フェイト/エクステラ"
lettuce,"レタス,生菜,莴苣"
on_motorcycle,
gabriel_dropout,"ガヴリールドロップアウト,ガヴドロ,ガヴリールドロップアウトガヴドロ,ガヴリールドロップアート"
thick_lips,
head_bump,たんこぶ
front_slit,
weasel_ears,
iphone,
sponge,
nonomi_(swimsuit)_(blue_archive),十六夜ノノミ(水着)
spirit,
sunday_(honkai:_star_rail),"SundayHSR,Sunday,サンデー(スターレイル),サンデー,星期日"
exhausted,
gengar,ゲンガー
eagle,
sparkle_print,
tone_(kancolle),"利根,利根(艦隊これくしょん),利根(艦これ)"
flower_necklace,
silver_fox_(kemono_friends),"ギンギツネ,ギンギツネ(けものフレンズ),ゆきやまコンビ"
elesa_(pokemon),"カミツレ,黒髪ツレ,カミツレさん...,カミヤコ,ヤーカミ"
baltimore_(azur_lane),"ボルチモア(アズールレーン),ボルチモア,巴尔的摩"
sharp_toenails,
tropical_drink,
koharu_(swimsuit)_(blue_archive),"コハル(水着),下江コハル(水着)"
white_shrug,
boruto:_naruto_next_generations,BORUTO
impaled,串刺し
shared_food,
star_twinkle_precure,"スタートゥインクルプリキュア,スター☆トゥインクルプリキュア,スタプリ"
yellow_bodysuit,
mahou_tsukai_no_yoru,"魔法使いの夜,mahoyo,まほよ"
brown_leotard,
air_groove_(umamusume),"エアグルーヴ,エアグルーヴ(ウマ娘)"
two-tone_cape,
aqua_theme,"青緑色,アクア色,aqua,teal"
rabbit_boy,
breasts_on_table,卓上の乳
pochita_(chainsaw_man),"ポチタ,チェンソーの悪魔"
bremerton_(scorching-hot_training)_(azur_lane),"熱々トレーニング,炙热的网球练习"
m4a1_(girls'_frontline),"m4a1,M4A1(少女前线),M4A1(少女前線),M4A1(ドールズフロントライン)"
wiping_tears,
komaeda_nagito,狛枝凪斗
single_garter_strap,
helena_blavatsky_(fate),"エレナ・ブラヴァツキー,エレナ・ブラヴァツキー(Fate)"
green_tunic,
expressive_hair,
eyewear_hang,
uruha_rushia_(1st_costume),
evangelion:_3.0+1.0_thrice_upon_a_time,"シン・エヴァンゲリオン劇場版,シン・エヴァンゲリオン劇場版:||,シン・エヴァ,シン・エヴァンゲリオン劇場版:│▌,新·福音战士剧场版:│▌"
frilled_sailor_collar,
persona_3_portable,"P3P,ペルソナ3ポータブル"
drawing_sword,抜刀
tracer_(overwatch),"tracer,トレーサー,tracer_overwatch"
cheek_bulge,歯磨きフェラ
tennoji_rina,天王寺璃奈
pepperoni_(girls_und_panzer),"ペパロニ,ペパロニ(GuP),アンツィオ高校,ペパチョビ"
tanaka_mamimi,田中摩美々
half-spread_pussy,
monkey,"猿,さる,サル"
fushiguro_megumi,伏黒恵
ninja_mask,"面頬,カラスマスク"
pekomama,"ぺこらママ,ぺこらマミー,ぺこママみて,ぺこママアート"
checkerboard_cookie,
yamato_(one_piece),"ヤマト(ONEPIECE),ヤマト"
hand_on_lap,
ruan_mei_(honkai:_star_rail),"阮·梅,阮梅,ルアン・メェイ,RuanMei"
cotton_candy,"綿菓子,わたがし,綿飴,綿あめ,わたあめ,棉花糖"
sobu_high_school_uniform,
in_food,
crate,
holding_violin,
athletic_leotard,
mascot,マスコット
jeanne_d'arc_alter_(ver._shinjuku_1999)_(fate),邪竜の魔女ver新宿1999
split_ponytail,
ho-kago_tea_time,"放課後ティータイム,HoukagoTeaTime,HTT"
shinano_(azur_lane),"信濃(アズールレーン),信濃,鵗"
holding_bucket,
holding_needle,
cum_on_self,
on_rock,
hoshino_ruby,"星野ルビー,星野瑠美衣"
>o<,
bird_on_shoulder,
blue_pajamas,
street_fighter_iv_(series),"ストリートファイターIV,ストリートファイター4,ウルトラストリートファイター4,スパ4,スト4,ウル4,SSF4,USF4"
jakuzure_nonon,蛇崩乃音
dust_cloud,"土煙,土埃"
no_sclera,
german_text,"ドイツ語,Deutsch"
cucumber,"🥒,黄瓜,胡瓜,きゅうり,キュウリ"
sperm_cell,
tree_stump,切り株
bunny_day,バニーの日
spiked_club,狼牙棒
himeno_(chainsaw_man),"姫野,姫野(チェンソーマン)"
red_tank_top,
sen_no_kiseki_i,"閃の軌跡,軌跡シリーズ"
mysterious_heroine_x_alter_(fate),"ヒロインXオルタ,謎のヒロインXオルタ,謎のヒロインX〔オルタ〕"
agnes_digital_(umamusume),"アグネスデジタル,アグネスデジタル(ウマ娘),爱丽数码,愛麗數碼,美少女デジたん"
hands_on_own_breasts,
hinata_hajime,"日向創,日向创"
pokemon_gsc,"ポケモンGS,ポケモンGSC,ポケモンクリスタル"
purple_fire,
fu_hua_(herrscher_of_sentience),"识之律者,識の律者"
pointy_breasts,長乳
green_wings,
vibrator_in_thighhighs,
sideless_dress,側面全裸
lucario,ルカリオ
niwatari_kutaka,"庭渡久侘歌,久侘歌,니와타리쿠타카,쿠타카"
nipple_jewelry,
super_mario_galaxy,スーパーマリオギャラクシー
kamiya_nao,神谷奈緒
kigurumi,"着ぐるみ,きぐるみ,着ぐる絵"
rosehip_(girls_und_panzer),"ローズヒップ,聖グロリアーナ女学院,ペコヒップ,ローサム,ローズヒップ(GuP)"
takakura_ken_(dandadan),"高たか倉くら健けん,Okarun,オカルン"
flashlight,懐中電灯
borrowed_design,
freediving,"フリーダイビング,スキンダイビング,素潜り"
confession,"告白,表白"
park,"公園,公园,공원"
multicolored_kimono,
blue_tunic,
sinclair_(project_moon),
orange_sweater,
tulip_hat,
severed_head,生首
lopunny,"ミミロップ,长耳兔"
hand_puppet,
white_lily,
red_shoes,
futa_on_male,"ふた×男,ふたショタ,ふた×男の娘,futaonmale"
topaz_(honkai:_star_rail),"トパーズ,トパーズ&カブ,トパーズ(スターレイル),托帕"
sunflower_field,
pink_blood,
final_fantasy_tactics,"FFT,ファイナルファンタジータクティクス,fft"
charlotte_(madoka_magica),"シャルロッテ,人食い魔女"
m16a1_(girls'_frontline),"M16A1,M16A1(ドールズフロントライン),M16A1(少女前線)"
gold_footwear,
finger_heart,指ハート
lord_camelot_(fate),
reindeer_costume,トナカイコス
chart,"表,図,填表,统计图表"
hasumi_(track)_(blue_archive),羽川ハスミ(体操服)
no_blindfold,
full-body_tattoo,
green_fur,
ema,絵馬
pink_border,
metal_hairband,
globe,地球儀
arthropod_limbs,
santa_boots,
hagoita,羽子板
tokidoki_bosotto_roshia-go_de_dereru_tonari_no_alya-san,"時々ボソッとロシア語でデレる隣のアーリャさん,ロシデレ,RoshiDere"
boku_no_kokoro_no_yabai_yatsu,"僕の心のヤバイやつ,僕ヤバ,the_dangers_in_my_heart"
kujo_jolyne,"空条徐倫,徐倫,jolyne,jolyne_kujo,jolyne_cujoh,JolyneCujoh"
on_car,
abukuma_(kancolle),"阿武隈,阿武隈(艦隊これくしょん),阿武隈(艦これ)"
laser,"レーザー,レーザービーム"
wiping_face,
grey_tank_top,
swim_briefs,"競パン,競泳パンツ,ビキニパンツ,ブーメランパンツ"
orange_panties,
hoshi_syoko,星輝子
heaven_burns_red,"ヘブンバーンズレッド,ヘブバン,ヘブバングッズ,ヘブバンイラコン,ヘブバンイラコンFA,绯染天空,緋染天空,헤븐_번즈_레드,浴火天国,hvbnFA,炽焰天穹,红烧天堂"
midna,"ミドナ,midna"
no_gloves,
black_shrug,
battle_rifle,バトルライフル
brown_panties,
braided_sidelock,
club_(shape),"♣,梅花(扑克),クラブ,クローバー"
no_tail,
pinching_sleeves,
uchiha_sasuke,うちはサスケ
toshinou_kyouko,歳納京子
tsumiki_mikan,"罪木蜜柑,ミカン,#mikantsumiki"
holding_megaphone,
white_leg_warmers,
takagi-san,"高木さんめ,高木さん,타카기양,元高木さん,高木さん(からかい上手の高木さん)"
friends,"友人,友達,仲間"
mei_(overwatch),"Mei,メイ"
heart-shaped_lock,
tsukumo_sana,"九十九佐命,galaxillust,tsukumosana"
hino_rei,火野レイ
historical_name_connection,
tiger_boy,
arm_blade,
ho'olheyak_(arknights),"霍尔海雅,ホルハイヤ,ホルハイヤ(アークナイツ)"
chest_of_drawers,"箪笥,たんす"
akaza_akari,赤座あかり
falin_touden_(tallman),
osaki_tenka,大崎甜花
shiver_(splatoon),"フウカ,フウカ(スプラトゥーン)"
long_labia,"蝴蝶型阴唇,小陰唇,グロマン,ビラビラ"
pornography,
libeccio_(kancolle),"リベッチオ,リベッチオ(艦隊これくしょん),リベッチオ(艦これ),Libeccio,Libeccio(艦隊これくしょん),Libeccio(艦これ)"
dragon_ball_fighterz,"ドラゴンボールファイターズ,dragonballfighterz,dbfz"
shin_jigen_game_neptune_vii,新次元ゲイムネプテューヌVII
ikamusume,"イカ娘,イカちゃん"
ghost_costume,
jacket_over_swimsuit,
cum_in_clothes,"着ザー,着衣溢精"
luigi,ルイージ
tube_dress,
log,
lord_el-melloi_ii_case_files,"ロード・エルメロイII世の事件簿,ロードエルメロイII世の事件簿,事件簿アニメ"
starter_pokemon_trio,"最初のポケモン,御三家"
boobplate,
single_epaulette,
star_ornament,
milking_machine,"搾乳機,搾乳器"
arashio_(kancolle),"荒潮(艦隊これくしょん),荒潮(艦これ),荒潮"
purple_heart_(neptunia),"パープルハート,purple_heart"
upshorts,
utaite,"歌い手,唱见"
clitoris_piercing,クリピアス
tachibana_kanade,"立華かなで,立華奏"
hoodie_lift,
screentones,スクリーントーン
pine_tree,松
androgyne_symbol,"⚨,⚦,⚩"
blood_on_arm,
round_window,
lace-trimmed_gloves,
dowsing_rod,ダウジングロッド
nyantype,娘TYPE
baseball_mitt,
anal_hair,ケツ毛
harukawa_maki,"春川魔姫,春川魔姬"
kotonoha_akane,"琴葉茜,琴葉姉妹"
art_program_in_frame,
shampoo_(ranma_1/2),"シャンプー,Shampoo,シャンプー(らんま1/2),珊璞"
hair_on_horn,
v_over_mouth,
pink_ascot,
plume,
musou_isshin_(genshin_impact),夢想の一心
fold-over_boots,
ryoshu_(project_moon),良秀
burnt_clothes,
little_nuns_(diva),littlenuns
head_down,
umbreon,ブラッキー
saliva_drip,
ling_(arknights),"令,明日方舟令,リーン,リーン(アークナイツ),リィン(アークナイツ)"
telekinesis,
two-sided_dress,
sausage,"ソーセージ,소시지,香腸,香肠"
finger_to_face,
persona_5_the_royal,"P5R,ペルソナ5R"
sakugawa_school_uniform,
adapted_turret,
black_hood,
high-waist_pantyhose,
xingqiu_(genshin_impact),"行秋,行秋(原神),Xingqiu"
choukai_(kancolle),"鳥海,鳥海(艦隊これくしょん),鳥海(艦これ)"
kuroshio_(kancolle),"黒潮,黒潮(艦隊これくしょん),黒潮(艦これ),黑潮"
frog_print,
lelouch_vi_britannia,"ルルーシュ・ランペルージ,ルルーシュ"
leafa_(sao),"リーファ,リーファ(SAO),莉法"
rectangular_mouth,
yo-yo,ヨーヨー
miyamoto_musashi_(swimsuit_berserker)_(fate),宮本武蔵(水着)
miyako_(swimsuit)_(blue_archive),"ミヤコ(水着),月雪ミヤコ(水着)"
hand_on_own_forehead,
haniyasushin_keiki,"埴安神袿姫,袿姫,하니야스신케이키,케이키,埴安神袿姬"
sleeve_ribbon,
champagne,
takoyaki,"たこ焼き,たこやき,蛸焼,章鱼烧"
stroking_own_chin,
vertical-striped_jacket,
show_by_rock!!,"SHOWBYROCK!!,SB69,BL69"
clothes_between_thighs,
qr_code,"QRコード,QR码,二维码"
winged_footwear,
belt_boots,
angel_and_devil,天使と悪魔
eternity_larva,"エタニティラルバ,爱塔妮缇拉尔瓦,이터니티라바"
modeus_(helltaker),"モデウス,モデウス(Helltaker),Modeus"
brown_nails,
senran_kagura_shinovi_versus,"閃乱カグラ,少女達の証明,閃乱カグラ少女達の証明"
arms_between_legs,手在两腿间
dragon_quest_v,"ドラゴンクエスト5,ドラクエ5,DQ5"
paw_print_background,
florian_(pokemon),"ハルト(ポケモン),ハルト,ハルト(トレーナー),バイオレット・ラング,バイオレット(ポケスペ)"
deer,"鹿,シカ"
drawing_bow,
shards,"破片,欠片"
shiba_inu,柴犬
plaid_hat,
yin_yang_orb,陰陽玉
sana_channel,"名取さな,ヌォンタート"
ammunition_belt,
torn_gloves,
food-themed_earrings,
yuigaoka_school_uniform,
dorsiflexion,"背屈,勾脚"
sheet_music,"五線紙,乐谱,琴谱,楽譜"
cross-laced_sleeves,
natori_sana,"名取さな,ヌォンタート,名取さな生放送"
portrait_(object),
kazano_hiori,風野灯織
hataraku_saibou,"はたらく細胞,HatarakuSaibou,工作细胞,働く細胞,破瓜らく細胞"
dakimakura_(object),
sheryl_nome,シェリル・ノーム
leather_boots,
ghost_in_the_shell,"攻殻機動隊,攻殼機動隊"
ezo_red_fox_(kemono_friends),"キタキツネ,キタキツネ(けものフレンズ),ゆきやまコンビ"
m4_sopmod_ii_(girls'_frontline),"M4SOPMODII,M4SOPMODII(ドールズフロントライン),M4SOPMODII(少女前線)"
imminent_anal,
shana,"シャナ,シャナたん"
crotch_cutout,局部露出
countdown,"カウントダウン,倒计时"
shiny_legwear,
glowing_hair,
torn_panties,
android_21,"人造人間21号,21号,Android21,android21"
yuusha_de_aru,勇者であるシリーズ
bowl_cut,
aqua_gloves,
m.u.g.e.n,"MUGEN,m.u.g.e.n,mugen,M.U.G.E.N"
toranoana,"コミックとらのあな,とらのあな"
duster,"はたき,掸子"
beatrice_(umineko),"ベアトリーチェ,ベアトリーチェ・カスティリオーニ,雛ベアト,贝阿朵莉切"
iizunamaru_megumu,"飯綱丸龍,饭纲丸龙,이즈나마루메구무"
bookmark,"🔖,栞,しおり"
runny_makeup,
holding_envelope,
washing_machine,"洗濯機,세탁기,洗衣機,洗衣机"
ferris_wheel,"観覧車,摩天轮"
brendan_(pokemon),"ユウキ(トレーナー),ユウキ(エメラルド),ORASユウキ,ユウキ(ORAS),ルビー(ポケスペ),ユウキ,ユウハル,ダイユウ"
single_horizontal_stripe,
wriothesley_(genshin_impact),"莱欧斯利,リオセスリ,wriothesley,Wriorinde,リオクロ,wriolette,リオヌヴィ"
cursor,"カーソル,커서,游標,光标,鼠标箭头"
moe_(blue_archive),"風倉モエ,카제쿠라모에"
multiple_hairpins,
wooden_sword,
fish_print,
diagonal-striped_bowtie,
inset_border,
cetacean_tail,
aviator_sunglasses,
rosmontis_(arknights),"迷迭香,ローズマリー,ローズマリー(アークナイツ),ロスモンティス(アークナイツ),ロスモンティス"
girthy_penis,
caenis_(fate),"カイニス(Fate),カイニス"
oda_uri,"織田瓜,織田木瓜"
spiked_hairband,
hina_(dress)_(blue_archive),空崎ヒナ(ドレス)
madotsuki,"窓付き,まどつき"
tribal,部族
stream,
rita_rossweisse,"丽塔,丽塔·洛丝薇瑟,リタローズワイズ,リタ,リタ・ロスヴァイセ"
mimikyu,ミミッキュ
icho_private_high_school_uniform,
black_tiara,
kino_makoto,木野まこと
ringo_(touhou),"鈴瑚,铃瑚,링고"
wrinkled_skin,
back-seamed_legwear,バックシーム
asashimo_(kancolle),"朝霜,朝霜(艦これ),朝霜(艦隊これくしょん)"
scarlet_devil_mansion,紅魔館
short_tail,
little_red_riding_hood,"赤ずきん,赤頭巾,あかずきん,小红帽"
hisakawa_nagi,"久川凪,ひさかわなぎ"
soda_bottle,
pomu_rainpuff,"PomuRainpuff,bigppmemes,PomuPaint,pomuhub,ぽむれいんぱふ,pomulive,WEAREPOMU,elipomu"
tomoeda_elementary_school_uniform,
kousaka_reina,"高坂麗奈,くみれい"
asymmetrical_sidelocks,
stab,
brown_choker,
soap_censor,ディフェンスに定評のある泡
multicolored_footwear,
energy_drink,
pocky_in_mouth,
orange_skin,
dark_souls_iii,"ダークソウル3,DARKSOULS3"
roll_(mega_man),"ロールちゃん,ロールちゃん(ロックマン)"
lyney_(genshin_impact),"Lyney,Lynney,林尼,Línní,リネ,Ri'ne,리니,Rini,原神林尼"
noire_(neptunia),"ノワール,ノワール(ネプテューヌ)"
trash_bag,垃圾袋
niijima_makoto,新島真
single_wrist_cuff,
fubuki_(blue_archive),合歓垣フブキ
side_drill,
excalibur_morgan_(fate),"約束された勝利の剣(セイバーオルタ),エクスカリバー・モルガン,黒エクスカ"
anila_(granblue_fantasy),アニラ
fountain,噴水
lighter,"ライター,打火机"
yuuki_haru,"結城晴,はるりさ,結城晴生誕祭2024,結城晴誕生祭2024"
plaid_panties,
nursing_handjob,授乳手コキ
unworn_dress,
seishun_buta_yarou,"青春ブタ野郎,青春ブタ,青ブタ,青春ブタ野郎はバニーガール先輩の夢を見ない,青春ブタ野郎シリーズ"
holding_pizza,
murasaki_shion_(1st_costume),"紫咲シオン(通常),魔法使い衣装"
mouth_pull,指でグイッ
flaming_weapon,
dengeki_moeoh,電撃萌王
touhou_tag_dream,夢の東方タッグ編
swimsuit_cover-up,
futami_ami,"双海亜美,ふたみあみ"
tashkent_(kancolle),"タシュケント(艦隊これくしょん),タシュケント(艦これ),タシュケント,Ташкент,Ташкент(艦これ)"
shiomi_kotone,"ハム子,ミナコ,公子,汐見琴音"
sidewalk,
shuujin_academy_school_uniform,秀尽学園高校
hexagon,"六角形,육각형,六边形"
shoulder_holster,
eyelid_pull,
centauroid,タウル
rotational_symmetry,"互,点対称"
eye_of_horus,𓂀
floating_cape,
condom_box,
tempura,"天ぷら,天麩羅,天婦羅"
pokemon_xy_(anime),"XY(アニポケ),アニポケxy,最強メガシンカ,XY&Z(アニポケ),ポケットモンスターxy&z"
flock,
orange_ascot,
school_briefcase,
neru_(bunny)_(blue_archive),"ネル(バニーガール),美甘ネル(バニーガール)"
isekaijoucho,"ヰ世界情緒,ヰ世界情緒美術部,异世界情绪"
happi,法被
sukajan,"スカジャン,丝卡将"
sayonara_zetsubou_sensei,"さよなら絶望先生,再见绝望先生,绝望先生"
kirijou_mitsuru,桐条美鶴
ceres_fauna_(1st_costume),セレス・ファウナ(通常)
dyed_bangs,
purple_pupils,
di_gi_charat,"デ・ジ・キャラット,でじきゃらあーと"
sidesaddle,
diamond_hairband,
lalafell,"ララフェル,拉拉肥"
rolling_suitcase,"キャリーバッグ,キャリーケース,滚轮行李箱"
ako_(dress)_(blue_archive),天雨アコ(ドレス)
hands_on_own_stomach,
commander_(girls'_frontline),"指揮官(ドールズフロントライン),지휘관(소녀전선)"
horn_ring,
pink_sky,
super_robot,スーパーロボット
shantae,"シャンティ,shantae,シャンティ(Shantae)"
two-tone_hoodie,
kanon,Kanon
snake_hair,
kid_icarus_uprising,新・光神話パルテナの鏡
fluffy_hair,
art_tools_in_frame,
tooth_necklace,
daitaku_helios_(umamusume),"ダイタクヘリオス(ウマ娘),ダイタクヘリオス"
snorkel,
lily_of_the_valley,"鈴蘭,すずらん,スズラン,铃兰"
blue_border,
sidecut,
dido_(azur_lane),"ダイドー(アズールレーン),ダイドー,黛朵"
kyon,"キョン,ハルキョン,キョンハル,キョン長,キョンみく,古キョン,キョン古"
ashido_mina,芦戸三奈
final_fantasy_v,"ファイナルファンタジーV,ファイナルファンタジー5,FF5,ff5"
tutu,チュチュ
presenting_pussy,
exposed_pocket,
kanabou,金棒
eous_(zenless_zone_zero),イアス
eyelash_ornament,
triangle_facial_mark,
dotted_line,
scooter,スクーター
widowmaker_(overwatch),"widowmaker,黑百合,ウィドウメイカー"
holding_another's_leg,
huge_moon,
saber_lily,"セイバー・リリィ,セイバーリリィ"
yellow_cape,
kagamihara_nadeshiko,"各務原なでしこ,各務原,なでしこ"
resident_evil_4,バイオハザード4
yellow_socks,
bouncing_ass,
fortissimo,
no_testicles,
button_eyes,
moroboshi_kirari,諸星きらり
combat_boots,コンバットブーツ
re-class_battleship,"戦艦レ級,レ級"
blue_tank_top,
cocktail,鸡尾酒
xiangling_(genshin_impact),"香菱,香菱(原神),Xiangling,シャンリン"
gaming_chair,ゲーミングチェア
brown_sleeves,
nagisa_kaworu,"渚カヲル,タブリス,カヲシン,渚薰"
crane_(machine),"クレーン,ガントリークレーン"
oshida_(girls_und_panzer),"押田,押田(GuP),安押"
kasugano_sakura,"春日野さくら,さくら(ストリートファイター)"
toe_ring,
japanese_crested_ibis_(kemono_friends),"トキ,トキ(けものフレンズ)"
polka_dot_headwear,
arms_around_waist,
haniwa_(statue),埴輪
matoba_risa,"的場梨沙,はるりさ"
crocodilian_tail,
colored_nipples,
orange_tail,
teen_titans,"Teentitans,ティーンタイタンズ,ティーン・タイタンズ"
sunburst_background,マケドニア国旗
looking_at_food,
camouflage_pants,
saw,
camellya_(wuthering_waves),"椿(鳴潮),椿,Camellya"
round-bottom_flask,丸底フラスコ
drying_hair,
monster_hunter_rise,"mhr,モンスターハンターライズ,MonsterHunterRise,MHRise"
solid_eyes,
johnston_(kancolle),"ジョンストン,ジョンストン(艦これ),ジョンストン(艦隊これくしょん),Johnston"
outstretched_leg,"伸腿,压腿"
strap_lift,
extra_mouth,"二口女,腹口,複口"
green_horns,
motorcycle_helmet,
floating_headgear,
tanabata,七夕
konjiki_no_yami,"金色の闇,ヤミ"
the_moon_studio,"輝夜月,PPH,ピンキー・ポップ・ヘップバーン,ピンキーポップヘップバーン,KOTODAMATRIBE"
among_us,"アマングアス,among_us,amongus,amogus"
mima_(touhou),"魅魔,魅魔様,みま,미마"
makizushi,"巻き寿司,海苔巻き"
fur-trimmed_footwear,
wakaba_mutsumi,"若葉睦,若叶睦,むつさき,むつそよ"
black_umbrella,
italian_flag,"🇮🇹,イタリアの国旗"
nerissa_ravencroft_(1st_costume),ネリッサ・レイヴンクロフト(通常)
puppet_strings,puppet_string
chaldea_logo,
balancing,バランス
clothes_between_breasts,谷間に布寄せ
brazilian_miku,"brazilianmiku,ブラジリアンミク,ブラジルミク"
pompadour,"リーゼント,ポンパドール"
tsurugi_(blue_archive),"剣先ツルギ,켄자키츠루기,츠루기"
hyuuga_(kancolle),"日向(艦隊これくしょん),日向(艦これ),日向"
purple_serafuku,
bicorne,双角帽
grey_wings,
april_fools,"エイプリルフール,愚人节"
frilled_wrist_cuffs,
thread,
arm_between_legs,
human_scabbard,
sleeved_leotard,
soda,"炭酸飲料,碳酸饮料,汽水"
shokugeki_no_souma,"食戟のソーマ,Food_Wars!,食戟之靈,食戟之灵"
purple_cardigan,
yuigahama_yui,"由比ヶ浜結衣,八結"
bombergirl,ボンバーガール
tokyo_ghoul,"東京喰種,東京グール,トーキョーグール,tokyoghoul,东京食尸鬼"
bird_mask,
lactation_through_clothes,服越し母乳
katsuragi_misato,葛城ミサト
pavolia_reine,"パヴォリア・レイネ,Reinessance,PavoliART,POGVOLIA,Pavolia_Reine"
doukyuusei_another_world,同級生~AnotherWorld~
hozuki_momiji,穂月もみじ
head_on_hand,
wooden_chair,
alternate_muscle_size,
yayoi_(kancolle),"弥生,弥生(艦隊これくしょん),弥生(艦これ)"
print_headwear,
brushing_another's_hair,
yellow_raincoat,
strawberry_hair_ornament,
happinesscharge_precure!,"ハピネスチャージプリキュア!,ハピネスチャージプリキュア,ハピプリ"
t-head_admiral,"T督,提督,Tヘッド"
square_4koma,
wrist_bow,
meisho_doto_(umamusume),"メイショウドトウ,メイショウドトウ(ウマ娘),名将怒涛"
breast_expansion,膨乳
adjusting_legwear,
monkey_ears,猿耳
lava,溶岩
official_alternate_color,
ninomiya_asuka,二宮飛鳥
hand_on_own_neck,
cactus,"🌵,サボテン,仙人掌,覇王樹"
hand_rest,
daruma_doll,だるま
lucky_beast_(kemono_friends),"ラッキービースト,ボス(けものフレンズ)"
u.a._school_uniform,
spitting,
battleship_princess,"戦艦棲姫,ダイソン(艦これ)"
argyle_thighhighs,
pod_(nier:automata),
zeta_(granblue_fantasy),"ゼタ,ゼタ(グラブル)"
fur-trimmed_collar,
ethan_(pokemon),"ヒビキ(ポケモン),ヒビキ(トレーナー),ゴールド(トレーナー),ゴールド(ポケスペ),ゴシル,シルゴ"
upshirt,
nekopara,"貓娘樂園,猫娘乐园,ネコぱら"
kirara_(genshin_impact),"綺き良ら々ら,Kirara,綺良々,绮良良"
anchor_choker,
elezen,エレゼン
rotom_phone,スマホロトム
sabrina_(pokemon),"ナツメ(ポケモン),ナツメ(トレーナー),ナツメ(ポケスペ),ナツメ"
jessie_(pokemon),"ムサシ,ムサシ(アニポケ),ムサシ(トレーナー)"
agano_(kancolle),"阿賀野,阿賀野(艦隊これくしょん),阿賀野(艦これ)"
little_red_riding_hood_(grimm),"赤ずきん,赤頭巾,あかずきん,赤ずきんちゃん,赤頭巾ちゃん,赤ずきんくん,あかずきんちゃん,小红帽"
raised_fist,
holding_ribbon,
traffic_cone,"カラーコーン,交通锥"
campfire,キャンプファイヤー
aqua_halo,
airi_(blue_archive),栗村アイリ
suou_momoko,周防桃子
sakuma_mayu,佐久間まゆ
streamers,
pizza_slice,
kirin_(armor),キリン装備
virtuosa_(arknights),"阿尔图罗,塑心,Virtuosa,Arturia,ヴィルトゥオーサ,ヴィルトゥオーサ(アークナイツ)"
koyuki_(blue_archive),"黒崎コユキ,코유키"
torn_jacket,
darker_than_black,"黒の契約者,DARKERTHANBLACK,DTB,dtb,黑之契约者,流星の双子"
jumpy_dumpty,
loose_shirt,
yasogami_school_uniform,
kotonoha_aoi,"琴葉葵,琴葉姉妹"
love_plus,ラブプラス
jingliu_(honkai:_star_rail),"镜流,Jingliu,鏡流"
hamaya,破魔矢
sukoya_kana,"健屋花那,いらすこや,すこティッシュ,すこやかじゃない絵,Crossick"
meowscarada,"マスカーニャ,マスカーニャ(ポケモン)"
sleeveless_coat,
eden_academy_school_uniform,
tsugu_(vtuber),鳩羽つぐ
under_night_in-birth,"アンダーナイトインヴァース,UNDERNIGHTINBIRTH,UNI,uni2,inbirth"
white_corset,
colorado_(kancolle),"コロラド,コロラド(艦これ),コロラド(艦隊これくしょん),Colorado,Colorado(艦これ),Colorado(艦隊これくしょん)"
polka_dot_swimsuit,
smokestack_hair_ornament,
sideburns_stubble,
hatoba_tsugu,"鳩羽つぐ,鸠羽伦"
final_fantasy_x,"ファイナルファンタジーX,ファイナルファンタジー10,FFX,FF10"
mahjong,"麻雀,麻将,마작"
cagliostro_(granblue_fantasy),"カリオストロ,カリオストロ(グラブル),カリおっさん"
utensil_in_mouth,
aubrey_(omori),AUBREY(OMORI)
star_pasties,"★★,スターニプレス,星形乳貼,星形乳贴,星形胸貼,星形胸贴"
magical_mirai_(vocaloid),"マジカルミライ,マジミラ,魔法未来,magical_mirai,magicalmirai"
ar-15,"AR-15,AR15"
sundae,サンデー
himmel_(sousou_no_frieren),"ヒンメル,ヒンメル(葬送のフリーレン)"
koihime_musou,"恋姫†無双,恋姫無双,戀姬無雙,恋姬无双,연희무쌍,恋姫夢想,モバ恋姫"
forehead-to-forehead,
bartender,"バーテンダー,バーテン,调酒师,酒保"
knotted_penis,亀頭球
mimura_kanako,三村かな子
sephiroth,"セフィロス,萨菲罗斯"
like_and_retweet,
sword_art_online:_code_register,コード・レジスタ
bamboo_steamer,"蒸し器,蒸笼"
santa_gloves,
kirara_(blue_archive),"夜桜キララ,キララ(ブルーアーカイブ),キララ(ブルアカ),きらら,キララ"
cat_ear_legwear,
mabinogi,"マビノギ,마비노기,mabinogi,マビノギソーシャル"
nippleless_clothes,
oyashio_(kancolle),"親潮,親潮(艦これ),親潮(艦隊これくしょん)"
cartoon_bone,
bowing,"お辞儀,鞠躬"
calico,"三毛猫,三毛,三花猫"
pectoral_grab,
boudica_(fate),"ブーディカ,ブーディカ(Fate)"
dolphin_wave,"ドルフィンウェーブ,ドルウェブ"
family_crest,"家紋,mon"
mejiro_dober_(umamusume),"メジロドーベル(ウマ娘),メジロドーベル"
character_censor,
osakabehime_(fate),"刑部姫,刑部姫(Fate)"
baggy_clothes,
two-tone_legwear,
animal_on_lap,
sengoku_nadeko,千石撫子
female_rover_(wuthering_waves),"漂泊者,潮妹,鸣潮乙女"
onesie,"ワンジー,つなぎパジャマ,フード付きパジャマ"
chinese_hairpin,"发簪,髮簪"
magical_musket,マジカルマスケット銃
bad_proportions,
single_stripe,
armored_gloves,
grey_serafuku,
bamboo_broom,
glowing_tattoo,
chongyun_(genshin_impact),"重云,重云(原神),重雲,Chongyun"
huge_testicles,巨玉
purple_collar,
halo_behind_head,
ichikawa_hinana,"市川雛菜,市川雏菜"
hands_on_another's_thighs,
fake_nails,
himeko_(honkai:_star_rail),"姬子,姫子,姫子(スターレイル),히메코,Himeko,kafhime"
year_of_the_snake,"巳年,蛇年"
blaze_the_cat,"ブレイズ・ザ・キャット,ブレイズザキャット,ブレイズ,Blazethecat,Blaze,silvaze,シルブレ,blazamy,sonaze,ソニブレ"
diamond_wa_kudakenai,"ダイヤモンドは砕けない,4部"
tharja_(fire_emblem),サーリャ
silver_trim,
video_game,"テレビゲーム,ビデオゲーム,コンピュータゲーム"
hauchiwa,"羽うちわ,羽団扇,葉うちわ,天狗葉扇"
hugtto!_precure,"HuGっと!プリキュア,Hugっと!プリキュア,HUGっと!プリキュア,はぐっと!,ハグプリ,はぐっとプリキュア"
majo_no_tabitabi,"魔女の旅々,魔女の旅々はいいぞ,魔女之旅"
lucy_(cyberpunk),"ルーシー,ルーシー(エッジランナーズ)"
unworn_coat,
linked_piercing,
haro,ハロ
akanbe,あっかんべー
canvas_(object),
hydrokinesis,
light_machine_gun,"軽機関銃,軽機,分隊支援火器,LMG"
platform_boots,"厚底,厚底ブーツ"
teardrop_tattoo,
charizard,リザードン
holding_notebook,
<|>_<|>,
ceobe_(arknights),"刻俄柏,ケオベ(アークナイツ),ケオベ"
malenia_blade_of_miquella,"ミケラの刃マレニア,ミケラの刃、マレニア,マレニア,Malenia,玛莲妮亚"
truth,
nearly_naked_apron,"下着エプロン,水着エプロン"
reins,"手綱,缰绳"
st_ar-15_(girls'_frontline),"AR15,AR-15,STAR15,STAR-15,STAR-15(ドールズフロントライン),STAR-15(少女前線),AR-15(ドールズフロントライン)"
wet_dress,濡れたドレス
marvel_cinematic_universe,"MCU,マーベル・シネマティック・ユニバース,漫威电影宇宙"
anchor_necklace,
wizarding_world,"ウィザーディング・ワールド,魔法ワールド"
corded_phone,
vertin_(reverse:1999),"维尔汀,Vertin,ヴェルティ,ヴェルティ(リバース:1999)"
hooded_cardigan,
totoki_airi,"十時愛梨,とときん"
holding_cotton_candy,
kuki_shinobu,"久岐忍,久岐忍(原神),쿠키,시노부,Shinobu"
rope_belt,
konohagakure_symbol,
thick_mustache,
party_popper,クラッカー
bayonetta_(series),"ベヨネッタ,BAYONETTAシリーズ"
tiger_stripes,"虎縞,虎縞ビキニ"
cherry_hair_ornament,
yi_sang_(project_moon),イサン
tapir_tail,
white_butterfly,
glowing_butterfly,
tarnished_(elden_ring),褪せ人
son_gohan,"孫悟飯,青年悟飯,アルティメット悟飯,Gohan"
alear_(female)_(fire_emblem),
akeome,
anby_demara,"アンビー・デマラ,安比·德玛拉,AnbyDemara,アンビー・デマラ绝区零,Anby"
ryu_(street_fighter),"隆,リュウ,リュウ(ストリートファイター)"
consensual_tentacles,
atalanta_(fate),"アタランテ,アタランテ(Fate),赤のアーチャー"
matikanefukukitaru_(umamusume),"マチカネフクキタル,マチカネフクキタル(ウマ娘)"
white_trim,
possessed,"乗っ取り,憑依,Possession,possession,possessed"
seiken_densetsu_3,"聖剣伝説3,聖剣3,聖剣伝説3ToM"
official_alternate_hair_color,
amane_kanata_(1st_costume),天音かなた(通常)
monokuma,モノクマ
rensouhou-kun,連装砲くん
cutting_board,まな板
purple_butterfly,
emma_verde,エマ・ヴェルデ
hilichurl_(genshin_impact),ヒルチャール
kimono_skirt,
under_kotatsu,
holding_fireworks,
pokemon_dppt_(anime),アニポケDP
rook_(chess),
shirt_grab,
oshiro_project:re,"御城プロジェクト:RE,城プロRE,御城プロジェクト,城プロ,御城コレクション,城コレ,城これ"
ace_of_hearts,🂱
artoria_pendragon_(swimsuit_ruler)_(first_ascension)_(fate),
tera_online,"TERA,테라"
yes!_precure_5,"Yes!プリキュア5,yes!プリキュア5,プリキュア5"
character_age,
in_the_face,ジャイアンパンチ
hyakumantenbara_salome,"壱百満天原サロメ,サロメ百万展,壱百万天原サロメ"
pearl_(splatoon),"ヒメ,テンタクルズ,ヒメ(スプラトゥーン)"
holding_remote_control,
aris_(maid)_(blue_archive),"メイドアリス,天童アリス(メイド)"
:x,
kourindou_tengu_costume,香霖堂天狗装束
torn_bodystocking,
joutouguu_mayumi,"杖刀偶磨弓,磨弓,조토구마유미,마유미,仗刀偶磨弓"
tokitarou_(fate),"とと様,とと様(Fate)"
yellow_sky,
opened_by_self,
daidouji_tomoyo,大道寺知世
mejiro_ardan_(umamusume),"メジロアルダン(ウマ娘),メジロアルダン"
goodsmile_racing,"グッドスマイルレーシング,fightgsr"
teacher_and_student,"先生と生徒,先生×生徒"
kashino_(azur_lane),"樫野(アズールレーン),樫野,㭴"
haruna_kai_ni_(kancolle),榛名改二
chalk,
shell_bikini,"貝殻ビキニ,貝ブラ"
orange_belt,
tall,
christmas_present,クリスマスプレゼント
kawakaze_(kancolle),"江風,江風(艦隊これくしょん),江風(艦これ)"
yamada_anna,山田杏奈
doctor,"医師,医者,女医"
german_flag,"🇩🇪,ドイツの国旗,ドイツのこっき,ドイツ連邦共和国の国旗"
sugar_lyric,"シュガーリリック,シュガリリ,Сахарная_Лирика"
luciana_de_montefio,"露西,ルシアーナ・オクシスィース・テオドロ・デ・モンテフィーノ"
pursed_lips,
ayanami_(kancolle),"綾波,綾波(艦隊これくしょん),綾波(艦これ)"
toon_(style),カートゥーン
native_american,"ネイティブ・アメリカン,インディアン"
pussy_juice_drip_through_clothes,
summer_festival,"夏祭り,夏祭,夏日祭"
heart_pendant,
mechanization,"機械化,ポケモン機械化,ロボット化"
embodiment_of_scarlet_devil,"東方紅魔郷,紅魔郷,EoSD,东方红魔乡,红魔乡"
xenoblade_chronicles_1,"ゼノブレイド(初代作),初代ゼノブレイド,ゼノブレイド,Xenoblade,XenobladeChronicles,XenobladeChroniclesDE"
ribbon_braid,
unzipping,
mahou_sensei_negima!,"魔法先生ネギま!,ネギま"
clock_tower,"時計塔,時計台,钟塔"
t.m._opera_o_(umamusume),"テイエムオペラオー,テイエムオペラオー(ウマ娘),好歌剧"
floating_weapon,
ribbed_bodysuit,
oven_mitts,"鍋つかみ,鍋掴み,烤箱手套,隔热手套"
jujutsu_tech_uniform,"東京都立呪術高等専門学校,呪術高専東京校"
coin_on_string,
pill_earrings,
pinstripe_jacket,
richelieu_(kancolle),"リシュリュー,リシュリュー(艦隊これくしょん),リシュリュー(艦これ),Richelieu,Richelieu(艦隊これくしょん),Richelieu(艦これ)"
pants_rolled_up,
vaporeon,"シャワーズ,シャワーズの日"
pasta,パスタ
pentacle,ペンタクル
ghost_pose,
kirakira_precure_a_la_mode,"キラキラ☆プリキュアアラモード,キラキラプリキュアアラモード,プリアラ"
blue_camisole,
arisugawa_natsuha,有栖川夏葉
green_armband,
hanami_ume,"花海佑芽,佑芽"
twisted_wonderland,"twst,ツイステッドワンダーランド,ツイステ,twst夢,twst腐,ツイステファンアート,twstファンアート,ツイ腐テ,twst_BL,twst_NL,ツイステCPなし,twstプラス"
ultra_series,"ウルトラシリーズ,ウルトラマン,奥特曼系列,奥特曼,超人力霸王系列,超人力霸王,咸蛋超人,鹹蛋超人,UltraSeries,Ultraman,昭和ウルトラマン,空想特撮シリーズ,平成ウルトラマン,TDG三部作,ULTRA_N_PROJECT,ULTRANPROJECT,ハイコンセプト・ウルトラマン,新世代ヒーローズ,令和ウルトラマン,ウルトラマンTHE_LIVE,ウルトラヒーローズEXPO,ウルサマ,ウルトラ兄弟,ウルトラウーマン,ウルトラヒロイン,悪トラマン,海外ウルトラマン,ウルトラ怪獣,宇宙警備隊(ウルトラシリーズ),ウルトラマン擬人化,オリジナルウルトラマン,オリトラマン,oritra"
colored_shadow,
werewolf,"ワーウルフ,ウェアウルフ,人狼"
off-shoulder_one-piece_swimsuit,
aqua_footwear,
fur_cape,
blaze_(arknights),"煌,ブレイズ,ブレイズ(アークナイツ)"
morning_glory,"アサガオ,朝顔,牵牛花"
nakasu_kasumi,中須かすみ
sinoalice,"SINoALICE,シノアリス"
between_toes,
no_mask,
soup,"スープ,汁物,吸い物,お吸い物,出汁,だし,ダシ,ブイヨン,ポタージュ"
shinsengumi,"新選組,新撰組,だんだら模様"
drill,ドリル
cross_choker,
uva_academy_school_uniform,"グレープアカデミー制服,グレープアカデミー(パルデア)"
boo_(mario),テレサ
racerback,
through_medium,
reiuji_utsuho_(bird),おキューちゃん
chef,"料理人,りょうりにん,シェフ,コック"
grey_leotard,
smoke_trail,
baobhan_sith_(first_ascension)_(fate),
chilchuck_tims,"チルチャック,チルチャック・ティムズ,chilchuck"
holding_drumsticks,
partially_shaded_face,
bus_stop,バス停
hanasakigawa_school_uniform,花咲川女子学園
sheikah,シーカー族
popcorn,"🍿,ポップコーン"
katsuragi_ace_(umamusume),"カツラギエース(ウマ娘),カツラギエース"
pink_cape,
alternate_weapon,
altera_(fate),"アルテラ,アルテラ(Fate),阿提拉"
tokyo_7th_sisters,"Tokyo7thシスターズ,ナナシス,ナナピク,大人のナナピク"
team_rocket_uniform,
streetwear,"ストリート系,ストリート"
genderswap_(otf),
racing_miku,"レーシングミク,レーミク"
suzuhara_lulu,"鈴原るる,るるのアトリエ"
vikala_(granblue_fantasy),"ビカラ,vikara,ビカラ(グラブル)"
aile_(mega_man_zx),"エールさん,エール(ロックマン),aile,エール"
goatee_stubble,
mole_above_mouth,
arm_cuffs,
sakurako_(blue_archive),"歌住サクラコ,우타즈미사쿠라코,사쿠라코"
snail,
checkered_flag,"チェッカーフラッグ,方格旗"
diana_cavendish,"ダイアナ・キャベンディッシュ,ダイアナ,戴安娜"
dropping,
chinese_new_year,"旧正月,春節,春节,新年快樂,新年快乐,spring_festival"
murasaki_shikibu_(fate),"紫式部,紫式部(Fate)"
final_fantasy_iv,"ファイナルファンタジーIV,ファイナルファンタジー4,FFIV,FF4"
uncommon_stimulation,
awa_subaru,安和すばる
chimney,煙突
sonozaki_mion,園崎魅音
miku_day,"ミクの日,3月9日,ミクの日2023,ミークの日"
kurosaki_ichigo,黒崎一護
ootachi,"大太刀,野太刀"
hoshino_aquamarine,"星野アクア,星野愛久愛海"
glowing_wings,
commissioner_name,
asa_no_ha_(pattern),麻の葉
wonderful_precure!,"わんだふるぷりきゅあ!,わんだふるぷりきゅあ,わんだふるプリキュア,わんぷり,わんプリ"
race_vehicle,
pokemon_platinum,
n_(pokemon),"n(トレーナー),N(ポケモン),Nゲー"
collei_(genshin_impact),"Collei,コレイ,Korei,柯莱,Kēlái,콜레이,Kollei,Tighlei,コレイ(原神),cyllei"
before_and_after,"ビフォーアフター,劇的ビフォーアフター"
sakura_miko_(casual),"さくらみこ(私服衣装),さくらみこ(私服)"
golden_kamuy,"ゴールデンカムイ,金カム,金カム腐,金カ夢"
miyuki_(kancolle),"深雪,深雪(艦隊これくしょん),深雪(艦これ)"
._.,
aestus_estus,
bandolier,弾帯
camcorder,
hand_under_shirt,
super_creek_(umamusume),"スーパークリーク,スーパークリーク(ウマ娘)"
tales_of_vesperia,"テイルズ・オブ・ヴェスペリア,テイルズオブヴェスペリア,ヴェスペリア,TOV"
print_shorts,
bridal_legwear,
leash_pull,
kamoi_(kancolle),"神威(艦隊これくしょん),神威,カモイポロトカプ,ゴールデン神威,神威(艦これ)"
mustache_stubble,
bow_skirt,
hands_on_ground,
k/da_(league_of_legends),"KDA,K/DA"
body_armor,ボディーアーマー
pink_gemstone,
evangelion_(mecha),
stellive,스텔라이브
dashed_eyes,
pinned,
rias_gremory,リアス・グレモリー
grey_cape,
papakha,Папаха
bilingual,
split_screen,
donation_box,"賽銭箱,賽銭"
galaxy_expedition_team_survey_corps_uniform,
coffin,"棺桶,棺"
giving_up_the_ghost,幽体離脱
pokemon_go,"ポケモンGO,PokemonGO"
furutaka_(kancolle),"古鷹,古鷹(艦隊これくしょん),古鷹(艦これ)"
orange_vest,
sakamoto_mio,坂本美緒
wetsuit,ウェットスーツ
male_maid,メイド男子
adventurer_(ff11),
grey_wolf_(kemono_friends),"タイリクオオカミ(けものフレンズ),タイリクオオカミ"
nishi_kinuyo,"西絹代,知波単学園,隊長組,西福,絹みほ,西ダジ"
coin_hair_ornament,
manga_cover,
umikaze_(kancolle),"海風,海風(艦隊これくしょん),海風(艦これ)"
double_vertical_stripe,
holding_legs,
m200_(girls'_frontline),"M200,M200(ドールズフロントライン),M200(少女前線)"
multicolored_leotard,
autobot,"サイバトロン,オートボット"
cat_on_head,
hitodama_print,
black_scales,
summer_pockets,"SummerPockets,サマポケ,夏日口袋"
yowane_haku,"弱音ハク,よわねハク"
egg_hair_ornament,
pokemon_on_shoulder,
hands_on_another's_hips,
flower_on_head,花在头上
kissing_penis,"ペニスにキス,先っぽちゅーちゅー,ちんキス"
ruler,定規
fishnet_socks,
string_bra,
onmyoji,"陰陽師,阴阳师,阴阳师手游,陰陽師(ゲーム),陰陽師イラコン,onmyouji,陰陽師FA部門,阴阳师同人,陰陽師本格幻想RPG,陰陽師本格幻想"
green_visor,
mio_(xenoblade),"ミオ(ゼノブレイド3),ミオ"
watermelon_bar,"すいかバー,スイカバー"
fanning_self,
muelsyse_(arknights),"缪尔赛思,ミュルジス,ミュルジス(アークナイツ),MuMu"
ano_hi_mita_hana_no_namae_wo_bokutachi_wa_mada_shiranai.,"あの日見た花の名前を僕達はまだ知らない。,あの日見た花の名前を僕達はまだ知らない,あの花,我们仍未知道那天所看见的花的名字,我们仍未知道那天所看见的花的名字。"
ojou-sama_pose,高笑い
m1911,"M1911A1,コルト・ガバメント,コルトガバメント"
kaguya_luna,"輝夜月,首を絞めたハム太郎"
striped_hairband,
hayashimo_(kancolle),"早霜,早霜(艦隊これくしょん),早霜(艦これ)"
inkling_boy,イカボーイ
crocs,"クロックス,洞洞鞋"
bishop_(chess),
penises_touching,兜合わせ
queen_(chess),
spray_can,"喷雾罐,喷漆罐"
phosphophyllite,"フォスフォフィライト,フォス,磷叶石"
getou_suguru,"夏油傑,夏油杰"
okamisty,おかみすちー
police_badge,
chemical_structure,"構造式,化学式"
blending,
maria-sama_ga_miteru,"マリア様がみてる,瑪莉亞的凝望,聖母在上,圣母在上"
brown_collar,
tentacles_under_clothes,
artoria_pendragon_(alter_swimsuit_rider)_(second_ascension)_(fate),
dantsu_flame_(umamusume),"ダンツフレーム,ダンツフレーム(ウマ娘)"
oversized_breast_cup,
sprigatito,"ニャオハ,リコのニャオハ"
high-low_skirt,
chibi_usa,ちびうさ
yama_no_susume,"ヤマノススメ,向山进发"
post-apocalypse,ポストアポカリプス
ayane_(blue_archive),"奥空アヤネ,오쿠소라아야네,아야네"
buruma_pull,
hikawa_sayo,氷川紗夜
vertical-striped_bikini,縦縞ビキニ
onegai_my_melody,"おねがいマイメロディ,我愛美樂蒂,奇幻魔法Melody"
kero_(cardcaptor_sakura),"ケロちゃん,ケロちゃん(カードキャプターさくら)"
dragon_quest_xi,"ドラクエ11,DQ11"
folding_chair,パイプ椅子
straitjacket,"拘束衣,拘束服"
aozaki_aoko,蒼崎青子
ootori_emu,"鳳えむ,鳳笑夢,오오토리에무,司えむ,類えむ,えむ寧々"
magical_mirai_miku,
sakura_taisen,"サクラ大戦,Sakura_Wars,サクラ画廊,サクラ大戦シリーズ"
overcoat,
okita_souji_alter_(fate),"沖田総司(オルタ),魔神セイバー,沖田オルタ,魔神总司"
robot_animal,生物メカ
black_bandeau,
call_of_duty,"コールオブデューティ,COD,使命召唤,決勝時刻"
shibuya_kanon,澁谷かのん
bowser,クッパ
legs_over_head,
hong_lu_(project_moon),ホンル
vaulting_horse,跳び箱
konno_junko,"紺野純子,純愛コンビ"
breast_milk,
cow,"牛,ウシ,うし,ホルスタイン,乳牛"
virgin_destroyer_sweater,"virgindestroyersweater,進化版童貞を殺すセーター"
dark_areolae,黒乳輪
high_school_fleet,"はいふり,ハイスクール・フリート,高校艦隊,青春波纹"
unitard,ユニタード
may_(guilty_gear),"メイ(ギルティギア),Mayburi"
chain_headband,
holding_letter,
saki_achiga-hen,阿知賀編
gundam_tekketsu_no_orphans,"機動戦士ガンダム鉄血のオルフェンズ,鉄血のオルフェンズ,鉄血のオル腐ェンズ,g_tekketsu,鉄オルG"
hairjob,"髪コキ,髪コキチンカス掃除"
isuzu_(kancolle),"五十鈴,五十鈴(艦隊これくしょん),五十鈴(艦これ),五十铃"
height,
francesca_lucchini,フランチェスカ・ルッキーニ
guilty_crown,"ギルティクラウン,GuiltyCrown"
nekomusume,"ネコ娘,猫娘,ねこ娘,子ねこ娘,仔ねこ娘,こねこ娘"
oikawa_shizuku,及川雫
puffy_cheeks,
eternal_return:_black_survival,"ER_Fanart,이터널리턴,eternal_return,EternalReturn:BlackSurvival,エターナルリターン"
hand_on_ground,
lowleg_pants,
leonardo_da_vinci_(rider)_(fate),"ロリンチ,ロリンチちゃん"
presenting_ass,
hospital_bed,
analog_clock,
mismatched_eyebrows,
yahata_umiri,"八幡海鈴,umtk,うみたき"
microsoft_windows,"Windows,MicrosoftWindows,マイクロソフトウィンドウズ,マイクロソフト・ウィンドウズ"
single_boot,
konoe_kanata,近江彼方
kuro_no_kiseki_(series),
smart_falcon_(umamusume),"スマートファルコン,スマートファルコン(ウマ娘),醒目飞鹰,醒目飛鷹"
tarot_(medium),
misumi_uika,三角初華
mahjong_tile,"麻將牌,麻雀牌"
keizoku_military_uniform,
honeycomb_(pattern),ハニカム構造
kamijou_touma,上条当麻
a2_(nier:automata),"ヨルハA型二号,A2"
ruffling_hair,
rex_(xenoblade),レックス(ゼノブレイド2)
hanbok,"한복,韓服,조선옷,朝鮮服,ハンボク"
satin,缎子
hikarizaka_private_high_school_uniform,
convenience_store,"コンビニ,コンビニエンスストア,便利店"
guilty_gear_xx,ギルティギアイグゼクス
princess_principal,"プリンセス・プリンシパル,プリンセスプリンシパル,pripri"
guided_penetration,
castlevania_(series),"悪魔城ドラキュラ,キャッスルヴァニア,キャッスルニア"
two-tone_one-piece_swimsuit,
comforting,慰める
picnic,ピクニック
miyu_(swimsuit)_(blue_archive),"ミユ(水着),霞沢ミユ(水着)"
hagikaze_(kancolle),"萩風,萩風(艦隊これくしょん),萩風(艦これ)"
iris_(pokemon),"アイリス,アイリス(トレーナー),アイリス(ポケモン),アイリス(アニポケ)"
two-handed_handjob,
fine_motion_(umamusume),"ファインモーション,ファインモーション(ウマ娘)"
cum_on_pussy,
y'shtola_rhul,"ヤ・シュトラ,ヤ・シュトラ・ルル,雅修特拉"
yellow_tank_top,
katsuragi_(kancolle),"葛城,葛城(艦これ),葛城(艦隊これくしょん)"
male_doctor_(arknights),"男ドクター,男ドクター(アークナイツ)"
candy_wrapper,"糖果包装纸,糖纸"
celestia_ludenberg,セレスティア・ルーデンベルク
mamiya_(kancolle),"間宮,間宮(艦隊これくしょん),間宮(艦これ)"
fake_cover,
fur_cloak,
looking_outside,
wading_pool,ビニールプール
bronya_zaychik_(silverwing:_n-ex),"大鸭鸭,新生の銀翼,次生银翼"
faux_figurine,ヴィネット
dr._ratio_(honkai:_star_rail),"DrRatio,Dr.レイシオ"
utage_(arknights),"宴,ウタゲ,ウタゲ(アークナイツ)"
blank_speech_bubble,
dragon_ball_gt,"ドラゴンボールGT,dbgt,dragonballgt"
squinting,眯眼
saitama_(one-punch_man),"サイタマ,ハゲマント"
xenosaga,"ゼノサーガ,xenosaga"
antique_firearm,
leopard_tail,
steampunk,"スチームパンク,蒸汽朋克"
hand_on_glass,
scott_pilgrim_(series),"スコット・ピルグリム,ScottPilgrim,スコピル,scott_pilgrim_vs_the_world,spvtw,歪小子斯科特"
head_chain,
elaina_(majo_no_tabitabi),"イレイナ,イレイナ(魔女の旅々)"
sword_behind_back,
katori_(kancolle),"香取,香取(艦これ),香取(艦隊これくしょん),横浜のカトリーヌ"
kanojo_okarishimasu,"彼女、お借りします,かのかり"
o-ring_belt,
passionlip_(fate),"パッションリップ,パッションリップ(水着)"
gigi_murin,"ジジ・ムリン,rkggk,gigiez,gremurins,LFGIGI,GigiMurin"
tsukino_mito_(1st_costume),月ノ美兎(通常)
pet_bowl,
green_scrunchie,
hachikuji_mayoi,八九寺真宵
multi-strapped_panties,
bayonetta,"ベヨネッタ,セレッサ"
struggling,
utawarerumono,"うたわれるもの,うたわれ"
oversized_food,大きな食べ物
green_pantyhose,
frisk_(undertale),"frisk,フリスク"
ornate_border,
open_bodysuit,
izumi_mei,和泉愛依
boxer_briefs,ボクサーパンツ
gag_harness,
rance_(series),"ランスシリーズ,ランス"
tennis_ball,
flower_brooch,
tsurumaki_maki,弦巻マキ
bad_end,
yellow-tinted_eyewear,
vivio,"高町ヴィヴィオ,ヴィヴィオ"
implied_fingering,
heart_in_heart_hands,
jacket_pull,
leon_(pokemon),"ダンデ,ダンデ(ポケモン),ダンキバ,キバダン,ダンデ(トレーナー),ダンユウ,ダンソニ"
lapel_pin,ラペルピン
northern_white-faced_owl_(kemono_friends),"アフリカオオコノハズク,コノハ博士,としょかんコンビ,アフリカオオコノハズク(けものフレンズ)"
diamond_hair_ornament,
makoto_nanaya,マコト=ナナヤ
ear_protection,イヤーガード
electric_plug,"プラグ,電源プラグ"
inkwell,
elin,"エリーン,엘린,艾琳"
leona_heidern,"レオナ・ハイデルン,莉安娜"
brown_dust_(series),
short-sleeved_sweater,
kill_me_baby,キルミーベイベー
getsuyoubi_no_tawawa,月曜日のたわわ
rosaria_(genshin_impact),"ロサリア,ロサリア(原神),罗莎莉亚,rosaria"
kasumi_(doa),"霞,かすみ,霞(DOA)"
implied_fellatio,
sand_sculpture,砂の城
naked_overalls,"裸オーバーオール,裸サロペット"
yunyun_(konosuba),"ゆんゆん,ゆんゆん(このすば)"
cross-laced_slit,
grand_piano,"グランドピアノ,三角钢琴"
pump_action,ポンプアクション
harry_potter_(series),"ハリポタ,ハリーポッター,ハリー・ポッター"
shirobako,SHIROBAKO
angel_(kof),"アンヘル,アンヘル(KOF)"
bernadetta_von_varley,ベルナデッタ=フォン=ヴァーリ
owl_ears,
nagato_(azur_lane),"長門(アズールレーン),長門,鲨"
king_(chess),
theft,"泥棒,どろぼー,こそ泥,盗み,盗む,奪う,小偷"
inuyama_aoi,犬山あおい
aoki_hagane_no_arpeggio,"蒼き鋼のアルペジオ,Arpeggio_of_Blue_Steel"
sword_girls,"swordgirls,ソードガールズ,소드걸스"
clapping,
cheshire_(azur_lane),"チェシャー,チェシャー(アズールレーン),柴郡"
cropped_arms,
food_stand,"出店,でみせ"
sucrose_(genshin_impact),"砂糖,スクロース,スクロース(原神),Sucrose"
natsuki_(doki_doki_literature_club),"Natsuki(DDLC),Natsuki,ナツキ(DDLC),ナツキ"
pancake_stack,
hoshino_fumina,ホシノ・フミナ
covering_ass,
bandaged_chest,
red_border,
uzaki_hana,宇崎花
gundam_unicorn,"ガンダムUC,機動戦士ガンダムUC"
liquid_hair,
feixiao_(honkai:_star_rail),"飞霄,飛霄,ヒショ,Feixiao"
shikigami,式神
cross_tie,
mega_gardevoir,メガサーナイト
black_slingshot_swimsuit,
eldritch_abomination,
frozen_(disney),"アナと雪の女王,frozen"
akali,"Akali,아칼리,アカリ,阿卡利"
izuna_(swimsuit)_(blue_archive),水着イズナ
platinum_(arknights),"プラチナ(アークナイツ),白金,白金(明日方舟)"
scarf_over_mouth,
wheat,小麦
uiharu_kazari,初春飾利
otonashi_kotori,音無小鳥
kimono_lift,
gwen_(league_of_legends),"グウェン,gwenlol,그웬,gwen,格温"
senjou_no_valkyria_(series),"戦場のヴァルキュリア,Valkyria,戦ヴァル"
cable_tail,
takara_miyuki,高良みゆき
jungle_pocket_(umamusume),"ジャングルポケット(ウマ娘),ジャングルポケット"
splash_page,
clothes,
rhodes_island_logo_(arknights),罗德岛标志
nostrils,"鼻の穴,鼻孔,콧구멍"
glass_bottle,
qingyi_(zenless_zone_zero),"青衣,青衣(ゼンゼロ),Chin'i"
watatsuki_no_yorihime,綿月依姫
blue_oak,"グリーン(ポケモン),グリーン(トレーナー),グリーン(ポケスペ),レグリ,グリリフ,スペレグリ"
nachi_(kancolle),"那智,那智(艦隊これくしょん),那智(艦これ)"
frilled_headwear,
shigure_(blue_archive),"間宵シグレ,마요이시구레"
vi_(league_of_legends),"Vi,蔚"
raphtalia,"ラフタリア,Raphtalia,raphtalia"
slapping,"平手打ち,耳光"
holding_suitcase,
ajirogasa,"網代笠,被り笠,삿갓,斗笠,檜笠,桧笠,竹笠"
yuyushiki,"ゆゆ式,悠悠式"
forced_orgasm,"強制絶頂,強制絕頂,强制绝顶,강제절정"
jigglypuff,"プリン,プリン(ポケモン)"
igarashi_futaba_(shiromanta),五十嵐双葉
single_arm_warmer,
hair_vines,
no_game_no_life,"ノーゲーム・ノーライフ,NGNL,ノーゲームノーライフ,ノーゲーム・ノーライフゼロ"
origami,折り紙
wall_clock,"掛け時計,壁掛け時計"
silence_(arknights),"赫默,サイレンス,サイレンス(アークナイツ)"
yordle,"요들,ヨードル"
large_ears,
myoukou_(kancolle),"妙高,妙高(艦隊これくしょん),妙高(艦これ)"
aki_rosenthal,"アキ・ローゼンタール,アキロゼ,アロ絵,スケベなアロ絵,茨咲希"
toilet_paper,トイレットペーパー
blake_bloom_(wuthering_waves),
clumsy_nun_(diva),
cut_bangs,
odd_one_out,
aria_(manga),"アリア,ARIA"
old_woman,
broken_heart,
skull_ornament,
kessoku_band,結束バンド
elbows_on_table,
shigure_kai_san_(kancolle),時雨改三
crt,
toilet_use,
aranara_(genshin_impact),アランナラ
hand_on_wall,
etorofu_(kancolle),"択捉(艦隊これくしょん),択捉,択捉(艦これ)"
miyashita_ai,宮下愛
shimokitazawa_high_school_uniform,下北沢高校
kaiju,怪獣
hat_tip,
irisviel_von_einzbern,"アイリスフィール・フォン・アインツベルン,アイリスフィール"
shidare_hotaru,"枝垂ほたる,枝垂莹"
screwdriver,ドライバー
mother_(series),"MOTHERシリーズ,MOTHER風"
laundry,
nier,"ニーアゲシュタルト,ニーアレプリカント"
topless_female,
mithrun,"ミスルン隊長,ミスルン,カブミス"
hanami_saki,花海咲季
ise_(kancolle),"伊勢,伊勢(艦隊これくしょん),伊勢(艦これ)"
looking_through_own_legs,"股眼鏡,股のぞき"
zora,ゾーラ族
arm_above_head,
sailor_mercury,セーラーマーキュリー
tokiko_(touhou),"朱鷺子,名無し本読み妖怪,名無しの本読み妖怪"
pencil_case,
zabuton,"座布団,坐垫(日式)"
\o/,
black_eyeshadow,
breastfeeding,授乳
maki_(blue_archive),"小塗マキ,코누리마키,maki"
holding_money,
asaka_karin,朝香果林
shorts_around_one_leg,
nearl_(arknights),"临光,ニアール(アークナイツ),ニアール,二アール"
amulet,
bayonet,銃剣
baiken,"梅喧,バイケン"
clear_sky,
island,島
pickaxe,"つるはし,ツルハシ,鶴嘴"
the_legend_of_zelda:_a_link_between_worlds,神々のトライフォース2
smoking_barrel,
dante_(devil_may_cry),"ダンテ,Dante,dante"
green_hakama,
calem_(pokemon),"カルム(トレーナー),カルム,エックス(ポケスペ),カルセレ"
oshino_ougi,忍野扇
iori_(swimsuit)_(blue_archive),"イオリ(水着),銀鏡イオリ(水着)"
single_knee_pad,
heathcliff_(project_moon),"ヒースクリフ,heathcliff"
propeller,"プロペラ,推進器,すいしんき"
nanachi_(made_in_abyss),"ナナチ,娜娜奇"
on_stool,
2014,"2014年,平成26年"
kujo_jotaro,"空条承太郎,承花,承太郎"
frilled_jacket,
leg_wrap,
jiangshi_costume,
texas_the_omertosa_(arknights),"缄默德克萨斯,血掟テキサス"
diona_(genshin_impact),"迪奥娜,ディオナ,ディオナ(原神),Diona,Diona_Kätzlein,디오나"
holding_teapot,
suomi_(girls'_frontline),"KP31,索米KP/-31,索米,KP/-31,SUOMI,スオミ(ドールズフロントライン),スオミ(少女前線),スオミ,KP31(少女前線),KP31(ドールズフロントライン)"
cookie_run,"クッキーラン,CookieRun,cookierunOC,쿠키런,跑跑薑餅人,跑跑姜饼人,クキロン,CookieRunFanart"
cum_in_nose,"鼻ザー,鼻からザーメン"
yellow_butterfly,
trafalgar_law,トラファルガー・ロー
armored_core,"アーマードコア,アーマード・コア"
ciel_(tsukihime),"シエル先輩,シエル"
cowboy_boots,
reines_el-melloi_archisorte,"ライネス・エルメロイ・アーチゾルテ,莱妮丝"
basil_(omori),"BASIL(OMORI),バジル,omorisunflower"
swire_(arknights),"诗怀雅,スワイヤー,スワイヤー(アークナイツ)"
tenkyuu_chimata,"天弓千亦,텐큐치마타"
grimoire,
aqua_hat,
ark_royal_(kancolle),"アーク・ロイヤル,アーク・ロイヤル(艦隊これくしょん),アーク・ロイヤル(艦これ),アークロイヤル(艦隊これくしょん),アークロイヤル,アークロイヤル(艦これ),皇家方舟(舰队收藏)"
hayate_no_gotoku!,"ハヤテのごとく!,ハヤテのごとく"
holding_behind_back,
multicolored_cape,
kitazawa_shiho,北沢志保
fuuka_(blue_archive),"愛清フウカ,아이키요후우카,후우카"
leather_pants,
bandaged_wrist,
bored,HEIZEN
zundamon,"ずんだもん,俊达萌"
mahou_girls_precure!,"魔法つかいプリキュア!,魔法つかいプリキュア,まほプリ"
bandaid_on_forehead,
blue_veil,
hand_on_own_elbow,
white_mittens,
the_ring,リング
holding_crepe,
simple_bird,
gills,"鰓,えら,エラ"
sento_isuzu,"千斗いすず,五十鈴"
half_mask,
sitting_on_table,
terra_branford,ティナ・ブランフォード
bun_with_braided_base,
sidepec,
charlotte_dunois,シャルロット・デュノア
watermelon_slice,
climbing,
la_pluma_(arknights),"羽毛笔,ラ・プルマ,ラ・プルマ(アークナイツ),ラプルーマ(アークナイツ),LaPluma"
liko_(pokemon),"リコ(アニポケ),リコ(トレーナー),リコ(ポケモン),リコの水着"
mark_under_both_eyes,
embroidery,刺绣
penny_(pokemon),"ボタン(トレーナー),ボタン(ポケモン),ボタン"
priest,
kasumi_(blue_archive),"カスミ,カスミ(ブルアカ),カスミ(ブルーアーカイブ),鬼怒川カスミ,kasumi"
pointy_footwear,
ifrit_(arknights),"伊芙利特,イフリータ,イフリータ(アークナイツ)"
teardrop_earrings,
detective,"探偵,刑事"
white_sarong,
kusanagi_motoko,"草薙素子,少佐"
crotch_focus,
round_image,
idolmaster_2,アイドルマスター2
nakiri_ayame_(1st_costume),
uchikake,"打掛,色打掛"
anal_fluid,ass_juice
radio,ラジオ
green_cloak,
isonami_(kancolle),"磯波,磯波(艦隊これくしょん),磯波(艦これ)"
latex_legwear,
spider-gwen,"スパイダーグウェン,スパイダー・グウェン"
covering_one_eye,
animal_skull,
penis_peek,
pink_shoes,
high_tops,ハイカットスニーカー
flower_bracelet,
footwear_ribbon,
yumi_(senran_kagura),"雪泉,雪泉(閃乱カグラ)"
mualani_(genshin_impact),"ムアラニ,Mualani,穆阿拉尼"
finana_ryugu,"FinanaRyugu,finanart,finana,NSFinW,Ryugasm,フィナーナ竜宮,NijiOceanLaw"
tsukuyomi_shirabe,"月読調,月読調(Another),並行世界調,へいこうせかいのしらべ"
sona_(league_of_legends),"Sona,소나,ソナ"
window_(computing),ウィンドウ
vividred_operation,ビビッドレッド・オペレーション
hayasaka_ai,"早坂愛,ハーサカ"
war,"戦争,戰爭,战争,전쟁"
enemy_lifebuoy_(kancolle),"深海浮輪,深海浮き輪"
motherly,母性
extra_faces,
blanc_(neptunia),"ブラン,ブラン(ネプテューヌ)"
bag_of_chips,
grey_theme,"灰,灰色"
su-san,スーさん
von_lycaon,"フォン・ライカン,冯·莱卡恩,ライカン,VonLycaon,lycaon,Lycawise"
tamaki_iroha,"環いろは,环彩羽"
easel,"画架,イーゼル"
pink_horns,
spreader_bar,
lattice,"中国格子,中華格子"
yarn,"毛糸,실,纱线,毛线"
tearing_clothes,
kise_yayoi,黄瀬やよい
rouge_the_bat,"ルージュ・ザ・バット,rougethebat,ルージュザバット,ルージュ,rouge,knuxouge,ナコルー,shadouge,シャドルー,wavouge"
shirt_overhang,
strongman_waist,
puff_and_slash_sleeves,
detached_ahoge,
short_sidetail,
high_heel_sandals,
side_ahoge,
espeon,エーフィ
amagi_(azur_lane),"天城(アズールレーン),天城,鳐"
fuwa_fuwa_cinnamoroll,"ふわふわ♥シナモン,fluffy_fluffy_cinnamoroll,FluffyFluffyCinnamoroll,シナモロール,シナモン,Cinnamoroll,シナモンフレンズ,肉桂狗,玉桂狗,大耳狗"
bound_together,"連縛,连缚,연박"
potato,"芋,いも,イモ,じゃがいも,ジャガイモ"
kirlia,キルリア
dante_(limbus_company),"ダンテ,Dante"
kyoka_(princess_connect!),"キョウカ,キョウカ(プリコネ),氷川鏡華"
choujigen_game_neptune,"超次元ゲイムネプテューヌ,超次次元ゲイムネプテューヌRe;Birth1"
licking_armpit,腋舐め
cinnamoroll,"シナモロール,シナモン,肉桂狗,玉桂狗,大耳狗,シナモン(サンリオ)"
hiyori_(blue_archive),"槌永ヒヨリ,ヒヨリ(ブルーアーカイブ),히요리"
enna_alouette,"エナーアート,Palouette,EnnaAlouette,Alouwet,calamitybird,天堂鸟"
pearl_hair_ornament,
keroro_gunsou,"ケロロ軍曹,ケロロ"
pink_wrist_cuffs,
healin'_good_precure,"ヒーリングっど♥プリキュア,ヒーリングっど♡プリキュア,ヒーリングっどプリキュア,ヒープリ"
shopping,"ショッピング,買い物,お買い物"
lovely_labrynth_of_the_silver_castle,"白銀の城のラビュリンス,ラビュリンス"
ass_shake,
pennant,
stain,"染み,シミ"
dress_swimsuit,
kine,杵
misumi_nagisa,美墨なぎさ
boa_hancock,"ボア・ハンコック,ハンコック,波雅·汉库克"
multi-strapped_bikini_top,
from_outside,从外向里
nepgear,ネプギア
ornate_ring,
sweet_lolita,"アマーロリ,甘ロリ,sweetlolita"
blue_shawl,
cursive,
nijigaoka_mashiro,虹ヶ丘ましろ
food_on_breasts,
jaguar_tail,
washing,
faruzan_(genshin_impact),"ファルザン,珐露珊,Faruzan,カーヴェファル,Kavefaru"
hourglass,"砂時計,沙漏"
circle_cut,サークルカット
hot_dog,"ホットドッグ,フランクフルト,ホットドック"
orange_sleeves,
grace_howard,"格莉丝·霍华德,グレース・ハワード,GraceHoward"
sajo_yukimi,佐城雪美
purah,プルア
crystal_earrings,
murasame_kai_ni_(kancolle),村雨改二
ready_to_draw,
prison_clothes,囚人服
suzukaze_(kancolle),"涼風,涼風(艦隊これくしょん),涼風(艦これ)"
kishinami_hakuno_(female),"岸波白野,ザビ子"
gawr_gura_(casual),"がうる・ぐら(私服衣装),がうる・ぐら(私服)"
red_mittens,
green_belt,
rainbow_hair,虹髪
hand_net,
panther_tail,
narita_top_road_(umamusume),"ナリタトップロード(ウマ娘),ナリタトップロード,トプロ,成田路"
very_wide_shot,极远景镜头
metal_skin,
dimitri_alexandre_blaiddyd,"ディミトリ・アレクサンドル・ブレーダッド,ディミトリ=アレクサンドル=ブレーダッド"
jashin-chan_dropkick,"邪神ちゃんドロップキック,Dropkick_on_My_Devil!,jcdk"
maid_day,"メイドの日,MaidDay"
krista_lenz,"クリスタ・レンズ,クリユミ,ユミクリ,ヒストリア・レイス"
maplestory,"maplestory,メイプルストーリー,메이플스토리"
animal_slippers,
precum_drip,
hoshimachi_suisei_(school_uniform),星街すいせい(制服)
yukoku_kiriko,幽谷霧子
wringing_clothes,絞る
wet_towel,
no_eyepatch,
jun'you_(kancolle),"隼鷹,隼鷹(艦隊これくしょん),隼鷹(艦これ)"
crystal_hair,
the_legend_of_zelda:_skyward_sword,"スカイウォードソード,skywardsword"
headless,"首なし,首無し"
star_of_david,"מגן_דוד,ダビデの星,✡"
arched_crown,
cracked_wall,
vibrator_on_nipple,
levitation,
torn_scarf,
holding_wrench,
mole_on_arm,
glomp,
food-themed_clothes,
large_hands,
chi-chi_(dragon_ball),"チチ,チチ(ドラゴンボール),チチの乳,琪琪,chichi"
circled_9,(9)
electrical_outlet,コンセント
minamoto_no_raikou_(swimsuit_lancer)_(fate),源頼光(水着)
biting_ear,
jersey_maid,ジャージメイド
blend_s,"ブレンド・S,调教咖啡厅,ブレンドS"
crystalfly_(genshin_impact),晶蝶
torn_swimsuit,
title_parody,
superman_(series),"スーパーマン,superman"
potara_earrings,"ポタラ,ポタライヤリング,ポタラ合体"
snack,スナック
sailor_moon_redraw_challenge_(meme),"sailormoonredraw,セーラームーンチャレンジ,redrawsailormoon,sailormoondraw,sailormoonchallenge"
adidas,"adidas,アディダス"
grenade_launcher,グレネードランチャー
marie_(girls_und_panzer),"マリー,マリー(GuP),みほマリ,ダーマリ,玛丽"
rider_belt,ライダーベルト
butterfly-shaped_pupils,
hand_to_head,
death_note,"デスノート,DEATHNOTE,DN腐"
vivlos_(umamusume),"ヴィブロス(ウマ娘),ヴィブロス"
brown_dust_2,"브라운더스트2,ブラダス2,ブラウンダスト2,棕色塵埃2,BrownDust2_FanArt,Browndust2"
barefoot_sandals_(jewelry),"タッセル,足飾り"
chalice,
arashi_(kancolle),"嵐,嵐(艦隊これくしょん),嵐(艦これ)"
xianyun_(genshin_impact),"闲云,閒雲,閑雲,Xianyun"
lace-trimmed_hairband,
studded_choker,
dorothea_arnault,"ドロテア,ドロテア=アールノルト,ドロテアアールノルト"
rapi_(nikke),"ラピ(NIKKE),ラピ(勝利の女神:NIKKE),라피(NIKKE)"
half-skirt,
kyoukaisenjou_no_horizon,境界線上のホライゾン
glock,"グロック,グロック17,グロック19,グロック18C"
nipple_clamps,
merlin_(fate/prototype),"旧マーリン,プロトマーリン"
dithering,"ディザ,ディザリング,디더링,抖動,点阵"
fate/grand_order_arcade,"FGOAC,Fate/GrandOrderArcade"
handstand,"逆立ち,倒立"
grocery_bag,
holding_jewelry,
finger_frame,
corn,"トウモロコシ,とうもろこし"
facebook_username,
ankle_grab,
purple_tongue,
sailor_venus,セーラーヴィーナス
crumbs,
soukaku_(zenless_zone_zero),"蒼角,苍角,Soukaku"
arataki_itto,"荒泷一斗,荒瀧一斗,아라타키이토,ittosara"
ro635_(girls'_frontline),"RO635,RO635(ドールズフロントライン),RO635(少女前線)"
chiori_(genshin_impact),"千織(原神),Chiori,千织"
tsukinomori_school_uniform,月ノ森女子学園
hat_over_one_eye,
taimanin_suit,"対魔忍パロ,対魔艦,対魔忍スーツ"
hanyuu,羽入
weightlifting,"举重,重量挙げ"
no_eyebrows,
yurigaoka_girls_academy_school_uniform,百合ヶ丘女学院
adventure_time,"アドベンチャー・タイム,アドベンチャータイム,探險活寶,AdventureTime"
animal_ear_hood,
mori_calliope_(streetwear),"callidrip,森カリオペ(私服衣装),森カリオペ(私服)"
holostars_english,"ホロスターズEnglish,holostarsEN"
abuse,"虐待,リンチ"
inline_skates,"インラインスケート,ローラーブレード"
outis_(project_moon),ウーティス
zara_(azur_lane),"ザラ,ザラ(アズールレーン),扎拉"
kamisato_clan_(emblem),"神里家家紋,神里の紋,神里之纹,神里家の椿紋"
flower_choker,
bulbasaur,フシギダネ
kusanagi_nene,"草薙寧々,草薙寧寧,類寧々,司寧々,えむ寧々"
final_fantasy_vii_advent_children,"アドベントチルドレン,FF7AC,FFVIIAC"
thermometer,"温度計,体温計"
bubble_tea_challenge,"手放しタピオカ,タピオカチャレンジ,タピ岡チャレンジ,バブルティーチャレンジ"
holding_mop,
yamashiro_(azur_lane),"山城,山城(アズールレーン),鲼"
hornet_(kancolle),"Hornet,ホーネット,ホーネット(艦これ),ホーネット(艦隊これくしょん),Hornet(艦隊これくしょん),Hornet(艦これ),大黄蜂(舰队收藏)"
living_clothes,バイオスーツ
lyre,"竪琴(古代ギリシア),リラ(竪琴),ライアー(竪琴)"
orange_rose,
midorikawa_nao,緑川なお
breath_of_fire,"ブレスオブファイア,bof"
undead,
paper_stack,
tenochtitlan_(fate),"ウィツィロポチトリ(Fate),トラロック(Fate),テノチティトラン(Fate)"
gorou_(genshin_impact),"ゴロー,ゴロー(原神),Gorou,Goroo,五郎"
logo_parody,"ネタロゴ,パロディロゴ,ロゴパロディ"
brown_bra,
magical_ruby,マジカルルビー
dandelion,"タンポポ,たんぽぽ,蒲公英"
nia_(blade)_(xenoblade),
dumpling,
lyrics,歌词
recorder,リコーダー
strapless_one-piece_swimsuit,
emperor_penguin_(kemono_friends),"コウテイペンギン,コウテイペンギン(けものフレンズ)"
red_petals,
world_flipper,"ワールドフリッパー,ワーフリ,彈射世界,世界弹射物语"
stole,"ストール,领巾"
shaking,
vampire_costume,
bullet_hole,
in_cup,カップイン
jack-o'_valentine,"ジャック・オー,ジャック・オー=ヴァレンタイン"
kongou_kai_ni_(kancolle),金剛改二
penis_on_ass,
albedo_(overlord),"アルベド,アルベド(オーバーロード),雅儿贝德"
aqua_bra,
ryoumen_sukuna_(jujutsu_kaisen),"両面宿儺,宿儺,sukuna,sukuna_ryomen,ryoumen_sukuna,两面宿傩"
pants_tucked_in,
yuuki_yuuna_wa_yuusha_de_aru,"結城友奈は勇者である,ゆゆゆ"
kazusa_(band)_(blue_archive),"杏山カズサ(バンド),カズサ(バンド)"
infinity_symbol,
medjed_(fate),メジェド
curry_rice,"🍛,カレーライス"
cum_in_container,
ookami_mio_(1st_costume),大神ミオ(通常)
new_jersey_(azur_lane),"ニュージャージー(アズールレーン),ニュージャージー,新泽西,花园"
sigewinne_(genshin_impact),"Sigewinne,シグウィン,希格雯,시그와인"
bunching_hair,手ツインテ
love_live!_school_idol_festival_all_stars,"ラブライブ!スクールアイドルフェスティバルALLSTARS,スクスタ,LLAS"
black_wrist_cuffs,
basketball_uniform,バスケユニフォーム
white_bandeau,
testicle_sucking,"玉吸い,玉しゃぶり,玉舐め,玉フェラ"
roboco-san,"RobocoCh.,ロボ子さん,ロボ子,ロボ子art,械塚幸"
pink_hakama,
ichihara_nina,市原仁奈
pramanix_(arknights),"初雪,プラマニクス,プラマニクス(アークナイツ)"
plap,
ado_(utaite),"Adoart,Ado,ado,アド,Ado心臓"
kissing_hand,
stuffed_winged_unicorn,
caitlyn_(league_of_legends),"caitlyn,ケイトリン"
kamado_tanjirou,"竈門炭治郎,灶门炭治郎"
elden_ring:_shadow_of_the_erdtree,
kris_(pokemon),"クリス(トレーナー),クリスタル(ポケスペ)"
shoujo_shuumatsu_ryokou,"少女終末旅行,少女终末旅行,소녀종말여행"
riding_pokemon,
tengu,"天狗,てんぐ,烏天狗,カラステング,白狼天狗,大天狗"
little_boy_admiral_(kancolle),"ショタ提督,提督"
alice_margatroid_(pc-98),"ロリス,ロリアリ,旧作アリス,アリロリ"
macross_delta,"マクロスΔ,マクロス⊿"
justice_(helltaker),"ジャスティス(Helltaker),ジャスティス"
gift_bag,
backbeako_(torotei),"ベア子,バックベア子,ベア子(バックベアードの娘)"
sick,"病気,病人,風邪"
hooded_bodysuit,
segmented_comic,
striped_hoodie,
pants_under_skirt,
sitting_backwards,逆座り
epic_seven,"에픽세븐,Epic7,epic7,EpicSeven,エピックセブン,第七史诗"
hitting,
makai_senki_disgaea,魔界戦記ディスガイア
green_headband,
sakurajima_mai,"桜島麻衣,櫻島麻衣,樱岛麻衣"
yotsubato!,"よつばと!,よつばと"
houjou_hibiki,北条響
aegir_(azur_lane),"エーギル(アズールレーン),エーギル,埃吉尔,Ägir"
bean_bag_chair,
reflection_focus,
honey,"蜜,ハニー,蜂蜜,はちみつ"
holding_skull,
naked_scarf,裸マフラー
verxina_(umamusume),"ヴィルシーナ(ウマ娘),ヴィルシーナ"
sports_bra_lift,
elizabeth_rose_bloodflame,"エリザベス・ローズ・ブラッドフレイム,BloodflameArt,BloodflameHub,BloodflameJests,BloodflameLive"
bud,"花苞,花蕾,花骨朵"
sunny_(omori),SUNNY(OMORI)
flaming_sword,
shirayuki_(kancolle),"白雪,白雪(艦隊これくしょん),白雪(艦これ)"
raiden_mei_(herrscher_of_thunder),"雷之律者,雷の律者,雷電芽衣(雷の律者)"
object_head,"異形頭,オブジェクトヘッド"
mahou_shoujo_lyrical_nanoha_vivid,魔法少女リリカルなのはVivid
icing,アイシング
penis_over_eyes,"目隠し竿,チンポ目隠し"
tape_measure,"卷尺,巻き尺,巻尺"
public_use,
cecilia_immergreen,"セシリア・イマーグリーン,Immergination,ImmerMemes,ImmerScreen,ImmerPiece,CeciliaImmergreen"
masochism,"マゾヒスト,ドM,ドSホイホイ,M男"
teruterubouzu,"てるてる坊主,照る照る坊主,晴天娃娃,扫晴娘"
aqua_hairband,
presenting_breasts,
stone_stairs,
holding_test_tube,
hand_in_own_panties,
bandaid_on_thigh,
bo_staff,
h&k_ump,UMP
hologram,ホログラム
zun_(style),"野生のZUN,ZUN絵,野生の神主,旧作風,ZUN絵風,東方旧作風"
eunie_(xenoblade),"ユーニ(ゼノブレイド3),ユーニ"
nagatsuki_(kancolle),"長月,長月(艦隊これくしょん),長月(艦これ)"
hat_tassel,
yamamura_sadako,"貞子,山村貞子"
bike_shorts_under_shorts,
garchomp,ガブリアス
wing_brooch,
hanten_(clothes),"はんてん,半纏,袢纏,半天"
xuangzang_sanzang_(fate),"玄奘三蔵,玄奘三蔵(Fate)"
detached_hair,
oberon_(third_ascension)_(fate),オベロン・ヴォーティガーン
dudou,"腹掛け,肚兜,兜肚,兜兜,裹肚"
sister_claire,"シスター・クレア,シスタークレア,描いたよクレアさん,sister_claire"
holding_footwear,
hair_dryer,"ヘアドライヤー,ドライヤー,电吹风,吹风机"
punk,"パンク,パンク・ファッション,パンクロック"
azura_(fire_emblem),"アクア(FEif),アクア(FE)"
pravda_school_uniform,
dan_heng_(imbibitor_lunae)_(honkai:_star_rail),飲月
satsuki_(blue_archive),"サツキ,サツキ(ブルアカ),サツキ(ブルーアーカイブ),京極サツキ,satsuki"
medb_(fate),"メイヴ(Fate),メイヴ,女王メイヴ"
hammock,"ハンモック,吊床"
green_tank_top,
tsukumo_benben,"九十九弁々,九十九弁弁,츠쿠모벤벤"
flower_in_eye,
i-26_(kancolle),"伊26,ニム,おっぱいニムニム,伊26(艦隊これくしょん),伊26(艦これ)"
roundel,ラウンデル
rimuru_tempest,"リムル,リムル=テンペスト,利姆路"
triple_penetration,
sylphiette_(mushoku_tensei),"シルフィエット,シルフィ,シルフィエット・グレイラット"
wig,
tools,
crayon,"🖍,クレヨン"
robin_(male)_(fire_emblem),
holding_branch,
okumura_haru,奥村春
lucoa_(maidragon),"ケツァルコアトル,Quetzalcoatl,ケツァルコアトル(小林さんちのメイドラゴン),quetzalcoatl_(kobayashi-san_chi_no_maid_dragon),ルコア,Lucoa,ルコアさん"
black_eyeliner,
amplifier,アンプ
barbed_wire,有刺鉄線
griffin_&_kryuger_military_uniform,
cum_inflation,精液ボテ
kadotani_anzu,"角谷杏,カメさんチーム,みほ杏"
astolfo_(sailor_paladin)_(fate),セーラー服ナイト
backbeard,バックベアード
blue_trim,
they_had_lots_of_sex_afterwards_(meme),"このあと滅茶苦茶セックスした,このあと滅茶苦茶シリーズ"
gold_coin,"金貨,金币"
asian,アジア人
unworn_backpack,
intrepid_(kancolle),"イントレピッド(艦隊これくしょん),イントレピッド(艦これ),Intrepid,イントレピッド,无畏"
kaleidostick,カレイドステッキ
narita_taishin_(umamusume),"ナリタタイシン,ナリタタイシン(ウマ娘),デレタタイシン"
noose,
astronaut,宇宙飛行士
blank_stare,
hard_hat,"ハードハット,안전모,hard_hat,安全帽"
ilulu_(maidragon),"イルル,イルル(小林さんちのメイドラゴン),이루루,iruru,ilulu"
nishida_satono,"爾子田里乃,尔子田里乃,里乃,니시다사토노,사토노"
unicorn,"ユニコーン,独角兽"
green_pupils,
bikini_bottom_pull,
simulated_fellatio,擬似フェラ
hirasawa_ui,"平沢憂,けいおん!!2年生トリオ"
tanzaku,短冊
miyamoto_musashi_(swimsuit_berserker)_(second_ascension)_(fate),
purple-framed_eyewear,紫縁眼鏡
floating_island,浮島
eggplant,"🍆,茄子,ナス,なす"
hinata_(blue_archive),"若葉ヒナタ,와카바히나타"
napkin,
idolmaster_cinderella_girls_u149,"アイドルマスターシンデレラガールズU149,U149"
digimon_adventure,デジモンアドベンチャー
leafeon,リーフィア
fu_xuan_(honkai:_star_rail),"符玄,부현,FuXuan"
bishamonten's_pagoda,宝塔
cutting_hair,"散髪,髪を切る"
nekomata_okayu_(oversized_shirt),"猫又おかゆ(彼シャツ衣装),猫又おかゆ(彼シャツ)"
in-universe_location,
sticky_note,付箋
print_sleeves,
studded_bracelet,
black_babydoll,
popped_button,ボタン飛ばし
orange_socks,
polka_dot_skirt,
silica,"シリカ,シリカ(SAO),綾野珪子"
zero_(mega_man),"ゼロ(ロックマン),ゼロ(Z),ゼロ,zero"
warning_sign,
mobius_(honkai_impact),"梅比乌斯,无限,メビウス,Mobius"
snowball,
saunders_military_uniform,
aoki_reika,青木れいか
dead_or_alive_5,"デッドオアアライブ5,DOA5"
head_only,
gokkun,"ごっくん,ゴムから精飲,精飲"
puchimasu!,"ぷちます,ぷちます!"
non_non_biyori,"のんのんびより,悠悠哉哉少女日和"
poptepipic,"ポプテピピック,ポプテピ,PPTP,popteamepic,pop_team_epic,ポプテピピックSP,ポプテピピックTVスペシャル,ポプテピピック再放送,ポプテピピック2期,ポプテ2期"
araragi_koyomi,阿良々木暦
poster_(medium),"海报,ポスター"
aquarium,水族館
monster_hunter:_world,"monsterhunterworld,MHW,モンスターハンター:ワールド,モンスターハンターワールド"
knees_out_of_frame,
sweep_tosho_(umamusume),"スイープトウショウ,スイープトウショウ(ウマ娘)"
tsunade_(naruto),"綱手,千手綱手"
mifune_shioriko,"三船栞子,しお子"
ferry_(granblue_fantasy),"フェリ(グラブル),フェリ"
holding_lipstick_tube,
hikawa_hina,"氷川日菜,ひなあや"
frankenstein's_monster_(fate),"フランケンシュタイン,フランケンシュタイン(Fate),黒のバーサーカー,フラン,弗兰"
\n/,"コルナ,🤘"
sailor_mars,セーラーマーズ
elsa_(frozen),"エルサ,elsa,アナエル,エルアナ"
aurora,"オーロラ,极光,北极光,南极光"
cross-laced_top,
traditional_youkai,妖怪
ookami_mio_(casual),大神ミオ(パーカー)
kikumon,"菊花紋章,菊紋,菊の御紋"
diamond_(gemstone),"ダイヤモンド,다이아몬드,钻石"
teireida_mai,"丁礼田舞,舞,테이레이다마이,마이"
playstation_portable,"PSP,プレイステーション・ポータブル"
yoshizawa_kasumi,芳澤かすみ
holding_with_feet,
black_sky,
long_earlobes,
hand_on_another's_hand,
yui_(princess_connect!),"ユイ(プリコネ),草野優衣,ユイ"
shining_(series),シャイニングシリーズ
machine,"機械,기계,机器"
abe_nana,"安部菜々,阿部菜々"
medallion,
tsushima_(kancolle),"対馬(艦これ),対馬,対馬(艦隊これくしょん)"
zara_(kancolle),"ザラ(艦隊これくしょん),ザラ(艦これ),ザラ,Zara"
comparison,
assam_(girls_und_panzer),"アッサム,アッサム(GuP),聖グロリアーナ女学院,ダッサム,ローサム,ノーブルシスターズ"
alpaca_suri_(kemono_friends),アルパカ・スリ(けものフレンズ)
hugging_tail,
shirogane_noel_(1st_costume),白銀ノエル(通常)
track_and_field,"陸上,陸上部,陸上競技,セパレートユニフォーム"
buzz_cut,丸刈り
chin_strap,
hoshimachi_suisei_(casual),"星街すいせい(ライブ),星街すいせい(普段着衣装),星街すいせい(普段着)"
apron_lift,
producer_(idolmaster_cinderella_girls_anime),"武内P,アニデレP,アニモバP,妖怪名刺だけでも"
dorohedoro,ドロヘドロ
fushigi_no_umi_no_nadia,ふしぎの海のナディア
french_text,"フランス語,Français"
multiple_heads,"多頭,双頭,三つ首"
bad_perspective,错误透视
spider-man:_into_the_spider-verse,"スパイダーマン:スパイダーバース,スパイダーバース,spiderverse"
single_bridal_gauntlet,
winged_heart_tattoo,
miyamasuzaka_girls'_academy_school_uniform,宮益坂女子学園
sling_bikini_top,
brazilian_flag,"🇧🇷,ブラジルの国旗,アウリヴェルジ,Auriverde"
hair_color_connection,发色相仿
shell_hair_ornament,
the_king_of_fighters_xv,"KOFXV,KOF15"
licking_foot,足舐め
soulworker,"소울워커,Soulworker,ソウルワーカー"
isabelle_(animal_crossing),"しずえ,isabelle"
clownfish,クマノミ
holding_microphone_stand,
strike_witches:_suomus_misfits_squadron,"ストライクウィッチーズ,スオムスいらん子中隊"
takane_lui_(1st_costume),鷹嶺ルイ(通常)
toji_no_miko,"刀使の巫女,刀使ノ巫女,とじとも,刀使巫女"
shell_necklace,贝壳项链
red_sports_bra,
cum_on_legwear,
agent_8_(splatoon),"8号,8号(Splatoon)"
telescope,"🔭,望遠鏡,テレスコープ,天文望远镜,望远镜(天文)"
cat_ear_hairband,猫耳カチューシャ
lap_pillow_invitation,
drugs,"ドラッグ,麻薬"
sauna,"サウナ,桑拿"
caren_hortensia,カレン・オルテンシア
pokemon_lgpe,"LGPE,LPLE,ピカブイ,ポケモンLPLE"
holding_burger,
st._gloriana's_(emblem),
godzilla,"ゴジラ,哥斯拉"
amamiya_kokoro,"天宮こころ,絵こころ,下こころ"
hair_flip,
floating_scarf,
noh_mask,能面
yellow_border,
serina_(blue_archive),"鷲見セリナ,스미세리나"
mole_on_collarbone,
specter_the_unchained_(arknights),"归溟幽灵鲨,帰溟スペクター(アークナイツ)"
bad_food,
paint_splatter_on_face,颜料在脸上
racecar,"レーシングカー,モータースポーツ"
scathach_(swimsuit_assassin)_(fate),スカサハ(水着)
chimera,キメラ
panties_under_buruma,"はみパン,ハミパン"
dog_penis,
katawa_shoujo,かたわ少女
koishi_day,"5月14日はこいしの日,6月14日は無意識の日,こいしの日,5月14日はこいしちゃんの日,5月14日は古明地こいしの日"
pool_of_blood,"血だまり,血の海,blood_pool,bloody_floor,bloody_ground,blood_on_ground,blood_on_floor"
split_theme,
zeon,"ジオン公国,ジオン軍"
elio_(pokemon),"ヨウ(トレーナー),SM♂主,コウタ(トレーナー),サン(ポケスペ),ヨウリエ,ヨウミヅ,ヨウグズ,主♂グズ"
flower_over_eye,
oreki_houtarou,折木奉太郎
head_on_chest,
saddle,鞍
back-print_panties,
coconut,"椰子の実,ココナツ"
breast_padding,偽乳
final_fantasy_vii_ever_crisis,"エバークライシス,FF7EC,FFVIIEC"
red_cardigan,
angela_(project_moon),"アンジェラ,Angela(LC)"
raven_(dc),"レイヴン,レイブン,Raven,raven"
crazy,"病んでる,ヤンデル,病み"
shotgun_shell,
caesar_king_(zenless_zone_zero),"凯撒·金,キング・シーザー,CaesarKing"
taimanin_asagi,対魔忍アサギ
the_amazing_digital_circus,"TheAmazingDigitalCircus,DigitalCircus,TADC,theamazingdigitalcircusfanart,digitalcircusfanart,tadcfanart,神奇数字马戏团,アメイジングデジタルサーカス,デジタルサーカス,amazingdigitalcircus"
group_name,
chara_(undertale),"Chara(Undertale),Chara,キャラ"
amesuku_gyaru,"アメスク,アメリカンスクール"
naegi_makoto,"苗木誠,苗木诚"
holding_detached_head,
red_feathers,赤い羽根
alisa_ilinichina_amiella,アリサ・イリーニチナ・アミエーラ
tamura_yuri,"田村ゆり,黒木智子となかまたち,ゆりもこ,ゆりまこ,ゆりネモ"
tingyun_(honkai:_star_rail),"停云,停雲,テイウン,Tingyun,정운"
kousaka_tamaki,"向坂環,タマ姉"
black_clover,"ブラクロ,ブラッククローバー"
micaiah_(fire_emblem),ミカヤ
layered_kimono,"十二単,十二単衣"
gold_crown,
polka_dot_legwear,
senran_kagura_new_wave,閃乱カグラNewWave
emotionless_sex,
tamako_market,たまこまーけっと
glory_wall,壁尻
dog_days,"ドッグデイズ,dogdays"
the_legend_of_zelda:_the_wind_waker,"風のタクト,windwaker"
winged_heart,
handsfree_paizuri,ノーハンドパイズリ
three-dimensional_maneuver_gear,"立体機動装置,立體機動裝置,立体机动装置,입체기동장치"
holed_coin,"方孔钱,铜钱,穴あき硬貨,穴あき古銭,五円玉,五円硬貨,五十円玉"
spider-man,"スパイダーマン,SpiderMan"
maru-yu_(kancolle),"マルゆ,マルゆ(艦隊これくしょん),マルゆ(艦これ),まるゆ,まるゆ(艦隊これくしょん),まるゆ(艦これ)"
tomimi_(arknights),"特米米,トミミ,トミミ(アークナイツ)"
western_dragon,ドラゴン
alpaca_ears,
holding_swimsuit,
tama_(kancolle),"多摩,多摩(艦隊これくしょん),多摩(艦これ)"
yuzuriha_inori,"楪いのり,いのり,楪祈"
holding_coin,
fiammetta_(arknights),"菲尼克斯,苦难陈述者,苦難陳述者,菲亚梅塔,フラメッタ(アークナイツ),フィアメッタ(アークナイツ),fiammetta"
expressive_clothes,キョン乳
side_cape,
coat_dress,
crewmate_(among_us),Crew
pekomon_(usada_pekora),"ぺこもん,ぺこモン"
broken_weapon,
aqua_leotard,
stripper,"ストリッパー,脱衣舞娘"
waktaverse,"왁타버스,Isegye_Idol,이세계아이돌,이세돌,WAKTAVERSE"
holding_plectrum,
hooded_dress,
no_mole,
haikyuu!!,"ハイキュー!!,ハイキュー,ハイキュ,haikyu,排球少年!!,排球少年,腐向けHQ,HQ"
maruzensky_(umamusume),"マルゼンスキー,マルゼンスキー(ウマ娘)"
single_bare_leg,
merlin_(fate),"マーリン(fate),マーリン"
hayasui_(kancolle),"速吸,速吸(艦隊これくしょん),速吸(艦これ)"
haiyore!_nyaruko-san,這いよれ!ニャル子さん
lying_on_lap,
jingei_(kancolle),"迅鯨(艦隊これくしょん),迅鯨(艦これ),迅鯨"
jill_stingray,ジル・スティングレイ
slashing,
kiss-shot_acerola-orion_heart-under-blade,"キスショット・アセロラオリオン・ハートアンダーブレード,キスショットアセロラオリオンハートアンダーブレード,キスショット"
friend_(nanashi_mumei),
vore,丸呑み
ssss.dynazenon,"SSSS.DYNAZENON,SSSS_DYNAZENON,SSSSDYNAZENON,ダイナゼノン"
oomuro_sakurako,大室櫻子
plastic_bottle,ペットボトル
square_neckline,
artoria_caster_(second_ascension)_(fate),
toilet_stall,トイレセックス
grey_flower,
foam,
murata_himeko,"無量塔姫子,血色玫瑰,无量塔姬子,無量塔,姫子,姬子"
mari_(omori),MARI(OMORI)
falin_touden_(chimera),
yuuki_(sao),"ユウキ(SAO),ユウキ,絶剣"
archery,射法
red_wine,
vanishing_point,消失点
shoulder_blush,
jester,ジェスター
sasaki_saku,"笹木咲,笹の絵"
takamatsu_tomori,"高松燈,tktm,たきとも,高松灯,さきとも"
messy_room,"散らかった部屋,汚部屋"
cow_boy,牛男
angora_rabbit,アンゴラウサギ
pointy_hat,
isshiki_iroha,"いろはす,一色いろは,一色彩羽"
nursery_rhyme_(fate),"アリス(Fate/EXTRA),ナーサリー・ライム,ナーサリー・ライム(Fate)"
arachne,"アラクネ,アルケニー"
pinwheel,"かざぐるま,風車,纸风车,折纸风车"
akane_(bunny)_(blue_archive),"アカネ(バニーガール),室笠アカネ(バニーガール)"
blood_on_leg,
whiskey,"whisky,ウイスキー"
froggy_nun_(diva),
blue_sarong,
white_nightgown,
henshin,"変身,変身シーン,变身,変身途中"
slayers,スレイヤーズ
gwen_stacy,"グウェン・ステーシー,グウェン・ステイシー"
multiple_legs,
on_railing,
mejiro_palmer_(umamusume),"メジロパーマー,メジロパーマー(ウマ娘)"
diving_mask_on_head,
red_brooch,
galaxy,銀河
fur_jacket,
ofuda_on_head,
spider-man:_across_the_spider-verse,"スパイダーマン:アクロス・ザ・スパイダーバース,アクロス・ザ・スパイダーバース,SpiderManAcrossTheSpiderVerse,AcrossTheSpiderVerse,蜘蛛侠纵横宇宙,スパイダーバース,ATSV"
coke-bottle_glasses,"瓶底眼鏡,ぐるぐる眼鏡"
child's_drawing,小学生が描いてみた
corin_wickes,"可琳·威克斯,カリン・ウィクス,CorinWickes"
street_fighter_iii_(series),"ストリートファイターIII,ストリートファイターIIIセカンドインパクト,ストリートファイターIIIサードストライク"
matsumoto_rangiku,"松本乱菊,乱菊"
liz_to_aoi_tori,"リズと青い鳥,利兹与青鸟"
florence_nightingale_(trick_or_treatment)_(fate),"トリック・オア・トリートメント,トリック・オア・ナイチンゲール"
pink_umbrella,
cure_sky,キュアスカイ
tsukimura_temari,月村手毬
team_fortress_2,"tf2,teamfortress2,チームフォートレス2,팀포트리스2,军团要塞2,絕地要塞2,teamfortress,チームフォートレス,팀포트리스,军团要塞,絕地要塞"
gerudo,"ゲルド,겔드"
objectification,"物品化,オナホ化,形状変化"
kamiyama_high_school_uniform_(project_sekai),神山高校
oshawott,ミジュマル
prinz_eugen_(unfading_smile)_(azur_lane),"色褪せないエガオ,永不褪色的笑容"
toast_in_mouth,パンを咥える
seele_(alter_ego),
crotch_zipper,
pelvic_curtain_lift,
yorumi_rena,"夜見れな,れなの鳥っくあーと"
screw,"ねじ,螺子"
polka_dot_shirt,
kazagumo_(kancolle),"風雲,風雲(艦隊これくしょん),風雲(艦これ)"
green_one-piece_swimsuit,
thick_beard,
lightning_bolt_print,
boar,"イノシシ,猪"
girls_und_panzer_senshadou_daisakusen!,"ガールズ&パンツァー戦車道大作戦!,garupan_app"
ribbon-trimmed_headwear,
nisekoi,ニセコイ
yuri_(doki_doki_literature_club),"Yuri(DDLC),ユリ(DDLC),ユリ"
yarn_ball,毛线球
left-to-right_manga,
side_slit_shorts,
mordred_(memories_at_trifas)_(fate),トゥリファスの記憶
power_suit,パワードスーツ
male_rover_(wuthering_waves),"漂泊者,潮男"
shoulder_cannon,
holomyth,"holoMyth,ホロライブEN1期生"
under_tree,
index_(toaru_majutsu_no_index),"インデックス,禁書目録,index_librorum_prohibitorum,index"
height_chart,"身長比較,heightchart"
text_messaging,
panties_on_head,"パンツはかぶるもの,頭にパンツ"
kuji-in,"九字印,九字切り,kuji-kiri"
leon_s._kennedy,"レオン・S・ケネディ,leonkennedy"
mithra_(ff11),ミスラ
rectangular_halo,
35p_(sakura_miko),
summon_night,サモンナイト
gradient_wings,
kamiyama_high_school_uniform_(hyouka),神山高校
tenjouin_asuka,天上院明日香
multicolored_hairband,
test_plugsuit,テストスーツ
sucy_manbavaran,"スーシィ・マンババラン,スーシィ"
moogle,モーグリ
inazuma_eleven,"イナズマイレブン,イナイレ,イナイレ[腐],イナイレ百合"
doily,
bulletin_board,掲示板
camisole_lift,
self-harm,"自傷,selfharm,self_harm_tw,tw_self_harm"
messenger_bag,
gradient_horns,
patchwork_clothes,
hat_on_back,
two-sided_skirt,スカート裏地
covered_testicles,
scar_on_mouth,
easter_egg,"イースターエッグ,イースター卵"
ingrid_brandl_galatea,イングリット=ブランドル=ガラテア
kimi_no_koto_ga_dai_dai_dai_dai_daisuki_na_100-nin_no_kanojo,"君のことが大大大大大好きな100人の彼女,100カノ,100カノファンアート"
index_fingers_raised,
blood_bag,"blood_pack,血液バッグ,血液袋,혈액백"
enkidu_(fate),"エルキドゥ,エルキドゥ(Fate),恩奇都"
nipple_pull,
swim_cap,"スイムキャップ,水泳帽"
saber_(weapon),サーベル
porch,
humping,
starry_hair,
little_busters!_school_uniform,
arcane_jinx,
sorcerer's_sutra_scroll,エア巻物
ribbed_thighhighs,
jinhsi_(wuthering_waves),"jinhsi,今汐,금희"
millia_rage,ミリア=レイジ
frye_(splatoon),"ウツホ,ウツホ(スプラトゥーン),ウツフウ"
four-leaf_clover_hair_ornament,
kepi,"ケピ帽,ケピ"
yukishiro_honoka,雪城ほのか
clothes_tug,
katou_asuka,"加藤明日香,加藤ママ,かともこ"
hokko_tarumae_(umamusume),"ホッコータルマエ,ホッコータルマエ(ウマ娘),北港火山(赛马娘)"
sleeveless_bodysuit,
handprint,
cerberus_(helltaker),"ケルベロス,ケルベロス(Helltaker),Cerberus"
white_scales,
skeleton_print,
stalk_in_mouth,
lighthouse,灯台
braixen,テールナー
gyaru_v,"ギャルピース,ギャルピ"
asymmetrical_dual_wielding,
beans,"豆,ビーン,콩"
sweater_tucked_in,
yusa_kozue,遊佐こずえ
yozora_mel,"夜空メル,メルArt,如月星夜"
hand_on_own_ear,
windowsill,"窓辺,窗沿,窗台"
pink_sash,
katou_megumi,"加藤恵,加藤惠"
eastern_dragon_horns,"东方龙角,中国龙角,龙角,longjiao"
exercise_ball,バランスボール
reed_(arknights),"苇草,リード,リード(アークナイツ)"
red_bandeau,
homu_(honkai_impact),homu
print_hoodie,
rpk-16_(girls'_frontline),"RPK16,RPK-16,RPK-16(ドールズフロントライン),RPK16(ドールズフロントライン),RPK-16(少女前線),RPK16(少女前線)"
pink_track_suit,
medea_(fate),"キャスター(Fate/staynight),メディア,メディア(Fate)"
crane_game,"クレーンゲーム,UFOキャッチャー,夹娃娃机,抓娃娃机"
stitched_arm,
yuuki_mikan,結城美柑
serika_(swimsuit)_(blue_archive),黒見セリカ(水着)
senren_banka,"千恋*万花,千恋万花"
tiki_(adult)_(fire_emblem),
request_inset,
reptile_girl,"トカゲ娘,蜥蜴娘"
omikuji,おみくじ
kinchaku,巾着袋
dio_brando,"ディオ・ブランドー,DIO"
fujishima_megumi,"藤島慈,MEGUMIISM"
wavy_eyes,
serial_experiments_lain,"玲音,シリアルエクスペリメンツレイン,serialexperimentslain"
flying_kick,"飛び蹴り,とびげり"
overwatch_2,"OW2,オーバーウォッチ2,守望先锋2,Overwatch2,Overwatch2fanart"
dilation_tape,テープくぱぁ
armpit_focus,腋は性器
hand_on_another's_ear,
lupinus_virtual_games,LVG
yoroizuka_mizore,"鎧塚みぞれ,铠冢霙,のぞみぞ"
white_babydoll,
clawed_gauntlets,
saga_(arknights),"サガ(アークナイツ),嵯峨,saga(アークナイツ)"
panty_lift,
hellsing,"ヘルシング,HELLSING"
super_saiyan_1,"超サイヤ人,超サイヤ人1,スーパーサイヤ人,スーパーサイヤ人1,超ベジータ,超トランクス"
eurasian_eagle_owl_(kemono_friends),"ワシミミズク(けものフレンズ),ミミちゃん助手,としょかんコンビ,探偵アフリカオオコノハズク"
weasel_girl,weaselgirl
jaguar_(kemono_friends),ジャガー(けものフレンズ)
idolmaster_dearly_stars,"アイドルマスターディアリースターズ,アイドルマスターDS"
air_shakur_(umamusume),"エアシャカール,エアシャカール(ウマ娘)"
waver_velvet,"ウェイバー・ベルベット,ウェイバー"
bear_costume,
spell_card,"スペルカード,スペカ"
toaru_majutsu_no_index:_old_testament,
holding_chain,
weasel_tail,
multicolored_tail,
leotard_peek,
hishi_miracle_(umamusume),ヒシミラクル(ウマ娘)
idolmaster_side-m,"アイドルマスターSideM,SideM,【NL】SideM,エムマス【腐】,エムマス"
stitched_mouth,
mioda_ibuki,"澪田唯吹,自撮り唯吹"
pointy_nose,
orange_leotard,
tag,
brick,"れんが,煉瓦"
mizuno_ai,"水野愛,純愛コンビ"
on_roof,
kissing_neck,
frostnova_(arknights),"霜星,フロストノヴァ,フロストノヴァ(アークナイツ)"
eunectes_(arknights),"森蚺,ユーネクテス(アークナイツ),ユーネクテス"
clarisse_(granblue_fantasy),"クラリス,クラリス(グラブル),クラリス(グランブルーファンタジー)"
toe_cleavage,
paper_airplane,"紙飛行機,纸飞机"
vignetting,
sekai_seifuku:_bouryaku_no_zvezda,"謀略のズヴィズダー,世界征服~謀略のズヴィズダー~"
orange_halo,
acerola_(pokemon),"アセロラ(ポケモン),アセロラ(トレーナー),アセロラ,阿塞萝拉"
white_pubic_hair,
re:stage!,"re:ステージ,Re:ステージ!,Re:ステージ!ドリームデイズ♪,リステ"
butterfly_net,虫取り網
clock_eyes,
hexagon_print,
polka_dot_scrunchie,
otaku,"おたく,オタク"
heanna_sumire,"平安名すみれ,クゥすみ,平安名堇"
baobhan_sith_(swimsuit_pretender)_(fate),バーヴァン・シー(水着)
tsunomaki_watame_(1st_costume),角巻わため(通常)
azur_lane:_slow_ahead,びそくぜんしんっ!
white_garter_belt,
blind,盲目
hazbin_hotel,"ハズビン・ホテル,ハズビンホテル,地狱客栈,HazbinHotel,HazbinHotelFanart"
hooded_vest,
funami_yui,船見結衣
fleur_de_lapin_uniform,フルール・ド・ラパン
green-tinted_eyewear,
saki_(swimsuit)_(blue_archive),"サキ(水着),空井サキ(水着)"
pokedex_number,
martial_arts_belt,
grill,
forehead_tattoo,
sorceress_(dragon's_crown),"ソーサレス,ソーサレス(ドラゴンズクラウン)"
bath_stool,
bronya_rand,"布洛妮娅,布洛妮婭,ブローニャ,브로냐,#bronya,ブローニャ・ランド"
shoulder_sash,斜肩挂幅
swiss_roll,"ロールケーキ,スイスロール,瑞士卷"
salaryman,サラリーマン
layla_(genshin_impact),"Layla,レイラ,レイラ(原神),莱依拉"
final_fantasy_xvi,"FF16,FFXVI"
call_of_duty:_modern_warfare_2,"コールオブデューティモダン・ウォーフェア2,コールオブデューティモダンウォーフェア2,モダン・ウォーフェア2,モダンウォーフェア2,CoD:MW2,MW2"
minna-dietlinde_wilcke,ミーナ・ディートリンデ・ヴィルケ
scribble_censor,
blood_on_ground,
nintendo,"任天堂,にんてんどう"
heart_on_chest,胸の心臓
copano_rickey_(umamusume),"コパノリッキー(ウマ娘),コパノリッキー"
jessica_(arknights),"杰西卡,ジェシカ,ジェシカ(アークナイツ)"
beretta_92,"ベレッタ92,ベレッタM9,M92F,M9,92FS,92SB"
akira_(blue_archive),"清澄アキラ,Kiyosumi_Akira,Akira_kiyosumi,akira,アキラ"
pixelated,有像素
lux_(league_of_legends),"Lux(LoL),Lux,lux,LUX,럭스,ラックス"
track_uniform,陸上ユニフォーム
saijo_juri,西城樹里
squirtle,ゼニガメ
theresa_(arknights),"特蕾西娅,テレジア(アークナイツ),魔王,特雷西娅,特蕾西婭"
seaweed,海藻
holding_bow_(music),
body_hair,
art_nouveau,"アール・ヌーヴォー,アールヌーヴォー,アールヌーボ,アールヌーボー,アール・ヌーボー,ミュシャ風,ミュシャ,アルフォンス・ミュシャ,Jugend"
snivy,ツタージャ
in_palm,
magnemite,"コイル,小磁怪,コイル(ポケモン)"
lightsaber,ライトセーバー
shouhou_(kancolle),"祥鳳,祥鳳(艦隊これくしょん),祥鳳(艦これ)"
spoiler_(automobile),
kujou_karen,九条カレン
couter,
infirmary,"保健室,보건실"
mizuki_(arknights),"ミヅキ(アークナイツ),ミズキ(アークナイツ),水月,fune_mizuki,舟水月"
ui_(swimsuit)_(blue_archive),"ウイ(水着),古関ウイ(水着)"
the_legend_of_korra,"珂拉傳說,ザ・レジェンド・オブ・コーラ,レジェンド・オブ・コーラ,thelegendofkorra,legendofkorra,The_Legend_of_Korra,コラの伝説"
polka_dot_pajamas,
thoma_(genshin_impact),"トーマ,トーマ(原神),トマ人"
kiana_kaslana_(herrscher_of_finality),"キアナ・カスラナ(終焉の律者),终焉之律者,終焉之律者,終焉の律者"
satin_panties,
skirt_flip,"スカートめくり,スカート捲り"
behind-the-head_headphones,
tongs,"トング,火ばさみ"
fuji_kiseki_(umamusume),"フジキセキ,フジキセキ(ウマ娘)"
unworn_bikini_bottom,
yellow_camisole,
violet_evergarden_(series),ヴァイオレット・エヴァーガーデン
fuuin_no_tsue,封印の杖
elegg_(nikke),"エレグ,エレグ(勝利の女神:NIKKE),Elegg,エレグ(勝利の女神NIKKE)"
thermos,"魔法瓶,魔法びん,保温杯"
wrestling_ring,
saiyan_armor,戦闘ジャケット
holding_frying_pan,
himejima_akeno,"姫島朱乃,AkenoHimejima"
hakama_shorts,
soccer,サッカー
ribbed_socks,
single_bare_foot,
see-through_body,
tony_tony_chopper,トニートニー・チョッパー
hand_on_floor,
armored_leotard,
yu-gi-oh!_arc-v,"遊戯王ARC-V,遊戯王ARC-V女性向け"
rabbit_yukine,ラビット・ユキネ
danua,ダヌア
enemy_aircraft_(kancolle),
glaive_(polearm),
shirogane_noel_(casual),"白銀ノエル(私服衣装),白銀ノエル(私服)"
haramura_nodoka,原村和
decepticon,"ディセプティコン,デストロン"
canopy_bed,
final_fantasy_viii,"ファイナルファンタジーVIII,ファイナルファンタジー8,FF8"
star-shaped_eyewear,
bianca_(pokemon),"ベル(トレーナー),ベルメガネ,ベルっぱい,チェレベル"
frontless_outfit,
riesz,"リース,リース(聖剣伝説3),ドラゴンマスター(聖剣伝説3)"
gold_city_(umamusume),"ゴールドシチー,ゴールドシチー(ウマ娘)"
bc_freedom_military_uniform,
mega_man_battle_network_(series),"ロックマンエグゼ,ロックマンEXE"
nadia_la_arwall,"ナディア,ナディア・ラ・アルウォール,나디아,娜汀亞"
scylla,"スキュラ,タコ娘"
playing,
pizza_box,
blue_hood,
minamoto_sakura,源さくら
single-shoulder_shirt,
blade_&_soul,"blade&soul,블레이드앤소울,剑灵,bladeandsoul,bns,ブレイドアンドソウル,B&S,劍靈"
ace_of_spades,"🂡,スペードのエース,スパディル,死のカード,spadille"
radiation_symbol,☢
knife_sheath,
suzukaze_aoba,涼風青葉
blue_pubic_hair,
brick_floor,
buruma_aside,股布ずらし
jojo_pose,"ジョジョ立ち,スタンド"
soap_bottle,
tweaking_own_nipple,
cleaver,肉切り包丁
monster_musume_no_iru_nichijou_online,モンスター娘のいる日常オンライン
iwakura_lain,"岩倉玲音,玲音,lain"
black_arm_warmers,
biting_glove,咥え手袋
koi,"鯉,こい,コイ,锦鲤,錦鯉"
pigeon,"灰鸽,鸽子(灰色)"
omaru_polka_(1st_costume),尾丸ポルカ(通常)
planet_hair_ornament,
blowing,
boxcutter,"カッター,美工刀"
buster_sword,バスターソード
inflatable_raft,
fate/unlimited_codes,
ass-to-ass,
futasub,
girlfriend_(kari),"GF(仮),ガールフレンド(仮),GFイラコン"
aubrey_(faraway)_(omori),
izutsumi,"イヅツミ,Asebi,イヅツミ(ダンジョン飯)"
marie_rose,"マリー・ローズ,マリー・ローズ(アズールレーン)"
virgin_killer_outfit,童貞を殺す服
ryuzaki_kaoru,龍崎薫
spaghetti,スパゲティ
maneki-neko,"招财猫,招き猫"
sideways_hat,
dragalia_lost,"ドラガリアロスト,ドラガリ,ドラガリお絵かき部"
tendou_akane,天道あかね
labret_piercing,
emiya_kiritsugu,"衛宮切嗣,切嗣"
hooded_track_jacket,
starbucks,"スターバックス,スタバ"
lyria_(granblue_fantasy),"ルリア,ルリア(グラブル)"
above_clouds,"雲上,雲の上"
hare_(blue_archive),"ハレ,ハレ(ブルアカ),ハレ(ブルーアーカイブ),小鈎ハレ,오마가리하레,hare"
wallet,"財布,지갑,錢包"
duckling,
feater_(arknights),"食铁兽,エフイーター,エフイーター(アークナイツ),에프이터,万笙笙"
keqing_(opulent_splendor)_(genshin_impact),霓裾の舞
blue_umbrella,
erect_clitoris,"勃起クリトリス,陰核勃起"
taiki_shuttle_(umamusume),"タイキシャトル,タイキシャトル(ウマ娘)"
wakizashi,脇差
polka_dot_ribbon,
shrimp_tempura,"海老天,エビ天,天ぷら,エビフライ"
erika_(pokemon),"エリカ(トレーナー),エリカ(ポケモン),エリカ(ジムリーダー),エリカ"
my-hime,舞-HiME
kimi_no_na_wa.,"君の名は。,君の名は,你的名字,your_name"
meltryllis_(swimsuit_lancer)_(first_ascension)_(fate),
youtube,"유튜브,ユーチューブ,youtube.com,youtu.be"
after_bathing,"お風呂上り,風呂上がり,お風呂上がり"
kono_lolicon_domome,このロリコンどもめ!
mudrock_(elite_ii)_(arknights),
ichijou_ririka,"一条莉々華,ririkart"
pov_across_table,
cross-laced_legwear,
testicle_grab,"玉揉み,玉責め"
brown_border,
grey_bowtie,
metal_slug,"メタルスラッグ,メタスラ,METALSLUG"
warioware,メイドインワリオ
perfume_bottle,香水
female_goblin,goblin_female
acoustic_guitar,アコギ
jacket_lift,
mochi_trail,
himesaki_rinami,姫崎莉波
yuuki_(princess_connect!),"騎士くん,ユウキ(プリコネ)"
mitre,"ミトラ(冠),司教冠"
seele_(honkai:_star_rail),"ゼーレ(スターレイル),希儿,ゼーレ,제레,Seele"
kino_no_tabi,キノの旅
floating_book,
hoop,
shironeko_project,"白猫プロジェクト,白猫,white_cat_project"
green_sclera,
used_condom_on_penis,"ゴム射,ゴム射精"
strawberry_panties,"苺パンツ,いちごパンツ"
gold_armlet,
contrast,
failure_penguin,"失敗ペンギン,妖怪資材溶かし,開発失敗"
raihan_(pokemon),"キバナ,キバナ(トレーナー),キバナ終了のお知らせ,ダンキバ,キバユウ,キバダン,キバネズ,キバオニ"
mob_psycho_100,"モブサイコ100,モ腐サイコ100,모브사이코100,mobpsycho100,mp100,灵能百分百"
implied_kiss,
plaid_bra,
mouth_piercing,
shinku,"真紅,真红"
two-tone_thighhighs,
sam_browne_belt,サム・ブラウン・ベルト
mat,マット
greek_toe,ギリシャ型
sand_castle,
letter_hair_ornament,
hexagon_hair_ornament,
devil_fruit_power,
moth,蛾
symbolism,
bb_(swimsuit_mooncancer)_(second_ascension)_(fate),
penguin_hood,
bagpipe_(arknights),"风笛,バグパイプ(アークナイツ),バグパイプ"
license_plate,ナンバープレート
storefront,
mitake_ran,"美竹蘭,蘭モカ,モカ蘭"
hourai_doll,蓬莱人形
frederica_bernkastel,"ベルンカステル,フレデリカ・ベルンカステル,ベルンカステル(うみねこのなく頃に),贝伦卡斯泰露,ベルンカステル卿"
g_gundam,"機動武闘伝Gガンダム,kidou_butouden_g_gundam,mobile_fighter_g_gundam"
izayoi_aki,十六夜アキ
type_95_(girls'_frontline),"95式,QBZ-95,95式自動歩槍,QBZ-95(ドールズフロントライン),QBZ-95(少女前線),95式(ドールズフロントライン)"
accelerator_(toaru_majutsu_no_index),"一方通行,アクセラレータ"
euryale_(fate),"エウリュアレ,エウリュアレ(Fate)"
sakura_chiyono_o_(umamusume),"サクラチヨノオー(ウマ娘),サクラチヨノオー"
vira_(granblue_fantasy),"ヴィーラ,ヴィーラ・リーリエ"
amane_kanata_(work),"天音かなた(新衣装2021),天音かなた(お仕事衣装),天音かなた(お仕事)"
snowflake_background,
yamato_takeru_(fate),"セイバー(Fate/SamuraiRemnant),ヤマトタケル(Fate)"
kaine_(nier),"カイネ,カイネ(NieR)"
yoshikawa_chinatsu,吉川ちなつ
hammann_(azur_lane),"哈曼(碧蓝航线),ハムマン(アズールレーン),ハマン(アズールレーン),ハンマン(アズールレーン),ハムマン,ハムマン改(アズールレーン)"
alice_zuberg,"アリス・シンセシス・サーティ,アリス・ツーベルク,アリス"
fur-trimmed_thighhighs,
spoken_food,
gakkou_gurashi!,"がっこうぐらし!,學園孤島,学园孤岛,School-Live!,がっこうぐらし"
p90,"P90,PS90"
misunderstanding,"誤解,勘違い"
maizono_sayaka,"舞園さやか,舞园"
kaf_(kamitsubaki_studio),"花譜,花譜美術部,花谱"
nanao_yuriko,七尾百合子
licking_ear,耳舐め
print_necktie,
prototype_design,
biwa_hayahide_(umamusume),"ビワハヤヒデ,ビワハヤヒデ(ウマ娘)"
sailor_jupiter,セーラージュピター
dirty_feet,足裏汚れ
<o>_<o>,<●><●>
nudist,"裸族,ヌーディスト"
glansjob,亀頭責め
good_end,"グッドエンド,ハッピーエンド"
windmill,"風車,风车,風車小屋"
tokisadame_school_uniform,
yokoyama_nao,横山奈緒
searchlight,"サーチライト,电筒,手电筒"
shikanoin_heizou,"鹿野院平蔵,しかのいんへいぞう,Heizou"
mutual_hug,抱き合う
incoming_hug,即将拥抱POV
holding_pole,
luma_(mario),"チコ,luma"
still_in_love_(umamusume),"スティルインラブ,スティルインラブ(ウマ娘)"
youjo_senki,幼女戦記
audience,観客
urethral_insertion,尿道ファック
metal_gear_solid,"メタルギアソリッド,合金装备,MGS"
chito_(shoujo_shuumatsu_ryokou),"チト,チト(少女終末旅行)"
unworn_shorts,
tomoe_hotaru,土萠ほたる
ring_gag,
triplets,"三つ子,三胞胎"
hiiragi_utena,柊うてな
legband,
stiletto_(weapon),
momo_velia_deviluke,モモ・ベリア・デビルーク
hand_mirror,
layered_shirt,
yuuri_(shoujo_shuumatsu_ryokou),ユーリ(少女終末旅行)
butter,"バター,黄油"
asagumo_(kancolle),"朝雲,朝雲(艦隊これくしょん),朝雲(艦これ)"
casino,"赌场,カジノ"
ushiromiya_battler,右代宮戦人
kino_(kino_no_tabi),"キノ,旅人さん,tbbtsn"
turtleneck_jacket,
rhea_(fire_emblem),レア(FE風花雪月)
tokyo_(city),"東京,東京都"
commander_(nikke),"指揮官(NIKKE),指揮官(勝利の女神:NIKKE),지휘관(NIKKE)"
helltaker_(character),ヘルテイカー
bikini_shorts,
nipple_chain,
carpaccio_(girls_und_panzer),"カルパッチョ,カルパッチョ(GuP),アンツィオ高校,たかひな"
misaki_(blue_archive),"戒野ミサキ,ミサキ(ブルーアーカイブ),이마시노미사키,미사키"
green_tea,緑茶
skirt_basket,
shizuka_rin,"静凛,凛Art,RinArt,しずりん"
busou_shinki,武装神姫
white_shawl,
butterfly_sitting,
iruma_miu,"入間美兎,入间美兔"
invisible_man,
taut_leotard,
kazanari_tsubasa,風鳴翼
through_screen,
durarara!!,"デュラララ!!,DRRR!!"
airship,"飛空船,飛空艇,空中戦艦,空中艦"
age_regression,"幼児化,幼女化,若返り"
loaded_interior,
breast_poke,
arcana_heart,アルカナハート
oozora_subaru_(1st_costume),大空スバル(通常)
tales_of_the_abyss,"テイルズ・オブ・ジ・アビス,テイルズオブジアビス,アビス,TOA"
youkoso_jitsuryoku_shijou_shugi_no_kyoushitsu_e,"ようこそ実力至上主義の教室へ,歡迎來到實力至上主義的教室,欢迎来到实力至上主义的教室,よう実"
multicolored_halo,
guoba_(genshin_impact),锅巴
panties_under_shorts,
2013,"2013年,平成25年"
abigail_williams_(swimsuit_foreigner)_(third_ascension)_(fate),
ao_dai,
majo_no_takkyuubin,"魔女の宅急便,魔女宅"
kaela_kovalskia,"カエラ・コヴァルスキア,inKaela,KaeLaugh,KaelaKovalskia"
dairoku_ryouhei,"第六猟兵,jaeger_sixth,sixth_jaeger"
micro_bra,
gymnastics,"体操,たいそう,体育,たいいく"
char's_counterattack,"機動戦士ガンダム逆襲のシャア,逆襲のシャア,逆シャア"
penance_(arknights),"ペナンス(アークナイツ),斥罪,ペナンス"
stopwatch,
panicking,惊慌的
maria_cadenzavna_eve,マリア・カデンツァヴナ・イヴ
art_brush,
bus,バス
riding_bicycle,
covering_another's_mouth,
projekt_red_(arknights),"红,レッド(アークナイツ)"
akita_neru,"亞北ネル,亚北音留"
checkered_sash,
peach_hat_ornament,
rabbit_hat,
cleveland_(azur_lane),"クリーブランド,クリーブランド(アズールレーン),克利夫兰"
andira_(granblue_fantasy),"アンチラ,アンチラ(グラブル)"
dream_c_club_(series),
chained_wrists,
hades_(series),"hades,hadesgame"
long_ribbon,
horn_grab,
nib_pen_(object),"つけペン,万年筆"
pharah_(overwatch),"ファラ,Pharah,pharah"
hishikawa_rikka,菱川六花
beatrice_(re:zero),"ベアトリス,ベアトリス(リゼロ),ベア子"
female_sensei_(blue_archive),女先生(ブルーアーカイブ)
aida_mana,相田マナ
pushing,
ice_cream_float,"クリームソーダ,ソーダフロート"
conductor_baton,"指揮棒,指挥棒"
holding_creature,
baby_bottle,"哺乳瓶,ほにゅうびん"
covering_one_breast,
o-ring_swimsuit,
rocket,
low-cut_armhole,
joy-con,ジョイコン
penis_to_breast,乳首ズリ
purple_veil,
mesmerizer_(vocaloid),メズマライザー
crystal_ball,"水晶玉,水晶球,占卜球"
candlelight,
yume_(blue_archive),"ユメ(ブルーアーカイブ),ユメ先輩,ユメ,梔子ユメ"
aqua_kimono,
furutani_himawari,古谷向日葵
tails_(sonic),"テイルス,マイルス・パウアー,マイルスパウアー,Tails,Tails_the_Fox,Miles_Prower,Miles_Tails_Prower,Miles_""Tails""_Prower,Miles_“Tails”_Prower,milesprower,milestailsprower,sontails,ソニテイ"
spoken_expression,
lute_(instrument),
gundam_build_divers,"ガンダムビルドダイバーズ,ビルドダイバーズ"
face_between_breasts,ぱふぱふ
deer_tail,
red_crown,
bradamante_(fate),"ブラダマンテ(Fate),ブラダマンテ"
ryuu_ga_gotoku_(series),龍が如く
natsuiro_matsuri_(1st_costume),夏色まつり(通常)
koseki_bijou_(1st_costume),古石ビジュー(通常)
toyokawa_fuka,豊川風花
lowleg_skirt,
hanamura_yousuke,花村陽介
maple_leaf_print,
hino_akane_(smile_precure!),日野あかね
pubic_stubble,剃り跡
futaba_channel,"ふたば☆ちゃんねる,ふたば,2chan"
merchandise,雑貨
milky_way,"天の川,银河"
iskandar_(fate),"ライダー(Fate/Zero),イスカンダル,イスカンダル(Fate)"
kawashima_momo,"河嶋桃,カメさんチーム,みほ桃,桃ちゃん"
emo_fashion,"エモ・ファッション,エモファッション,エモ系,Emo,エモ,emoart,emo_art,emocore"
violet_evergarden,"ヴァイオレット・エヴァーガーデン,ヴァイオレットエヴァーガーデン"
ink_tank_(splatoon),
rash_guard,ラッシュガード
steak,"ステーキ,牛排"
multiple_torii,
holding_briefcase,
mutual_masturbation,相互オナニー
cum_on_eyewear,眼鏡はかけるもの
glass_shards,
yuno_(hidamari_sketch),ゆの
ayunda_risu,"Ayunda_Risu,AyundaRisu,GambaRisu,アユンダ・リス,ayunut,gambarisu18,iRISUtration"
outie_navel,でべそ
ryuuko_no_ken,"龍虎の拳,artoffighting"
damian_desmond,ダミアン・デズモンド
converse,コンバース
cream_on_face,
kiyosumi_school_uniform,
yellow_trim,
untied_footwear,
maka_albarn,"マカ・アルバーン,マカ"
gekota,ゲコ太
aqua_gemstone,
kula_diamond,クーラ・ダイアモンド
uneven_twintails,
sakura_bakushin_o_(umamusume),"サクラバクシンオー,サクラバクシンオー(ウマ娘),シンゾーバクシンオー,バクシン教,頭バクシン,サクラバカチンオー,樱花进王,驀進王"
blemishine_(arknights),"瑕光,ブレミシャイン(アークナイツ),ブレミシャイン,玛莉娅·临光,マリア・ニアール"
samuel_b._roberts_(kancolle),"サミュエル・B・ロバーツ,サミュエル・B・ロバーツ(艦隊これくしょん),サミュエル・B・ロバーツ(艦これ),サミュエル"
ichigo_(darling_in_the_franxx),"イチゴ(ダリフラ),イチゴ"
street_fighter_ii_(series),"ストリートファイターII,ストリートファイター2,ストII,スト2,スーパーストリートファイターII"
broken_window,
youtou_high_school_uniform,
year_of_the_rat,"子年,鼠年"
grey_apron,
varia_suit,バリアスーツ
utsumi_erice,宇津見エリセ
bardiche_(nanoha),バルディッシュ
papers,
determined,
unworn_bikini,
tenma_tsukasa,"天馬司,司えむ,類司,天马司"
hanging_plant,
pier,
army,"軍,陸軍,Heer"
lord_of_the_mysteries,"lord_of_enigma,诡秘之主,诡秘之主同人"
raising_heart,レイジングハート
akashi_(azur_lane),"明石,明石(アズールレーン),茗"
massage,"マッサージ,按摩,あんま"
drum_(container),ドラム缶
swinging,
black_outline,
hand_on_headphones,
ball_and_chain_restraint,
yang_guifei_(second_ascension)_(fate),
doraemon,"ドラえもん,映画ドラえもん,多啦春梦,哆啦A梦"
lop_rabbit_ears,垂耳兔耳
duel_academy_uniform_(yu-gi-oh!_gx),
cheek_pull,拉脸
weapon_case,
heads-up_display,HUD
simon_(ttgl),シモン
portal_(object),
thong_aside,
double_dildo,双頭ディルド
game_boy,ゲームボーイ
abigail_williams_(traveling_outfit)_(fate),
chando_(ado),チャンド
yanami_anna,八奈見杏菜
arm_cutout,
cd,VCD
sonozaki_shion,園崎詩音
whislash_(arknights),"鞭刃,ウィスラッシュ(アークナイツ),ウィスラッシュ"
final_fantasy_xv,"FF15,最终幻想15,FFXV,ファイナルファンタジーXV"
naked_tabard,"前掛け,前掛けだけ"
nose_ring,鼻輪
brand_new_animal,"BNA,BNAイラコン,ビーエヌエー"
kurokawa_akane,"黒川あかね,黑川赤音"
sayori_(doki_doki_literature_club),"Sayori(DDLC),サヨリ(DDLC),サヨリ"
koutetsujou_no_kabaneri,甲鉄城のカバネリ
ib_(kouri),"Ib,イヴ,恐怖美术馆"
hanetsuki,"羽子突,羽突き,羽根付き,羽根突き,はねつき"
giant_monster,
roll_caskett_(mega_man),ロール・キャスケット
covered_penetration,これ絶対入ってるよね
scathach_(piercing_bunny)_(fate),"刺し穿つバニー,スカサハ(バニー)"
kasaki_nozomi,"傘木希美,のぞみぞ"
black_hands,
littorio_(kancolle),"リットリオ,リットリオ(艦隊これくしょん),リットリオ(艦これ)"
aqua_thighhighs,
tang_keke,"唐可可,Táng_Kěkě,クゥすみ"
brown_neckerchief,
ganondorf,ガノンドロフ
hatsukaze_(kancolle),"初風,初風(艦隊これくしょん),初風(艦これ)"
adjusting_panties,
wallpaper_(object),
shiratsuyu_kai_ni_(kancolle),白露改二
jintsuu_kai_ni_(kancolle),神通改二
tanya_degurechaff,"ターニャ・デグレチャフ,ターニャ"
melon,メロン
lucia_(pgr),"露西亚,黎明,鸦羽,红莲"
tohno_akiha,遠野秋葉
ijichi_seika,伊地知星歌
trigun,トライガン
sagiri_(kancolle),"狭霧,狭霧(艦隊これくしょん),狭霧(艦これ)"
animal_on_arm,
speaking_tube_headset,
fumizuki_(kancolle),"文月,文月(艦隊これくしょん),文月(艦これ)"
ooshio_(kancolle),"大潮(艦隊これくしょん),大潮(艦これ),大潮"
kako_(kancolle),"加古,加古(艦隊これくしょん),加古(艦これ)"
nissin_cup_noodle,"カップヌードル,カプヌ,CupNoodle,合味道,닛신컵누들,カップヌードルカレー,カレーヌードル,シーフードヌードル,レッドシーフードヌードル,チリトマトヌードル"
hoshino_(first_year)_(blue_archive),
huge_dildo,
food_bite,
bagged_fish,
oversized_limbs,
pelt,
kannagi,"かんなぎ,神薙"
reindeer,トナカイ
sendai_hakurei_no_miko,"先代博麗の巫女,先代巫女"
double_\m/,
magi_the_labyrinth_of_magic,"マギ,魔笛,魔笛MAGI"
mikuma_(kancolle),"三隈,三隈(艦隊これくしょん),三隈(艦これ)"
tumblr_username,
finger_to_another's_mouth,
fur_boots,"皮靴,皮毛靴"
holding_shirt,
jaguar_print,
arven_(pokemon),"ペパー,ペパー先輩,ペパー(トレーナー),ペパー(ポケモン)"
strike_the_blood,ストライク・ザ・ブラッド
pomni_(the_amazing_digital_circus),"pomni,ポムニ"
oda_nobukatsu_(fate),"織田信勝,織田信勝(Fate)"
musical_note_print,
holding_toy,
perona,ペローナ
scoop_neck,スクープネック
orange_cape,
hollow_eyes,
red_robe,
aston_machan_(umamusume),"アストンマーチャン(ウマ娘),アストンマーチャン,真弓快车"
sparse_chest_hair,
frilled_thigh_strap,
miia_(monster_musume),"ミーア(モンスター娘のいる日常),ミーア,ミーア生誕祭"
kanbaru_suruga,神原駿河
measuring,"测量,测量中"
two-finger_salute,
missile_pod,
el_condor_pasa_(umamusume),"エルコンドルパサー,エルコンドルパサー(ウマ娘)"
eva_02,"EVA弐号機,EVA2号機,エヴァ弐号機,エヴァ2号機,エヴァンゲリオン弐号機,エヴァンゲリオン2号機,弐号機,2号機"
cowboy_bebop,"カウボーイビバップ,星际牛仔"
analogous_colors,"類似色,るいじしょく"
suzuka_gozen_(fate),"鈴鹿御前,鈴鹿御前(Fate),セイバー(FoxTail),JKセイバー"
down_jacket,"ダウンジャケット,羽绒服,鸭绒服"
kirino_(blue_archive),中務キリノ
bear_tail,
edward_elric,"エドワード・エルリック,爱德华艾尔利克"
grusha_(pokemon),"グルーシャ(トレーナー),グルーシャ,グルーシャ(ポケモン)"
vertical-striped_panties,
cargo_pants,
nekomusume_(gegege_no_kitarou_6),6期猫娘
durandal_(honkai_impact),"幽兰黛尔,幽兰戴尔,デュランダル"
rubber_gloves,ゴム手袋
suzumiya_haruhi_no_shoushitsu,涼宮ハルヒの消失
dokibird_(vtuber),"Doki_Bird,Dokibird,DokiGallery,Lewdtomato"
bent_over_furniture,
lucy_heartfilia,"ルーシィ・ハートフィリア,lucyheartfilia"
lolidom,
gathers,
torchic,アチャモ
hasu_no_sora_school_uniform,
ganbare_douki-chan,がんばれ同期ちゃん
amanogawa_kirara,天ノ川きらら
ad,広告
hunter_(bloodborne),
removing_jacket,
hat_with_ears,
sayu_(genshin_impact),"早柚(原神),早柚,sayu"
grecale_(kancolle),"グレカーレ(艦隊これくしょん),グレカーレ(艦これ),グレカーレ,Grecale"
hsien-ko,"レイレイ,泪泪"
personality_switch,性格入れ替え
shinai,"竹刀,しない"
object_on_breast,
brown_lips,
morgana_(persona_5),"モルガナ(ペルソナ),モルガナ,摩尔加纳"
undersized_breast_cup,ハミ乳
goutokuji_mike,"豪徳寺ミケ,豪德寺三花,고토쿠지미케"
frilled_armband,
cleave_gag,"噛ませ猿轡,噛ませ猿ぐつわ"
crow_(la+_darknesss),
fidgeting,"もじもじ,モジモジ"
van_gogh_(fate),ヴァン・ゴッホ(Fate)
adjusting_necktie,
houndstooth,"千鳥格子,千鳥格紋"
screenshot_inset,
cellphone_charm,
implied_yaoi,
after_masturbation,
plaid_ribbon,
affectionate,
cola,コーラ
frilled_umbrella,
kami_jigen_game_neptune_v,神次元ゲイムネプテューヌV
signum,シグナム
kondou_taeko,"近藤妙子,アヒルさんチーム"
holding_bra,
red_oni,赤鬼
holding_cake,
kiwi_(fruit),"🥝,キウイ,キウイフルーツ,猕猴桃"
united_states,"USA,United_States,US,アメリカ,アメリカ合衆国,アメリカがっしゅうこく,米国,美國,美国,미국"
unfinished_dream_of_all_living_ghost,"東方獣王園,獣王園"
2010,"2010年,平成22年"
claude_von_riegan,"クロード・フォン・リーガン,クロード=フォン=リーガン"
noel_vermillion,ノエル=ヴァーミリオン
super_real_mahjong,スーパーリアル麻雀
hatsushimo_(kancolle),"初霜,初霜(艦隊これくしょん),初霜(艦これ)"
neck_flower,
arm_on_knee,
aikatsu_stars!,"アイカツスターズ!,アイカツスターズ"
ranka_lee,"ランカ・リー,ランカ"
dream_c_club,ドリームクラブ
red_tabard,
short-sleeved_jacket,
vocaloid_append,"アペンド,append"
double_horizontal_stripe,
unworn_necktie,
king_hassan_(fate),"キングハサン,山の翁,生きていられる気がしない"
furen_e_lustario,"フレン・E・ルスタリオ,フレリオ,フレン見て,くっころルスタリオ"
cat_mask,
facing_up,
kesa,袈裟
crazy_straw,
chocolate_cake,チョコレートケーキ
comiket_103,C103
youkai_watch,"妖怪ウォッチ,妖怪腐ォッチ,東方妖時計,妖ウォ"
jing_yuan,"景元,JingYuan,Jing_Yuan,경원,jingren"
revy_(black_lagoon),"レヴィ,레비,レベッカ・リー"
kurumi_erika,"来海えりか,つぼえり"
kotori_(blue_archive),"コトリ,コトリ(ブルアカ),コトリ(ブルーアーカイブ),豊見コトリ,토요미코토리,kotori"
cuirass,
holly_hair_ornament,
sadism,"サディスト,ドS,ドMホイホイ,S女"
shuro_(blue_archive),"箭吹シュロ,シュロ(ブルーアーカイブ),シュロ"
maikaze_(kancolle),"舞風,舞風(艦隊これくしょん),舞風(艦これ)"
antique_phone,
sparkling_aura,
spiked_ear_piercing,
full-length_mirror,
implied_masturbation,
cracked_floor,
sparrow,"雀,すずめ"
arm_around_back,
purple_tabard,
offering_hand,
japan_national_police,"警察庁,都道府県警察"
sonetto_(reverse:1999),"十四行诗,ソネット(リバース:1999)"
bird_print,
one-piece_thong,
face_in_pillow,
two-tone_necktie,
gladiia_(arknights),"グラディア(アークナイツ),歌蕾蒂娅,グレイディーア(アークナイツ),グレイディーア,歌蕾蒂亚"
pink_tank_top,
rice_on_face,
mannequin,マネキン
hozuki_kaede,穂月かえで
hanging_light,吊灯
qingxin_flower,清心
spanish_text,"スペイン語,Español"
taihou_(enraptured_companion)_(azur_lane),"恋慕のコンパニオン,恋慕伴侣,戀慕伴侶"
orange_pupils,
avatar:_the_last_airbender,"アバター伝説の少年アン,エアベンダー,avatarthelastairbender,thelastairbender"
watatsuki_no_toyohime,綿月豊姫
lipgloss,"リップグロス,립글로스"
oozora_subaru_(work),大空スバル(制服風味なアイドル衣装)
fujibayashi_kyou,藤林杏
enemy_naval_mine_(kancolle),深海忌雷
splatoon_2:_octo_expansion,"オクト・エキスパンション,オトコ・エキスパンション"
nowaki_(kancolle),"野分,野分(艦隊これくしょん),野分(艦これ)"
fake_magazine_cover,
nipple_cutout,
onmyouji,陰陽師
gauze_on_cheek,
flareon,"ブースター,ブースター(ポケモン),唯一王"
bralines,浮きブラ
penis_in_panties,
ears_visible_through_hair,
myrtle_(arknights),"テンニンカ(アークナイツ),桃金娘,テンニンカ"
blue_sweater_vest,
sonya_(kill_me_baby),"ソーニャ,ソーニャ(キルミーベイベー)"
bathrobe,
comiket_102,"C102,コミックマーケット102"
brazilian_flag_print,
amillion_(zenless_zone_zero),艾米莉安
uesugi_fuutarou,上杉風太郎
aura_(sousou_no_frieren),"アウラ,断頭台のアウラ"
mifune_miyu,三船美優
sequential,
turret,
super_saiyan_4,"超サイヤ人4,スーパーサイヤ人4"
yinlin_(wuthering_waves),"吟霖,Yinlin,음림"
sleeve_grab,
against_fourth_wall,
walther,ワルサー
skull_necklace,
hand_on_leg,
anzio_military_uniform,
pointed_crown,
seth_lowell,"セス・ローウェル,赛斯·洛威尔,SethLowell"
quiz_magic_academy,"qma,QMA,クイズマジックアカデミー,マジアカ"
beer_bottle,
restroom,公衆便所
hand_focus,"手,ハンド"
two-tone_coat,
holding_skewer,
fur-trimmed_leotard,
beatmania_iidx,"beatmaniaIIDX,IIDX,弐寺,beatmaniart_iidx,IIDX_art"
meltryllis_(swimsuit_lancer)_(second_ascension)_(fate),
beatmania_(series),
natalia_(idolmaster),"ナターリア,ナターリア(シンデレラガールズ)"
covered_clitoris,形くっきりクリトリス
kabru,"カブルー,カブミス,卡布尔"
hat_belt,
newtype,ニュータイプ
cigarette_pack,
brown_sash,
facepalm,
purple_hakama,
guard_rail,ガードレール
battle_tendency,"戦闘潮流,ジョジョ2部"
guts_(berserk),"ガッツ,guts,黒い剣士"
white_sky,
dress_pants,
fitting_room,"試着室,試着"
aki_(girls_und_panzer),"アキ,アキ(GuP),継続高校,ミカアキ,楽しい継続一家"
uzaki_tsuki,"宇崎月,宇崎ママ"
victor_(pokemon),"マサル,マサル(トレーナー),男主人公(剣盾),チャンピオンマサル,マサユウ,マサマリ,マサビト,ホプマサ,マサホプ"
ski_goggles,
the_king_of_fighters_xiv,"KOF14,KOFXIV"
apartment,"集合住宅,アパート,マンション"
mast,"マスト,帆柱,ほばしら"
ibuki_tsubasa,伊吹翼
medieval,中世
musashi_(azur_lane),"武蔵(アズールレーン),武藏"
team_9_(touhou),"バカルテット,9インテット,笨蛋军团"
backless_swimsuit,
chrono_trigger,クロノトリガー
sawa_azusa,"澤梓,ウサギさんチーム,主将&次期主将,澤ペコ"
hinoshita_kaho,"日野下花帆,花帆ちゃん無自覚攻撃シリーズ,こずかほ,かほこず,ぎんかほ"
stained_sheets,
casting_spell,
makeup_brush,
player_2,2Pカラー
worldwide_miku,ご当地ミク
anglerfish,"アンコウ,アンコウ目"
wispy_bangs,
alisa_mikhailovna_kujou,"アリサ・ミハイロヴナ・九条,アーリャ"
clown,道化師
heart_lock_(kantai_collection),艦娘ロック(保護)機能
karaoke,"カラオケ,卡拉OK"
chihiro_(blue_archive),"各務チヒロ,카가미치히로"
hand_on_own_crotch,
wraith_(apex_legends),"レイス,レイス(APEX),Darksparks,恶灵,Miraith,ミラレイ,レネイ・ブラジー"
v-shaped_eyes,
blue_shoes,
long_neck,
fishnet_sleeves,
ivy,ツタ
hand_on_table,
arm_pouch,
le_malin_(listless_lapin)_(azur_lane),"昼寝好きのラピヌ,懒懒的白兔"
flag_background,
traditional_chinese_text,"正体字,正體字,繁体字,繁體字"
pantyhose_under_swimsuit,"スク水タイツ,競水タイツ,競泳タイツ,水着タイツ,競泳水着タイツ"
pyra_(pro_swimmer)_(xenoblade),
shared_speech_bubble,
holding_fish,
ononoki_yotsugi,斧乃木余接
valorant,"ヴァロラント,발로란트,无畏契约,ValorantArt,VALORANTfanart"
fur-trimmed_bikini,
dirt,"泥,どろ,土,つち,泥土,でいど,ダート"
wakamo_(swimsuit)_(blue_archive),狐坂ワカモ(水着)
dressing_another,
gekkan_shoujo_nozaki-kun,"月刊少女野崎くん,노자키군"
motosu_school_uniform,
note,
gun_to_head,頭に銃
kobo_kanaeru,"こぼ・かなえる,AeruSeni,Kobokan"
hands_on_another's_chest,
hand_over_eye,
white_mage_(final_fantasy),"白魔道士,白魔导"
cyndaquil,ヒノアラシ
satake_minako,佐竹美奈子
i-class_destroyer,"駆逐イ級,イ級"
musaigen_no_phantom_world,"無彩限のファントム・ワールド,無彩限のファントムワールド,ファントム・ワールド"
destiny_child,"데스티니차일드,destinychild,데차,デスティニーチャイルド,DestinyChild,デスティニー・チャイルド,デスチャ,デスチャイラコンチャイルド,命運之子"
aru_(dress)_(blue_archive),"アル(ドレス),陸八魔アル(ドレス)"
mr._squeaks_(hakos_baelz),
taut_swimsuit,
magallan_(arknights),"麦哲伦,マゼラン,マゼラン(アークナイツ)"
g36_(girls'_frontline),"G36,G36(ドールズフロントライン),G36(少女前線),Centaureissi,桑朵莱希,桑朵萊希,센타우레이시,センタウレイシー"
melina_(elden_ring),"メリナ,梅琳娜,Melina,メリナ(ELDENRING)"
latex_leotard,
unworn_hair_ornament,
eureka_seven_(series),エウレカセブン
multitasking,ながらプレイ
eirika_(fire_emblem),"エイリーク,エイリーク(FE),Eirika_(FE)"
holding_toothbrush,
handjob_gesture,手コキ素振り
kotomine_kirei,言峰綺礼
kisaragi_(azur_lane),"如月(アズールレーン),如月,樟"
uchi_no_hime-sama_ga_ichiban_kawaii,"ウチの姫さまがいちばんカワイイ,ウチの姫様が一番カワイイ,ウチ姫,uchihime,我家公主最可爱"
naked_cloak,裸マント
jill_valentine,ジル・バレンタイン
red_track_suit,
scott_pilgrim_takes_off,"ScottPilgrimTakesOff,SPTO,ScottPilgrimNetflix,スコット・ピルグリムテイクス・オフ,歪小子史考特火力全開,SPTO24h"
persona_3_reload,ペルソナ3リロード
gavial_(arknights),"嘉维尔,ガヴィル(アークナイツ)"
lace_sleeves,
tron_bonne_(mega_man),トロン・ボーン
age_comparison,
mark_under_eye,
gao,"がお,がう"
mismatched_sclera,
hacka_doll,ハッカドール
tales_of_zestiria,"テイルズ・オブ・ゼスティリア,テイルズオブゼスティリア,ゼスティリア,TOZ"
uchuu_senkan_yamato,宇宙戦艦ヤマト
nui_sociere,"ニュイ・ソシエール,ソシ絵ール"
chikan,痴漢
poke_ball_theme,
table_humping,"角オナ,角オナニー,角マス"
plant_roots,
kaho_(blue_archive),"桑上カホ,쿠와카미카호"
peony_(flower),牡丹
pneuma_(xenoblade),"プネウマ(ゼノブレイド2),プネウマ"
hungry,空腹
materia,
sirius_(azure_horizons)_(azur_lane),"青雲映す碧波,碧波青云,碧波青雲"
hole,
petra_gurin,"PetraArt,PetraGurin,Gur18n,ペトラ・グリン,ペト絵,繋がらなくていいから俺のペトラグリンを見てくれ"
bismarck_(azur_lane),"ビスマルク(アズールレーン),ビスマルク,俾斯麦"
fingering_through_panties,
stained_clothes,
energy_cannon,
teeth_hold,
censored_text,
holding_breath,
bridal_lingerie,
alternate_body_size,
folded_hair,
see-through_panties,
otokura_yuuki,乙倉悠貴
graf_zeppelin_(azur_lane),"グラーフ・ツェッペリン(アズールレーン),グラーフ,グラーフ・ツェッペリン,にくすべ,齐柏林伯爵,齐柏林"
chise_(blue_archive),"和楽チセ,와라쿠치세,치세"
comiket_105,
chikuma_(kancolle),"筑摩,筑摩(艦隊これくしょん),筑摩(艦これ)"
kos-mos,"コスモス,KOS-MOS"
character_charm,
armpit_sex,"腋コキ,脇コキ"
condensation,
male_underwear_pull,
kamisato_ayaka_(springbloom_missive),花時に訪れた手紙
game_screenshot_inset,
metaphor:_refantazio,"メタファー:リファンタジオ,metaphorrefantazio"
iroha_(samurai_spirits),"いろは,いろは(侍魂)"
disney,"ディズニー,ウォルト・ディズニー・カンパニー,迪士尼,ディズニー・チャンネル,The_Walt_Disney_Company"
atago_(stunning_speedster)_(azur_lane),"凄艶のマックススピード,巅峰时速"
nakayama_festa_(umamusume),"ナカヤマフェスタ,ナカヤマフェスタ(ウマ娘)"
horn_hairband,
rydia_(ff4),"リディア,リディア(FF4)"
muzzle_flash,マズルフラッシュ
undone_neck_ribbon,
starfish_hair_ornament,
smelling_clothes,
danganronpa_3_(anime),ダンガンロンパ3
pilot_suit,"パイロットスーツ,パイスー"
holding_leg,
sugar_cube,角砂糖
otter_ears,
hello_kitty,"ハローキティ,hellokitty"
two-sided_cloak,
abigail_williams_(third_ascension)_(fate),
long_toenails,
green_cardigan,
nate_(pokemon),"キョウヘイ,キョウヘイ(トレーナー),ラクツ"
luna_nova_school_uniform,
scorbunny,ヒバニー
studded_collar,
pa-san,PAさん
ark_order,"方舟指令,アークオーダー,방주지령"
chat_log,LINE風
trigram,
pom-pom_(honkai:_star_rail),"帕姆,パム(スターレイル),パム"
2011,"2011年,平成23年"
ptilopsis_(arknights),"白面鸮,フィリオプシス,フィリオプシス(アークナイツ)"
roon_(azur_lane),"ローン,ローン(アズールレーン),罗恩"
multicolored_scarf,
elise_(fire_emblem),エリーゼ(FEif)
spicy_nun_(diva),
sailor_senshi,セーラー戦士
shiraishi_an,"白石杏,彰杏,杏こは"
optical_sight,"照準器,ダットサイト,optics"
unfastened,
osomatsu_(series),おそ松さん/くん
kasumigaoka_utaha,"霞ヶ丘詩羽,霞之秋诗羽"
slime_(dragon_quest),"スライム肉まん,スライム(DQ)"
senji_muramasa_(fate),"千子村正(Fate),千子村正,リミテッド/ゼロオーバー"
clothed_male_nude_male,
iris_black_games,IBG
transformers:_generation_1,"G1,戦え!超ロボット生命体トランスフォーマー,トランスフォーマー2010"
mochizuki_anna,望月杏奈
wiz_(konosuba),"ウィズ(このすば),ウィズ"
snake_earrings,
silver_(pokemon),シルバー(トレーナー)
kohinata_miho,小日向美穂
black_helmet,
silver_dress,
a-chan_(hololive),"友人A,絵ーちゃん,えーちゃん"
weapon_behind_back,
suiseiseki,翠星石
rising_sun_flag,"旭日旗,욱일기"
pregnancy_test,"妊娠検査,妊娠検査薬"
leather_armor,
sei_shounagon_(fate),"キラキラのアーチャー,清少納言,清少納言(Fate),諾子"
butterfly_tattoo,
mmm_threesome,
tanned_cirno,"日焼けしたチルノ,日焼けチルノ"
subaru_duck,スバルドダック
nanatsu_no_taizai,"七つの大罪,七つの大罪(漫画),七つの大罪(鈴木央),七大罪"
menu_board,
lacey_(pokemon),"タロ(トレーナー),タロ"
young_link,こどもリンク
beach_mat,
covering_another's_eyes,
luo_xiaohei_zhanji,"罗小黑战记,羅小黒戦記,羅生黒戦記,羅小黒戦記(映画)"
tada_riina,多田李衣菜
studio_ghibli,"スタジオジブリ,ジブリ"
net,
hands_on_hilt,
knight_(chess),
super_sentai,スーパー戦隊シリーズ
green_(pokemon),"ブルー(トレーナー),ブルー(ポケスペ),初代没♀主,初代リーフ"
seatbelt,シートベルト
world_trigger,"ワールドトリガー,ワートリ,境界觸發者,境界触发者,WāTori,ワートリ【腐】"
surrounded,チンコ包囲網
shirayuki_tomoe,"白雪巴,巴絵,みだれ雪,夜王国,Crossick"
nanami_kento,七海建人
comiket_104,C104
bandaged_fingers,
takanashi_kiara_(casual),"phoenixfashion,小鳥遊キアラ(私服衣装),小鳥遊キアラ(私服)"
juufuutei_raden,"儒烏風亭らでん,らでん似絵"
multicolored_hat,
ashiya_douman_(fate),"蘆屋道満(Fate),キャスター・リンボ"
deltarune,"DELTARUNE,デルタルーン"
nata_(tool),"ナタ,鉈"
rakuen_tsuihou,楽園追放
braiding_hair,
captain_(kemono_friends),"隊長(けものフレンズ),隊長さん"
two-tone_sweater,
commandant_teste_(kancolle),"コマンダン・テスト(艦隊これくしょん),コマンダン・テスト,コマンダン・テスト(艦これ)"
holding_own_foot,
bust_cup,谷間酒
yuni_(princess_connect!),"ユニ(プリコネ),真行寺由仁,ユニ"
harp,
makabe_mizuki,真壁瑞希
tri_braids,
acorn,"どんぐり,ドングリ,団栗"
fighter_(granblue_fantasy),
junko_(blue_archive),"ジュンコ,ジュンコ(ブルアカ),ジュンコ(ブルーアーカイブ),赤司ジュンコ,준코,아카시준코,junko"
jeweled_branch_of_hourai,蓬莱の玉の枝
paw_print_pattern,
tales_of_symphonia,"テイルズ・オブ・シンフォニア,テイルズオブシンフォニア,シンフォニア,TOS"
araragi_karen,阿良々木火憐
beatrix_(granblue_fantasy),"ベアトリクス(グラブル),ベアトリクス"
taimanin_yukikaze,"対魔忍ユキカゼ,對魔忍雪風,对魔忍雪风"
shinshuu_maru_(kancolle),"神州丸,神州丸(艦隊これくしょん),神州丸(艦これ),神洲丸"
french_flag,"🇫🇷,フランスの国旗,トリコロール,Tricolore,三色の意"
jeanne_d'arc_alter_(avenger)_(third_ascension)_(fate),
ivy_(fire_emblem),アイビー(ファイアーエムブレム)
mummy,"ミイラ,マミー"
cinderella_(nikke),"シンデレラ(勝利の女神:NIKKE),アナキオール(勝利の女神:NIKKE),アナキオール"
muffin_top,マフィントップ
in_heat,"発情,発情期,发情"
tea_set,ティーセット
taneshima_popura,種島ぽぷら
star_guardian_(league_of_legends),"starguardian,star_guardian,スターガーディアン,星之守护者"
standard_bearer,旗手
st._theresa's_girls_academy_school_uniform,
st._louis_(luxurious_wheels)_(azur_lane),Luxury_Handle
ikuno_dictus_(umamusume),"イクノディクタス,イクノディクタス(ウマ娘)"
ice_skates,
sparkle_hair_ornament,
stuffed_penguin,
kurokami_fubuki,黒上フブキ
group_hug,
frozen,
meowth,ニャース
james_(pokemon),"コジロウ,コジロウ(アニポケ),コジロウ(トレーナー)"
fried_chicken,"フライドチキン,唐揚げ,から揚げ,からあげ"
pink_sports_bra,
sailor_swimsuit_(idolmaster),セーラーミズギ
mg42,MG42
hogwarts_school_uniform,
yun_jin_(genshin_impact),"云菫,雲菫,云堇,yunjin,yun_jin,ShenJin"
razor_(genshin_impact),"雷泽,レザー,レザー(原神),Razor"
mysterious_heroine_x_(fate),"謎のヒロインX,ヒロインX"
bib,"涎掛け,よだれかけ"
arjuna_(fate),"アルジュナ(Fate),アルジュナ"
heart_(organ),"心臓,しんぞう"
flying_paper,
ichinose_uruha,"一ノ瀬うるは,一ノ瀬の絵"
olga_marie_animusphere,"オルガマリー・アニムスフィア,オルガマリー,オルガマリー・アースミレイト・アニムスフィア"
suzuran_(spring_praise)_(arknights),
see-through_sarong,
implacable_(azur_lane),"インプラカブル(アズールレーン),インプラカブル"
chomusuke,ちょむすけ
freminet_(genshin_impact),"フレミネ,Freminet,菲米尼"
mejiro_ramonu_(umamusume),"メジロラモーヌ(ウマ娘),メジロラモーヌ,目白高峰,魔性の青鹿毛"
strapless_bottom,
elizabeth_bathory_(brave)_(fate),"ブレイブエリザ,エリザベート・バートリー(ブレイブ)"
elesis_(elsword),"エリシス(エルソード),Elesis"
self-harm_scar,
rei_no_pool,例のプール
yunli_(honkai:_star_rail),"云璃,雲璃,ウンリ,Yunli"
ashtray,"灰皿,煙灰缸"
bullying,"虐め,いじめっ子,天龍いじめ,いじめ,いじめられっ子,性的いじめ"
mtu_virus,MtUウィルス
takamiya_rion,"鷹宮リオン,リオンあーと"
twitter_x_logo,
jouga_maya,"条河麻耶,チマメ隊,マヤ"
final_fantasy_xii,"ファイナルファンタジーxii,ファイナルファンタジー12,ff12"
unworn_eyepatch,
the_legend_of_zelda:_majora's_mask,"ムジュラの仮面,塞尔达传说梅祖拉的假面"
log_pose,
prank,
orange_jumpsuit,
detached_leggings,
tonfa,トンファー
inazuma_eleven_go,"イナズマイレブンGO,イナGO,イナGO[腐],イナゴ,イナゴ[腐],イナゴ百合,イナゴ女子,イナゴ男女カプ"
vertical-striped_kimono,
shopping_cart,"🛒,ショッピングカート"
troll_face,
elevator,エレベーター
kiki_(majo_no_takkyuubin),キキ
toaru_majutsu_no_index:_new_testament,新約とある魔術の禁書目録
quanxi_(chainsaw_man),"クァンシ,quanxi,クァンシ(チェンソーマン),光熙"
hyakumantenbara_salome_(1st_costume),壱百満天原サロメ(通常)
hair_between_breasts,
absol,"アブソル,앱솔,阿勃梭魯,阿勃梭鲁"
checkered_dress,
volleyball_net,
meta,メタ
agent_3_(splatoon),"3号,3号(Splatoon)"
eimi_(swimsuit)_(blue_archive),和泉元エイミ(水着)
nemoto_hina,"根元陽菜,ネモクロ,ひなあか,ゆりネモ"
dhole_(kemono_friends),ドール(けものフレンズ)
wakamezake,わかめ酒
sora_(blue_archive),ソラ(ブルーアーカイブ)
mercedes_von_martritz,メルセデス=フォン=マルトリッツ
energy_beam,
yellow_pantyhose,
takanami_(kancolle),"高波,高波(艦隊これくしょん),高波(艦これ)"
pearl_thong,"パールショーツ,玉パン,玉パンツ"
groom,"花婿,新郎"
ar_tonelico,アルトネリコ
holding_watermelon,
gamagoori_ira,蟇郡苛
pagoda,
angela_balzac,"アンジェラ,アンジェラ・バルザック"
fur_shawl,
tensei_oujo_to_tensai_reijou_no_mahou_kakumei,"転生王女と天才令嬢の魔法革命,转生王女和天才千金的魔法革命,转生王女与天才千金的魔法革命,转生公主与天才千金的魔法革命,転天アニメ,magirevo"
kiran_(fire_emblem),エクラ(FE)
texas_(willpower)_(arknights),
long_horns,
onbashira,
hishi_amazon_(umamusume),"ヒシアマゾン,ヒシアマゾン(ウマ娘),ヒシママゾン"
round_table,
pendant_collar,
grey_suit,
lace-trimmed_shirt,
akitsushima_(kancolle),"秋津洲,秋津洲(艦これ),秋津洲(艦隊これくしょん)"
implied_pregnancy,
striped_arm_warmers,
riyo_(lyomsnpmp)_(style),"リヨ,野生のリヨ,リヨ風,リヨぐだ子"
fujimaru_ritsuka_(male)_(polar_chaldea_uniform),極地用カルデア制服
ankle_wrap,
phantom_of_the_kill,"ファントムオブキル,ファンキルイラコン,ファンキル"
hello_kitty_(character),"キティ,hellokitty,hello_kitty,ハローキティ"
stats,
cross-laced_skirt,
edmond_dantes_(fate),"エドモン・ダンテス(Fate),エドモン・ダンテス"
hoshimiya_ichigo,"星宮いちご,星宫莓"
carapace,
wanted_poster,"指名手配,指名手配ポスター"
reverse_fellatio,逆さフェラ
ehoumaki,"恵方巻き,恵方巻"
crocodilian,"ワニ,鰐"
anal_only,
radish,大根
asaba_harumasa,浅羽悠真
crawling,
translucent_bunnysuit,"半透明バニー,透明バニー"
drugged,"薬漬け,キメセク"
nintendo_ds,ニンテンドーDS
blue_visor,
asakura_ryouko,朝倉涼子
knives_between_fingers,
pom_pom_beanie,
signalis,"Signalis,SIGNALIS,シグナーリス"
pastry_bag,
dotted_background,
dragging,
karna_(fate),"カルナ(Fate),赤のランサー"
hypno,"スリーパー,スリーパー(ポケモン)"
white_leggings,
atelier_ryza_2,ライザのアトリエ2
jockstrap,ジョックストラップ
arknights:_endfield,"明日方舟终末地,アークナイツエンドフィールド,ArknightsEndfield,エンドフィールド,Endfield,アークナイツ:エンドフィールド"
pom_pom_earrings,
butterfly_ornament,
mega_man_zx_advent,"ロックマンZXA,ロックマンゼクスアドベント"
paizuri_invitation,谷間くぱぁ
pig_ears,豚耳
procreate_(software),
tales_of_berseria,"テイルズオブベルセリア,ベルセリア,TOB"
mole_on_armpit,
blood_drip,
roma_(kancolle),"ローマ(艦隊これくしょん),ローマ,ローマ(艦これ)"
dinergate_(girls'_frontline),"兵蚁,狗(少女前线),ダイナゲート(ドールズフロントライン)"
himouto!_umaru-chan,"干物妹!うまるちゃん,干物妹!うまるちゃんR,ひもうと!_うまるちゃん"
yuuki_bakuhatsu_bang_bravern,"勇気爆発バーンブレイバーン,ブレバン,anime_bbb,yuuki_bakuhatsu_bang_bravern,腐レイバーン"
accident,
falchion_(fire_emblem),ファルシオン(ファイアーエムブレム)
eastern_dragon_tail,"龙尾,东方龙尾,中国龙尾,chinese_dragon_tail"
corrin_(male)_(fire_emblem),カムイ♂
devil_may_cry_5,DMC5
tosen_jordan_(umamusume),"トーセンジョーダン,トーセンジョーダン(ウマ娘)"
kohaku_(tsukihime),"琥珀さん,琥珀"
tepig,ポカブ
osomatsu-san,"おそ松さん,夢松,BL松,松野家次男版深夜の真剣お絵描き60分一本勝負"
dissolving,
kishimen_hair,きしめんヘアー
spit_take,
bianca_(dq5),"ビアンカ,ビアンカ(DQ5)"
shinda_sekai_sensen_uniform,死んだ世界戦線制服
intestines,"腸,はらわた"
maoyuu_maou_yuusha,"まおゆう,魔王勇者,まおゆう魔王勇者"
pineapple,"🍍,パイナップル"
kiana_kaslana_(herrscher_of_flamescion),"薪炎之律者,薪炎の律者,キアナ・カスラナ(薪炎の律者)"
squidbeak_splatoon,"8号,4号,3号,2号,1号,カラストンビ隊,Agent_1,Agent_2,Agent_3,Agent_4,Agent_8"
vertical-striped_socks,
crowbar,バールのようなもの
gumroad_username,
final_fantasy_xiii,"ファイナルファンタジーxiii,ファイナルファンタジー13,ff13"
gesugao,ゲス顔
onion,"玉葱,たまねぎ,タマネギ,洋葱"
single_head_wing,
hololive_idol_uniform_(bright),"ひろがるホロライブ,ホロライブJP新アイドル衣装,ホロライブ新アイドル衣装"
neko_(minato_aqua),にゃくあーと
kami_nomi_zo_shiru_sekai,"神のみぞ知るセカイ,神のみ"
hospital_gown,病号服
hugging_book,
yume_kawaii,"ゆめかわいい,yumekawaii,fairykei,fairy_kei,フェアリー系,ファンシー,ゆめかわ"
mega_man_(character),"ロックマン(キャラクター),megaman,rockman,mega_man,rock_man,mega,rock"
smartphone_case,
rhine_lab_logo,
frostleaf_(arknights),"霜叶,フロストリーフ,フロストリーフ(アークナイツ)"
cosmog,"コスモッグ,ほしぐもちゃん"
holding_another's_foot,
million_arthur_(series),"ミリオンアーサーイラコン夏,ミリオンアーサーイラコン魔,ミリオンアーサーイラコン剣,ミリオンアーサー"
lime_(fruit),"ライム,lime"
yumeno_himiko,"夢野秘密子,梦野秘密子"
fuyutsuki_(kancolle),"冬月,冬月(艦隊これくしょん),冬月(艦これ)"
resident_evil_4_(remake),"バイオハザードRE:4,ResidentEvil4Remake"
floating_rock,
endeavor_(boku_no_hero_academia),"安德瓦,轰炎司,エンデヴァー,轟炎司"
higashi_setsuna,東せつな
dock,
wattson_(apex_legends),"Natalie_Paquette,ワットソン,ワットソン(APEX),Darksparks,クリワト,wattson,电妹,cryptson,smartysparks"
alternate_wings,
hedgehog_girl,
unicorn_overlord,ユニコーンオーバーロード
mizu_happi,"水法被,山笠"
bound_torso,
red_carpet,"红毯,红地毯"
magatama_earrings,
watching_television,
sexual_coaching,
aunt_and_niece,
wrong_foot,
rounded_corners,
holding_scroll,
yuudachi_(azur_lane),"夕立(アズールレーン),夕立,椿"
hand_wraps,
parka,
holding_spatula,
screenshot_background,
vertical-striped_shorts,
nemo_(fate),ネモ・シリーズ
clarent_(fate),我が麗しき父への叛逆
cafe_stella_to_shinigami_no_chou,喫茶ステラと死神の蝶
flying_fish,"空の魚,トビウオ"
paint_on_clothes,
overall_skirt,"サロペットスカート,背带裙"
igarashi_kyoko,五十嵐響子
viper_(nikke),"バイパー(勝利の女神:NIKKE),バイパー,viper(nikke)"
toaru_kagaku_no_railgun_t,"とある科学の超電磁砲T,To_Aru_Kagaku_no_Railgun_T"
dawn,夜明け
reverse_spitroast,
dragon_quest_viii,"ドラゴンクエスト8,ドラクエ8,DQ8"
bishoujo_senshi_sailor_moon_stars,
fujimaru_ritsuka_(female)_(polar_chaldea_uniform),極地用カルデア制服
arcane_vi,
boater_hat,カンカン帽
captured,捕らわれ
yae_miko_(fox),
admiral_graf_spee_(azur_lane),"アドミラル・グラーフ・シュペー(アズールレーン),アドミラルグラーフシュペー,アドミラル・グラーフ・シュペー,斯佩伯爵海军上将"
...?,
pet,
shadowheart_(baldur's_gate),Shadowheart
penis_shadow,
nanashi_mumei_(emo),
goat,"山羊,ヤギ"
missing_limb,
subscribestar_username,
toga,
snow_rabbit,雪うさぎ
tape_on_nipples,
mochizuki_(kancolle),"望月,望月(艦隊これくしょん),望月(艦これ)"
witches_of_africa,
season_connection,同季/同期作品
last_order_(toaru_majutsu_no_index),"打ち止め,ラストオーダー"
riddle_joker,"リドルジョーカー,RIDDLE_JOKER,RIDDLEJOKER"
facing_down,
high_school_dxd_born,"ハイスクールD×DBorN,ハイスクールディーディーボーン"
shiny_swimsuit,
sweater_pull,
4others,
ots-14_(girls'_frontline),"OTs-14,ots-14,groza,Groza,GROZA,OTs-14(ドールズフロントライン),OTs-14(少女前線),グローザ,그로자,그로지말자,闪电,闪电姐"
kagemori_michiru,影森みちる
how_to,"描き方,教程"
throwing_knife,投げナイフ
takeda_harumi_(shiromanta),武田晴海
alice_(nikke),"アリス(NIKKE),アリス(勝利の女神:NIKKE),앨리스(NIKKE)"
winry_rockbell,"ウィンリィ・ロックベル,ウィンリィ"
fanged_bangs,
red_hood_(nikke),"レッドフード(勝利の女神:NIKKE),レッドフード"
rindou_mikoto,"竜胆尊,尊絵巻,尊春画,SKB部"
natsu_megumi,"奈津恵,チマメ隊,メグ"
rodion_(project_moon),"ロージャ,Rodion,로쟈"
two-tone_veil,
air_(visual_novel),"AIR,air"
ogata_chieri,緒方智絵里
sawamura_spencer_eriri,"澤村・スペンサー・英梨々,英梨梨,英莉莉,沢村・スペンサー・英梨々,エリリ"
owari_no_seraph,"終わりのセラフ,终结的炽天使"
german_flag_bikini,
eye_reflection,
collared_capelet,
implied_after_sex,
single_fishnet_legwear,
zooey_(granblue_fantasy),"ジ・オーダー・グランデ,ゾーイ(グラブル),ゾーイ,佐伊"
checkered_bow,
sewayaki_kitsune_no_senko-san,"世話やきキツネの仙狐さん,The_Helpful_Fox_Senko-san"
kobayashi_(maidragon),"小林さん,小林さん(小林さんちのメイドラゴン)"
toon_link,"トゥーンリンク,猫目リンク,link"
yellow_one-piece_swimsuit,
janus_(kancolle),"ジェーナス(艦隊これくしょん),ジェーナス(艦これ),ジェーナス,Janus"
takamori_aiko,高森藍子
2012,"2012年,平成24年"
urinal,"小便器,소변기"
wet_skirt,
wu_zetian_(fate),"武則天(Fate),不夜城のアサシン,武則天,ふーやーちゃん"
touhou_cannonball,"東方キャノンボール,東方CB"
d4dj,"D4DJ,グルミク"
kobayakawa_sae,小早川紗枝
queen_draco_(fate),"妖妃ドラコー,ソドムズビースト/ドラコー,ドラコー"
basil_(faraway)_(omori),
shinkai_no_valkyrie,神界のヴァルキリー
tiki_(young)_(fire_emblem),
nakiri_erina,薙切えりな
mogami_shizuka,最上静香
helmet_over_eyes,
cauldron,"大鍋,坩埚"
single_shoulder_pad,
orange_goggles,
holding_mirror,
red_scales,
chuunibyou,"中二病,厨二病"
little_witch_nobeta,"LittleWitchNobeta,リトルウィッチノベタ,ロリダークソウル,小魔女諾貝塔,小魔女诺贝塔"
striped_hair,条纹头发
aqua_trim,
breaking,
tsurumaki_kokoro,"弦巻こころ,ミシェここ,mskk"
mario_kart,マリオカート
en'en_no_shouboutai,"炎炎ノ消防隊,炎炎の消防隊,炎炎消防队"
crane_(animal),"鶴,鹤"
yellow_gemstone,
torn_wings,
blue_poison_(shoal_beat)_(arknights),浅瀬
tendou_maya,"天堂真矢,真矢クロ"
guardian_tales,"GuardianTales,가디언테일즈,ガーディアンテイルズ,ガヂテル,ガデテル,坎特伯雷公主与骑士唤醒冠军之剑的奇幻冒险,坎公骑冠剑"
akitsu_maru_kai_(kancolle),
popplio,アシマリ
ouro_kronii_(casual),"krodrip,オーロ・クロニー(私服衣装),オーロ・クロニー(私服)"
aurora_(arknights),"极光,舟极光,オーロラ,オーロラ(アークナイツ),aurora"
nibutani_shinka,丹生谷森夏
ankle_bow,
souseiseki,蒼星石
dynamic_pose,
grey_choker,
warrior_(dq3),
self_hug,
fruit_hat_ornament,
chongyue_(arknights),
perth_(kancolle),"パース,パース(艦隊これくしょん),パース(艦これ),Perth"
kiriya_aoi,霧矢あおい
dogeza,土下座
kuma_(persona_4),クマ
whiteboard,ホワイトボード
fingersmile,指笑顔
josou_seme,"女装攻め,攻めトルフォ"
saijou_claudine,"西條クロディーヌ,真矢クロ,西条克洛迪娜"
black_leg_warmers,
green_ascot,
ike_(fire_emblem),"アイク(ファイアーエムブレム),アイク,艾克"
charmander,ヒトカゲ
shoukaku_(azur_lane),"翔鶴(アズールレーン),翔鶴,鹬"
noumi_kudryavka,"能美クドリャフカ,クド,クドリャフカ"
aa_megami-sama,ああっ女神さまっ
mumei_(kabaneri),"無名,無名(甲鉄城のカバネリ),穂積"
wa_lolita,"和ロリ,和風ロリ,和ロリータ,和風ロリータ,和ロリィタ,和風ロリィタ"
honda,"本田技研工業,ホンダ,HONDA"
ticket,
manatsu_no_yo_no_inmu,"真夏の夜の淫夢,淫夢,御三ゲイ,東方夏淫夢,ノンケ向け淫夢,なぜ女なんだ,ブルアカ淫夢,黒塗りの高級車"
frog_girl,カエル娘
mordred_(swimsuit_rider)_(fate),モードレッド(水着)
alien_stage,"ALNST,에이스테,ALIENSTAGE,ALIEN_STAGE"
astolfo_(saber)_(fate),アストルフォ(セイバー)
orange_bra,
clothes_theft,
pilot,
pokemon_rse_(anime),"アドバンスジェネレーション,ポケモンAG"
viy_(fate),
long_nose,
zara_(poolside_coincidence)_(azur_lane),"水辺の出逢い,泳池边的“偶遇”"
momoi_(maid)_(blue_archive),"モモイ(メイド),才羽モモイ(メイド)"
dota_(series),
pinstripe_dress,
alexandrina_sebastiane,アレクサンドリナ・セバスチャン
trunks_(dragon_ball),"トランクス(ドラゴンボール),トランクス(GT),トランクス"
heart-shaped_eyes,
drag-on_dragoon,"ドラッグオンドラグーン,DOD"
misaka_imouto,"御坂妹,御坂妹妹"
odin_sphere,オーディンスフィア
conte_di_cavour_(kancolle),"コンテ・ディ・カブール,カブール,コンテ・ディ・カブール(艦隊これくしょん),コンテ・ディ・カブール(艦これ),カブール(艦隊これくしょん),カブール(艦これ)"
mole_above_eye,
licking_another's_neck,
kei_(blue_archive),"Key(ブルーアーカイブ),ケイ(ブルーアーカイブ),ケイ"
aisha_landar,"アイシャ,爱莎·兰德尔"
fur-trimmed_shirt,
chinatsu_(blue_archive),"火宮チナツ,チナツ,히노미야치나츠"
bb_(swimsuit_mooncancer)_(third_ascension)_(fate),
asakaze_(kancolle),"朝風,朝風(艦隊これくしょん),朝風(艦これ)"
combat_knife,コンバットナイフ
bear_hood,
mole_on_pussy,
fish_boy,"魚人,半魚人"
cernunnos_(fate),ケルヌンノス(Fate)
rust,"錆,錆びる"
wall_of_text,
panzer_iv,"IV号戦車,四号戦車,4号戦車"
entangled,
saori_(dress)_(blue_archive),"サオリ(ドレス),錠前サオリ(ドレス),サオリドレス"
bandaid_on_neck,
patterned,"模様,パターン"
vertical-striped_pants,
salad,サラダ
toaru_kagaku_no_mental_out,"とある科学の心理掌握,とある魔術の禁書目録外伝とある科学の心理掌握〈メンタルアウト〉"
harukaze_(kancolle),"春風,春風(艦これ),春風(艦隊これくしょん)"
exploding_clothes,
eureka_seven,"交響詩篇エウレカセブン,エウレカセブン"
sans_(undertale),"sans,サンズ,さんず"
child_carry,
frilled_wristband,
glitter,
hoshizora_miyuki,星空みゆき
white_day,"ホワイトデー,白色情人节"
holding_carton,
catchphrase,
bubba_(watson_amelia),
sidelocks_tied_back,
yin_yang_print,
sora_ginko,"空銀子,浪速の白雪姫,姉弟子,そらぎんこ"
out_of_character,
arm_across_waist,
fallout_(series),"Fallout,フォールアウト"
kaname-ishi,要石
anya_melfissa,"アーニャ・メルフィッサ,anyatelier,Anya_Melfissa"
saliva_on_penis,
war_hammer,ウォーハンマー
gladion_(pokemon),"グラジオ,エーテル兄妹,グラミヅ,グラリエ"
between_pectorals,
carmilla_(fate),"カーミラ(Fate),カーミラ"
jeanne_d'arc_(swimsuit_archer)_(first_ascension)_(fate),
matsuwa_(kancolle),"松輪,松輪(艦これ),松輪(艦隊これくしょん)"
kabuto_(helmet),"兜,冑"
mitsumine_yuika,三峰結華
black_souls,"BLACKSOULS,blacksouls"
official_art_inset,
katsuragi_lilja,葛城リーリヤ
kasuga_ayumu,"春日歩,大阪さん"
tsukumo_yatsuhashi,"九十九八橋,九十九八桥,츠쿠모야츠하시"
ultra_ball,"ハイパーボール,ハイパーボール(ポケットモンスター)"
hands_in_pocket,
foot_worship,
akame_ga_kill!,"アカメが斬る!,アカメが斬る"
caliburn_(fate),勝利すべき黄金の剣
yin_(darker_than_black),"銀,イン,银"
cloud_tattoo,
implied_extra_ears,
red_tattoo,
webbed_hands,水かき
severed_limb,
asuka_(senran_kagura),"飛鳥,飛鳥(閃乱カグラ)"
white_pajamas,
onii-shota,"おにショタ,ショタおに,おじショタ,パパショタ,おね♂ショタ"
blue_helmet,
fate/strange_fake,"Fate/strangefake,Fate/StrangeFake"
highschool_of_the_dead,学園黙示録
piapro,ピアプロ
afterglow,
sakata_kintoki_(fate),"坂田金時(Fate),坂田金時"
jeanne_d'arc_(third_ascension)_(fate),
yuzuki_choco_(1st_costume),癒月ちょこ(通常)
a_certain_high_school_uniform,
dongtan_dress,"동탄미시룩,dongtan"
ushizaki_urumi,"牛崎潤美,潤美,우시자키우루미,우루미"
hifumi_(swimsuit)_(blue_archive),ヒフミ(水着)
nipple_rub,
lying_on_water,
silverash_(arknights),"银灰,シルバーアッシュ,シルバーアッシュ(アークナイツ)"
high_belt,显胸腰带
melia_antiqua,メリア
camouflage_headwear,
trophy,"トロフィー,奖杯"
absolutely_everyone,
holding_key,
makoto_(blue_archive),"羽沼マコト,マコト,하누마마코토"
miyamizu_mitsuha,宮水三葉
ushiromiya_ange,"右代宮縁寿,右代宫缘寿"
yamada_elf,"山田エルフ,山田妖精"
amazon_position,"ちんぐり騎乗位,種搾りプレス"
saga,サガシリーズ
sora_(arknights),"空,空(アークナイツ),ソラ(アークナイツ)"
hinatsuru_ai,"雛鶴あい,ひなつるあい"
curled_up,
spas-12_(girls'_frontline),"SPAS-12,SPAS-12(ドールズフロントライン),SPAS-12(少女前線),SPAS12"
dota_2,dota2
kama_(first_ascension)_(fate),
hunched_over,猫背
mukai_takumi,"向井拓海,たくみん"
ganguro,ガングロ
stheno_(fate),"ステンノ,ステンノ(Fate)"
futanari_pov,
gunblade,ガンブレード
wedge_heels,
multiple_necklaces,
vibrator_in_thigh_strap,
mother_2,"MOTHER2_ギーグの逆襲,MOTHER2,マザー2,ギーグの逆襲,EarthBound"
gridman_universe_(film),グリッドマンユニバース
usada_hikaru,"うさだヒカル,うさだ,ラ・ビ・アン・ローズ,ラビアンローズ,hikaru_usada,rabi-en-rose,rabi~en~rose"
leaning_on_table,
grey_sweater_vest,
usopp,ウソップ
bowler_hat,山高帽
splattershot_(splatoon),"スプラシューター,スプラシューターコラボ,スプラシューターワサビ"
boothill_(honkai:_star_rail),"Boothill,ブートヒル"
bipod,"バイポッド,二脚,兩腳架"
canteen,"水筒,軍用水筒"
capcom,カプコン
oohashi_high_school_uniform,
night_vision_device,"NVD,NVG,暗視装置,暗視ゴーグル,暗視鏡"
game_development_department_(blue_archive),"ゲーム開発部,游戏开发部"
subterranean_animism,東方地霊殿
inconvenient_breasts,
magia_baiser,"悪の女幹部,マジアベーゼ"
duel_disk,デュエルディスク
van,"バン,ミニバン,minivan"
sitting_sideways,
paralyzer,パラライザー
pravda_military_uniform,
lappland_(refined_horrormare)_(arknights),
white_stripes,
sickle,"鎌,낫,镰刀"
cat_costume,
abandoned,
gravel_(arknights),"グラベル(アークナイツ),砾,礫,그라벨"
iino_miko,伊井野ミコ
holding_ice_cream_cone,
mikko_(girls_und_panzer),"ミッコ,ミッコ(GuP),継続高校,楽しい継続一家"
fami_(chainsaw_man),"キガ,キガ(チェンソーマン),キガちゃん,飢餓の悪魔"
circle_facial_mark,
joystick,"🕹,ジョイスティック"
jolteon,サンダース
print_swimsuit,
paul_bunyan_(fate),"ポール・バニヤン,リヨ鯖,マンガで分かるバーサーカー,ポール・バニヤン(Fate)"
dragon_ball_super_broly,"ドラゴンボール超ブロリー,ブロリー(映画のタイトル)"
cross-laced_cutout,
midori_(maid)_(blue_archive),才羽ミドリ(メイド)
honey_strap,"ハニーストラップ,HoneyStrap,Honey_Strap,ハニスト"
tentacles_on_male,
tripod,
winged_halo,
black_jumpsuit,
ayanami_(retrofit)_(azur_lane),綾波改(アズールレーン)
jean_bart_(azur_lane),"ジャン・バール,ジャン・バール(アズールレーン),让·巴尔"
yellow_headband,
blue_bandana,
tsuyuri_kanao,"栗花落カナヲ,香奈呼"
parrot,"音呼,鸚哥,鸚鵡,鹦鹉,オウム"
holding_photo,
square,"正方形,정사각형"
galaxy_angel,"ギャラクシーエンジェル,ga"
animal_on_hand,
ipod,
presenting_removed_panties,パンツであやとり
lucas_(pokemon),"コウキ(トレーナー),コウキ,ダイヤモンド(ポケスペ),ダイヤモンド,ダイヤ(ポケスペ),ダイヤ"
blood_on_bandages,
gundam_wing,"ガンダムW,新機動戦記ガンダムW"
suou_patra,"周防パトラ,パトラのアトリエ"
paper_mario,"ペーパーマリオ,Papermario,Paper_mario"
ambiguous_red_liquid,
suzuya_kai_ni_(kancolle),"鈴谷改二,鈴谷航改二"
eva_01,"EVA初号機,エヴァ初号機,エヴァンゲリオン初号機,初号機"
hand_in_another's_panties,
golden_apple,"金のりんご,黄金のリンゴ,金苹果,金のリンゴ,goldenapple,gapple"
bicycle_basket,
syrup,"シロップ,糖浆"
monochrome_background,
zodiac,"十二星座,12星座"
holding_shovel,
leaf_hat_ornament,
shorts_tan,
mikakunin_de_shinkoukei,未確認で進行形
green_feathers,
funamusea,"海底囚人,funamuseart,funamuseum,deepseaprisoner,okegom"
alphes_(style),"alphes塗り,野生のalphes"
stitched_torso,
bandaid_on_head,
lion_(kemono_friends),ライオン(けものフレンズ)
flamethrower,火炎放射器
kazama_asuka,風間飛鳥
ymir_(shingeki_no_kyojin),"ユミル,ユミクリ,クリユミ"
folder,
fishing_line,"釣り糸,釣糸"
christmas_stocking,
lipstick_mark_on_penis,
holding_cross,
holding_surfboard,
kusuriya_no_hitorigoto,"薬屋のひとりごと,薬屋FA,Kusuriyanohitorigoto,药师少女的独语,药屋少女的呢喃"
torture,拷問
holding_magnifying_glass,
angel_devil_(chainsaw_man),"天使の悪魔,天使恶魔"
audio_jack,
wyvern,ワイバーン
nebula,星雲
clothesline,"物干しロープ,物干し綱"
pangya,"팡야,パンヤ,スカッとゴルフパンヤ"
nitocris_(swimsuit_assassin)_(fate),ニトクリス(水着)
annie_leonhart,アニ・レオンハート
penis_measuring,下腹部定規
nail_bat,釘バット
ass_tattoo,
kizumonogatari,傷物語
facing_ahead,
nijisanji_kr,"にじさんじKR,NIJISANJI_KR"
immobilization,完全拘束
lala_satalin_deviluke,ララ・サタリン・デビルーク
sado_(kancolle),"佐渡,佐渡(艦これ),佐渡(艦隊これくしょん)"
suicide,"自殺,自殺者,集団自殺,首吊り自殺,飛び降り自殺"
chessboard,"チェス盤,チェスボード,棋盘"
photorealistic,写真かと思った
nina_(fire_emblem),"エポニーヌ(FEif),エポニーヌ"
noble_witches,ノーブルウィッチーズ
glowing_horns,
kitakami_kai_ni_(kancolle),
valkyrie,"ワルキューレ,ヴァルキリー"
cross-laced_bikini,
hina_(pajamas)_(blue_archive),
adapted_uniform,
tuanshan,"团扇,團扇,宫扇,纨扇"
japari_bun,ジャパリまん
tokisaki_mio_(niliu_chahui),朱鹭咲澪
maya_kai_ni_(kancolle),
araragi_tsukihi,"阿良々木月火,阿良良木月火"
rainbow_mika,"レインボー・ミカ,レインボーミカ,R.ミカ"
breast_strap,
neo_universe_(umamusume),"ネオユニヴァース(ウマ娘),ネオユニヴァース"
arthropod_boy,虫人
single-shoulder_dress,
fast_food_uniform,
jungle,ジャングル
wheelbarrow,"手押し車,猫車"
canned_coffee,缶コーヒー
lizard,"トカゲ,蜥蜴"
kariyushi_shirt,かりゆしウェア
laundry_basket,"洗濯かご,洗濯物入れ"
heart-shaped_boob_challenge,"ハートおっぱい,おっぱいハート,桃心胸挑战"
lifebuoy_ornament,
splatter,
warfarin_(arknights),"华法琳,华法林,ワルファリン,ワルファリン(アークナイツ)"
locomotive,"機関車,기관차"
doom_(series),"Doom,ドゥーム"
moth_girl,蛾娘
marriage_proposal,"プロポーズ,求婚"
fat_rolls,
crisis_management_form_(machimazo),"危機管理フォーム,危機管理,ききかんりー,위기관리폼"
22/7,"22/7,ナナブンノニジュウニ,ナナニジ"
kamaboko,"蒲鉾,かまぼこ"
hair_over_one_breast,
originium_arts_(arknights),源石技艺
hanasaki_tsubomi,"花咲つぼみ,つぼえり"
nanakusa_nichika,"七草にちか,나나쿠사_니치카"
half-erect,
billboard,"看板,かんばん,ビルボード,広告板,こうこくばん"
print_sarong,
wheat_field,小麦畑
pegasus,"ペガサス,飞马,天马"
forced_smile,笑顔強制
purple_pubic_hair,
maya_fey,"綾里真宵,绫里真宵,ナルマヨ"
striped_one-piece_swimsuit,
ball_and_chain_(weapon),
tiamat_(fate),"ティアマト,ティアマト(Fate),ファム・ファタール(Fate),提亚马特,提妈"
electric_bass_guitar,
limiter_(tsukumo_sana),
soviet,"USSR,CCCP,ソビエト連邦,ソビエト,ソ連,ワルシャワ条約機構"
anemone_(flower),"アネモネ,ボタンイチゲ,ハナイチゲ,牡丹一華,花一華"
kaede_(blue_archive),"勇美カエデ,カエデ(ブルーアーカイブ)"
solid_circle_pupils,
black_pasties,
vestia_zeta,"ベスティア・ゼータ,Zetacrylic,DEEZeta"
powerpuff_girls,"パワーパフガールズ,パワパフ,PowerpuffGirls,PPG"
poker_table,赌桌
sora_no_kiseki,"空の軌跡,軌跡シリーズ"
mash_kyrielight_(swimsuit_of_perpetual_summer),"常夏の水着,tokonatsu_no_mizugi"
fern,"羊歯,シダ,シダ植物"
shoujo_kakumei_utena,"少女革命ウテナ,少女革命"
two-sided_headwear,
lion_boy,lionboy
checkered_shirt,
themed_object,
ear_scrunchie,
crotch_grab,
wataboushi,綿帽子
chihaya_(clothing),千早
pit_(kid_icarus),"ピット,ピッパル"
invisible,透明人間
print_sweater,
iori_rinko,イオリ・リン子
firelock,
melon_bread,"メロンパン,菠萝包"
torn_cloak,破れるマント
double_amputee,
doujima_nanako,堂島菜々子
franka_(arknights),"芙兰卡,フランカ,フランカ(アークナイツ)"
unworn_footwear,
chili_pepper,チリ
sono_hanabira_ni_kuchizuke_wo,"その花びらにくちづけを,A_Kiss_for_the_Petals,SonoHana"
grave,墓
zen'in_maki,禪院真希
holding_plant,
first_aid_kit,救急箱
tokoro_megumi,所恵美
oka_asahi,桜花あさひ
neo_politan,"Neo_Politan,Neopolitan,ニオポリタン"
pokemon_emerald,"ポケットモンスターエメラルド,ハルカ(エメラルド),ユウキ(エメラルド)"
neck_garter,
shinonome_nano,東雲なの
blue_jumpsuit,
lina_inverse,"リナ=インバース,リナ,リナ・インバース,リナインバス"
torn_bike_shorts,
nyan,
cross_halo,cross_halo
clothes_pin,"洗濯バサミ,洗濯ばさみ,洗濯挟み"
lupin_iii,"ルパン三世,腐パン,鲁邦三世"
spaceship_hair_ornament,
country_connection,国籍相同/相关
side-tie_shirt,
blood_on_breasts,
arezu_(pokemon),"ヒナツ,ヒナツ(ポケモン)"
safety_glasses,保護眼鏡
cross-eyed,"より目,寄り目"
hospital,"🏥,病院,병원,醫院,医院"
multicolored_hoodie,
roasted_sweet_potato,"焼き芋,やきいも,烤红薯"
horn_flower,
ssrb_(shishiro_botan),"SSRB,ししろぼ"
voice_actor,"声優,声优"
reijo_(blue_archive),鹿山レイジョ
fiery_tail,
senkawa_chihiro,千川ちひろ
korra,"寇拉,コーラ(レジェンド・オブ・コーラ),コーラ"
platelet_(hataraku_saibou),"血小板,Platelet,血小板(はたらく細胞),血小板(はたらく細胞,まったく、血小板は最高だぜ!!,血小板ちゃん,血小板くん,血小板(はたらく細胞)ロリ,白血球さんこっちです"
croissant,"🥐,クロワッサン,羊角面包"
kagami_mochi,鏡餅
yamagishi_fuuka,山岸風花
airfield_princess,"飛行場姫,リコリス・ヘンダーソン"
hakurei_shrine,博麗神社
yagate_kimi_ni_naru,"やがて君になる,最終我成為了妳,终将成为你,Bloom_Into_You,やが君"
sneezing,くしゃみ
holding_quill,
alisa_(girls_und_panzer),"アリサ,アリサ(GuP),サンダース大学付属高校,ナオアリ"
heart-shaped_gem,
otonose_kanade,"音乃瀬奏,Artnose"
hogtie,
zuikaku_(azur_lane),"瑞鶴(アズールレーン),瑞鶴,鹤"
shining_(arknights),"闪灵,闪灵(水着),シャイニング,シャイニング(アークナイツ)"
pozyomka_(arknights),"鸿雪,パゼオンカ(アークナイツ),Позёмка"
isometric,アイソメトリック
otomune_kozue,"乙宗梢,こずかほ,かほこず"
sheep_tail,
minamino_kanade,南野奏
nakamura_yuri,"仲村ゆり,ゆりっぺ"
blue_innertube,
two-tone_kimono,
gundam_seed_freedom,"機動戦士ガンダムSEEDFREEDOM,ガンダムSEEDFREEDOM,SEEDFREEDOM,劇場版SEED"
golf_club,"ゴルフクラブ,골프채,高爾夫球桿"
holding_torch,
tomoe_gozen_(swimsuit_saber)_(fate),巴御前(水着)
i-no,"I-NO,イノ"
broken_mirror,
aketa_mikoto,"緋田美琴,아케타_미코토"
noses_touching,
chocolate_making,
record,唱片
leaf_umbrella,葉っぱの傘
sora_(kingdom_hearts),ソラ
fascinator,"ファシネーター,カクテルハット"
spread_navel,おへそくぱぁ
meteor_shower,流星雨
soraka_(league_of_legends),"soraka,索拉卡"
multiple_monochrome,
on_scooter,
grey_cloak,
azusawa_kohane,"小豆沢こはね,小豆澤心羽,冬こは,杏こは"
fukawa_toko,腐川冬子
tenshi_souzou_re-boot!,"天使騒々,天使☆騒々,天使騒々RE-BOOT!"
math,"数学,算数"
altaria,"チルタリス,チルタリスの日"
kuro_no_kiseki_i,"黎の軌跡,軌跡シリーズ,黎之轨迹"
qi_lolita,"華ロリ,中華ロリ,華ロリータ,中華ロリータ,華ロリィタ,中華ロリィタ"
pink_trim,
nipple-to-nipple,
multiple_riders,二人乗り
female_protagonist_(pokemon_go),"女トレーナー(ポケモンGO),女トレーナー"
grey_camisole,
kureiji_ollie_(1st_costume),クレイジー・オリー(通常)
black_hole,ブラックホール
at_computer,
shoulder_plates,
miyamoto_iori_(fate),宮本伊織(Fate)
licking_breast,乳舐め
kawakami_sadayo,川上貞代
kishinami_(kancolle),"岸波,岸波(艦隊これくしょん)"
gray_(fate),"グレイ,グレイ(ロード・エルメロイII世の事件簿)"
momozono_love,桃園ラブ
tamagoyaki,"卵焼き,玉子焼き,玉子烧"
shampoo_bottle,
lili_(tekken),"リリ,エミリ・ド・ロシュフォール,リリ(鉄拳)"
cecilia_alcott,セシリア・オルコット
alternate_species,
kindred_(league_of_legends),"kindred,キンドレッド,킨드레드"
to_heart,"ToHeart,トゥハート,同班同學,青春紀事"
pinstripe_suit,
holding_newspaper,
propeller_hair_ornament,
soukou_akki_muramasa,装甲悪鬼村正
rosa_(arknights),"早露,ロサ,ロサ(アークナイツ),ポカ,ポカ(アークナイツ),Роса"
capcom_fighting_jam,カプコンファイティングジャム
sato_shin,佐藤心
tucked_penis,
xenogears,"ゼノギアス,xenogears"
one_piece_film:_red,RED(ONEPIECEの映画)
chastity_cage,"貞操具,貞操帯"
sakura_(fire_emblem),サクラ(FEif)
flower_on_liquid,
rice_paddy,"田んぼ,水田,田"
power_connection,技能相仿
mundane_utility,
cinnamiku,"シナミク,シナモン,シナモンミク"
cello,"チェロ,ヴィオロンチェロ,大提琴"
natsume_rin,棗鈴
ghost_hair_ornament,
dissolving_clothes,
hieroglyphics,
storm,
flcl,フリクリ
cobblestone,
refraction,
berry_(pokemon),"きのみ,木の実,berry,berries"
shared_object_insertion,
himemushi_momoyo,"姫虫百々世,姬虫百百世,히메무시모모요"
rin_(blue_archive),"七神リン,나나가미린"
himesaka_noa,姫坂乃愛
yuel_(granblue_fantasy),"ユエル(グラブル),ユエル"
green_bandana,
otter,"カワウソ,かわうそ"
food_wrapper,
nelson_(kancolle),"ネルソン,ネルソン(艦隊これくしょん),ネルソン(艦これ),Nelson"
kurapika,"クラピカ,クラピカ♀,酷拉皮卡"
prison,"牢屋,監獄"
mudkip,"ミズゴロウ,ミズゴロウの日"
pan_(dragon_ball),"パン,パン(ドラゴンボール),パン(DB)"
forked_tail,
brown_mittens,
surcoat,
mauser_98,"G98,Gew98,Kar98k"
temple,
holding_whisk,
fushiguro_touji,"伏黒甚爾,伏黑甚尔"
hatsune_miku_(append),"初音ミクappend,初音ミクアペンド"
scaramouche_(kabukimono)_(genshin_impact),"傾奇者,倾奇者,Kabukimono"
kidou_senkan_nadesico,機動戦艦ナデシコ
kagura_(gintama),"神楽(銀魂),神楽,沖神,沖神兄"
sanoba_witch,"サノバウィッチ,魔女的夜宴,サノバウイッチ"
holding_map,
red_pubic_hair,
talulah_(arknights),"塔露拉,タルラ,タルラ(アークナイツ)"
chris_redfield,クリス・レッドフィールド
orange_horns,
green_rose,
excessive_pussy_juice,
oribe_yasuna,折部やすな
aqua_shorts,
toddlercon,ペド
ichigo_mashimaro,苺ましまろ
honeycomb_background,
kaname_raana,"要楽奈,要乐奈"
red_camisole,
m16,"M16,M16A1,M16A4"
incoming_kiss,"キス待ち,キス待ち顔,キス顔"
purple_armor,
masu,"升,枡,桝"
metamoran_vest,"メタモル星人の民族衣装,メタモル星人の衣装,メタモル星人の合体"
meursault_(project_moon),"ムルソー,ムルグレ"
queen_elizabeth_(azur_lane),"伊丽莎白女王(碧蓝航线),クイーン・エリザベス(アズールレーン),クイーン・エリザベス"
self_cosplay,ミッドフォーム
hands_on_another's_waist,
tsukumo_sana_(1st_costume),
tape_bondage,
rei_(pokemon),"男主人公(LEGENDS),テル(ポケモン),テルショウ"
7th_dragon_(series),"セブンスドラゴン,第七龙神"
tenryuu_kai_ni_(kancolle),
millie_parfait,"DrawMillie,ミリー・パフェ,MillieParfait,CreaMillie,calamitybird"
piers_(pokemon),"ネズ(トレーナー),ネズ,キバネズ"
symboli_kris_s_(umamusume),"シンボリクリスエス,シンボリクリスエス(ウマ娘),ボリクリ"
mount_fuji,"🗻,富士山,ふじさん"
ghislaine_dedoldia,"ギレーヌ・デドルディア,ギレーヌ"
kinich_(genshin_impact),"キィニチ,Kinich,基尼奇"
pokemon_focus,
cure_black,キュアブラック
prinny,プリニー
perseus_(azur_lane),"パーシュース,パーシュース(アズールレーン),パーシューズ,英仙座"
official_alternate_eye_color,
airani_iofifteen,"Airani_Iofifteen,AiraniIofifteen,IoArts,アイラニ・イオフィフティーン,イオフィ"
easter,"イースター,イースターバニー,イースター・バニー,復活祭,复活节"
yu_yu_hakusho,"幽白,幽遊白書,幽☆遊☆白書"
glowing_flower,
kinomoto_sakura_(magic_dream_costume),
black_male_swimwear,
tsuchinoko_(kemono_friends),ツチノコ(けものフレンズ)
military_dress_uniform,
purple_robe,
lin_(arknights),"林,林雨霞,リン,リン(アークナイツ),リン・ユーシャ,リン・ユーシャ(アークナイツ)"
empire_waist,
nige_jouzu_no_wakagimi,"逃げ上手の若君,逃げ若,逃げ若【腐】,the_elusive_samurai"
maou_(maoyuu),"魔王(まおゆう),紅の学士"
flat_chest_grab,
holding_with_tail,
striped_fur,
kazami_yuuka_(pc-98),"旧作幽香,宵闇小町"
anisphia_wynn_palettia,"アニスフィア・ウィン・パレッティア,アニスフィア・ウィンパレッティア,艾妮丝菲亚·温·帕雷提亚"
vehicle_and_personification,
hand_on_railing,
assisted_rape,
playing_guitar,
reloading,
kama_(swimsuit_avenger)_(fate),カーマ(水着)
multicolored_bowtie,
distortion,
fluorescent_lamp,蛍光灯
liskarm_(arknights),"雷蛇,リスカム,リスカム(アークナイツ)"
okita_j._souji_(fate),"沖田総司(水着),オキタ・J・ソウジ"
queen's_blade_rebellion,クイーンズブレイドリベリオン
pointing_forward,
st._chronica_academy_school_uniform,
kyonko,"キョン子,古キョン子"
zhong_lanzhu,"鐘嵐珠,ショウ・ランジュ,钟岚珠"
keep_out,キープアウトテープ
floral_print_bikini,
holding_pocky,
listening_to_music,
snow_leopard_tail,
erza_scarlet,"エルザ,エルザ・スカーレット,erza,jerza"
uta_(one_piece),"ウタ,ウタ(ONEPIECE)"
nekomonogatari,猫物語
sirius_(scorching-hot_seirios)_(azur_lane),"盛夏のセイリオス,盛夏的Seirios"
douki-chan_(douki-chan),同期ちゃん
strike_witches:_kurenai_no_majo-tachi,"ストライクウィッチーズ紅の魔女たち,紅の魔女たち"
melting_halo,
tanino_gimlet_(umamusume),"タニノギムレット,タニノギムレット(ウマ娘),谷野美酒"
sheet_ghost,
red_shawl,
murasaki_shion_(gothic_lolita),"紫咲シオン(ゴスロリ衣装),紫咲シオン(ゴスロリ)"
coconut_tree,"椰子,椰子の木,やしのき,ヤシの木"
glove_bow,
astesia_(arknights),"星极,アステシア(アークナイツ),아스테시아"
vertical_foregrip,
eve_(elsword),
y2k_fashion,"y2k,y2kfashion,y2kaesthetic,y2k_aesthetic,y2k_style,y2kstyle"
looking_at_hand,
angewomon,"エンジェウーモン,天女獸,天女兽"
wrapped_candy,
walking_on_liquid,
aragaki_ayase,"新垣あやせ,新垣绫濑"
lamb_(league_of_legends),"ヒツジ,kindred,lamb"
monkey_girl,猿娘
floating_card,
galleon_(granblue_fantasy),ガレヲン
ten'ou_haruka,天王はるか
nekomiya_mana,"猫宫又奈,NekomiyaMana,猫宮又奈"
fox_hair_ornament,
front-tie_bra,
asahina_mirai,朝日奈みらい
klara_(pokemon),"クララ,クララ(トレーナー),クララっぱい,ユウクラ"
western_comics_(style),"アメコミ風,アメコミ"
arm_over_head,
tying,
allister_(pokemon),"オニオン(トレーナー),オニオン,素顔オニオン,歐尼奧,オニユウ,ユウオニ,キバオニ"
aquila_(kancolle),"アクィラ(艦隊これくしょん),アクィラ(艦これ),アクィラ,アクグラ"
muzzle_(mask),
yaoyao_(genshin_impact),"瑶瑶,yaoyao,瑶瑶(原神),ヨォーヨ,Yooyo,요요,Yo-yo"
mosin-nagant,"モシン・ナガン,Винтовка_Мосина"
red_star,"赤い星,紅星"
okazaki_yumemi,"岡崎夢美,오카자키유메미"
lain_paterson,"レインの依頼書,レイン・パターソン"
weights,
scar_on_hand,
yamagumo_(kancolle),"山雲(艦隊これくしょん),山雲(艦これ),山雲"
majin_android_21,"魔人21号,MajinAndroid21"
kuromi,"クロミ,クロミ様"
scheherazade_(fate),"不夜城のキャスター,シェヘラザード,シェヘラザード(Fate)"
vert_(neptunia),"ベール(ネプテューヌ),ベール"
mousetrap,
keizoku_school_uniform,
very_long_tongue,
orca,"シャチ,鯱"
runny_nose,流鼻涕
focalors_(genshin_impact),"フォカロルス,focalor,focalors"
nice_nature_(run&win)_(umamusume),"RUN&WIN,轟け、エール!トレセン学園応援団"
semiramis_(fate),"セミラミス(Fate),セミラミス,赤のアサシン"
ak-15_(girls'_frontline),"AK-15,AK-15(ドールズフロントライン),AK-15(少女前線)"
daring_tact_(umamusume),"デアリングタクト,デアリングタクト(ウマ娘)"
usada_pekora_(casual),"兎田ぺこら(私服衣装),兎田ぺこら(私服)"
shield_on_back,
head_on_head,
niko_(blue_archive),"ニコ(ブルーアーカイブ),niko,nico,ニコ"
unworn_thighhighs,
rerebrace,"上腕甲,リアブレイス"
torn_coat,
sakuramori_kaori,桜守歌織
shikanoko_nokonoko_koshitantan,"しかのこのこのここしたんたん,鹿乃子乃子虎视眈眈,鹿乃子乃子虎視眈眈,My_Deer_Friend_Nokotan,しかのこ"
annette_fantine_dominic,アネット=ファンティーヌ=ドミニク
shark_print,
z3_max_schultz_(swimsuit_mode)_(kancolle),"Z3(水着),マックス(水着)"
murosaki_miyo,室崎みよ
smelling_penis,"ちんこくんか,ちん嗅ぎ"
baton_(weapon),警棒
weapon_focus,"武器特写,武器画"
snow_leopard_ears,
holding_bell,
booth_seating,
saint_quartz_(fate),聖晶石
chess,"チェス,체스,國際象棋"
9a-91_(girls'_frontline),"9a91,9A-91,9A-91(ドールズフロントライン),9A-91(少女前線)"
paper_crane,"折鶴,千纸鹤"
x3,
nekomata_okayu_(casual),猫又おかゆ(制服)
ambrosia_(dungeon_meshi),
adam's_apple,"のどぼとけ,喉仏,喉頭隆起,喉结"
aponia_(honkai_impact),"阿波尼亚,Aponia,アポニア"
yuna_(ff10),ユウナ
kalina_(girls'_frontline),"kalina,格林娜,格琳娜,카리나,カリーナ(ドールズフロントライン),カリーナ"
grey_one-piece_swimsuit,
normal_suit,ノーマルスーツ
fujisaki_chihiro,不二咲千尋
columbina_(genshin_impact),"Columbina,Damselette,コロンビーナ(原神),コランビーナ,哥伦比娅,arlebina"
murano_sayaka,村野さやか
holographic_clothing,"ホログラフィック生地,镭射服装"
mawile,クチート
police_car,"パトカー,パトロールカー"
bikini_under_shorts,
collar_jewel,
yosuga_no_sora,ヨスガノソラ
bulging_eyes,
danganronpa_another_episode:_ultra_despair_girls,絶対絶望少女
changing_room,脱衣所
archon_mark,
ketchup_bottle,
kfc,"ケンタッキーフライドチキン,肯德基"
hands_on_own_legs,
zima_(arknights),"凛冬,Зима,ズィマー,ズィマー(アークナイツ)"
voms,"voms_project,VOMS新メンバー発表会,VOMS1周年記念,VOMS2周年記念,VOMS3周年記念,VOMS新メンバー2023,VOMS4周年記念"
cupboard,
protecting,
marshmallow,"ギモーヴ,ギモーブ,マシマロ,マシュマロ,绵糖,卷糖"
kohinata_miku,小日向未来
2009,"2009年,平成21年"
sway_back,"上体后拱,下体前拱"
oyakodon_(sex),母娘丼
penis_on_pussy,
bloodshot_eyes,
cardfight!!_vanguard,"カードファイト!!ヴァンガード,ヴァンガ【腐】cf_vanguard"
jetpack,ジェットパック
satanichia_kurumizawa_mcdowell,"胡桃沢=サタニキア=マクドウェル,サターニャ,ラフィサタ,ガヴサタ"
sensei_(blue_archive_the_animation),アニメ先生(ブルーアーカイブ)
smol_ame,
arms_(game),"ARMS(ゲーム),ARMS"
right-to-left_comic,
hanami,"花見,お花見,梅見,赏樱"
animal_head,
reisen_(touhou_bougetsushou),"レイセン,レイセン2号"
chocola_(nekopara),ショコラ
wizard,魔法使い
valkyrie_(fate),ワルキューレ(Fate)
decora,"デコラ,デコラ系,デコラファッション"
sophist's_robe_(ff14),
bennett_(genshin_impact),"班尼特,ベネット,ベネット(原神),Bennett"
step-siblings,
cat_on_shoulder,
momoe_nagisa,"百江なぎさ,百江渚"
boy_sandwich,
head_steam,
vita_(nanoha),ヴィータ
broken_armor,
female_butler,女管家
beetle,
diamond_earrings,
tohno_shiki,遠野志貴
sitting_on_shoulder,
amagi_(kancolle),"天城,天城(艦これ),天城(艦隊これくしょん)"
pokemon_tcg,ポケモンカードゲーム
i-13_(kancolle),"伊13,伊13(艦隊これくしょん),伊13(艦これ),ひとみ,ひとみちゃん,イ13,イ13(艦隊これくしょん),イ13(艦これ)伊13(艦これ)"
adeptus_astartes,スペースマリーン
furukawa_nagisa,"古河渚,岡崎渚"
hagoromo_lala,羽衣ララ
grid,
maomao_(kusuriya_no_hitorigoto),"猫猫,maomao,壬猫"
rosemi_lovelock,"GalleryOfRoses,RosemiLovelock,ロゼミ・ラブロック,lunarrose"
sothis_(fire_emblem),"ソティス,ソティス(ファイアーエムブレム)"
wardrobe_error,
yakumo_beni,"八雲べに,べにっき"
playing_piano,
body_horror,
pumpkin_hair_ornament,
joseph_joestar,ジョセフ・ジョースター
chocobo,チョコボ
kinugasa_kai_ni_(kancolle),
coffee_pot,コーヒーポット
cinderace,エースバーン
melony_(pokemon),"メロン,メロン(トレーナー),メロンママ,Melony"
slim_legs,
purple_cloak,
meka_(overwatch),
cart,
bache_(azur_lane),"バッチ(アズールレーン),バッチ,贝奇,배시"
ghost_(modern_warfare_2),ゴースト(CoD:MWシリーズ)
padlocked_collar,
puppy,こいぬ
saya_no_uta,"沙耶の唄,sayanouta,The_Song_of_Saya,songofsaya,沙耶之歌,沙耶の呗"
male_on_futa,男×ふた
kel_(omori),KEL(OMORI)
secelia_dote,セセリア・ドート
band_uniform,
black_nightgown,
manabe_nodoka,真鍋和
bokken,"木剣,ぼっけん,木刀,ぼくとう"
gate_-_jieitai_ka_no_chi_nite_kaku_tatakaeri,"自衛隊彼の地にて、斯く戦えり,GATE"
flying_button,
sock_pull,
hakurei_reimu_(pc-98),"旧作霊夢,旧作靈夢"
sewing,
isobe_noriko,"磯辺典子,アヒルさんチーム,キャプリリ"
fish_bone,魚の骨
drawn_ears,画的耳朵
nayuta_(chainsaw_man),ナユタ
wixoss,"WIXOSS,ウィクロス"
:c,
kickboard,"ビート板,浮板"
flapping,
final_fight,ファイナルファイト
phoenix_wright,"成歩堂龍一,成步堂龙一,ナルマヨ,ナルオド,オドナル,ナルミツ,ミツナル,wrightworth,王成,成王,御成,成御,成真"
race_bib,
takimoto_hifumi,滝本ひふみ
watching,
carried_breast_rest,"おっぱいプレート,おっぱいトレイ,乗せ乳"
holding_necklace,
tales_of_xillia,"テイルズ・オブ・エクシリア,テイルズオブエクシリア,エクシリア,TOX"
holding_heart,
facebook_logo,
whip_marks,
hiodoshi_ao,"青ペン,火威青"
miquella_(elden_ring),"聖樹のミケラ,ミケラ"
mitsudomoe_(manga),みつどもえ
lance_of_longinus_(evangelion),"ロンギヌスの槍,longinus_no_yari,holy_lance,holy_spear,spear_of_destiny"
side-tie_swimsuit,
bathhouse,銭湯
celes_chere,"セリス・シェール,セリス"
lenna_charlotte_tycoon,レナ・シャルロット・タイクーン
chrom_(fire_emblem),"クロム(FE覚醒),クロム,Chrom"
see-through_veil,
black_bustier,
rural,"田舎,田園"
riza_hawkeye,リザ・ホークアイ
stirrup_footwear,
sekiro:_shadows_die_twice,"隻狼,sekiro"
cyber_fashion,"cyber,cyberpop,サイバーファッション,サイバー"
carton,
digital_clock,
sage_(dq3),"賢者,女賢者"
fubuki_(swimsuit)_(blue_archive),合歓垣フブキ(水着)
finger_sucking,
holding_own_leg,
cyrillic,キリル文字
ao-chan_(ninomae_ina'nis),
momosuzu_nene_(1st_costume),桃鈴ねね(通常)
fu_hua_(azure_empyrea),云墨丹心
bishoujo_senshi_sailor_moon_r,
green_sash,
problem_solver_68_(blue_archive),"便利屋68,Handyman_68"
zero_no_kiseki,"零の軌跡,軌跡シリーズ"
peni_parker,"ペニー・パーカー,ペニーパーカー,PeniParker"
skadi_(waverider)_(arknights),
load_bearing_equipment,
panties_over_garter_belt,
fender_stratocaster,"ストラトキャスター,ストラト"
hand_grip,"吊革,つり革,train_ring"
ahoge_wag,
tribal_tattoo,
laura_la_mer,"ローラ(プリキュア),ローラ・アポロドーロス・ヒュギーヌス・ラメール,ローラ・ラメール"
toggles,
armbinder,
saunders_school_uniform,
nakagawa_natsuki,中川夏紀
huge_eyebrows,
blue_suit,
fallen_angel,堕天使
fur_choker,
rupa_(girls_band_cry),"ルパ,ルパ(ガールズバンドクライ)"
rozaliya_olenyeva,"萝萨莉娅,ロザリア・アーリン,ロザリア・アリーン,ロザリア"
bee,蜂
ara_haan,"Ara,アラ,アラ・ハーン,Ara・Haan"
raora_panthera_(1st_costume),
yatadera_narumi,"矢田寺成美,야타데라나루미"
hataraku_maou-sama!,"はたらく魔王さま!,打工吧!魔王大人"
front-hook_bra,
aizawa_ema,"藍沢エマ,えまぁーと"
medusa_(lancer)_(fate),メドゥーサ(ランサー)
maebara_keiichi,前原圭一
negative_space,余白
gingham,"ギンガム,ギンガムチェック"
rudeus_greyrat,"ルーデウス・グレイラット,ルディ"
gold_ring,
karate_gi,"空手着,空手衣"
nyarlathotep_(nyaruko-san),"ニャル子,ニャルラトホテプ,奈亚子"
brain,"脳,髄,ブレーン,脑"
volo_(pokemon),"ウォロ,ウォロ(トレーナー),ウォロショウ"
steel_ball_run,"スティール・ボール・ラン,SBR,7部,SBR_animation"
super_soaker,
karyl_(summer)_(princess_connect!),
k-pop,"KPOP,Kポップ"
tenka_hyakken,天華百剣
casing_ejection,排莢
world_cup,"ワールドカップ,FIFAワールドカップ,W杯,世界杯"
chloe_(princess_connect!),"クロエ,クロエ(プリコネ),黒江花子"
object_in_pocket,
ayatsuji_tsukasa,絢辻詞
seal_(animal),アザラシ
signora_(genshin_impact),"signora,la_signora,lasignora,シニョーラ(原神),シニョーラ,女士,시뇨라"
tatsumi_kanji,巽完二
twintails_day,"ツインテールの日,ツインテの日"
thorns_(arknights),"棘刺,ソーンズ(アークナイツ)"
giorno_giovanna,"ジョルノ・ジョバアーナ,ジョルノ・ジョバァーナ,ジョルミス"
super_robot_wars_original_generation,"スーパーロボット大戦OG,スパロボOG,SRWOG"
huohuo_(honkai:_star_rail),"藿藿,フォフォ,huohuo"
spreading_another's_pussy,
dream_soul,
railroad_crossing,踏切
adjusting_buruma,食い込み直し
killua_zoldyck,"キルア,キルア=ゾルディック,キルゴン,奇犽"
popuko,ポプ子
bond_(spy_x_family),"ボンド,ボンド(SPY×FAMILY)"
musket,マスケット銃
vanilla_(nekopara),バニラ
priest_(dq3),"僧侶,souryo,pilgrim,cleric,priest,女僧侶,女僧侶(DQ3)"
imai_lisa,今井リサ
grizzly_mkv_(girls'_frontline),"グリズリー,Grizzly,グリズリー(ドールズフロントライン),그리즐리,グリズリーMkV,グリズリー(少女前線),灰熊MKV"
mew_(pokemon),"ミュウ,mew"
apple_inc.,Apple_Inc.
sobble,メッソン
o-ring_harness,
red_suit,
cumdump,肉便器
venat_(ff14),"ヴェーネス,维涅斯,베네스"
inflatable_whale,
haruna_(track)_(blue_archive),"ハルナ(体操服),黒舘ハルナ(体操服)"
perfect_cherry_blossom,東方妖々夢
litwick,ヒトモシ
chief_(path_to_nowhere),无期迷途局长
oshiete!_galko-chan,おしえて!ギャル子ちゃん
crescent_necklace,
grabbing_another's_ear,
manaka_laala,"真中らぁら,真中啦啦,そらみスマイル"
hijiri_ageha,聖あげは
variable_fighter,
unworn_goggles,
latex_thighhighs,
free!,"Free!,腐ree!,Free!プラス"
holding_marker,
nikka_edvardine_katajainen,ニッカ・エドワーディン・カタヤイネン
military_operator,"特殊部隊,SOF,specialforces,specialoperations,commando"
anchor_ornament,
saya_(saya_no_uta),沙耶
hatsuharu_(kancolle),"初春,初春(艦隊これくしょん),初春(艦これ)"
humboldt_penguin_(kemono_friends),"フンボルトペンギン,フンボルトペンギン(けものフレンズ),フルル,とうぶどうぶつこうえんコンビ,ふるるあーと"
diaper,"おむつ,おしめ,オムツ画像の供給はもっと増えるべき"
chrysanthemum,菊
gravity_daze,"グラビティデイズ,GRAVITYDAZE,グラビティラッシュ,gravityrush"
charlotte_(genshin_impact),"シャルロット(原神),Charlotte,夏洛蒂,シャルロット"
birthmark,母斑
key_earrings,
tiger_&_bunny,"TIGER&BUNNY,T&B,タイガーアンドバニー,タイバニ"
helm_(nikke),"ヘルム(勝利の女神:NIKKE),ヘルム(NIKKE),헬름(NIKKE)"
monomi_(danganronpa),"モノミ,ウサミ"
anis_(sparkling_summer)_(nikke),アニス:スパークリングサマー
implied_cunnilingus,
surfing,"波乗り,サーフィン"
feet_only,
gun_on_back,
transparent_censoring,
akai_haato_(1st_costume),
dress_shoes,皮鞋
food_art,
optimus_prime,"コンボイ,コンボイ司令官,オプティマス・プライム,オプティマスプライム,OptimusPrime,私にいい考えがある"
evelynn_(league_of_legends),"Evelynn,伊芙琳"
white_slingshot_swimsuit,
saiyan,"サイヤ人,女サイヤ人"
takeuchi_takashi_(style),"武内崇,野生の武内崇,野生の武内"
negev_(girls'_frontline),"内格夫,negev,ネゲヴ(ドールズフロントライン),NEGEV,ネゲヴ,ネゲヴ(少女前線),Negev(少女前線),Negev(ドールズフロントライン),네게브"
gogeta,"ゴジータ,超ゴジータ,ゴジータ(ドラゴンボール超),ゴジータブルー"
rx-78-2,"RX-78-2,RX-78"
raccoon,"🦝,アライグマ,あらいぐま"
nihonga,日本画
sam_(honkai:_star_rail),"サム,サム(スターレイル)"
flower_in_mouth,
food_packaging,食べ物包装
umbrella_over_shoulder,
saren_(summer)_(princess_connect!),
grenade_pin,
aegis_sword_(xenoblade),
latias,ラティアス
yami_kawaii,"病みかわいい,Menhera_Kei,病みかわ,yamikawaii,gurokawa,やみかわいい,gurokawaii"
mysterious_heroine_x_alter_(first_ascension)_(fate),
flak_jacket,フラックジャケット
aroused_nosebleed,
grimoire_of_alice,
dvd_cover,
stahlhelm,シュタールヘルム
shirayuki_chiyo,白雪千夜
tezcatlipoca_(fate),テスカトリポカ(Fate)
cartridge,
faris_scherwiz,ファリス・シェルヴィッツ
holding_handcuffs,
fiery_wings,
brown_pubic_hair,
sprinkles,
cross-body_stretch,
resident_evil_village,"BIOHAZARD_8,BIOHAZARD_VIII,Biohazard_village,RE8,バイオハザード8,バイオ8"
covered_anus,
yukimura_aoi,雪村あおい
nissan,"日産,日産自動車"
cum_on_pectorals,
arcade_cabinet,アーケードゲーム筐体
tickling_feet,足こちょ
soft_serve,ソフトクリーム
japan,"🗾,日本,日本国,일본"
chikorita,チコリータ
hakozaki_serika,箱崎星梨花
trinity_general_school_swimsuit,
vacuum_cleaner,掃除機
ankle_garter,踝环
floral_print_dress,
heart_hair,
white_bridal_gauntlets,
holding_trident,
manya_(dq4),"マーニャ,マーニャ(DQ4)"
red_tube_top,
gastly,ゴース
judgement_(helltaker),ジャッジメント(Helltaker)
tenma_saki,天馬咲希
game_screenshot_background,
tree_horns,
mountain_(arknights),"マウンテン(アークナイツ),山"
black_heart_(neptunia),"ブラックハート,ブラックハート(ネプテューヌ),black_heart"
douluo_dalu,"斗罗大陆,鬥羅大陸"
zack_fair,"ザックス・フェア,ザックス"
roland_(project_moon),"ローラン(Library_of_Ruina),ローラン"
mismatched_earrings,
stile_uniform,スティーレ
very_long_beard,
nanashi_mumei_(casual),"七詩ムメイ(私服衣装),七詩ムメイ(私服),七詩ムメイのカジュアル衣装"
owl_girl,
harley_quinn,"ハーレイ・クイン,ハーレークイン,ハーレイクイン,HarleyQuinn"
bindi,
mishaguji,"ミシャグジ様,ミシャグジさま,祟符「ミシャグジさま」,土着神「御射軍神さま」,祟り神「赤口(ミシャグチ)さま」"
bridle,
halfling,ハーフリング
nintendo_3ds,ニンテンドー3DS
hook,钩子
dry_humping,
south_dakota_(kancolle),"SouthDakota,サウスダコタ,サウスダコタ(艦これ),サウスダコタ(艦隊これくしょん),SouthDakota(艦隊これくしょん),SouthDakota(艦これ)"
donkey_kong_(series),ドンキーコング
deadpool_(series),Deadpool
lane_line,コースロープ
hanae_(blue_archive),"朝顔ハナエ,하나에"
orfevre_(umamusume),"オルフェーヴル(ウマ娘),オルフェーヴル"
garnet_til_alexandros_xvii,ガーネット・ティル・アレクサンドロス17世
aria_company_uniform,
butterfly_earrings,
flippers,
ak-47,"AK47,АК-47"
side-tie_skirt,
star_wand,
cash_register,"キャッシュレジスター,レジ"
rabbit_costume,
kamio_misuzu,神尾観鈴
underpec,
cabbage,キャベツ
running_track,"ランニングトラック,トラック,跑道(体育)"
choke_hold,"絞技,stranglehold"
euphyllia_magenta,"ユフィリア・マゼンタ,ユフィリアマゼンタ,尤菲莉亚·玛赞塔"
feet_on_chair,
anjou_naruko,"安城鳴子,あなる"
sessyoin_kiara_(swimsuit_mooncancer),殺生院キアラ(水着)
dragonfly,"蜻蛉,トンボ"
purple_apron,
sky_lantern,"天灯,天燈,孔明灯,孔明燈,スカイランタン"
face_down,
penis_under_another's_clothes,
jeanne_d'arc_(swimsuit_archer)_(second_ascension)_(fate),
ferret,フェレット
stuffed_dog,
cat_choker,
sheffield_(azur_lane),"シェフィールド(アズールレーン),シェフィールド,シェフィールド(μ兵装),谢菲尔德,셰필드"
gilgamesh_(caster)_(fate),ギルガメッシュ(キャスター)
voile,
top_wo_nerae!_(series),
taimanin_rpgx,対魔忍RPG
azumanga_daioh's_school_uniform,
gawain_(fate),ガウェイン(Fate)
holding_spring_onion,
character_hood,
two-tone_wings,
red_nose,
cork,
suspenders_slip,
penis_tentacle,
meadow,"草地,草原,草むら"
on_tank,
sol_badguy,"ソル=バッドガイ,ソル・バッドガイ"
koyama_yuzu,"小山柚子,カメさんチーム"
animal_helmet,
bede_(pokemon),"ビート(トレーナー),ビート(ポケモン),ビート(ジムリーダー),ビトユウ,ビトユリ,マサビト,ビトマサ,ビトマリ,彼特"
beretta_1301,ベレッタ1301
videl,ビーデル
sainan_high_school_uniform,
kaiou_michiru,海王みちる
reiner_braun,ライナー・ブラウン
cum_through_clothes,
alolan_vulpix,"アローラロコン,シロン(アニポケ)"
chabashira_tenko,"茶柱転子,茶柱转子"
catsuit,キャットスーツ
kiyohime_(swimsuit_lancer)_(fate),清姫(水着)
ingrid_(capcom),"イングリッド,イングリッド(カプコン)"
non-human_admiral_(kancolle),
cock_ring,
my_melody,"マイメロディ,マイメロ,mymelody"
malina_(helltaker),"マリーナ,マリーナ(Helltaker)"
grima_(fire_emblem),ギムレー
ebizuka_tomo,海老塚智
ironmouse,"ironmouseart,ironmousefanart,ironmouse_art,ironmouse_fanart"
adjusting_scarf,
desert_eagle,"デザートイーグル,DEagle"
spread_armpit,"腋は性器,腋くぱぁ"
pussy_focus,
mint_fantome,"Fantography,ミント心霊写真,ミントLIVE,maid_mint,MintFantome,ミント・ファントーム"
egg_laying,"产卵,産卵,下蛋"
black_vs_white,"白と黒,黒と白,黑与白,白与黑"
jaguar_girl,
julia_(fire_emblem),
surtr_(colorful_wonderland)_(arknights),
ichikawa_kyoutarou,市川京太郎
cracked_glass,
piledriver_(sex),
fur_bikini,
gregor_(project_moon),"グレゴール,ムルグレ"
fallenshadow,"sliceofshadow,fallenshadow,shaduoh"
imperishable_night,"東方永夜抄,永夜抄"
shez_(fire_emblem),シェズ
pichu,ピチュー
akechi_gorou,"明智吾郎,主明"
laura_bodewig,ラウラ・ボーデヴィッヒ
halo_(series),Halo
large_horns,
filia_(skullgirls),"filia,フィリア"
swastika,"ハーケンクロイツ,卐,卍,鉤十字,かぎ十字,カギ十字,卍字"
x_(mega_man),"エックス(ロックマン),エックス,x,mega_man_x"
tashkent_(azur_lane),"タシュケント,タシュケント(アズールレーン),塔什干"
sen_no_kiseki_iii,"閃の軌跡III,閃の軌跡3,軌跡シリーズ"
march_7th_(hunt)_(honkai:_star_rail),三月なのか(仙舟)
itan_private_high_school_uniform,
chitose_(kancolle),"千歳,千歳(艦隊これくしょん),千歳(艦これ),乳歳"
tickling_armpits,
ryugasaki_rene,"龍ヶ崎リン,Rart"
xilonen_(genshin_impact),"シロネン,Xilonen,希诺宁"
single_tear,
vehicle_interior,
aoba_moca,"青葉モカ,蘭モカ,モカ蘭,モカちゃ"
fairy_leviathan_(mega_man),"レヴィアタン,妖将レヴィアタン"
len_(tsukihime),"黒レン,レン"
owari_(azur_lane),"尾張(アズールレーン),尾張"
holding_crossbow,
eldridge_(azur_lane),"埃尔德里奇(碧蓝航线),エルドリッジ(アズールレーン),エルドリッジ"
kamui_gakupo,"神威がくぽ,がくぽ,がくっぽいど"
trash,
mole_on_shoulder,
fishnet_bodysuit,
xenoblade_chronicles_3:_future_redeemed,新たなる未来
closet,クローゼット
zenra,ぜんら
minegumo_(kancolle),"峯雲(艦隊これくしょん),峯雲(艦これ),峯雲,胸雲"
geeta_(pokemon),"オモダカ,オモダカ(トレーナー),オモダカ(ポケモン),オモチリ"
fuecoco,ホゲータ
exoskeleton,"エクゾスケルトン,エクソスケルトン,強化外骨格"
hayasaka_mirei,早坂美玲
mimic,ミミック
lifted_by_tail,
bass_clef,"ヘ音記号,低音谱号,F谱号"
ninomae_ina'nis_(casual),"一伊那尓栖(私服衣装),一伊那尓栖(私服)"
okinami_(kancolle),"沖波,沖波(艦これ),沖波(艦隊これくしょん)"
frilled_straps,
anna_(frozen),"アナ(ディズニー),anna,アナ,エルアナ,アナエル"
crushing,挤压
broccoli,"🥦,ブロッコリ,ブロッコリー,西兰花"
blob,ブロッブ
koleda_belobog,"珂蕾妲·贝洛伯格,クレタ・ベロボーグ,KoledaBelobog"
brown_shawl,
stitched_leg,
mikazuki_(kancolle),"三日月,三日月(艦隊これくしょん),三日月(艦これ)"
kakyuusei_(series),下級生
monkey_boy,monkeyboy
arrancar,破面
yae_sakura_(gyakushinn_miko),"逆神巫女,逆神の巫女"
winning_ticket_(umamusume),"ウイニングチケット,ウイニングチケット(ウマ娘),ウィニングチケット,チケゾー"
pink_outline,
pendant_watch,
ikaruga_(senran_kagura),"斑鳩(閃乱カグラ),斑鳩,Ikaruga"
ada_wong,エイダ・ウォン
metroid_(creature),"メトロイド(クリーチャー),ベビーメトロイド"
vash_the_stampede,ヴァッシュ・ザ・スタンピード
shrugging,
fur_cuffs,
ikusaba_mukuro,戦刃むくろ
lulu_(league_of_legends),"Lulu,룰루,露璐,ルル"
sand_cat_(kemono_friends),"スナネコ,スナネコ(けものフレンズ),沙丘猫"
hawks_(boku_no_hero_academia),"ホークス,hawks,鷹見啓悟"
otomachi_una,"音街ウナ,ウナート"
holding_scepter,
broken_sword,
belt_skirt,
choujikuu_yousai_macross,超時空要塞マクロス
brown_flower,
tantou,短刀
holding_flute,
sophie_neuenmuller,ソフィー・ノイエンミュラー
lavinia_whateley_(fate),"ラヴィニア・ウェイトリー(Fate),ラヴィニア,アビラヴィ"
frame_arms_girl,"フレームアームズ・ガール,フレームアームズガール,FA:G,FAガール,クロスフレーム,クロスフレーム・ガール"
masked,
argyle_cutout,
warrior,"劍士,女戦士,戦乙女,戦士"
nowi_(fire_emblem),"ノノ(ファイアーエムブレム),ノノ"
ishuzoku_reviewers,"異種族レビュアーズ,isyuzoku,サキュ嬢"
shimada_chiyo,島田千代
starting_future_(umamusume),"汎用勝負服,スターティングフューチャー,初期ウマ娘"
nejiri_hachimaki,ねじりはちまき
cutlass_(girls_und_panzer),"カトラス,カトラス(GuP),サメさんチーム,カトマコ"
throat_microphone,
aesc_(fate),"トネリコ,トネリコ(Fate),梣"
pitcher_(container),水差し
azazel_(helltaker),"アザゼル(Helltaker),アザゼル"
dungeon,地下牢
kaai_yuki,"歌愛ユキ,歌爱ユキ"
beni-enma,"紅閻魔,紅閻魔(Fate)"
rumi_(blue_archive),朱城ルミ
mejiro_bright_(umamusume),"メジロブライト(ウマ娘),メジロブライト,目白光明"
naganami_kai_ni_(kancolle),長波改二
uchuu_senkan_yamato_2199,"宇宙戦艦ヤマト2199,ヤマト2199"
creature_on_head,
koumajou_densetsu,"紅魔城伝説緋色の交響曲,紅魔城伝説"
rotary_phone,"黒電話,回転ダイヤル式電話機"
travel_attendant,"客室乗務員,アテンダント,キャビンアテンダント,スチュワーデス,乘务员"
mononoke_hime,"もののけ姫,mononoke"
print_mug,
clueless,無知シチュ
translucent,半透明
holding_glowstick,
miracle_mallet,"打ち出の小槌,うちでのこづち"
striped_neckerchief,
captain_(honkai_impact),"舰长,艦長(崩壊3rd),キャプテン(崩壊3rd)"
front-seamed_legwear,
shigure_ui_(vtuber)_(1st_costume),しぐれうい(通常)
psyduck,コダック
hisui_(tsukihime),"翡翠,翡翠ちゃん"
multicolored_stripes,
sukonbu_(shirakami_fubuki),すこん部
yellow_(pokemon),"イエロー・デ・トキワグローブ,レンギョウ,レイエ,イエロー(ポケスペ)"
mismagius,ムウマージ
wind_turbine,"風力発電機,風力タービン,風力原動機"
nazi,"ナチス,ナチ,Nazis,纳粹,第三帝国,NSDAP,Hitlerjugend,ヒトラーユーゲント"
poke_ball_(legends),
minigun,ミニガン
egyptian_mythology,エジプト神話
iridescent,"玉虫色,镭射"
anegasaki_nene,姉ヶ崎寧々
sakura_chiyo,佐倉千代
tales_of_graces,"テイルズ・オブ・グレイセス,テイルズオブグレイセス,グレイセス,TOG"
vampy,"ヴァンピィ,斑比,ヴァンピィ(グラブル),ヴァンピィ(プリコネ)"
omori_(omori),OMORI(キャラクター)
obidome,
senko_(sewayaki_kitsune_no_senko-san),仙狐さん
uchi_emiri,"内笑美莉,うっちー,うちもこ"
lunamaria_hawke,"ルナマリア・ホーク,ルナマリア"
kawakami_mai,川神舞
female_chief_(path_to_nowhere),无期迷途女局长
plaid_shorts,
front-print_panties,
ear_chain,
psylocke,サイロック
hinata_channel,"猫宮ひなた,猫宫日向,HinataCat,ひなたチャンネル"
oversized_forearms,
glowing_hand,
drag-on_dragoon_3,"DOD3,ドラッグオンドラグーン3,ドラグーン3"
cthulhu_mythos,"クトゥルフ神話,萌えクトゥルフ,克苏鲁神话,克蘇魯神話"
morishima_haruka,森島はるか
charlotte_(anime),"Charlotte(アニメ),Charlotte,シャーロット"
sky_print,
unworn_jewelry,
ikaruga_luca,斑鳩ルカ
shin_megami_tensei_v,"真・女神転生V,真V,真5,ShinMegamiTenseiV"
vergil_(devil_may_cry),"バージル(デビルメイクライ),バージル(DMC),バージル"
bear_boy,
anti-aircraft_gun,"対空砲,高射砲"
price_tag,値札
drum_magazine,"ドラム型弾倉,ドラムマガジン"
nina_kosaka,"DrawKosaka,狐坂ニナ,こさかにな,KosaLust,НинаКосака,НинаНаРусском,NinaKosaka,NinaKosakaFR,KosakaDraw,KosaPlay"
playground,"遊び場,遊具,游乐场"
poleyn,ポレイン
kadoc_zemlupus,カドック・ゼムルプス
wide_oval_eyes,
whip_sword,"蛇腹剣,ガリアンソード"
microwave,電子レンジ
arashi_chisato,嵐千砂都
copy_ability,コピー能力
roger_(guilty_gear),
nagi_(kannagi),"ナギ,ナギ様"
see-through_one-piece_swimsuit,透け水着
lightning_bolt_hair_ornament,
tekken_7,鉄拳7
claw_foot_bathtub,猫足バスタブ
nihongami,日本髪
magician,"マジシャン,奇術師"
wing_ears,羽耳
wreckage,
mizunashi_akari,"水無灯里,水无灯里"
asymmetrical_arms,
bolt_(hardware),ボルト
lapras,"ラプラス,ラプラス(ポケモン)"
kiana_kaslana_(herrscher_of_the_void),"空之律者,律化娜,空の律者,キアナ・カスラナ(空の律者)"
maruyama_aya,"丸山彩,ひなあや"
wiping,
makoto_(street_fighter),"まこと,まこと(ストリートファイター)"
pawn_(chess),ポーン
nekomiya_hinata,"猫宮ひなた,HinataCat,ルーブルひなた"
shiranui_flare_(1st_costume),"不知火フレア(通常),不知火フレア新ビジュアル"
horseshoe,"蹄鉄,馬蹄"
gyee,
nishino_flower_(umamusume),"ニシノフラワー,ニシノフラワー(ウマ娘)"
wolverine_(x-men),"ウルヴァリン,Wolverine,poolverine"
todoroki_hajime,"轟はじめ,はじめ武勇伝"
holding_shower_head,
model_kit,プラモ
pov_across_bed,
yofukashi_no_uta,"よふかしのうた,Call_of_the_Night"
ulrich_von_hutten_(azur_lane),"ウルリッヒ・フォン・フッテン,ウルリッヒ・フォン・フッテン(アズールレーン),乌尔里希·冯·胡滕"
bead_choker,
the_elder_scrolls,
too_literal,
shamare_(arknights),"巫恋,シャマレ(アークナイツ),Shamare,シャマレ"
bandaged_foot,
female_commander_(girls'_frontline),女性指揮官(ドールズフロントライン)
huge_pectorals,
blowing_smoke,
ashley_graham,アシュリー・グラハム
cervical_penetration,子宮姦
sega,"セガ,世嘉"
urban,
g41_(girls'_frontline),"G41,G41(ドールズフロントライン),G41(少女前線)"
fleur-de-lis,"⚜,フルール・ド・リス"
heart-shaped_buckle,
foreplay,
kroos_(arknights),"克洛丝,クルース,クルース(アークナイツ),kroos"
crescent_rose,
meer_campbell,ミーア・キャンベル
coat_partially_removed,
ligne_claire,リーニュクレール
comiket_100,C100
green_border,
panties_over_pantyhose,タイツの上にパンツ
blue_outline,
braces,矯正萌え
ascot_between_breasts,
strong,"怪力,力持ち,女子力(物理),軽々持ち上げる"
kotegawa_yui,古手川唯
hakase_fuyuki,"葉加瀬冬雪,はかせレポート,はかせとワンドロ"
red_streaks,
small_nipples,
stuffed_panda,
ankleband,
silent_hill_(series),サイレントヒル
ibuki_(street_fighter),"いぶき,息吹,いぶき(ストリートファイター)"
armin_arlert,"アルミン・アルレルト,アルミン,アルエレ,エレアル,アルミカ,ミカアル,アルアニ,アニアル,アルクリ,アルヒス"
diving,
tanaka_kotoha,田中琴葉
milotic,ミロカロス
food_on_hand,
g'raha_tia,"グ・ラハ・ティア,古拉哈提亚"
wafer_stick,
yorick_(shiori_novella),
fish_tank,水槽
kamishiro_rui,"神代類,類司,類彰,類冬,類寧々,類えむ"
green_armor,
purple_rope,
movie_poster,
plumeria,プルメリア
skirt_under_dress,
elbow_on_knee,
echidna_(re:zero),"エキドナ,エキドナ(リゼロ)"
penis_over_one_eye,
siren_(azur_lane),"セイレーン(アズールレーン),セイレーン,セイレーン化,塞壬"
ein_(blue_archive),"アイン,アイン(ブルーアーカイブ),アイン・ソフ・オウル(ブルーアーカイブ)"
chi-hatan_military_uniform,
jolly_roger,
sugiura_ayano,杉浦綾乃
battleship,"戦艦,战列舰,戰艦"
holding_flask,
tanikaze_(kancolle),"谷風,谷風(艦隊これくしょん),谷風(艦これ)"
romani_archaman,ロマニ・アーキマン
jam,"ジャム,果酱"
scale_armor,スケイルアーマー
erlenmeyer_flask,三角フラスコ
bee_girl,蜂娘
martial_arts,"武道,武術,武芸"
quadruple_amputee,"四肢切断,四肢欠損,達磨"
nijisanji_id,"にじさんじID,NIJISANJI_ID"
carousel,"メリーゴーラウンド,回転木馬,カルーセル,旋转木马"
pocari_sweat,ポカリスエット
mewtwo,ミュウツー
candace_(genshin_impact),"坎蒂丝,坎蒂絲,キャンディス,Candace,Kandake,キャンディス(原神)"
jeanne_d'arc_(granblue_fantasy),"ジャンヌダルク(神撃のバハムート),ジャンヌダルク(グラブル)"
brynhildr_(fate),"ランサー(フラグメンツ),ブリュンヒルデ,ブリュンヒルデ(fate),ブリュンヒルデ(Fate)"
decapitation,"斬首,斩首"
hacka_doll_3,ハッカドール3号
star_ocean_anamnesis,"スターオーシャンアナムネシス,SOA,スターオーシャン:アナムネシス,アナムネシス"
nanami_yachiyo,"七海やちよ,やちいろ,いろやち"
checkered_legwear,
licking_testicle,玉舐め
baron_bunny_(genshin_impact),"兔兔伯爵,ウサギ伯爵"
sora_no_otoshimono,"そらのおとしもの,そらおと"
orca_hood,
eclipse,
vertical-striped_headwear,
feet_on_table,
youkai_(youkai_watch),
jirachi,ジラーチ
control_rod_(touhou),制御棒
dorsal_fin,"背鰭,せびれ"
adult_neptune,大人ネプ
grisaia_(series),グリザイアシリーズ
policeman,警官
circular_saw,丸鋸
tied_ears,
sekaiju_no_meikyuu_5,世界樹の迷宮5
chandelure,シャンデラ
interior,
white_sneakers,
comet,
mon3tr_(arknights),
zero(z)_(mega_man),ゼロ(Z)
lone_nape_hair,
tengu_mask,"天狗面,天狗の面"
nu_carnival,"Nucarnival,NUcarnival,NUカーニバル,新世界狂歡,NU:カーニバル,ニューカニ,nu:carnival,NeonCarnival"
hoshikawa_sara_(1st_costume),星川サラ(通常)
plackart,"placcard,planckart,placcate"
toyota,"トヨタ,TOYOTA"
compound_eyes,複眼
touhoku_zunko,東北ずん子
peony_print,
glands_of_montgomery,
prison_cell,独居房
sui-feng,"砕蜂,碎蜂,soifon"
bat_ornament,
victorian,"ビクトリア朝,维多利亚风,英伦风"
yuki_judai,"遊城十代,十代"
heavenly_boat_maanna,天舟マアンナ
striped_vest,
sakata_gintoki,"坂田銀時,銀時"
paint_can,
dusk_ball,"ダークボール,ダークボール(ポケットモンスター)"
arm_on_another's_shoulder,
neco-arc,ネコアルク
pokemon_usum,"ポケモンUSM,ポケモンUSUM"
hoshino_ichika_(project_sekai),星乃一歌
grey_cat,
fear_&_hunger_2:_termina,"fearandhunger2,fearandhungertermina"
ditto,メタモン
texas_(winter_messenger)_(arknights),
shoulder_guard,
extra_pupils,
shimakaze_(azur_lane),"島風,島風(アズールレーン),芒"
front-to-back,前から後ろへ
hades_1,
fusuma,"襖,ふすま"
martha_(swimsuit_ruler)_(fate),マルタ(水着)
hanasato_minori,花里みのり
naganohara_mio,長野原みお
brown_halo,
cat_bag,
uruha_rushia_(3rd_costume),
zero_gravity,"無重力,微小重力,無重量状態"
juxtaposition,スマホ差分
hugging_own_tail,
white_tiger,白虎
grey_ascot,
two-tone_panties,
glass_table,
hasegawa_kobato,羽瀬川小鳩
bacon,"ベーコン,培根"
;(,
arthur_pendragon_(fate),"旧セイバー,アーサー・ペンドラゴン"
pokemon_legends:_z-a,LEGENDSZ-A
naked_capelet,
black_hanekawa,ブラック羽川
tsumami_kanzashi,つまみかんざし
holographic_monitor,
panda_hood,
gensou_suikoden,"幻想水滸伝,幻水"
furudo_erika,古戸ヱリカ
calligraphy,"书法,書道,カリグラフィー"
celica_(fire_emblem),"セリカ,セリカ(FE),セリカ(FE外伝)"
roxie_(pokemon),ホミカ
uni_(neptunia),"ユニ(ネプテューヌ),ユニ"
floating_skull,
mia_(fire_emblem),ワユ
asuna_(school_uniform)_(blue_archive),
fanning_face,
hyena_ears,
ai_ai_gasa,"相合い傘,相々傘,相相傘,相合伞"
clive_rosfield,クライヴ・ロズフィールド
armored_bodysuit,
huge_horns,
scar_on_back,
tactile_paving,点字ブロック
kerchief,
litten,ニャビー
indian_clothes,
netnavi,ネットナビ
aquarion_(series),アクエリオン
86_-eightysix-,"エイティシックス,86,86-エイティシックス-,86アニメ,anime_86,เอทตี้ซิกซ์,86不存在的战区"
kousaka_kyousuke,高坂京介
houjou_tokiyuki_(nige_jouzu_no_wakagimi),北条時行(逃げ上手の若君)
kousaka_kirino's_school_uniform,
ao_isami,"イサミ・アオ,スミイサ"
dragon_ears,
matsubara_kanon,松原花音
bishoujo_senshi_sailor_moon_(first_season),
colored_speech_bubble,
germany,"Deutschland,ドイツ連邦共和国,Bundesrepublik-Deutschland,ドイツ,独逸,德国,آلمان,Germany,Германия"
mahou_shoujo_ikusei_keikaku,"魔法少女育成計画,まほいく,魔法少女育成计划"
bonsai,"盆栽,ぼんさい"
print_socks,
ass_press,
scratching_head,
"don't_say_""lazy""",Don't_say_“lazy”
piccolo,"ピッコロ(ドラゴンボール),ピッコロ,ピッコロさん,マジュニア,神コロ様,ピッコロ(潜在能力解放),アルティメットピッコロ"
mashiro_(blue_archive),"静山マシロ,マシロ(ブルーアーカイブ),마시로,시즈야마마시로,マシロ"
popsicle_stick,
gyaruo,"ギャル男,チャラ男"
giratina,ギラティナ
mirai_nikki,"未来日記,みらいにっき"
sakawa_(kancolle),"酒匂,酒匂(艦これ),酒匂(艦隊これくしょん)"
lisbeth_(sao),"リズベット,篠崎里香"
elephant,"ゾウ,象,코끼리"
screen_light,
drawn_whiskers,
dark_clouds,
veiny_hands,
pamiat_merkuria_(azur_lane),"パーミャチ・メルクーリヤ(アズールレーン),パーミャチ・メルクーリヤ,水星纪念,クーちゃん"
white_rabbit_(alice_in_wonderland),"時計ウサギ,ホワイト・ラビット"
hand_on_another's_knee,
text_print,
quetzalcoatl_(fate),"ケツァル・コアトル(Fate),ケツァル・コアトル,魁札尔·科亚特尔"
kiana_kaslana_(white_comet),キアナ・カスラナ(通常)
jasmine_(pokemon),"ミカン,ミカン(ポケモン)"
cum_bubble,
galo_thymos,"ガロ・ティモス,ガロクレ"
holding_binoculars,
okusawa_misaki,"奥沢美咲,ミシェここ,mskk,奥泽美咲"
turn_a_gundam,"∀ガンダム,ターンエーガンダム"
adaman_(pokemon),"セキ(ポケモン),セキカイ(ポケモン),セキ"
denpa_onna_to_seishun_otoko,電波女と青春男
scouter,スカウター
lipstick_mark_on_face,
xenovia_quarta,"ゼノヴィア,ゼノヴィア・クァルタ"
typhon_(arknights),"提丰,ティフォン(アークナイツ),ティフォン"
brown_ascot,
walker_(robot),ImperialWalker
grey_bag,
kar98k_(girls'_frontline),"Kar98K,Kar98k,Kar98k(少女前線),Kar98K(ドールズフロントライン)"
irako_(kancolle),"伊良湖(艦隊これくしょん),伊良湖,伊良湖(艦これ)"
sleeveless_leotard,
pillory,"首枷,首かせ,晒し台,さらし台,頸手枷,颈手枷"
washing_hair,洗髪
oven,天火
ashley_(warioware),"アシュリー,アシュリー(メイドインワリオ)"
sakata_nemuno,"坂田ネムノ,ネムノ,坂田合欢乃,合欢乃,사카타네무노,네무노"
bear_panties,くまさんパンツ
adjusting_leotard,
tenchi_muyou!,"天地無用!,天地無用"
yorita_yoshino,依田芳乃
animare,"あにまーれ,有閑喫茶あにまーれ"
public_vibrator,
courtney_(pokemon),"カガリ(ポケモン),カガリ(トレーナー),カガリ(ポケスペ)"
accel_world,アクセル・ワールド
clefairy,"ピッピ,ピッピ(ポケモン)"
kakegurui,"賭ケグルイ,狂赌之渊,赌ケグルイ"
alternate_hair_ornament,
smegma,"チンカス,恥垢,チンカス掃除,髪コキチンカス掃除"
kittysuit,猫耳バニー
tooth_earrings,
pants_around_one_leg,
heart_panties,
collared_leotard,
village,"村,村落"
tile_ceiling,
gradient_nails,
wooden_horse,"三角木馬,三角木马,삼각목마"
sailor_saturn,セーラーサターン
rewrite,"Rewrite,リライト"
nobeta,ノベタ
penlight_(glowstick),ペンライト
playing_with_another's_hair,
white_bandana,
kyoukai_no_kanata,境界の彼方
moe_(swimsuit)_(blue_archive),"モエ(水着),風倉モエ(水着)"
nijiura_maids,"虹裏メイド,虹裏"
silva_(granblue_fantasy),"シルヴァ(グラブル),シルヴァ"
jessica_albert,"ゼシカ・アルバート,ゼシカ"
bandages_over_clothes,
body_switch,"入れ替わり,bodyswap"
tachibana_hinano_(vtuber),"橘ひなの,ひなのの絵なの"
okada_izou_(fate),"アサシン(帝都聖杯奇譚),岡田以蔵(Fate),岡田以蔵,以ぐだ"
selfie_stick,"自撮り棒,自拍杆"
phoenix,フェニックス
felyne,"アイルー,オトモアイルー"
okabe_rintarou,"岡部倫太郎,鳳凰院凶真,オカリン"
crypton_future_media,"クリプトン,クリプトン社"
cure_white,キュアホワイト
pine_(bombergirl),"パイン(ボンバーガール),パイにゃん"
holding_gem,
senjou_no_valkyria_1,戦場のヴァルキュリア
ib_(ib),"イヴ(Ib),イヴ,Ib"
different_shadow,
fingers_to_cheeks,
minami_yume,"南夢芽,南梦芽"
shimakaze-kun,島風くん
cloth,
playing_sports,
jacket_girl_(dipp),"ジャケットのあの子,ジャケ子,ジャケットイラストの娘,자켓어그소녀,자켓코"
fruit_cup,
narutomaki,"鳴門巻き,なると"
marth_(fire_emblem),マルス
1970s_(style),
scar_on_tail,
lady_maria_of_the_astral_clocktower,時計塔のマリア
cherry_print,
compass,"方位磁針,羅針盤"
evillious_nendaiki,"Evillious,Evillious_Chronicles,EvilliousChronicles,エヴィリオス"
jump_rope,"縄跳,なわとび"
scar_on_shoulder,
backless_panties,Vバック
two-tone_horns,
jingwei_(bird),
byleth_(female)_(summer)_(fire_emblem),
bird_boy,鳥人
scratching_cheek,
irys_(irys_2.0)_(hololive),"IRyS_2.0,アイリス(通常),IRyS(通常)"
tomioka_giyuu,"冨岡義勇,富岡義勇,富冈义勇,giyuu_tomioka"
kitashirakawa_tamako,北白川たまこ
lighter_(zenless_zone_zero),ライト(ゼンゼロ)
naomi_(girls_und_panzer),"ナオミ,ナオミ(Gup),サンダース大学付属高校,ナオアリ"
yonaga_angie,"夜長アンジー,夜长安琪"
cropped_head,
black_bird,
front_zipper_swimsuit,"フロントジッパー競泳水着,例の競泳水着"
rune_factory,"ルーンファクトリー,RuneFactory,ルンファク,符文工房,룬팩토리"
yu-gi-oh!_zexal,遊戯王ZEXAL
holding_notepad,
torn_bikini,
mp40_(girls'_frontline),"MP40(少女前線),MP40(ドールズフロントライン)"
sengoku_bushouki_muramasa,"戦国武将姫MURAMASA,戦国武将姫muramasa"
depressed,"抑うつ,うつ病,鬱病"
heart-shaped_ornament,
piper_wheel,"パイパー・ウィール,派派·韦尔,派派,PiperWheel"
spiked_belt,
fist_bump,
holding_rope,
mythra_(massive_melee)_(xenoblade),多人数戦闘用衣装のヒカリ
sabaton,サバトン
tiffy_(nottytiffy),"Tiffy,Tiffany,ティフィー,ティファニー"
ejaculation_under_clothes,着衣射精
griseo,"格蕾修,グレーシュ,Griseo"
italian_text,"イタリア語,伊語"
kuradoberi_jam,蔵土縁紗夢
kitten_(gravity_daze),"キトゥン,katgravityrush"
lingsha_(honkai:_star_rail),"灵砂,レイサ,Lingsha,霊砂"
justina_follower_(blue_archive),"ユスティナ信徒,覚悟礼装,유스티나성도"
nikaidou_saki,二階堂サキ
eden_(honkai_impact),"伊甸,エデン"
curiosities_of_lotus_asia,東方香霖堂
purple_tank_top,
bird_hair_ornament,
number_print,
dualshock,
steven_stone,"ツワブキ・ダイゴ,ダイゴ,ダイユウ"
dating,デート
beach_volleyball,ビーチバレー
pet_food,"ペットフード,ドッグフード,キャットフード,猫缶"
kurumi_noah,"胡桃のあ,963art"
big_nose,
pixiv,픽시브
kasuga_maru_(kancolle),"春日丸(艦隊これくしょん),春日丸"
igote,"射籠手,弓籠手"
friedrich_der_grosse_(azur_lane),"フリードリヒ・デア・グローセ(アズールレーン),フリードリヒ・デア・グローセ,Friedrich_der_Große,腓特烈大帝"
kotoyoro,ことよろ
flagpole,
dark_labia,
cleaning_rag,"雑巾,ぞうきん"
shiraishi_tsumugi,白石紬
virtuareal,"VirtuaReal,VirtuaReal_Project"
shamoji,"しゃもじ,杓文字"
adjusting_footwear,
ano_natsu_de_matteru,あの夏で待ってる
angel's_24_uniform_(blue_archive),エンジェル24(ブルーアーカイブ)
unworn_bowtie,
ys,"イース,ys"
small-clawed_otter_(kemono_friends),コツメカワウソ(けものフレンズ)
multicolored_ribbon,
hishaku,"柄杓,ひしゃく"
indomitable_(azur_lane),"インドミタブル(アズールレーン),インドミタブル,不挠"
sebastian_piyodore,"セバスチャン・ピヨードル,セバスチャンピヨードル"
otter_tail,
sukeban,"スケ番,スケ番長,スケバン"
atelier_sophie,"ソフィーのアトリエ,ソフィーのアトリエ~不思議な本の錬金術士~"
shared_earphones,イヤホン半分こ
single_sandal,
yomotsu_hisami,"豫母都日狭美,요모츠히사미"
agatsuma_zenitsu,"我妻善逸,善逸"
hop_(pokemon),"ホップ(トレーナー),ホップ(ポケモン),ホップ,ホプユウ,ホプマサ,マサホプ,호브"
ta-class_battleship,"戦艦タ級,タ級"
mudrock_(silent_night)_(arknights),
elma_(maidragon),"上井エルマ,エルマ(小林さんちのメイドラゴン),エルマ"
nagao_kagetora_(fate),"長尾景虎(Fate),長尾景虎,上杉謙信(Fate),上杉謙信"
hiro_(darling_in_the_franxx),"CODE:016,ヒロ(ダリフラ)"
atago_(summer_march)_(azur_lane),"真夏の行進曲,盛夏进行曲"
shishio_chris,"獅子王クリス,くりすちゃんArt,獅子王ワンドロ"
kneesocks_(psg),ニーソックス(パンティ&ストッキングwithガーターベルト)
single_knee_boot,
kashino_(hot_springs_relaxation)_(azur_lane),"湯上がりプレシュアタイム,温泉放松时间"
whale_hair_ornament,
snake_print,
green_fire,
yuri_sakazaki,"ユリ・サカザキ,ユリサカザキ"
bandana_around_neck,
wrist_straps,
trinity_general_school_logo,
print_footwear,
bc_freedom_(emblem),
mdr_(girls'_frontline),"MDR,MDR(ドールズフロントライン),MDR(少女前線),卡萝,卡萝(云图计划),クロ(ニューラルクラウド)"
cinderella_girls_gekijou,シンデレラガールズ劇場
ayane_(doa),"綾音,あやね,あやね(DOA)"
skadi_(elite_ii)_(arknights),
hoshino_ruri,"ホシノ・ルリ,ルリルリ,ホシノルリ"
aqua_skin,
vodka,ウォッカ
saint_seiya,"聖闘士星矢,saintseiya,SaintSeiya"
sen_to_chihiro_no_kamikakushi,"千と千尋の神隠し,千与千寻,SpiritedAway"
shishiro_botan_(button-down),"獅白ぼたん(シャツ衣装),獅白ぼたん(シャツ)"
mine_(blue_archive),"ミネ(ブルーアーカイブ),蒼森ミネ"
honma_meiko,"本間芽衣子,めんま"
single_mechanical_hand,
reg_(made_in_abyss),レグ
disembodied_eye,
high_school_dxd_infinity,"ハイスクールD×DInfinity,ハイスクールディーディーインフィニティ"
waiter,"ギャルソン,給仕,ウェイター,服务员(男)"
dark_room,
hino_akane_(idolmaster),日野茜
gem_(symbol),💎
amusement_park,"遊園地,テーマパーク,游乐园"
charlotta_(granblue_fantasy),"シャルロッテ(グラブル),シャルロッテ,シャルロッテ・フェニヤ"
arimura_mao,有村麻央
duct_tape,ダクトテープ
sitting_on_water,
tone_kai_ni_(kancolle),利根改二
lana's_mother_(pokemon),スイレンママ
okkotsu_yuuta,"乙骨憂太,乙骨忧太"
tsugumomo,つぐもも
holding_egg,
gummy_(arknights),"古米,グム,グム(アークナイツ),リム,Гум,rym"
zipper_skirt,
leaf_background,
new_horizon,ニューホライズン
holding_lighter,
shippou_(pattern),
housewife,主婦
hole_on_body,
congratulations,"おめでとうございます,おめでとう,祝贺,祝!,恭喜"
glass_slipper,ガラスの靴
kuonji_alice,久遠寺有珠
kallen_kaslana,"カレン・カスラナ,原罪猎人,卡莲,卡斯兰娜"
hair_over_face,
yumeko_(touhou),"夢子,유메코"
tekken_8,"鉄拳8,tekken8"
plain_doll,人形
deadpool,"死侍,デッドプール,Deadpool,poolverine"
orange_apron,
ikea_shark,"IKEAのサメ,blahaj,BLÅHAJ"
sukusuku_hakutaku,すくすく白沢
torn_socks,
minami-ke,みなみけ
asahi_breweries,"アサヒビール,スーパードライ,アサヒスーパードライ"
hood_(azur_lane),"胡德(碧蓝航线),フッド(アズールレーン),フッド"
tonari_no_totoro,となりのトトロ
biting_neck,
fortified_suit,"衛士強化装備,衛士強化装備用アンダースーツ,衛士強化裝備,卫士强化装备,위사강화장비"
ibuki_douji_(fate),伊吹童子(Fate)
heart_belt,
captain_nemo_(fate),"キャプテン,キャプテン(Fate),ネモ(Fate)"
sewing_needle,縫い針
tokino_sora_(1st_costume),
circe_(fate),"オケアノスのキャスター,キルケー(Fate),オケキャス"
transmission_tower,"鉄塔,送電鉄塔,高壓電塔,送電塔"
shino_to_ren,志乃と恋
hat_bell,
kriss_vector,"クリス・ヴェクター,スーパーV,Kriss,KrissVector"
ping_hai_(azur_lane),"平海(碧蓝航线),平海(アズールレーン),平海"
honma_himawari,"本間ひまわり,ひまあーと,ひま生"
implied_paizuri,
belt_chain,
stocks,
moona_hoshinova_(1st_costume),
red_helmet,
yunaka_(fire_emblem),ユナカ
eel,"鰻,うなぎ,ウナギ"
lace-trimmed_collar,
flower_(vocaloid),"v_flower,vflower,ふらわ〜と"
shigure_(hot_spring)_(blue_archive),間宵シグレ(温泉)
yamper,ワンパチ
white_jumpsuit,
chakram,チャクラム
curious,
alice_cartelet,アリス・カータレット
green_brooch,
megido72,"メギド72,メギド【腐】"
kinu_(kancolle),"鬼怒,鬼怒(艦隊これくしょん),鬼怒(艦これ)"
hololive_summer_2023_swimsuit,hololivesummer2023
transcend_(umamusume),"トランセンド,トランセンド(ウマ娘)"
laser_sight,
azure_striker_gunvolt,蒼き雷霆ガンヴォルト
ooarai_(emblem),
himemori_luna_(1st_costume),姫森ルーナ(通常)
pecorine_(summer)_(princess_connect!),
brass_knuckles,メリケンサック
fried_rice,"炒飯,炒饭,チャーハン,焼き飯,焼きめし"
pushing_away,
kurosaki_chitose,黒埼ちとせ
natsuiro_egao_de_1_2_jump!,"夏色えがおで1,2,Jump!"
murder,"殺人,殺人鬼"
ken_masters,"ケン・マスターズ,ケン(ストリートファイター)"
hero_(omori),HERO(OMORI)
c-string,Cストリング
enlightened_byleth_(female),
folded_clothes,
ringo-chan_(otokuyou),"りんごちゃん,白瀬いちる,shirase_ichiru"
water_lily_flower,"睡莲,睡蓮,睡莲花"
box_tie,
comiket_101,C101
cuff_links,"カフリンクス,袖扣"
deutschland_(azur_lane),"ドイッチュラント(アズールレーン),ドイッチュラント,德意志"
print_pajamas,
akaboshi_koume,"赤星小梅,黒森峰女学園"
august_von_parseval_(azur_lane),"アウグスト・フォン・パーセヴァル(アズールレーン),アウグスト・フォン・パーセヴァル,奥古斯特·冯·帕塞瓦尔奥古斯特·冯·帕塞瓦尔"
nail_polish_bottle,
raised_inner_eyebrows,
blue_boots,
avengers_(series),アベンジャーズ
holding_whistle,
vsinger_(vocaloid),"VOCALOID-CHINA,VOCALOIDCHINA,Vsinger"
blunt_sidelocks,
fire_emblem:_thracia_776,トラキア776
manta_ray,マンタ
pectoral_press,
stuffed_unicorn,
sieg_(fate),"ジーク,ジーク(Fate/Apocrypha),ジーク(fate)"
inu_x_boku_ss,妖狐×僕SS
asymmetrical_pants,
mask_lift,
nerv,"ネルフ,NERV"
unworn_pants,
holding_necktie,
okunoda_miyoi,"奥野田美宵,오쿠노다미요이"
wet_floor,
banana_peel,"バナナの皮,香蕉皮"
frilled_bikini_top,
reimu_endou,"ReimuEndou,遠藤霊夢,Reimural,ReimuArt,Reimundies,Endoujin"
red_butterfly,
lime_slice,
shirt_under_shirt,
o-ring_panties,
koizumi_mahiru,小泉真昼
player_character_(wow),
print_ribbon,
yuuki_yuuna,結城友奈
adventurer_(ff14),"メテオ(FF14),メテオサバイバー,ひろし(FF14),公式光"
balance_scale,"天秤ばかり,天平,天秤"
hamanami_(kancolle),"浜波,浜波(艦隊これくしょん)"
uchiha_sarada,うちはサラダ
ring_fit_adventure,リングフィットアドベンチャー
weapon_bag,"竹刀袋,しないぶくろ,木刀袋,ぼくとうぶくろ"
cardigan_vest,
aqua_scarf,
puru_two,プルツー
captive_bead_ring,
lightning_farron,"ライトニング(FF13),ライトニングさん,エクレール・ファロン,ライトニング"
squeezing,
kson,"kson,ksonART,ksononair,代行ちゃん,kson組長,組長"
ai-chan_(tawawa),アイちゃん(月曜日のたわわ)
wrist_cutting,"リストカット,アームカット,リスカ"
waist_ribbon,
sitting_on_branch,
gambeson,
market_stall,
ladybug,"天道虫,てんとう虫,てんとうむし,テントウムシ,レディバグ,ななほしてんとう,ナナホシテントウ"
takoluka,たこルカ
hairstyle_switch,髪型交換
peacock_feathers,
miss_cloud,"misscloud,開発失敗"
hindenburg_(azur_lane),"ヒンデンブルク(アズールレーン),ヒンデンブルク,兴登堡"
bikini_top_pull,
sakura_laurel_(umamusume),"サクラローレル,サクラローレル(ウマ娘),樱花桂冠,櫻花桂冠,사쿠라로렐,사쿠라_로렐,粘度代表バ"
miyamoto_musashi_(third_ascension)_(fate),
trying_on_clothes,
p90_(girls'_frontline),"p90,P90(ドールズフロントライン),P90(少女前線)"
pumpkin_hat,
ooi_kai_ni_(kancolle),
qixiong_ruqun,"齐胸襦裙,齐胸衫裙,齊胸衫裙,齊胸襦裙"
arcade,"ゲームセンター,ゲーセン,游戏厅,电玩城,アーケード"
lowleg_shorts,
mimic_chest,
white_arm_warmers,
cat_on_lap,
shishiro_botan_(casual),
shirt_partially_tucked_in,
heles,"ヘルエス,ヘルエス(グラブル)"
kaze_no_tani_no_nausicaa,風の谷のナウシカ
rengoku_kyoujurou,"煉獄杏寿郎,炼狱杏寿郎,kyoujurou_rengoku"
pixie_cut,ピクシーカット
z-ring,Zリング
admiral_hipper_(azur_lane),"アドミラル・ヒッパー(アズールレーン),アドミラル・ヒッパー,希佩尔海军上将"
concrete,
katarina_(league_of_legends),"Katarina,卡特蓮娜"
hyrule_warriors,ゼルダ無双
spiked_jacket,
sound_voltex,"SOUND_VOLTEX,SDVX,SOUNDVOLTEX,サウンドボルテックス"
groceries,"食料品,しょくりょうひん"
massachusetts_(azur_lane),"マサチューセッツ,マサチューセッツ(アズールレーン),马萨诸塞"
black_bikesuit,
meowy_(chainsaw_man),"ニャーコ(チェンソーマン),ニャーコ"
grape_hair_ornament,
holding_blanket,
holocouncil,"holoCouncil,ホロライブEN2期生,CouncilRyS,holoPromise"
drain_(object),
venom_(marvel),"ヴェノム,ヴェノム(MARVEL)"
riven_(league_of_legends),"Riven,riven,リヴェン,雷玟"
chocolate_on_face,
dragon_ball_super_super_hero,"スーパーヒーロー(ドラゴンボール),ドラゴンボール超スーパーヒーロー,SUPER_HERO(ドラゴンボール),どらさばスパヒロ,どらさばスパヒロ祭り,dragonballsupersuperhero,dbssuperhero"
digital_dissolve,
brown_feathers,
pee_stain,
dog_hair_ornament,
nian_(unfettered_freedom)_(arknights),
nanairogaoka_middle_school_uniform,七色ヶ丘中学校制服
red_corset,
yoshi,ヨッシー
katagiri_sanae,片桐早苗
liquid_halo,
biting_own_finger,
i-14_(kancolle),"伊14,伊14(艦隊これくしょん),伊14(艦これ),イ14,イ14(艦隊これくしょん),イ14(艦これ),いよ,いよちゃん"
holding_another's_tail,
flying_teardrops,
red_boots,
harime_nui,針目縫
purple_bag,
pussy_juice_on_fingers,
mizuki_yukikaze,"水城ゆきかぜ,水城雪風,水城雪风"
kotori_(cheer_squad)_(blue_archive),"コトリ(応援団),豊見コトリ(応援団)"
spongebob_squarepants_(series),"スポンジ・ボブ,スポンジボブ,海绵宝宝,キャンプ・コーラル,ザ・パトリック・スター・ショー,spongebob,spongebob_squarepants,spongebobsquarepants"
david_martinez,デイヴィッド・マルティネス
rou-kyuu-bu!,ロウきゅーぶ!
yamanaka_ino,山中いの
quad_drills,
holding_candle,
flower_on_chest,
brown_bear_(kemono_friends),"ヒグマ(けものフレンズ),ヒグマ,ヒグママ"
sister_claire_(1st_costume),
naizuri,"ちっぱいズリ,無い擦り,ナイズリ"
balaclava,"バラクラバ,目出し帽,안면마스크"
bald_eagle,"ハクトウワシ,白頭鷲"
mari_(faraway)_(omori),
hedgehog_boy,
fate/extra_ccc_fox_tail,Fate/Extra-Miko-n!Kyasuko-chan!?
clara_(girls_und_panzer),"クラーラ,クラーラ(GuP),プラウダ高校,カチューシャ親衛隊"
eyes_in_shadow,
shirt_around_waist,
welrod_mkii_(girls'_frontline),"Welrod,WelrodMkII,维尔德,웰로드,ウェルロッド,ウェルロッドMkII(ドールズフロントライン),ウェルロッドMkII(少女前線),ウェルロッドMkII"
ange_katrina_(1st_costume),アンジュ・カトリーナ(通常)
zoids,"ZOIDS,ZOIDs,ゾイド,索斯機械獸"
idoly_pride,"アイドリープライド,アイプラ,IDOLYPRIDE,IDOLY_PRIDE,アイプラ_FA,アイプラらくがき部"
dragon_tattoo,
mega_man_star_force_(series),流星のロックマン
fujinami_(kancolle),"藤波,藤波(艦隊これくしょん),藤波(艦これ)"
rina-chan_board,璃奈ちゃんボード
toriyama_akira_(style),"鳥山明風,野生の鳥山,野生の鳥山明"
erwin_(girls_und_panzer),"エルヴィン,エルヴィン(GuP),松本里子,カバさんチーム,グデエル"
print_scarf,
cheekbones,頬骨
z46_(azur_lane),"Z46(アズールレーン),Z46"
moegi_high_school_uniform,
char_aznable,シャア・アズナブル
female_service_cap,
ribbon_earrings,
volcano,"🌋,火山"
tanamachi_kaoru,棚町薫
utsugi_yuuki,"宇津木優木,宇津木優季,ウサギさんチーム"
ray_gun,光線銃
original_race_uniform_(umamusume),
snorlax,カビゴン
vest_lift,
sheik,シーク
knuckles_the_echidna,"ナックルズ,ナックルズ・ザ・エキドゥナ,ナックルズザエキドゥナ,knuckles,knucklestheechidna,sonknux,ソニナコ,knuxouge,ナコルー"
toothbrush_in_mouth,
flintlock,"フリントロック式,フリントロック"
headphones_removed,
dekomori_sanae,凸守早苗
platform_sandals,
vyrn_(granblue_fantasy),ビィ
rosary,ロザリオ
white_armband,
rice_hat,菅笠
hoshimiya_kate,星宮ケイト
moon_phases,月相
oz_(genshin_impact),
ryne_waters,"リーン(FF14),ミンフィリア,琳"
rachel_alucard,レイチェル=アルカード
velvet_crowe,"ベルベット・クラウ,ベルベット"
cum_on_fingers,
phantom_blood,"ファントムブラッド,1部"
tennouboshi_uzume,天王星うずめ
noripro,のりプロ
usa-chan_(idolmaster),うさちゃん
flashback,回想シーン
tenjou_utena,"天上ウテナ,ウテナ,天上欧蒂娜"
vampire_(azur_lane),"吸血鬼(碧蓝航线),ヴァンパイア(アズールレーン)"
rossweisse,"ロスヴァイセ,ロスヴァイセ(ハイスクールD×D)"
pixiv_fantasia_last_saga,"pixivファンタジアLS,ピクファンLS,PFLS"
selvaria_bles,"セルベリア・ブレス,セルベリア"
scorpion_tail,
solid_snake,ソリッド・スネーク
tiefling,ティーフリング
holding_menu,
dissidia_final_fantasy,"ディシディア,ディシディアファイナルファンタジー,DFF,DDFF,DFFNT,DFFOO"
helena_(azur_lane),"海伦娜(碧蓝航线),ヘレナ(アズールレーン),ヘレナ"
akizuki_ryo,秋月涼
racing_suit,レーシングスーツ
blue_bird,青い鳥
condom_left_inside,ゴム残し
osawa_rurino,大沢瑠璃乃
aiba_yumi,相葉夕美
hatakaze_(kancolle),"旗風,旗風(艦隊これくしょん),旗風(艦これ)"
amagi-chan_(azur_lane),"天城ちゃん(アズールレーン),Amagi-chan,天城ちゃん"
cosmic_break,コズミックブレイク
crown_of_thorns,茨の冠
alcremie,マホイップ
poppy_(pokemon),"ポピー(トレーナー),ポピー,ポピー(ポケモン)"
yumi_(bow),和弓
jade_(honkai:_star_rail),ジェイド(スターレイル)
year_of_the_dog,"戌年,狗年"
natsuumi_manatsu,夏海まなつ
konohagakure_shinobi_uniform,
digital_thermometer,
aqua_flower,
temari_ball,"手まり,手鞠(玩具),てまり(玩具),鞠"
covering_with_blanket,
pipimi,ピピ美
grease_(mechanical),
batman,"バットマン,Superbat"
snake_girl,
mipha,ミファー
circle_formation,
star_fox,"スターフォックス,STARFOX"
multiple_expressions,
poppy_(flower),"芥子,雛芥子,雛罌粟,ケシ,ヒナゲシ,ポピー"
mechanic,整備士
zipper_dress,
kageyama_shigeo,"影山茂夫,shigeo_kageyama,mob"
hand_over_another's_mouth,ハンドギャグ
candelabra,
shirosaki_hana,白咲花
dream_journey_(umamusume),"ドリームジャーニー,ドリームジャーニー(ウマ娘)"
yuzu_(maid)_(blue_archive),花岡ユズ(メイド)
mizuhara_chizuru,水原千鶴
ponytail_with_braided_base,
yukari_(blue_archive),"ユカリ(ブルーアーカイブ),ユカリ,勘解由小路ユカリ"
arare_(kancolle),"霰(艦隊これくしょん),霰(艦これ),霰"
movie_theater,映画館
elster_(signalis),エルスター
dark_sakura,黒桜
kiratto_pri_chan,"キラッとプリ☆チャン,キラっとプリ☆チャン,腐リチャン,prichan,반짝이는프리채널,星夢頻道,美妙频道"
spade_hair_ornament,
victorian_maid,"ビクトリアンメイド,クラシックメイド"
cum_on_back,
triangle_print,
bite_mark_on_neck,
asuna_(sao-alo),
heracles_(fate),"バーサーカー,バーサーカー(Fate/staynight),ヘラクレス(Fate)"
chattino_(raora_panthera),Chattino
kuzuha_(nijisanji),"葛葉,KuzuArt,KuzuArt_R,KuzuVtuber,葛葉(にじさんじゲーマーズ),サーニャ,クズハサムネダ"
alcohol_carton,"パック酒,紙パック酒,酒パック"
disguise,変装
leopard_girl,
spiral,
drowning,"溺死,入水,溺水"
hands_on_another's_back,
creeper,"クリーパー,creepers,たくみ,匠,minecraftcreeper,minecraft_creeper"
piano_keys,
cuisses,キュイス
breast_pillow,"乳枕,ちちまくら,胸枕,おっぱいまくら,おっぱい枕"
merman,マーマン
arcane_caitlyn,
animal_hair_ornament,
on_water,
brown_bodysuit,
torn_sweater,
the_coffin_of_andy_and_leyley,"thecoffinofandyandleyley,tcoaal"
amazon_(dragon's_crown),"アマゾン,アマゾン(ドラゴンズクラウン)"
bandaid_on_shoulder,
venti_(archon)_(genshin_impact),
zaku_ii,"ザクII,MS-06"
champagne_bottle,
black_sarong,
saotome_ranma,早乙女乱馬
senki_zesshou_symphogear_xd_unlimited,"戦姫絶唱シンフォギアXD,symphogearxd"
barbell,
liv_(pgr),"丽芙,蚀暗,流光,仰光,极昼"
vsk-94_(girls'_frontline),"VSK-94,VSK-94(ドールズフロントライン),VSK-94(少女前線)"
food_insertion,
shoujo_kageki_revue_starlight_-re_live-,スタリラ
miss_fortune_(league_of_legends),"Miss_Fortune,MissFortune,sarah_fortune"
billy_kid,"比利·奇德,ビリー・キッド,BillyKid"
holding_baby,
cookie_run:_kingdom,"CRK,CookieRunKingdom,쿠키런킹덤,クッキーランキングダム,冲呀饼干人王国,冲呀饼干人王国上线,cookie_run_kingdom,薑餅人王國,姜饼人王国,饼干人王国"
gradient_skirt,
gundam_hathaway's_flash,"閃光のハサウェイ,閃光のハサウェイTVエディション"
nanodesu_(phrase),なのです
boyshort_panties,ボーイレッグ
hands_on_own_chin,
goat_tail,
wax_seal,"封蝋,封蜡,火漆"
wingull,キャモメ
galko,"ギャル子,ギャル子ちゃん"
fio_germi,フィオ・ジェルミ
raspberry,"ラズベリー,树莓,覆盆子"
holding_reins,
aoi_(blue_archive),扇喜アオイ
side-tie_dress,
pyramid_(structure),ピラミッド
polar_bear,"ホッキョクグマ,白くま,シロクマ,しろくま,polarbear"
reed_the_flame_shadow_(arknights),"焰影苇草,焔影リード"
viviana_(arknights),"烛骑士,ヴィヴィアナ(アークナイツ),薇薇安娜"
morgan_(fire_emblem),"マーク,マーク(FE)"
hair_focus,
fireball,"火球,鬼火"
assassin_(fate/zero),
holding_comb,
araki_hirohiko_(style),"荒木飛呂彦,野生の荒木"
shiina_yuika_(1st_costume),椎名唯華(通常)
nightstand,"ナイトテーブル,床头柜"
saury,"サンマ,秋刀魚"
pokemon_bw_(anime),"ベストウイッシュ,アニポケBW"
en_pointe,"ポワント,つま先立ち"
mutsuki_kai_ni_(kancolle),睦月改二
tamamo_cat_(third_ascension)_(fate),
hashtag,ハッシュタグ
bird_on_arm,
dragon_bubble_(arknights),"龙泡泡,龍泡泡,玉(アークナイツ)"
todo_yurika,藤堂ユリカ
deviantart_logo,
tambourine,タンバリン
shy_(series),"SHY-シャイ-,シャイ,SHY"
sakura_miko_(school_uniform),さくらみこ(制服)
nagomi_yui,和実ゆい
celine_(fire_emblem),"セリーヌ,セリーヌ(ファイアーエムブレム)"
wiping_mouth,
zidane_tribal,"ジタン,ジタン・トライバル"
shiranui_flare_(street),"不知火フレア(おでかけ衣装),不知火フレア(おでかけ),不知火フレア(私服)"
barcode_scanner,
shirakami_fubuki_(street),
sekaiju_no_meikyuu_3,世界樹の迷宮3
minato_yukina,"湊友希那,凑友希那"
cum_in_cup,ザーメンジョッキ
kuririn,クリリン
soap_(modern_warfare_2),ソープ・マクタビッシュ
benikurage_(cookie),BNKRG姉貴
untied_bikini_top,
scaramouche_(cat)_(genshin_impact),scarameow
irys_(irys_1.0)_(hololive),"IRyS(旧衣装),アイリス(旧衣装)"
star_ocean_till_the_end_of_time,"スターオーシャン3,so3"
print_hairband,
vertical-striped_bra,
tolkien's_legendarium,"トールキン,Tolkien"
bravely_default_(series),ブレデフォ
surintendante_chevalmarin,
koito_yuu,小糸侑
fading,
flonne,フロン
full_metal_panic!,"フルメタル・パニック,フルメタル・パニック!,フルメタルパニック,フルメタルパニック!,フルメタ"
cutting,
dullahan,デュラハン
dsr-50_(girls'_frontline),"DSR-50,DSR-50(ドールズフロントライン),DSR-50(少女前線),DSR50"
arm_on_own_head,
torn_hat,
yagami_hikari,八神ヒカリ
ballistic_shield,"防弾シールド,防弾盾,バリスティックシールド,バリスティック・シールド"
vajra_(granblue_fantasy),ヴァジラ
asahina_aoi,朝日奈葵
nagi_no_asukara,"凪のあすから,凪あす,来自风平浪静的明天"
kenzaki_makoto,剣崎真琴
barbara_(summertime_sparkle)_(genshin_impact),サマータイムスパークル
ophelia_(fire_emblem),"オフェリア(FEif),オフェリア"
painted_clothes,
stomping,
satono_crown_(umamusume),"サトノクラウン,サトノクラウン(ウマ娘),クラちゃん,サトノグループのクラちゃん,謎のウマ娘01"
card_parody,
yellow_outline,
aquarion_evol,アクエリオンEVOL
footwear_flower,
square_enix,
species_connection,种族相同/相关
super_mario_bros._1,スーパーマリオブラザーズ
clodsire,ドオー
mahouka_koukou_no_rettousei,"魔法科高校の劣等生,魔法科高校的劣等生"
dragon_ball_(object),
clothes_on_floor,
pikmin_(series),"ピクミン,皮克敏,Pikmin"
chicken_leg,
long_scarf,
corsage,コサージュ
crosshatching,"クロスハッチング,交叉排线"
centipede,"ムカデ,百足,むかで,ゲジゲジ"
black_overalls,
female_trainer_(umamusume),女トレーナー(ウマ娘)
lipstick_ring,ルージュリング
christmas_wreath,
lisia_(pokemon),"ルチア,ルチア(トレーナー)"
orange_coat,
kadomatsu,"🎍,門松"
static,"砂嵐,スノーノイズ"
winking_(animated),
spoken_zzz,
orca_girl,"シャチ娘,鯱娘"
fantastic_four,"ファンタスティック・フォー,ファンタスティックフォー,FantasticFour"
rattle,"がらがら,ガラガラ(玩具)"
pyrrha_nikos,"Pyrrha,PyrrhaNikos,pyrrha,ピュラ・ニコス"
lambdadelta,ラムダデルタ
shinigami,死神
green_jumpsuit,
orange_juice,オレンジジュース
shindan_maker,"shindanmaker,二次元女体化してやったー,幼女にしたったー,エロゲヒロインったー,二次元獣耳女体化してやったー,今日の巨乳っ娘つくったー,あなたが魔法少女☆になったらー,あなたを女子高校生化してみたー,女子高生化診断,女子高生化,JK診断,診断メーカー"
gradient_ribbon,
pokobee,ぽこべぇ
sobbing,号泣
tooth,
prostration,"失意体前屈,OTL,OTZ,or2,orZ"
enema,"浣腸,灌腸,灌肠"
green_sweater_vest,
tenryuu_(swimsuit_mode)_(kancolle),天龍(水着)
mega_man_x_dive,"ロックマンXDiVE,RockmanXDiVE,MegaManXDiVE,rockmanxdive,megamanxdive"
low_poly,"lowpoly,ローポリ,低多边形"
selection_university_military_uniform,
ky_kiske,"カイ=キスク,カイ・キスク"
heart_straw,
glowing_mouth,
penis_on_stomach,
cow_costume,
megu_(blue_archive),"下倉メグ,메구"
oda_nobunaga_(maou_avenger)_(fate),魔王信長(Fate)
meta_knight,メタナイト
jigokuraku,地獄楽
eye_print,
moose_(kemono_friends),ヘラジカ(けものフレンズ)
earth_federation,"地球連邦,地球連邦軍,united_earth_federation"
detached_hood,
colored_stripes,
party,
intertwined_tails,"絡みつく尻尾,尾巴缠绕在一起"
box_art,ボックスアート
ring_necklace,
wide_brim,
izayoi_liko,"十六夜リコ,リコ(プリキュア),izayoi_riko"
hentai_ouji_to_warawanai_neko.,"変態王子と笑わない猫。,変態王子と笑わない猫"
hanadera_nodoka,花寺のどか
heart_hands_failure,片思いハート
striped_coat,
onigiri_print,
pose_imitation,
towel_around_waist,
coin_purse,小銭入れ
gravity_falls,"怪奇ゾーングラビティフォールズ,gravityfalls,GravityFalls"
black_bikini_bottom,
natori_(kancolle),"名取,名取(艦隊これくしょん),名取(艦これ)"
kanzuki_karin,神月かりん
awning,"オーニング,어닝"
caracal_(kemono_friends),"カラカル(けものフレンズ),カラカル展,カラカル"
laundry_dragonmaid,"ドラゴンメイド・ラドリー,ドラゴンメイド・フルス"
triangle-shaped_pupils,
tsujino_akari,辻野あかり
camouflage_shirt,
lacus_clyne,ラクス・クライン
identity_v,"IdentityV,identityVイラスト,第五人格,IdentityV第五人格イラコンFA,第腐人格,BL人格,第五百合,性転人格,第五人格イラスト"
paint_on_body,
kairi_(kingdom_hearts),"カイリ,カイリ(キングダムハーツ)"
broken_mask,
face_in_ass,
persona_dancing,
aldnoah.zero,"アルドノア・ゼロ,ALDNOAH.ZERO"
white_flag,白旗
train_conductor,車掌
team_magma,マグマ団
hooters,"HOOTERS,フーターズ,POOTERS"
monster_focus,
tokarev_(girls'_frontline),"Tokarev,tokarev,トカレフ,TT-33,托卡列夫,トカレフ(ドールズフロントライン),トカレフ(少女前線)"
cu_chulainn_alter_(fate),"クー・フーリン・オルタ,タニキ,オルタニキ"
blue_nipples,
a_(phrase),
villager_(animal_crossing),むらびと
vampire_(vocaloid),"ヴァンパイア,ヴァンパイア(DECO*27)"
bikini_day,ビキニの日
blood_on_wall,
kitten,"子猫,kittens"
iron_saga,"機動戦隊アイアンサーガ,机动战队,機動戰隊,アイサガ,IronSaga,MetalWartale,アイアンサーガ,機動戦隊アイアンサーガイラコン,アイアンサーガVS,IronSagaVS"
fur-tipped_tail,
holding_chainsaw,
alena_(dq4),"アリーナ,アリーナ姫"
pickup_truck,"ピックアップトラック,軽トラ,軽トラック"
cum_on_floor,
critter_pick_(honkai:_star_rail),猫糕
grilling,
bokura_wa_ima_no_naka_de,僕らは今のなかで
broken_eyewear,
grey_pubic_hair,
thai_text,"タイ語,タイ文字,ภาษาไทย"
elira_pendora_(1st_costume),エリーラ・ペンドラ(通常)
doodle_inset,
shaped_pubic_hair,
undersuit,"アンダースーツ,インナースーツ,インナー,ピッチリアンダー,ギアインナー"
re:creators,"Re:CREATORS,レクリエイターズ"
hiyou_(kancolle),"飛鷹,飛鷹(艦隊これくしょん),飛鷹(艦これ)"
cheek_rest,
roto_(dq3),"勇者(DQ3),勇者ロト,男勇者(DQ3),女勇者(DQ3)"
kasuga_mirai,春日未来
hatsumoude,初詣
hikage_(senran_kagura),"日影,日影(閃乱カグラ)"
alpha_signature,
anchor_earrings,
skull_on_head,
skeletal_arm,
aqua_sailor_collar,
himekawa_yuki,姫川友紀
michiru_(blue_archive),"千鳥ミチル,千鸟满,미치루,小满"
midare_toushirou,乱藤四郎
just_shoes,
waving_arms,
handshake,握手
skating,
stellar_blade,"StellarBlade,스텔라블레이드,ステラブレイド,ステラーブレイド"
large_syringe,
kuroka_(high_school_dxd),黒歌
foot_dangle,
blood_on_chest,
fake_halo,
flirting,调情
f-ism,
x_fingers,
beaker,"ビーカー,烧杯"
green_camisole,
flayn_(fire_emblem),"フレン,フレン(FE)"
european_architecture,
chiyoda_(kancolle),"千代田,千代田(艦隊これくしょん),千代田(艦これ),乳代田"
mordred_(swimsuit_rider)_(first_ascension)_(fate),
powering_up,
theresa_apocalypse_(luna_kindred),"月下の抱擁,月下初拥,月下"
penis_on_head,
ichigaya_arisa,市ヶ谷有咲
tokimeki_memorial,"ときめきメモリアル,ときメモ"
baking,
jibril_(no_game_no_life),"ジブリール,ジブリール(NGNL),吉普莉尔"
shorts_aside,
japan_self-defense_force,"自衛隊,JSDF"
cure_prism,キュアプリズム
ness_(mother_2),"ネス,ネスサン"
multiple_unit_train,気動車
emoticon,顔文字
high-visibility_clothing,
hazuki_ren,葉月恋
spray_paint,
electric_plug_tail,
bars,
checkered_hairband,
sakura_empire_(emblem),重樱
armpit_hair_peek,
book_on_lap,
shark_fin,
v4x,
colored_eyepatch,
mononobe_alice,"物述有栖,有栖の絵本,白鳥生子"
collared_shrug,
cocktail_shaker,シェイカー
len'en,"鏈縁Project,連縁Project,鏈縁,連縁,链縁,len_en_art,连缘,链缘,连缘project,lenen_10th,連緣project,連緣"
lampshade,
ribbon-trimmed_capelet,
hollow_knight,"HollowKnight,ホロウナイト,空洞骑士"
paper_on_head,
god_eater_burst,ゴッドイーターバースト
white_tunic,
long_eyebrows,
elbow_on_table,
kyuudou,弓道
convertible,"オープンカー,カブリオレ,コンバーチブル,オープンカーの日,敞篷车"
priestess_(goblin_slayer!),"女神官(ゴブリンスレイヤー),女神官"
nanakusa_nazuna_(yofukashi_no_uta),"七草ナズナ,七草ナズナ(よふかしのうた)"
hinata_kaho,日向夏帆
cardiogram,"ECG,EKG,心電図,心电图"
eotech,
eizouken_ni_wa_te_wo_dasu_na!,"映像研には手を出すな!,映像研には手を出すな,keep_your_hands_off_eizouken"
pink_sclera,
skirt_caught_on_object,
criss-cross_straps,
shirakami_fubuki_(loungewear),
the_elder_scrolls_v:_skyrim,スカイリム
samson_(skullgirls),サムソン
black_sleeve_cuffs,
on_innertube,
live_a_hero,"LIVEAHERO,ラブヒロ,ライブ・ア・ヒーロー!"
underwear_writing,
franziska_von_karma,"狩魔冥,かるまめい"
aztec,アステカ
pink_butterfly,
hands_on_shoulders,
nekoyashiki_yuki,猫屋敷ユキ
fennekin,フォッコ
arashio_kai_ni_(kancolle),
breast_zipper,
shiranui_flare_(old_design),不知火フレア(旧衣装)
spray_bottle,
color_trace,
magic_knight_rayearth,魔法騎士レイアース
lord_el-melloi_ii,"ロード・エルメロイII世,諸葛孔明"
magikarp,コイキング
maji_de_watashi_ni_koi_shinasai!,"真剣で私に恋しなさい!,真剣で私に恋しなさい!!,まじこい,マジ恋,真剣で私に恋しなさい"
green_scales,
poison_(final_fight),"ポイズン,ポイズン(ファイナルファイト)"
hand_milking,
colored_condom,
biwa_lute,琵琶
fist_pump,
hinoa,"ヒノエ,ヒノエ(モンスターハンターライズ)"
head_between_thighs,
space_ereshkigal_(fate),"スペース・エレシュキガル,エレシュキガル(水着)"
heart_halo,
nekota_tsuna,"猫汰つな,ねこたぺすとりー"
sekaiju_no_meikyuu_1,
matoi_(pso2),マトイ
black_souls_2,
kanshou_&_bakuya_(fate),
rainbow_six_siege,"レインボーシックスシージ,rainbowsixsiege,R6S,Rainbow6Siege,R6Art,R6Community"
sombra_(overwatch),"ソンブラ,sombra"
catura_(granblue_fantasy),"シャトラ,シャトラ(グラブル)"
saionji_hiyoko,西園寺日寄子
incoming_punch,
world_is_mine_(vocaloid),ワールドイズマイン
shylily,"ShylilyArt,ShylilyNSFW,ShylilyLive,シャイリリー"
bc_freedom_school_uniform,
train_station_platform,"駅のホーム,プラットホーム"
ankha_(animal_crossing),"ナイル,ナイル(どうぶつの森),Ankha"
hoshino_(girls_und_panzer),"ホシノ,ホシノ(GuP),星野慶子,レオポンさんチーム,自動車部"
viewer_on_leash,
floating_neckwear,
shez_(female)_(fire_emblem),
covering_own_ears,
kayoko_(new_year)_(blue_archive),"正月カヨコ,鬼方カヨコ(正月)"
oktavia_von_seckendorff,"Oktavia_von_Seckendorff,オクタヴィア・フォン・ゼッケンドルフ"
type_97_(girls'_frontline),"97式,QBZ-97,97式自動歩槍,97式(ドールズフロントライン),97式(少女前線),QBZ-97(ドールズフロントライン),QBZ-97(少女前線)"
thumbs_down,サムズダウン
heavy,
cloud_hair_ornament,
rabbit_on_head,
elf-san_wa_yaserarenai.,"エルフさんは痩せられない。,エルフさんは痩せられない"
menacing_(jojo),ゴゴゴゴ
sauce,
takafuji_kako,鷹富士茄子
fake_video,
purple_border,
mud,どろ
neon_palette,"ネオン,ネオンカラー,蛍光色,荧光色,霓虹色,全息色,镭射色"
double_exposure,"多重露光,轮廓填充,负空间剪影"
scamp_(kancolle),"Scamp,Scamp(艦隊これくしょん),Scamp(艦これ),スキャンプ,スキャンプ(艦隊これくしょん),スキャンプ(艦これ)"
akira_(manga),アキラ
illyasviel_von_einzbern_(beast_style),
marina_(blue_archive),"池倉マリナ,マリナ,이케쿠라마리나,마리나"
ange_(princess_principal),"アンジェ(プリンセス・プリンシパル),アンジェ"
spider_print,
cast,
blue_archive_the_animation,ブルアカTVアニメ
da_capo,"ダ・カーポ,D.C."
sugoi_dekai,SUGOIDEKAI
sprite,
miku_symphony_(vocaloid),"初音ミクシンフォニー,初音シンフォニー"
hatterene,ブリムオン
yoshikawa_yuuko,吉川優子
summertime_render,"サマータイムレンダ,夏日重现"
red_male_underwear,
gradient_jacket,
graduation,"卒業,卒業式,毕业"
obese,"肥満化,男の肥満化"
tomori_nao,友利奈緒
hololive_dance_practice_uniform,ホロライブダンス練習着
hololive_grand_theft_auto,"holoGTA,holoGTAFA,ホロライブグランドセフトオート,ホロGTA,ホロライブGTA"
yatogami_tohka,"夜刀神十香,やとがみとおか"
green_sky,
trolling,
bisexual_male,
fortnite,"Fortnite,FortniteArt,フォートナイト,フォートナイトイラスト,フォトナ美術部,フォトナ"
vane_(granblue_fantasy),"ヴェイン,ヴェイン(グラブル)"
hands_on_another's_stomach,
kamina_(ttgl),カミナ
the_witcher_(series),"Witcher,witcher,Wiedzmin,ウィッチャー"
vigna_(arknights),"红豆,ヴィグナ(アークナイツ),ヴィグナ"
nanami_touko,七海燈子
mahou_shoujo_madoka_magica_movie_1_&_2,"劇場版魔法少女まどか☆マギカ,始まりの物語/永遠の物語"
mousepad_(object),鼠标垫
green_serafuku,
queen_of_sheba_(fate),"シバの女王,ミドラーシュのキャスター,シバの女王(Fate),示巴女王"
ellen_baker,"エレン・ベーカー,エレン先生,えっちなエレン先生,エレン・ベーカー先生"
bishoujo_senshi_sailor_moon_supers,
hoshino_hinata,星野ひなた
hangar,
pointing_down,
green_pubic_hair,
poi,"ポイ,っぽい,ぽい"
airi_(band)_(blue_archive),"栗村アイリ(バンド),アイリ(バンド)"
tegaki,手書きブログ
trotter_(honkai:_star_rail),次元プーマン
honoka_(doa),ほのか(DOA)
gesture,
baka_to_test_to_shoukanjuu,"バカとテストと召喚獣,バカテス,笨蛋测验召唤兽"
onigirya_(nekomata_okayu),"おにぎりゃー,おにおか"
impossible_sweater,
wrist_flower,
hoshino_miyako_(wataten),"星野みやこ,みゃー姉"
ring-con,
queen_of_spades_symbol,QOS
pani_poni_dash!,"ぱにぽに,ぱにぽにだっしゅ!"
crown_hair_ornament,
bident,二叉槍
holding_torpedo,
jack-o'-lantern_hair_ornament,
shirt_bow,
saileach_(arknights),"琴柳,Saileach,サイラッハ,サイラッハ(アークナイツ),サイラーハ,サイラーハ(アークナイツ)"
no_hair_ornament,
inari_one_(umamusume),"イナリワン,イナリワン(ウマ娘)"
yui_(angel_beats!),"ユイ,ユイ(AngelBeats!)"
lazy_eye,斜視
himejoshi,姫女子
rukuriri_(girls_und_panzer),"ルクリリ,ルクリリ(GuP),後田さん,聖グロリアーナ女学院,キャプリリ"
hanging_scroll,"掛軸,掛け軸"
utawarerumono:_itsuwari_no_kamen,"偽りの仮面,うたわれるもの"
anya's_heh_face_(meme),"よゆうのえみ,アーニャスマイル"
chen_(cat),
pirate_costume,
kimi_to_semi_blue_(idolmaster),キミとセミブルー
kirschtaria_wodime,キリシュタリア・ヴォーダイム
miyako_(hidamari_sketch),宮子
living_room,
orange_gemstone,
purple_camisole,
holding_dog,
bellibolt,ハラバリー
holding_lightsaber,
tateyama_ayano,"楯山文乃,アヤノ,シンアヤ"
god_eater_2:_rage_burst,"ゴッドイーター2,GE2RB"
rei_(cookie),"RI姉貴,RIくん,RI君"
yandere_trance,恍惚のヤンデレポーズ
swimsuit_skirt,
pleated_shirt,
zdrada_(helltaker),"ズドラーダ_(helltaker),ズドラーダ"
mikazuki_yozora,三日月夜空
atelier_totori,トトリのアトリエ
gradient_kimono,
tanaka_asuka,田中あすか
mp7_(girls'_frontline),"MP7,MP7(ドールズフロントライン),MP7(少女前線)"
forward_facing_horns,
pussy_cutout,
faputa,"ファプタ,法仆塔"
frilled_shawl,
inktober,"inktober,インクトーバー,いんくとーばー"
glory_hole,"ラッキーホール,グローリーホール"
getter_robo,"ゲッターロボ,GetterRobo"
hidden_star_in_four_seasons,"東方天空璋,天空璋"
cheren_(pokemon),"チェレン,チェレン先生,チェレン(トレーナー),チェレベル,チェレ主♀,チェレ主♂,チェレトコ"
haunter,"ゴースト,ゴースト(ポケモン)"
sailor_chibi_moon,"セーラーちびムーン,ちびムーン"
carrot_print,
stacking,
akuma_no_riddle,悪魔のリドル
dennou_shoujo_siro,"電脳少女YouTuberシロ,電脳少女シロ,SiroArt"
azusa_(swimsuit)_(blue_archive),アズサ(水着)
eriko_(princess_connect!),"倉石恵理子,エリコ(プリコネ),エリコ"
ao_no_kiseki,"碧の軌跡,軌跡シリーズ"
yokosuka_girls_marine_high_school_uniform,
cure_peace,キュアピース
holding_feather,
petra_macneary,"petra_macneary,ペトラ=マクネアリー"
leggings_under_shorts,
right-over-left_kimono,左前
oozora_subaru_(hololive_summer_2019),"大空スバル(ホロライブ・サマー2019),大空スバル(ホロサマ2019)"
amano_pikamee,"天野ピカミィ,amanopikamee,pikamee,pikart,pikatube,isekaipikamee,pikarmy"
cooperative_handjob,W手コキ
brown_robe,
snow_globe,"スノードーム,スノーグローブ,雪花球"
azki_(4th_costume)_(hololive),AZKi新ビジュアルお披露目
luo_xiaohei,"小黒,小黑,罗小黑,羅小黑,羅小黒,シャオヘイ"
glass_door,"ガラス戸,玻璃门"
ars_almal,"アルス・アルマル,マル描いてちょんっ,解き放たれし右手"
uneven_footwear,
byakugan,"白眼,백안"
kiritani_haruka,桐谷遥
snow_leopard_girl,
pink_babydoll,
nero_claudius_(olympian_bloomers)_(fate),"ネロブルマ,オリンピアの体操服"
reverse_nursing_handjob,"乳首舐め手コキ,乳首責め手コキ"
pixiv_fantasia_t,"pixivファンタジアT,ピクファンT,PFT新津新天地編"
touwa_erio,藤和エリオ
the_owl_house,"TheOwlHouse,theowlhouse,TOH,アウルハウス"
hibari_(senran_kagura),"雲雀,雲雀(閃乱カグラ)"
moose_ears,
tamamo_no_mae_(swimsuit_lancer)_(second_ascension)_(fate),
devil_may_cry_3,DMC3
racing_miku_(2022),レーシングミク2022
lil-la_(yu-gi-oh!),"Live☆Twinリィラ,Evil★Twinリィラ,リィラ,リィラ(遊戯王),Live☆Twinリィラ・トリート,Evil★Twinsキスキル・リィラ"
tenkajin_chiyari,"天火人ちやり,天火人千枪,텐카진치야리,天火人血枪"
abigail_williams_(second_ascension)_(fate),
flaming_hand,
rena_erindel,レナ
:s,
year_of_the_rooster,"酉年,鸡年"
unworn_hairband,
on_box,
shalom_(path_to_nowhere),"シャローム,瑟琳,샬롬"
breath_of_fire_ii,"ブレスオブファイア2,bof2"
mazinger_(series),マジンガー
foot_pussy,
witch_(madoka_magica),魔女(魔法少女まどか☆マギカ)
green_pajamas,
teamwork,
wii_fit,
bikini_around_one_leg,片足ビキニ
male_underwear_peek,
taichou_haori,
marvel_vs._capcom,"マーヴルVSカプコン,MVC,MARVELvsCAPCOM"
giant_male,"巨大男,巨大少年,巨大カップル"
red_outline,
fujimaru_ritsuka_(female)_(decisive_battle_chaldea_uniform),決戦用カルデア制服
kodomo_no_jikan,こどものじかん
ore_twintail_ni_narimasu,"俺、ツインテールになります。,俺、ツインテールになります,俺ツイ"
sparse_stubble,
gabriel_tenma_white,"天真=ガヴリール=ホワイト,ガヴリール,ガヴィーネ,ガヴサタ"
tamamo_cat_(first_ascension)_(fate),
accidental_pervert,ラッキースケベ
muv-luv_total_eclipse,"トータルイクリプス,トータル・イクリプス,TE_anime"
taokaka,タオカカ
ribbon_between_breasts,
oboro_muramasa,"朧村正,胧村正,雷神(朧村正)"
higashikata_josuke,"東方仗助,仗助,仗億"
flaming_eyes,
fruit_on_head,
queen's_gate,クイーンズゲイト
white_heart_(neptunia),"ホワイトハート,white_heart"
cowboy,"カウボーイ,카우보이,牛仔"
depth_charge,爆雷
sad_smile,
single_drill,
donut,
murasaki_shikibu_(first_ascension)_(fate),
anna_(fire_emblem),"アンナ,アンナ(ファイアーエムブレム),アンナ(FE)"
dorothy_(arknights),"多萝西,ドロシー(アークナイツ)"
sharingan,"写輪眼,寫輪眼,写轮眼,사륜안"
comiket,"コミケ,コミケット,コミックマーケット"
eiyuu_senki,英雄戦姫
print_pants,
purple_corset,
layered_gloves,
noi_(dorohedoro),能井
win_variation_(umamusume),"ウインバリアシオン,ウインバリアシオン(ウマ娘),凯旋芭蕾"
ookami_(game),大神
pink_feathers,
shaking_head,
kobeya_uniform,"神戸屋,神戸屋制服"
moe_moe_kyun!,"萌え萌えキューン!,MMQ"
measurements,
nenohi_(kancolle),"子日,子日(艦隊これくしょん),子日(艦これ)"
holding_milk_carton,
evertale,"エバーテイル,Evertale"
puppet_rings,
holding_crowbar,
high-visibility_vest,安全ベスト
drifloon,フワンテ
seliph_(fire_emblem),"セリス,セリス・バルドス・シアルフィ,seliph_baldos_chalphy,celice_baldos_chalphy"
against_window,
polaroid_photo,"ポラロイド,インスタントカメラ,拍立得,チェキ"
kemono_friends_2,けものフレンズ2
gingerbread_man,
sonia_nevermind,ソニア・ネヴァーマインド
suikawari,スイカ割り
lancelot_(fate/grand_order),ランスロット(Fate)
kuraue_hinata,倉上ひなた
tsukuyo_(blue_archive),"ツクヨ(ブルーアーカイブ),大野ツクヨ,츠쿠요"
holding_carrot,
zuikaku_kai_ni_(kancolle),瑞鶴改二
iron_blood_(emblem),
sweater_jacket,
space_ishtar_(fate),"スペース・イシュタル,スペースイシュタル"
yoru_mac,"特別じゃない、しあわせな時間。,夜マック,夜マック店長,夜マックアニメシリーズ"
flower_hairpin,
levi_(shingeki_no_kyojin),"リヴァイ,リヴァイ・アッカーマン"
dead_or_alive_xtreme,"デッドオアアライブエクストリ,DOAX,DOAXVV"
archery_shooting_glove,
cowering,カリスマガード
rubik's_cube,"ルービックキューブ,魔方"
404_(girls'_frontline),404小隊
aioi_yuuko,相生祐子
clothed_robot,
magatama_hair_ornament,
shuten_douji_(first_ascension)_(fate),
unhappy,
belldandy,ベルダンディー
meteion,"メーティオン,梅蒂恩,메테이온"
kasugano_sora,春日野穹
death-sensei_(mori_calliope),
side-seamed_legwear,
hip_armor,
makai_senki_disgaea_2,魔界戦記ディスガイア2
ashford_academy_school_uniform,
maki_(camp)_(blue_archive),
organs,
expression_chart,表情練習
symmetrical_pose,
chocolate_banana,チョコバナナ
suisei_no_gargantia,翠星のガルガンティア
fighting_game,"格ゲー,FGC"
dead_master,"デッドマスター,死亡主宰"
horned_hood,
coral_(pokemon),サンゴ(アニポケ)
ofuda_between_fingers,
bike_jersey,サイクルジャージ
agrias_oaks,"アグリアス,アグリアス・オークス"
persona_4:_the_ultimate_in_mayonaka_arena,"P4U,ペルソナ4ジ・アルティメットインマヨナカアリーナ"
jug_(bottle),
school_of_fish,"魚群,鱼群"
orange_sclera,
king_dedede,デデデ大王
holding_pickaxe,
map_(object),
golden_snub-nosed_monkey_(kemono_friends),"キンシコウ,キンシコウ(けものフレンズ)"
shugo_chara!,"しゅごキャラ!,しゅごキャラ,守护甜心,しゅごキャラ!!どきっ,しゅごキャラ!パーティー!"
houshou_marine_(marching_band),
hugging_another's_leg,
spines,
quad_braids,
monster_hunter_wilds,"MHWILDS,モンハンワイルズ"
ace_combat,エースコンバット
waist_sash,
vladilena_millize,"ヴラディレーナ・ミリーゼ,レーナ"
liver_city,"LiverCity,絵守未來プロジェクト"
multiple_monitors,
wooper,ウパー
isolated_island_oni,離島棲鬼
senbei,"煎餅,せんべい,仙贝"
nameless_dagger_(fate),無銘短剣
listener_(inugami_korone),
female_ejaculation_through_clothes,
signpost,"道標,道しるべ"
tea_party_(blue_archive),"ティーパーティー(ブルーアーカイブ),ティーパーティー"
swallowing,
clara_(honkai:_star_rail),"克拉拉,クラーラ,클라라,クラーラ(スターレイル)"
tour_guide,"案内人,あんないにん,ガイド,ツアーガイド"
white_mouth,
fingers_to_mouth,
black_pouch,
shigure_ui_(vtuber)_(young),"しぐれうい(9さい),ロリうい"
greek_cross,ギリシャ十字
unworn_legwear,
gundam_0083,"機動戦士ガンダム0083,ガンダム0083"
kumbhira_(granblue_fantasy),"クビラ,クビラ(グラブル)"
south_park,サウスパーク
pachirisu,パチリス
kousaka_umi,高坂海美
navi,"ナビィ(ゼルダの伝説),ナビィ"
higurashi_kagome,"日暮かごめ,日暮戈薇"
time_stop,"時間停止,時姦,時止め"
high_elf_archer_(goblin_slayer!),"妖精弓手,妖精弓手(ゴブリンスレイヤー)"
tickling_sides,
tennis,テニス
ribbon-trimmed_shirt,
morinaka_kazaki,"森中花咲,森中びじゅつかん"
dragon_ball_heroes,"ドラゴンボールヒーローズ,スーパードラゴンボールヒーローズ,SDBH"
rape_face,
gem_hair_ornament,
cat's_cradle,"あやとり,翻花绳,翻线戏"
divine_gate,"ディバインゲート,ディバゲ,DivineGate"
xinyan_(genshin_impact),"辛炎,辛炎(原神),辛焱,Xinyan,신염"
kafuu_chino's_school_uniform,
metal_gear_rising:_revengeance,"MGR,メタルギアライジング"
person_on_head,
gold_belt,
kikuzuki_(kancolle),"菊月,菊月(艦隊これくしょん),菊月(艦これ)"
toad_(mario),キノピオ
blood_halo,
fingering_from_behind,背後から手マン
noshiro_(azur_lane),"能代(アズールレーン),貅,能代"
pin,
blueberry_academy_school_uniform,
mia_taylor,"ミアテイラー,ミア・テイラー"
yuki_onna,雪女
tantei_opera_milky_holmes,"探偵オペラミルキィホームズ,ミルキィホームズ"
bubble_bath,泡風呂
itsuka_kotori,五河琴里
fungi_(genshin_impact),キノコン
calvin_klein,カルバン・クライン
morning_glory_print,
two-tone_pants,
henshin_pose,
fudo_yusei,不動遊星
w_over_eye,
penguin_costume,
yumehara_nozomi,夢原のぞみ
ushiromiya_maria,右代宮真里亞
red_wrist_cuffs,
testament_(guilty_gear),"テスタメント,テスタメント(ギルティギア)"
shogi,"将棋,쇼기"
kagura_suzu,神楽鈴
inuyasha_(character),"犬夜叉(主人公),犬夜叉"
year_of_the_pig,"亥年,猪年"
vita_(honkai_impact),"薇塔,ヴィータ,ヴィタ(崩壊3rd)"
kokoro_(hakui_koyori),kokoron
kai'sa,"Kai'Sa,カイ=サ,卡莎"
grani_(arknights),"格拉尼,グラニ,グラニ(アークナイツ)"
pink_fire,
crisis_core_final_fantasy_vii,"クライシスコア,CCFF7,CCFFVII,FF7CC,FFVIICC"
brown_serafuku,
learning_with_manga!_fgo,"マンガで分かる!Fate/GrandOrder,もっとマンガで分かる!Fate/GrandOrder,ますますマンガで分か!Fate/GrandOrder"
super_pochaco,すーぱーぽちゃ子
justice_gakuen,"ジャスティス学園,rival_schools,ジャス学,rivalschools"
bad_leg,
blue_mittens,
blue_wrist_cuffs,
red_panda_ears,
unworn_swimsuit,
asamiya_athena,麻宮アテナ
oryou_(fate),"お竜さん,お竜さん(Fate)"
ralts,ラルトス
shiina_mayuri,"椎名まゆり,まゆしぃ,トゥットゥル"
soldier:_76_(overwatch),"soldier76,ソルジャー76,R76,reaper76"
kuriyama_mirai,栗山未来
paw_print_soles,
titan_(shingeki_no_kyojin),
shirasagi_chisato,白鷺千聖
dodging,
megurigaoka_high_school_uniform,
tweyen_(granblue_fantasy),"ソーン(グラブル),ソーン"
dragonite,カイリュー
bedivere_(fate),ベディヴィエール(Fate)
layla_(idolmaster),"ライラ(シンデレラガールズ),ライラ(アイドルマスター),ライラさん"
washington_(kancolle),"Washington,Washington(艦これ),Washington(艦隊これくしょん),ワシントン(艦これ),ワシントン(艦隊これくしょん),ワシントン"
shiny_and_normal,
oar,"オール,櫂"
bamboo_shoot,"タケノコ,竹の子,筍,죽순"
cheese_trail,
bayonetta_2,
motoyui,元結い
snowbreak:_containment_zone,"尘白禁区,塵白禁區,Snowbreak,WhiteFortressBattlefront,ProjectSnow,スノブレ,スノウブレイク:禁域降臨,塵白禁域,スノウブレイク"
rhythmic_gymnastics,"新体操,艺术体操"
holding_barcode_scanner,
soda_(nikke),ソーダ(勝利の女神:NIKKE)
priestess,"女神官,Priestess"
aa-12_(girls'_frontline),"AA-12(少女前線),AA-12,AA-12(ドールズフロントライン)"
hanna-justina_marseille,"ハンナ・ユスティーナ・マルセイユ,Hanna-Justina,ハンナ・ユスティーナ・ヴァーリア・ロザリンド・ジークリンデ,ハンナ・ユスティーナ"
dildo_under_panties,
wireless_earphones,无线耳机
sketch_background,
daifuku_(yukihana_lamy),
piranha_plant,パックンフラワー
dirigible,飛行船
tokiwadai_school_gym_uniform,
flat_screen_tv,
becky_blackbell,ベッキー・ブラックベル
strawberry_cake,イチゴのケーキ
survey_corps_(emblem),"調査兵団,調查兵團,调查兵团,조사병단"
kimi_kiss,キミキス
holding_watering_can,
greninja,ゲッコウガ
wii_fit_trainer,"Wiiフィットトレーナー,WiiFitトレーナー"
yakisoba,"焼きそば,焼き蕎麦,焼そば,やきそば"
paradeus,"帕拉蒂斯,パラデウス,涅托,nyto"
toujou_koneko,塔城小猫
kuromiya_raika_(kuromiya),黒宮雷華
larry_(pokemon),"アオキ(トレーナー),アオキ,アオキ(ポケモン),청목,青木"
flailing,
staff_of_homa_(genshin_impact),"护摩之杖,護摩の杖"
ryuuhou_(kancolle),"龍鳳,龍鳳(艦隊これくしょん),龍鳳(艦これ)"
white_helmet,
pink_sarong,
makoto_(princess_connect!),"マコト(プリコネ),マコト,安芸真琴"
double_strap_slip,
pokemon_unite,"ポケモンユナイト,ポケモンunite,포켓몬유나이트,宝可梦大集结,PokemonUNITE"
white_blindfold,
patterned_legwear,
frankenstein's_monster_(swimsuit_saber)_(fate),フランケンシュタイン(水着)
black_trim,
arle_nadja,"アルル,アルル・ナジャ,亚鲁鲁·娜嘉,亞魯魯,아르르,シェアル"
penetration_gesture,
alternate_pectoral_size,
striped_pajamas,
izumi_(blue_archive),"獅子堂イズミ,시시도우이즈미"
unworn_gag,
ozen,"オーゼン,奥森"
green_sports_bra,
ch'en_the_holungday_(arknights),"假日威龙陈,遊龍チェン"
wide_face,へちょ絵
worm,
green_eyeshadow,
flygon,フライゴン
lifeguard,ライフガード
inui_sajuna,乾紗寿叶
pectoral_focus,
nico_nico_nii,にっこにっこにー
open_pajamas,
implied_pantyshot,
blue_lock,"ブルーロック,腐ルーロック,蓝色监狱,ブルーロックFA,夢ロック,夢ルーロック,bllプラス,青檻プラス"
whale_hat,
rosario+vampire,ロザリオとバンパイア
nagant_revolver_(girls'_frontline),"ナガンM1895,M1895,M1895(少女前線),M1895(ドールズフロントライン)"
thick_chest_hair,
degenbrecher_(arknights),"黑骑士,锏,デーゲンブレヒャー(アークナイツ),鐧,데겐블레허"
hatake_kakashi,"はたけカカシ,六代目火影"
keyring,
school_rumble,スクールランブル
larcei_(fire_emblem),ラクチェ
indie_utaite,
kiso_kai_ni_(kancolle),木曾改二
chibi_on_head,
reshiram,レシラム
nero_claudius_(bride)_(second_ascension)_(fate),
daiichi_ruby_(umamusume),ダイイチルビー(ウマ娘)
sanada_akihiko,真田明彦
ookami_mio_(street),"大神ミオ(おでかけ衣装),大神ミオ(おでかけ),大神ミオ(私服)"
mask_over_one_eye,
naked_paint,
inner_senshi,内部太陽系戦士
cockroach,"🪳,ゴキブリ,アブラムシ,アマメ"
kappa,河童
glove_pull,
swablu,チルット
hokuto_no_ken,"北斗の拳,北斗の艦,北斗の拳ニンジン味,北東の拳,北斗の拳イチゴ味,北斗神拳"
sayagata,紗綾形
mountain_of_faith,"東方風神録,風神録"
happy_facial,
hiyori_(swimsuit)_(blue_archive),槌永ヒヨリ(水着)
minoto,ミノト
totodile,ワニノコ
x_arms,
naka_kai_ni_(kancolle),
bus_interior,バス
eve_(stellar_blade),"Eve,イヴ(Stellar_Blade),イヴ"
blowhole,
stomach_growling,"腹の虫,腹の音"
kuramoto_china,"倉本千奈,倉本千奈生誕祭2024,倉本千奈誕生祭2024"
splatoon_3:_side_order,SideOrder
kan'u_unchou,関羽雲長
yellow_feathers,
wii_fit_trainer_(female),WiiFitトレーナー
floating_sword,
strength_(black_rock_shooter),"ストレングス,strength"
record_of_lodoss_war,ロードス島戦記
yellow_sailor_collar,
sharing_food,
cupless_bikini,
tsukikage_yuri,月影ゆり
tower_of_fantasy,"幻塔手游,幻塔,TowerofFantasy,Tower_of_Fantasy,TOF"
super_mario_odyssey,"スーパーマリオオデッセイ,オデッセイ"
pickelhaube,ピッケルハウベ
yamagou_ayumi,"山郷あゆみ,ウサギさんチーム"
primarina,アシレーヌ
bursting_ass,
tucked_money,
portgas_d._ace,ポートガス・D・エース
short_yukata,ミニ浴衣
traffic,"交通,こうつう"
holding_paddle,
arm_shield,
takemi_tae,"たけみたえ,武見妙"
bokukawauso,ボクカワウソ
holding_racket,
spiked_helmet,
yoshimi_(band)_(blue_archive),"伊原木ヨシミ(バンド),ヨシミ(バンド)"
brushing_own_hair,
charisma_break,カリスマブレイク
higuchi_kaede_(1st_costume),"樋口楓(通常),樋口楓(冬制服)"
joseph_joestar_(young),ジョセフ・ジョースター
cagalli_yula_athha,カガリ・ユラ・アスハ
venusaur,フシギバナ
knit_hat,"ニット帽,비니"
hedgehog,"🦔,ハリネズミ"
invisible_floor,
nier_(granblue_fantasy),"ニーア(グラブル),ニーア"
yellow_umbrella,
bazett_fraga_mcremitz,"バゼット・フラガ・マクレミッツ,バゼット"
stuffed_bird,
tailjob,
buttjob_over_clothes,
pleading_face_emoji,"🥺,ぴえん"
tarot_card,
the_great_ace_attorney,"大逆転裁判,tgaa,dgs,大逆转裁判,thegreataceattorney"
sailor_collar_lift,
super_mushroom,スーパーキノコ
koyanskaya_(assassin)_(first_ascension)_(fate),
swirl,
numby_(honkai:_star_rail),"カブ(スターレイル),トパーズ&カブ"
covering_chest,
senkou_hanabi,線香花火
planted_umbrella,
ichii_yui,櫟井唯
alpha_(pgr),"深红之渊,深红囚影"
multicolored_necktie,
arms_on_knees,
long_hoodie,
gallade,エルレイド
gerudo_set_(zelda),ゲルドリンク
singlet,シングレット
oda_nobunaga_(swimsuit_berserker)_(fate),織田信長(水着)
buried,
snow_on_head,
diamond_(houseki_no_kuni),ダイヤモンド(宝石の国)
orange_cat,
trapped,
bikini_tug,
holding_jar,
spiked_armor,
kneeless_mermaid,
hoshina_hikaru,星奈ひかる
cheshire_cat_(alice_in_wonderland),チェシャ猫
wet_face,
lace-trimmed_headwear,
extended_downblouse,
undone_neckerchief,
kei_(robot)_(blue_archive),
25-ji_miku,"ニーゴミク,25Miku"
shirt_under_dress,
recurring_image,
magic:_the_gathering,"MTG,マジック:ザ・ギャザリング,マジック・ザ・ギャザリング"
object_in_clothes,
kaneki_ken,金木研
artoria_pendragon_(swimsuit_archer)_(fate),アルトリア・ペンドラゴン(水着)
qingque_(honkai:_star_rail),"青雀,Qingque"
spork,"先割れスプーン,스포크,叉勺"
minazuki_(kancolle),"水無月,水無月(艦隊これくしょん),水無月(艦これ)"
squigly_(skullgirls),"squigly,スクィグリー"
dollar_sign,
orange_bandana,
mugshot,"マグショット,入狱照,入案照,入监照"
blue_corset,
mary_(ib),"メアリー(Ib),メアリー"
myoudouin_itsuki,明堂院いつき
amazon_(company),Amazon
lewis_smith,"ルイス・スミス,スミイサ"
project_kv,"プロジェクトKV,ProjectKV"
keyblade,キーブレード
magical_boy,魔法少年
iv_stand,点滴スタンド
pink_boots,
tart_(food),"タルト,挞"
slice_of_life,
nemophila_(flower),"ネモフィラ,ルリカラクサ,瑠璃唐草"
royal_penguin_(kemono_friends),"ロイヤルペンギン,ロイヤルペンギン(けものフレンズ)"
loose_thighhigh,
concentrating,集中
fukuyama_mai,福山舞
nyon_(cookie),NYN姉貴
rory_mercury,"ロゥリィ・マーキュリー,ロゥリィ"
touhoku_itako,東北イタコ
naked_chocolate,チョコまみれ
guzma_(pokemon),"グズマ,グズマ(ポケスペ),スペズマ,クチグズ,ヨウグズ,マレグズ,ハウグズ"
breast_awe,
terry_bogard,"テリー・ボガード,TerryBogard"
homura_(senran_kagura),"焔(閃乱カグラ),焔"
dark_sun_gwyndolin,"グウィンドリン,陰の太陽グウィンドリン"
quaxly,クワッス
clown_nose,ピエロ鼻
kozakura_marry,"マリー(カゲロウプロジェクト),小桜茉莉,マリー,セトマリ"
kururugi_suzaku,スザク
wakana_shiki,"若葉四季,若菜四季,四季メイ"
metal_gear_solid_v:_the_phantom_pain,"メタルギアソリッド5,mgsv,メタルギアソリッドVザ・ファントム・ペイン,MGS5"
joker_(playing_card),
two-tone_scarf,
weedy_(arknights),"温蒂,ウィーディ(アークナイツ),Weedy,ウィーディ"
ginkgo_tree,"銀杏,银杏,イチョウ"
fukuda_haru,"福田,福田(Gup),福田はる,知波単学園,西福"
kris_(deltarune),"クリス,Kris(Deltarune),Kris"
too_many_cats,
sig_556,SIG556
blue_petals,
cream_the_rabbit,"クリーム・ザ・ラビット,クリーム"
unworn_slippers,
rayquaza,レックウザ
puck_(re:zero),パック
miyamori_aoi,"宮森あおい,みゃーもり"
video_game_cover,
kirishima_touka,"霧嶋董香,霧島董香"
black_headphones,
mizumoto_yukari,水本ゆかり
navel_focus,
covered_pussy,
missing_tooth,
bouncing,
rayman_limbs,
historical_connection,聖杯乱舞
pink_headband,
russian_flag,"🇷🇺,ロシアの国旗"
watson_amelia_(street_casual),"ワトソン・アメリア(私服衣装),ワトソン・アメリア(私服)"
goat_boy,
print_leotard,
gotoh_hitori_(octopus),メンダコぼっち
creature_on_shoulder,
high_five,ハイタッチ
sasaki_akebi,"佐々木あけび,アヒルさんチーム"
carnelian_(arknights),"卡涅利安,カーネリアン(アークナイツ),カーネリアン"
sucking_male_nipple,
spiked_footwear,
funeral_dress,喪服
usb,ユニバーサル・シリアル・バス
cyan_(show_by_rock!!),"シアン,シアン(SHOWBYROCK!!)"
angelfish,エンゼルフィッシュ
chocolate_chip_cookie,チョコチップクッキー
holding_pendulum,
mutual_orgasm,
butterfly_brooch,
soccer_spirits,"サッカースピリッツ,soccerspirits,사커스피리츠"
muffin,"マッフィン,マフィン"
plague_doctor_mask,"ペストマスク,鸟嘴面具"
so_moe_i'm_gonna_die!,"萌え死ぬ,尊死,啊我死了,awsl"
soy_sauce,"醤油,酱油,しょうゆ,ソイソース,shoyu"
heavy_machine_gun,"HMG,重機関銃,重机枪,중기관총"
bell_earrings,
togepi,トゲピー
over_the_knee,オーバーザニー
toothpaste,歯磨き粉
metroid_dread,"メトロイドドレッド,MetroidDread,密特罗德_生存恐惧,密特羅德_恐懼"
nefertari_vivi,"ネフェルタリ・ビビ,Miss_Wednesday,Vivi,ビビ"
madou_monogatari,魔導物語
okamoto_condoms,"オカモトコンドームズ,オカモトゼロワン,オカモトゼロツー"
kaga_sumire,"花芽すみれ,すぅあーと"
tofu,豆腐
caren_hortensia_(amor_caren),"カレン・C・オルテンシア,阿莫尔"
food_between_breasts,
shiroko_(cycling)_(blue_archive),シロコ(ライディング)
suneate,臑当
paw_hair_ornament,
brand_of_the_exalt,聖王の印
tokyo_mew_mew,"東京ミュウミュウ,tokyomewmew"
beeswax_(arknights),"蜜蜡,ビーズワックス,ビーズワックス(アークナイツ),ビーズワクス(アークナイツ),ビーズワクス"
tied_to_chair,
oonusa,"大幣,祓串"
vei_(vtuber),"veibae,vei34"
pink_innertube,
pink_pubic_hair,
choshanland_plushy_(arknights),
tapir_ears,
serasuku,セラスク
kirisame_marisa_(pc-98),"魔梨沙,旧作魔理沙"
kiryu_coco_(loungewear),"新衣装桐生ココ,Coconewoutfit"
shiun_sumika,紫雲清夏
unworn_necklace,
morgan_(female)_(fire_emblem),"マーク♀,マーク(FE覚醒)"
ribbon-trimmed_bra,
plant_hair,
grea_(shingeki_no_bahamut),"グレア,グレア(神撃のバハムート),グレア(グラブル),古蕾雅"
gojou_wakana,五条新菜
liliya_olenyeva,"莉莉娅,莉莉娅阿琳,リリア・アーリン,Lilia,リリア・アリーン,リリア"
goldmary_(fire_emblem),ゴルドマリー
midna_(true),
severed_hair,
valentine_(skullgirls),ヴァレンタイン
robin_(arknights),"罗宾,ロビン(アークナイツ),アークナイツロビン裸シャツ部"
coffee_table,
cattail,ガマ(植物)
astolfo_(memories_at_trifas)_(fate),トゥリファスでの思い出
package,"包み,つつみ,パケット,パッケージ"
game_boy_(original),初代ゲームボーイ
blue_male_underwear,
standing_missionary,対面立位
holding_pocket_watch,
sazaki_kaoruko,"サザキ・カオルコ,ギャン子"
shirayuki_ren,白雪恋
turbo_granny,
elizabeth_(persona),"エリザベス,エリザベス(ペルソナ3)"
imitating,
training_corps_(emblem),"訓練兵団,訓練兵團,训练兵团,훈련병단"
gj-bu,GJ部
seraph,"セラフ,熾天使,炽天使,六翼天使"
strong_zero,ストロングゼロ
skull_hat_ornament,
croissant_(arknights),"可颂,クロワッサン,クロワッサン(アークナイツ)"
neuro-sama,"neuro,neuro-sama,neurosama,ネウローサマ,ネウロ様,Heartheartart"
hans_christian_andersen_(fate),"キャスター(Fate/EXTRA-CCC),ハンス・クリスチャン・アンデルセン,ハンス・クリスチャン・アンデルセン(Fate),アンデルセン(Fate)"
oogaki_chiaki,大垣千明
white_blood_cell_(hataraku_saibou),"白血球,白血球(はたらく細胞)"
kataginu,肩衣
jiji_(majo_no_takkyuubin),ジジ
lexington_(warship_girls_r),"列克星敦,太太,Lexington,レキシントン,レキシントン(戦艦少女),インドミタブル(戦艦少女)"
announcement_celebration,
traffic_baton,誘導棒
papi_(monster_musume),"パピ,パピ(モンスター娘のいる日常)"
caesar_(girls_und_panzer),"カエサル,カエサル(GuP),鈴木貴子,カバさんチーム,たかひな"
whale_tail_(clothing),"見せTバック,見せハイレグパンツ"
tear_grants,ティア・グランツ
elvaan,エルヴァーン
uehara_himari,"上原ひまり,ともひま"
emolga,エモンガ
shinkai_shoujo_(vocaloid),深海少女
do_it_yourself!!,"Do_It_Yourself,diyアニメ,diy,Do_It_Yourself!!,どぅーいっとゆあせるふ,どぅー・いっと・ゆあせるふ!!"
slam_dunk_(series),"スラムダンク,SD【腐】,SD夢"
istina_(arknights),"真理,Истина,イースチナ,イースチナ(アークナイツ)"
pa-15_(girls'_frontline),"pa-15,PA-15(ドールズフロントライン),PA-15(少女前線),芙洛伦(云图计划),芙洛倫(雲圖計劃),플로렌스(뉴럴클라우드),フローレンス(ニューラルクラウド)"
loose_bikini,
alternate_height,
sasaki_saku_(1st_costume),笹木咲(通常)
xu_fu_(fate),徐福(Fate)
enjo_kouhai,援助交配
purple_sarong,
toaru_kagaku_no_railgun_s,とある科学の超電磁砲S
martina_(dq11),"マルティナ(DQ11),マルティナ"
udon,"饂飩,うどん,乌冬面"
ainu,"アイヌ語,アイヌ"
removing_eyewear,
raichu,ライチュウ
spiked_headband,
niconico,"ニコニコ,ニコニコ動画,ニコ動,ニコ動画,ニコニコ生放送,ニコ生放送,ニコ生,ニコなま,ニコニコ静画,ニコ静,ニコ静画,ニコニコ大百科"
ibuki_fuuko,伊吹風子
seele_vollerei_(herrscher_of_rebirth),死生之律者
ruyi_jingu_bang,"如意棒,如意金箍棒"
santa_claus,サンタクロース
cherino_(blue_archive),"チェリノ,連河チェリノ,렌카와체리노,체리노"
oxygen_mask,酸素マスク
ines_fujin_(umamusume),"アイネスフウジン,アイネスフウジン(ウマ娘),アイネス私服,オールタイム・フィーバー,パイネスフウジン"
pardofelis,"帕朵菲莉丝,pardofelis,パルドフェリス"
elly_(touhou),"エリー,엘리"
time_bokan_(series),"タイムボカン,タイムボカンシリーズ"
energy_weapon,
hands_on_floor,
metal_gloves,
nakatani_iku,中谷育
honekoneko_(psg),ホネコネコ
butterflyfish,カスミチョウチョウウオ
stone_walkway,
kashima_(lawson)_(kancolle),"ローソン鹿島,鹿島(ローソン)"
gundam_build_divers_re:rise,"ガンダムビルドダイバーズRe:RISE,ガンダムビルドダイバーズリライズ"
bed_frame,
blue_oni,青鬼
bite_mark_on_shoulder,
pink_sweater_vest,
matsukaze_(kancolle),"松風,松風(艦これ),松風(艦隊これくしょん)"
detached_pants,
lady_avalon_(fate),レディ・アヴァロン
yamashiro_takane,"山城たかね,山城高岭,야마시로타카네"
scribble,
african_wild_dog_(kemono_friends),リカオン(けものフレンズ)
amestris_military_uniform,
artillery,"砲兵,大砲,火砲"
grookey,サルノリ
griffith_(berserk),"グリフィス,Griffith,格里菲斯"
underworld_(ornament),
low-cut,
russia,"ロシア,Росси́я"
holding_own_wrist,
shirogane_noel_(summer_2020),白銀ノエル(水着)
utage_(summer_flowers)_(arknights),"夏卉FA661,夏の花弁FA661,SummerFlowersFA661"
misogi_(princess_connect!),"穂高みそぎ,ミソギ,ミソギ(プリコネ)"
saotome_shino_(shino_to_ren),早乙女志乃
valkyrie_drive,ヴァルキリードライヴ
mini_witch_hat,
white_hakama,
dracu-riot!,"DRACU-RIOT!,ドラクリオット"
tomoe_gozen_(swimsuit_saber)_(first_ascension)_(fate),
hedge,
gon_freecss,"ゴン=フリークス,ゴンフリークス,ゴン,キルゴン,小杰"
two-tone_vest,
whitney_(pokemon),"アカネ(ポケモン),アカネ"
brown-tinted_eyewear,
wonder_acute_(umamusume),"ワンダーアキュート,ワンダーアキュート(ウマ娘)"
dennou_coil,電脳コイル
waddle_dee,ワドルディ
san_(mononoke_hime),サン
naked_necktie,裸ネクタイ
fly,
ulti_(one_piece),うるティ
pon_de_ring,"ポン・デ・リング,ポンデリング"
roy_(fire_emblem),"ロイ,ロイ(ファイアーエムブレム)"
shuangyaji,双丫髻
baseball_jersey,
resident_evil_6,バイオハザード6
camouflage_bikini,迷彩ビキニ
kunoichi_tsubaki_no_mune_no_uchi,"くノ一ツバキの胸の内,くノ一ツバキ"
loving_aura,
familiar,"使い魔,つかいま"
squat_toilet,"和式便所,和式便器,和式,和式トイレ"
sixteenth_note,𝅘𝅥𝅯
samurai_jacket_(cyberpunk),
welsh_corgi,"ウェルシュコーギー,ウェルシュ・コーギー,威尔士柯基,柯基,コーギー"
shizuko_(blue_archive),"河和シズコ,카와와시즈코,시즈코"
sonic_the_hedgehog_(classic),
grey_overalls,
octopath_traveler,"オクトパストラベラー,OCTOPATHTRAVELER,OCTOPATH_TRAVELER,オクトラ"
aburaage,"油揚げ,あぶらあげ"
glove_cutout,
maestrale_(kancolle),"マエストラーレ(艦隊これくしょん),Maestrale,マエストラーレ(艦これ),マエストラーレ"
autoarousal,
grass_root_youkai_network,草の根妖怪ネットワーク
ki-sikil_(yu-gi-oh!),"Live☆Twinキスキル,Evil★Twinキスキル,キスキル,キスキル(遊戯王),Evil★Twinsキスキル・リィラ"
resident_evil_2,"バイオハザード2,バイオハザードRE:2"
cure_peach,キュアピーチ
lava_(arknights),"炎熔,ラヴァ,ラヴァ(アークナイツ)"
shaymin,シェイミ
baba_konomi,馬場このみ
gaijin_4koma_(meme),"外人4コマ,Reaction_guys"
twig,
senran_kagura_estival_versus,"閃乱カグラ少女達の選択,閃乱カグラ,少女達の選択"
comic_kairakuten,快楽天
boulder,岩
sanageyama_uzu,猿投山渦
rice_shower_(make_up_vampire!)_(umamusume),"Make_up_Vampire!,Make_up_in_Halloween!"
cryokinesis,
gundam_aerial,"ガンダムエアリアル,ガンダム・エアリアル"
suzuki_jun,"鈴木純,けいおん!!2年生トリオ"
yuutenji_nyamu,"祐天寺にゃむ,にゃむさき"
lucia_(scott_malin),
franky_(one_piece),フランキー
minakami_mai,水上麻衣
short_braid,
seele_vollerei_(stygian_nymph),"彼岸双生,彼岸雙生,双生の彼岸花"
aqua_vest,
koiwai_yotsuba,"よつば,小岩井よつば"
octoling_boy,タコボーイ
pepsi,ペプシ
alina_gray,"アリナ・グレイ,アリナグレイ,阿莉娜·格雷,阿莉娜格雷,アリかり,알리나그레이,アリみふ"
midway_princess,中間棲姫
harmonie_(arknights),"阿赫茉尼,阿赫茉妮,洛西莉,和弦,アルモニ(アークナイツ),ハーモニー(アークナイツ),ハーモニー"
tantrum,
asia_argento,アーシア・アルジェント
monk,"僧侶,そうりょ,坊さん,ぼうさん,修道士,しゅうどうし,僧,そう,法師,ほうし"
silvervale,"Silvervale,silvervale,DoodleVale,LewdleVale,シルバーベール"
tile_roof,瓦屋根
satsuki_kai_ni_(kancolle),皐月改二
spiked_pauldrons,
hau_(pokemon),"ハウ(トレーナー),ハウ"
tenga,
arima_senne,
kantele,カンテレ
doorknob,ドアノブ
mamemaki,豆撒き
ash_arms,"アッシュアームズ,アシュアイラコンFA,アシュア,灰烬战线,灰燼戦線,アシュアイラコン衣装"
haman_karn,"ハマーン・カーン,ハマーン様"
panties_around_ankles,
rooster,"おんどり,公鸡"
greenhouse,
icicle,つらら
american_flag_shirt,
spiked_anklet,
nikki_(series),
undefined_fantastic_object,"東方星蓮船,星蓮船"
dragon_quest_x,"ドラゴンクエスト10,ドラクエ10,DQ10,ドラゴンクエストX,ドラクエX,DQX"
leg_cutout,
unworn_scarf,
precum_string,
ishikei_(style),石恵塗り
super_saiyan_blue,"超サイヤ人ゴッド超サイヤ人,スーパーサイヤ人ゴッドスーパーサイヤ人,超サイヤ人ゴッドSS,スーパーサイヤ人ゴッドSS,超サイヤ人ブルー,スーパーサイヤ人ブルー"
ero_guro,エログロ
sua_(alien_stage),"수아,Sua"
ninomae_ina'nis_(loungewear),yuruINA
black_bandana,
wok,"鑊,炒鍋,中華鍋"
pegasus_wings,
padded_jacket,
steam_locomotive,"蒸気機関車,증기기관차"
purple_sclera,
eagle_union_(emblem),
starry_sky_background,
katsushika_hokusai_(swimsuit_saber)_(fate),葛飾北斎(水着)
sword_art_online_alternative:_gun_gale_online,"SAOAGGO,GGO,ガンゲイル・オンライン,ガンゲイルオンライン"
wing_piercing,
pokemon_move,
kachina_(genshin_impact),"カチナ,Kachina,卡奇纳,卡齊娜,カチーナ(原神),カチーナ"
jeanne_d'arc_(girl_from_orleans)_(fate),
chisel,
bed_invitation,
shiori_(princess_connect!),"シオリ,シオリ(プリコネ),柏崎栞"
araga_kiwi,阿良河キウィ
longcat_(meme),"longcat,のびーるたん,のび子さん,ノビネコ"
daiba_nana,"大場なな,じゅんななな"
white_undershirt,
ashley_graves,"Ashley_Graves,Leyley_Graves,アシュレイ・グレイヴス"
plaid_apron,
bound_thighs,
fjorm_(fire_emblem),フィヨルム
magical_sapphire,マジカルサファイア
holding_sketchbook,
two-tone_hat,
beehive_hairdo,
warspite_(azur_lane),"厌战(碧蓝航线),ウォースパイト(アズールレーン),ウォースパイト"
lain_paterson_(1st_costume),レイン・パターソン(通常)
pandemonica_(helltaker),"パンデモニカ,パンデモニカ(Helltaker)"
shaft_look,シャフ度
diyusi_(cookie),"DIYUSI,ぢゆし"
wooden_box,木箱
space_print,宇宙柄
essex_(azur_lane),"エセックス(アズールレーン),エセックス,埃塞克斯"
fuwa_kokone,芙羽ここね
min_min_(arms),ミェンミェン
seal_impression,印章
comic_cover,
imminent_hug,即将拥抱
undyne,"Undyne,アンダイン,安黛因,鱼姐,寿司"
nero_claudius_(swimsuit_caster)_(third_ascension)_(fate),
living_hair,
sacabambaspis,サカバンバスピス
mai_natsume,"マイ=ナツメ,マイ=ハヅキ"
red_bull,"レッドブル,กระทิงแดง"
monika_weisswind,"モニカ・ヴァイスヴィント,モニカ,モニカ(グラブル),モニカ(プリコネ),モニカヴァイスヴィント"
liquor,
mane,"たてがみ,鬣"
hay,
ashigara_kai_ni_(kancolle),足柄改二
maracas,
dorothy_(nikke),ドロシー(勝利の女神:NIKKE)
holding_club,
gosick,"GOSICK,gosick,Gosick,ゴシック"
fate/requiem,Fate/Requiem
kamikita_komari,神北小毬
chougei_(kancolle),"長鯨(艦隊これくしょん),長鯨(艦これ),長鯨"
natsu_(band)_(blue_archive),"柚鳥ナツ(バンド),ナツ(バンド)"
nagara_(kancolle),"長良,長良(艦隊これくしょん),長良(艦これ)"
mejiro_ryan_(umamusume),"メジロライアン,メジロライアン(ウマ娘)"
brook_(one_piece),"ブルック,ソウルキング"
strict_nun_(diva),
poppi_(xenoblade),ハナ(ゼノブレイド2)
board_eraser,黒板消し
ghost_miku_(project_voltage),ゴーストミク
tsukahara_hibiki,塚原響
choukou_(alicesoft),超昂シリーズ
ozymandias_(fate),"ライダー(フラグメンツ),オジマンディアス,オジマンディアス(Fate)"
dejiko,でじこ
genshiken,"げんしけん,現代視覚文化研究会,二代目,げんしけん二代目"
yatai,"屋台,やたい"
alphonse_elric,"アルフォンス・エルリック,阿尔冯斯艾尔利克"
submarine,潜水艦
rainbow_background,
mars_(cookie),MZ姉貴
pen_in_pocket,
hands_on_headphones,
inukai_komugi,犬飼こむぎ
cu-no,CU-NO
hinamatsuri,"雛祭,雛祭り,ひな祭り,ひなまつり"
machamp,カイリキー
kindergarten_bag,
huang_lingyin,凰鈴音
king's_raid,"king'sraid,킹스레이드,Kingsraid,kingsraid,KingsRaid,King'sRaid,King's_Raid,キングスレイド,キンスレ,キンスレイラコン,キンスレイラコン2020コスチューム"
licking_another's_cheek,
ammunition_box,"弾薬箱,アムニッションボックス,アンモボックス,Munitionsbehälter,Munitionskiste"
horn_(arknights),"ホルン,ホルン(アークナイツ),号角,号角(明日方舟)"
ribbon-trimmed_bikini,
o-ring_collar,
battlefield,戦場
magnet,
advanced_nurturing_high_school_uniform,
owarimonogatari,終物語
jill_warrick,ジル・ワーリック
changpao,"長袍,长袍"
morag_ladair_(xenoblade),メレフ
wooden_bench,
scratching,
mogador_(kancolle),"モガドール,モガドール(艦これ),モガドール(艦隊これくしょん)"
horse_boy,ウマ息子
double_halo,
gradient_halo,
polearm_behind_back,
lemon_print,
spacecraft_interior,
purple_armband,
cosmos_(flower),"コスモス,アキザクラ,秋桜"
lilith_(machikado_mazoku),リリス(まちカドまぞく)
clothes_in_front,
neferpitou,"ネフェルピトー,ピトー"
schneider_(reverse:1999),"斯奈德,シュナイダー(リバース:1999)"
zinnia_(pokemon),"ヒガナ,ヒガナ(ポケモン)"
love_hina,ラブひな
furret,オオタチ
racetrack,サーキット
dome,ドーム
bloomers_pull,
breasts_day,"乳の日,おっぱいの日,いいおっぱいの日"
hori_yuko,堀裕子
himeragi_yukina,姫柊雪菜
hinomori_shizuku,"日野森雫,しずあい"
pink_arm_warmers,
footwear_focus,
implied_incest,
too_many_frills,フリル地獄
kingdom_hearts_ii,"kh2,キングダムハーツ2"
mother_3,"MOTHER3,MOTHER3_15th,MOTHER3_15周年"
piano_bench,琴凳
sakaguchi_karina,"阪口桂利奈,ウサギさんチーム"
neta,
kage_no_jitsuryokusha_ni_naritakute!,"陰の実力者になりたくて!,陰の実力者,The_Eminence_in_Shadow"
fiery_horns,
ayase_seiko,綾瀬星子
houshou_marine_(businesswoman),"宝鐘マリン新衣装2023,宝鐘マリン(社長),宝鐘マリン(OL衣装),宝鐘マリン(OL)"
sandalphon_(granblue_fantasy),"サンダルフォン(グラブル),サンダルフォン"
ingo_(pokemon),"ノボリ,サブマス,サブウェイマスター,サ腐マス,ノボクダ,下上"
pola_(azur_lane),"ポーラ(アズールレーン),波拉"
koizumi_itsuki,"古泉一樹,古泉,古キョン,古キョン子,キョン古,古ハル,古長,古みく"
glasgow_smile,グラスゴースマイル
totooria_helmold,"トトゥーリア・ヘルモルト,トトリ"
commissioner_insert,
moth_wings,
toothpick,
primarch,"プライマーク,総主長(ウォーハンマー40K)"
view_between_legs,アーチフェラ
stapler,"ホッチキス,ステープラー,紙綴器"
instagram,"Instagram,いんすた"
nakoruru,ナコルル
dumbbell_nan_kilo_moteru?,ダンベル何キロ持てる?
silent_magician,"サイレント・マジシャンLV8,沈黙の魔術師-サイレント・マジシャン,サイレント・マジシャン,サイレントマジシャン"
adjusting_bra,
star_of_life,
fold-over_gloves,
palworld,"パルワールド,palworld,PalworldArt,幻兽帕鲁,팰월드"
incense,香
caeda_(fire_emblem),"シーダ,シーダ(ファイアーエムブレム)"
karlach,"karlach,カーラック,卡菈克"
kawanishi_shinobu,"河西忍,アヒルさんチーム,さきしの"
ru-class_battleship,"戦艦ル級,ル級"
kawashima_ami,川嶋亜美
yugiri_tsuzuri,"夕霧綴理,longヘアなつづり先輩がみたい"
visual_novel,ビジュアルノベル
ao_no_kanata_no_four_rhythm,"蒼の彼方のフォーリズム,あおかな"
scalpel,"メス,円刃刀,えんじんとう"
elbow_sleeve,エルボーサポーター
hashibira_inosuke,嘴平伊之助
prehensile_ribbon,
seaplane,水上機
myrtenaster,
miru_tights,みるタイツ
holding_sponge,
chrysanthemum_print,
black-haired_demon_girl_(shimmer),
ning_hai_(azur_lane),"宁海(碧蓝航线),寧海(アズールレーン),寧海"
energy_blade,
bishamonten's_spear,鋒
heattech_leotard,例のヒートテック
glass_writing,
daikon,大根
wall_lamp,
nekko_(momosuzu_nene),ねっ子
shulk_(xenoblade),シュルク
sd_gundam,SDガンダム
hirschgeweih_antennas,八木アンテナ
bellflower,"キキョウ科,ベルフラワー,カンパニュラ,ツリガネソウ,オトメギキョウ,フウリンソウ,釣鐘草,乙女桔梗,風鈴草"
tank_helmet,戦車帽
table_tennis_paddle,
spiked_penis,
holding_pointer,
thigh_straddling,
latios,ラティオス
riko_(made_in_abyss),"リコ(メイドインアビス),リコ"
aragaki_shinjirou,荒垣真次郎
the_end_of_evangelion,"新世紀エヴァンゲリオン劇場版,Air/まごころを、君に,まごころを君に,甘き死よ、来たれ,THEENDOFEVANGELION"
log_horizon,"ログ・ホライズン,ログホラ"
chise_(swimsuit)_(blue_archive),和楽チセ(水着)
suspenders_pull,
school_girl_strikers,"スクールガールストライカーズ,スクスト"
ranger_(kancolle),"Ranger,レンジャー,Ranger(艦隊これくしょん),レンジャー(艦隊これくしょん),Ranger(艦これ),レンジャー(艦これ)"
shattered,
zhongli_(archon)_(genshin_impact),
spiked_ball_and_chain,
turkey_(food),"七面鳥,しちめんちょう,シチメンチョウ,ターキー"
shibari_under_clothes,
foregrip,フォアグリップ
relaxing,
selen_tatsuki_(1st_costume),セレン・龍月(通常)
grisaia_no_kajitsu,グリザイアの果実
pinstripe_skirt,
three_quarter_profile,
yamada_tae,"伝説の山田たえ,山田たえ"
kagero_(fire_emblem),カゲロウ(FEif)
battle_damage,バトルダメージ
sakamoto_ryouma_(fate),"坂本龍馬(Fate),龙马"
latex_boots,
renamon,レナモン
tokyo_revengers,"東京リベンジャーズ,東リベ,tkrv夢,tkrv腐,東京卍リベンジャーズ,東卍FA,tokyorevengers,东京复仇者,東京【腐】リベンジャーズ"
zenno_rob_roy_(umamusume),"ゼンノロブロイ,ゼンノロブロイ(ウマ娘)"
soredemo_ayumu_wa_yosetekuru,"それでも歩は寄せてくる,将棋のやつ,When_Will_Ayumu_Make_His_Move?"
starfire,"スターファイアー,スターファイヤー,Starfire"
waai_fu_(arknights),"槐琥,ワイフ,ワイフ(アークナイツ),ワイフー,ワイフー(アークナイツ)"
pants_under_dress,
long_fingers,
blanc_(nikke),ブラン(勝利の女神:NIKKE)
mansion,
bakery,"パン屋,ベーカリー,面包店,面包房"
core,
fishbowl,
smeared_lipstick,
lilligant,ドレディア
waving_arm,
pinup_(style),"ピンナップ,ピンナップガール,pinup,pinupgirl"
anko_(gochiusa),あんこ
persimmon,"柿,柿子,かき,カキ,パーシモン"
hand_on_hand,
manboobs,
compression_shirt,
mermaid_melody_pichi_pichi_pitch,"ぴちぴちピッチ,マーメイドメロディーぴちぴちピッチ"
hitsugi_no_chaika,棺姫のチャイカ
wolf_costume,
stuffed_whale,
holding_bass_guitar,
aqua_lips,
v_legs,V字開脚
clinging,
horns_pose,
studying,"勉強,学習,學習,学习,학습,공부"
zero_(drag-on_dragoon),"ゼロ,ゼロ(DOD3)"
chiton,
faye_valentine,フェイ・ヴァレンタイン
meowfficer_(azur_lane),オフニャ
bikini_in_mouth,くちブラ
rean_schwarzer,リィン・シュバルツァー
training,
welt_yang,"ヴェルト・ヨウ,瓦尔特·杨,瓦尔特,웰트,WeltYang"
marking_on_cheek,
kiran_(male)_(fire_emblem),"エクラ,召喚師"
ines_(arknights),"イネス(アークナイツ),伊内丝"
kingprotea_(fate),"キングプロテア,帝王花"
mazaki_anzu,真崎杏子
futari_wa_precure_splash_star,"ふたりはプリキュアsplash☆star,スプラッシュスター"
suzuki_hana,鈴木羽那
container,
arch_bishop_(ragnarok_online),"アークビショップ,AB,アクビ,主教"
katsura_hinagiku,桂ヒナギク
flower_trim,
seiren_academy_school_uniform,
melusine_(swimsuit_ruler)_(fate),メリュジーヌ(水着)
ishtar_(fire_emblem),イシュタル(FE聖戦)
brock_(pokemon),"タケシ(トレーナー),タケシ(アニポケ),タケシ"
nanakusa_hazuki,七草はづき
lily_black,"リリーブラック,릴리블랙"
type-moon,TYPE-MOON
screw_hair_ornament,
skateboarding,"スケートボード,スケートボード(競技)"
jack_frost_(megami_tensei),妖精ジャックフロスト
x-ray_vision,透視
heater,ストーブ
cirno_day,"2009年9月9日,9月9日,9月9日はチルノの日"
charlie_morningstar,"チャーリー(ハズビン・ホテル),HazbinHotelCharlie,CharlieMorningstar,Chaggie"
hakui_koyori_(summer),"博衣こより(パーカー水着衣装),博衣こより(パーカー水着),博衣こより(水着),博衣こより(お部屋着)"
dirt_road,dirt_path
yuubari_kai_ni_(kancolle),夕張改二
qurare_magic_library,"QURARE,QURARE:魔法図書館,QURARE:MAGICLIBRARY,QURARE:MAGIC_LIBRARY"
undone_sarashi,
ojamajo_doremi,"おジャ魔女どれみ,小魔女doremi,OjamajoDoremi,MagicalDoremi"
aikatsu_friends!,"アイカツフレンズ!,アイカツフレンズ"
9-nine-,"9-nine-ここのつここのかここのいろ,9ここいろ,9-nine-そらいろそらうたそらのおと,9そらいろ,9-nine-はるいろはるこいはるのかぜ,9はるいろ,9-nine-ゆきいろゆきはなゆきのあと,9ゆきいろ,9_-nine-,9ナイン,9-nine-"
barret_wallace,バレット・ウォーレス
mutsuki_(dress)_(blue_archive),浅黄ムツキ(ドレス)
genji_(overwatch),"源氏,genji,ゲンジ"
stop_sign,"一時停止,止まれ"
noir_(nikke),ノワール(勝利の女神:NIKKE)
torso_flash,
super_saiyan_2,"超サイヤ人2,スーパーサイヤ人2,超サイヤ人ロゼ2"
bad_arm,
doukyuusei,"同級生,同级生,Classmates,同班同學"
color_contrast,補色
narmaya_(summer)_(granblue_fantasy),
aika_(series),"AIKa,アイカ"
dokibird_(vtuber)_(retro_doki),
piano_print,
unconnected_marketeers,"東方虹龍洞,虹龍洞"
tiger_i,"ティーガーI,ティーガーi,ティーガー1"
aubrey_(headspace)_(omori),
peace_symbol,ピースマーク
reinforce,"リインフォース,アインス"
backless_shirt,
james_moriarty_(archer)_(fate),"新宿のアーチャー,ジェームズ・モリアーティ(Fate)"
to_be_continued,つづく
venera-sama,ヴィニエイラ様
spoken_x,
yomi_(senran_kagura),"詠(閃乱カグラ),詠"
vulpix,ロコン
fender_jazz_bass,
hand_over_face,
uranami_(kancolle),"浦波,浦波(艦これ),浦波(艦隊これくしょん)"
ghost_girl,
kei_(m_k),
mons_pubis,"恥丘,mound_of_venus,阴阜,불두덩"
quintuplets,"五つ子,五胞胎"
male-female_symbol,
yamada_aoi,山田葵
peril,危地
shameimaru_aya_(newsboy),"キャスケット文,社会派ルポライターあや,鈴奈庵文,鴉天狗のジャーナリスト"
hiding_behind_another,
naruse_shiroha,鳴瀬しろは
kama_(second_ascension)_(fate),
aether_foundation_employee,"エーテル財団職員,エーテル財団"
whistling,"口笛,吹口哨"
doraemon_(character),"ドラえもん(キャラクター),ドラえもん,多啦春梦,哆啦A梦"
victorica_de_blois,"ヴィクトリカ・ド・ブロワ,金色の妖精,Vikutorika_Do_Burowa"
body_pillow,
sail,帆
koshirae_tsurugi_(m.m),"輿来つるぎ,こしらえつるぎ"
endou_saya,"遠藤サヤ,遠藤さや"
long_arms,
cardcaptor_sakura_clear_card_arc,"クリアカード編,clearcardhen"
inami_mahiru,伊波まひる
milking_handjob,乳搾り手コキ
standing_cunnilingus,
midriff_sarashi,さらし
distorted_halo,
leonie_pinelli,"レオニー=ピネッリ,レオニー"
red_sarong,
kitakami_reika,北上麗花
yellow_cloak,
gentoo_penguin_(kemono_friends),"ジェンツーペンギン,ジェンツーペンギン(けものフレンズ)"
baobhan_sith_(swimsuit_pretender)_(first_ascension)_(fate),ケット・クー・ミコケル
jigoku_shoujo,"地獄少女,地狱少女"
kupaa,
aqua_(kingdom_hearts),アクア(キングダムハーツ)
hand_on_own_foot,
can't_be_this_cute,"俺の妹表紙風,俺の妹表紙のポーズ"
tamamo_no_mae_(swimsuit_lancer)_(third_ascension)_(fate),
yes!_precure_5_gogo!,yes!プリキュア5gogo!
four_goddesses_online:_cyber_dimension_neptune,"四女神オンライン,cyber_dimension_netpune,yon_megami_online:_cyber_dimension_neptune"
blaziken,"バシャーモ,バシャーモ♀"
stuffed_frog,
gradient_sleeves,
yanqing_(honkai:_star_rail),"彦卿,Yanqing,연경"
ghost_in_the_shell_stand_alone_complex,攻殻機動隊スタンド・アローン・コンプレックス
zentreya,"Zentreya_art,zentreart,Zentreya,ZentreNSFW"
mythra_(radiant_beach)_(xenoblade),
juusan_kihei_bouei_ken,十三機兵防衛圏
lovestruck,"恋する乙女,メスの顔,坠入爱河"
miyanaga_saki,宮永咲
linked_collar,
shared_blanket,
bravely_default:_flying_fairy,"ブレイブリーデフォルト,BDFF"
dolphin_hair_ornament,
nana_asta_deviluke,ナナ・アスタ・デビルーク
nagato_kai_ni_(kancolle),長門改二
vegetto,"ベジット,超ベジット,ベジットブルー,SSGSSベジット"
trowel,"スコップ,シャベル"
minotaur,ミノタウロス
iris_heart,アイリスハート
platinum_the_trinity,プラチナ=ザ=トリニティ
mikumo_guynemer,美雲・ギンヌメール
ms._fortune_(skullgirls),"ms.fortune,MsFortune,ミス・フォーチュン,ミスフォーチュン"
cuddling_handjob,
virgin,
shuten_douji_(halloween_caster)_(fate),酒呑童子(キャスター)
tendril,
sue_storm,"インビジブルウーマン,スーザン・リチャーズ,スーザン・ストーム,スー・ストーム"
tojo_kirumi,"東条斬美,东条斩美"
ear_cleaning,"耳かき,耳掃除"
sukeban_(smg)_(blue_archive),スケバン(SMG)
five-seven_(girls'_frontline),"Five-seveN,FIVE-SEVEN,57,Five-seveN(ドールズフロントライン),Five-seveN(少女前線),파세"
stick_poster,
akai_haato_(gothic_lolita),"赤井はあと(ゴスロリ衣装),赤井はあと(ゴスロリ)"
yuunagi_tsubasa,"夕凪ツバサ,ツバサ(プリキュア)"
akari_(blue_archive),"アカリ,アカリ(ブルアカ),アカリ(ブルーアーカイブ),鰐渕アカリ,와니부치아카리"
raiden_mei_(apho),"raidenmei,雷电芽衣"
yuegui_(genshin_impact),
rupee_(nikke),"ルピー(勝利の女神:NIKKE),ルピー(NIKKE),루피(NIKKE),ルピー"
haibara_ai,灰原哀
rfb_(girls'_frontline),"RFB,RFB(ドールズフロントライン),RFB(少女前線)"
melody_(projektmelody),"メロディー,projektmelody,projektmelodyfanart"
korwa,コルワ
jewel_butt_plug,"ジュエリーアナルプラグ,じゅえりーあなるぷらぐ"
modern_mogal,
key_(company),"key,Key(ゲームブランド)"
headwear_with_attached_mittens,
hiburi_(kancolle),"日振(艦隊これくしょん),日振,日振(艦これ)"
red_blindfold,
kitashirakawa_chiyuri,"北白河ちゆり,키타시라카와치유리"
napoleon_bonaparte_(fate),"ナポレオン(Fate),異聞帯のアーチャー,ナポレオン,拿破仑"
kyoufuu_all_back_(vocaloid),強風オールバック
yellow_pajamas,
canal,"運河,水路"
tobiichi_origami,鳶一折紙
urban_legend_in_limbo,"東方深秘録,ULiL"
francis_drake_(fate),"ライダー(Fate/EXTRA),フランシス・ドレイク,德雷克"
throat_bulge,
pill_hair_ornament,
wily_beast_and_weakest_creature,東方鬼形獣
jiaoqiu_(honkai:_star_rail),"椒丘,ショウキュウ,Jiaoqiu,JiaoqiuHSR"
reaching_towards_another,
beam_cannon,
kuroyukihime,"黒雪姫,黒羽早雪"
professor_shinonome,"東雲はかせ,はかせ"
basketball_jersey,
bone_print,
van_gogh_(first_ascension)_(fate),
kuga_natsuki,"玖我なつき,静なつ,Shiznat,시즈나츠"
juo_sena,十王星南
zipper_leotard,
vincent_valentine,"ヴィンセント・ヴァレンタイン,ヴィンセント"
missing_eye,
dinosaur_costume,
nekoyashiki_mayu,猫屋敷まゆ
panties_around_one_ankle,
assassin's_creed_(series),"アサシンクリード,アサクリ,刺客信条,刺客教條,Assassin'sCreed,Assassin's_Creed"
tunnel,"トンネル,地下道,ちかどう,隧道,すいどう,坑道,うどう"
socks_over_pantyhose,
amane_suzuha,"阿万音鈴羽,阿万音铃羽,バイト戦士,打工战士"
evoker,召喚器
sleigh,
euphemia_li_britannia,"ユーフェミア・リ・ブリタニア,ユーフェミア"
shirt_partially_removed,
luna_(sailor_moon),ルナ
black_straps,
pravda_(emblem),
chobits,ちょびっツ
stitched_neck,
grabbing_another's_twintails,
arrow_in_body,
mutsuki_(new_year)_(blue_archive),"ムツキ(正月),浅黄ムツキ(正月)"
wrapped_up,簀巻き
shirogane_tsumugi,"白銀つむぎ,白银纺"
lace_background,
yuyushiki's_school_uniform,
waist_hug,
heixiu,黑咻
mutsuki_(azur_lane),"睦月(アズールレーン),睦月,松"
aqua-framed_eyewear,
ogerpon,オーガポン
pomu_rainpuff_(1st_costume),ぽむ・れいんぱふ(通常)
furious,
bike_shorts_pull,
crucifixion,磔
hyakkaou_academy_school_uniform,
big_bad_wolf,悪いオオカミ
kobayakawa_rinko,小早川凛子
holding_clothes_hanger,
holding_mallet,
cygnet_(azur_lane),"小天鹅,シグニット(アズールレーン),シグニット,シグニット改(アズールレーン),シグニット改"
artoria_pendragon_(lancer_alter)_(royal_icing)_(fate),ロイヤル・アイシング
shuffle!,シャッフル!
poketch,"ポケモンウォッチ,ポケッチ"
holding_bird,
gundam_g_no_reconguista,"Gのレコンギスタ,Gレコ"
camping,キャンプ
;<,
takao_(beach_rhapsody)_(azur_lane),"砂浜ラプソディ,沙滩狂想曲"
cesario_(umamusume),"シーザリオ(ウマ娘),シーザリオ"
miguel_o'hara,"MiguelOHara,ミゲル・オハラ,미겔_오하라"
cue_stick,
resident_evil_3:_nemesis,"バイオハザード3,バイオハザードRE:3"
polka_dot_bowtie,
typing,
multiple_anal,
capitano_(genshin_impact),"Capitano,カピターノ,卡皮塔诺,카피타노"
rubber_band,
guel_jeturk,グエル・ジェターク
isshiki_akane,一色あかね
beelzebub_(helltaker),ベルゼブブ(Helltaker)
luo_tianyi,"洛天依,雅音宮羽,雅音宫羽"
ganyu_(twilight_blossom)_(genshin_impact),玄玉瑶芳
armored_skirt,
unkempt,"ボサボサ,ぼさぼさ"
kasai_amane,菓彩あまね
tsuruya,鶴屋さん
milkshake,ミルクセーキ
tennis_court,
jahy-sama_wa_kujikenai!,"ジャヒー様はくじけない!,ジャヒー様はくじけない"
tales_of_arise,"テイルズオブアライズ,TalesofArise,アライズカウントダウン"
scolding,少女説教中
archaic_set_(zelda),
occultic;nine,"オカルティックナイン,オカルティック・ナイン,Occultic;Nine"
shamir_nevrand,シャミア=ネーヴラント
ribbed_panties,
golem,ゴーレム
u.n._spacy,地球統合軍
lucas_lee,"ルーカス・リー,lucaslee,toddlee,wheelievegan"
coral_reef,"サンゴ礁,珊瑚礁"
error_message,
railgun,レールガン
saitou_hajime_(fate),斎藤一(Fate)
seishou_music_academy_uniform,
miyaura_sanshio,"宮浦三汐,宮雯汐"
holding_duster,
idol_corp,"idolHE,idolHebrew,idolEN,idolEnglish,idolES"
aogiri_koukou,"あおぎり高校ゲーム部,あおぎり高校,あおぎり高校美術部"
female_assassin_(fate/zero),百貌のハサン
kooh,クー
yui_shousetsu_(fate),"由井正雪(Fate),由井正雪"
ciel_(mega_man),"シエル(ロックマン),シエル"
protagonist_(smtv),"主人公(真V),ナホビノ"
shin'you_(kancolle),"神鷹(艦隊これくしょん),神鷹,神鷹(艦これ)"
against_fence,フェンスの前
poison,毒殺
censored_by_text,
michishio_kai_ni_(kancolle),満潮改二
m16a1,
rinne_no_lagrange,"輪廻のラグランジェ,kamojo"
caitlin_(pokemon),"カトレア,カトレア(トレーナー),コクカト"
binah_(project_moon),"Binah,ビナー"
gengetsu_(touhou),"幻月,겐게츠"
momota_kaito,百田解斗
shin_sangoku_musou,"真・三國無双シリーズ,真・三國無双,真三國無双,三国无双"
juufuutei_raden_(1st_costume),儒烏風亭らでん(通常)
ichijou_hotaru,一条蛍
lei,
flannery_(pokemon),"アスナ(ポケモン),アスナ"
shopping_basket,
ieiri_shoko,家入硝子
kawakami_princess_(umamusume),"カワカミプリンセス,カワカミプリンセス(ウマ娘)"
full_mouth,
sexual_harassment,セクハラ
instrument_on_back,
mismatched_eyelashes,
hand_on_another's_crotch,
scissorhold,"太もも絞め,幸せ投げ"
elena_(street_fighter),"エレナ,エレナ(ストリートファイター)"
nakiri_ayame_(streetwear),
sledgehammer,"大型ハンマー,スレッジハンマー"
stamp_mark,
eureka_(eureka_seven),エウレカ
hawk,鷹
kebab,ケバブ
pear,"🍐,梨,なし,ペア"
sidon,"シド,シド王子,prince_sidon"
toolbox,
narration,叙事
blue_eyeliner,
jonathan_joestar,ジョナサン・ジョースター
diabellstar_the_black_witch,黒魔女ディアベルスター
breasts_on_tray,
gasai_yuno,我妻由乃
shauna_(pokemon),"サナ(トレーナー),サナ"
hinata_yukari,日向縁
empty_pool,プール掃除
youtube_logo,
hoshiguma_yuugi_(kimono),着物勇儀
arguing,
criss-cross_back-straps,
chieru_(princess_connect!),"チエル,チエル(プリコネ),風間ちえる,チエル・カザンマ,チエルカザンマ"
shitty_admiral_(phrase),クソ提督
hemokinesis,
reu_(cookie),RU姉貴
sasha_blouse,"サシャ・ブラウス,芋女"
luciela_r._sourcream,"Luciel,루시엘라_R_사워크림,ルシエラ・R・サワークリーム"
female_doctor_(arknights),"女ドクター(アークナイツ),女博士"
muto_yugi,武藤遊戯
tokisaki_asaba_(niliu_chahui),朱鹭咲浅羽
squall_leonhart,"スコール・レオンハート,squall"
grey_male_underwear,
prinz_heinrich_(azur_lane),"プリンツ・ハインリヒ(アズールレーン),プリンツ・ハインリヒ,海因里希亲王"
inflatable_orca,
penguin_tail,
bite_mark_on_breast,
national_shin_ooshima_school_uniform,
grabbing_own_thigh,
hair_between_horns,
high_school_dxd_pi,"ハイスクールD×DPI,ハイスクールD×Dπ,ハイスクールディーディーπ"
scars_all_over,
ghost_print,
boxing_ring,
thick_arm_hair,
shoulder_patch,
himiko_(fate),"卑弥呼(Fate),卑弥呼"
interview,
blazblue:_central_fiction,
shermie_(kof),シェルミー
rachnera_arachnera,"ラクネラ・アラクネラ,ラクネラ"
gorilla,"🦍,ゴリラ"
nono_hana,野乃はな
ch'en_(ageless_afterglow)_(arknights),
bailu_(honkai:_star_rail),"白露,Bailu,Байлу,ビャクロ,백로,白露(スターレイル)"
sairenji_haruna,西連寺春菜
ak-12,"АК-12,АК-19,AK-19"
fire_extinguisher,"🧯,消火器"
super_star_(mario),"スーパースター,スター"
frontal_wedgie,
tank_shell,砲弾
originium_(arknights),"源石,オリジニウム,오리지늄"
busujima_saeko,"毒島冴子,毒岛冴子"
shimabara_elena,島原エレナ
sheep_costume,
formidable_(the_lady_of_the_beach)_(azur_lane),"ロイヤルレディの海,海边的“皇家淑女”"
blood_in_mouth,
feather_dress,
prostate_milking,"前立腺マッサージ,前立腺責め"
memcho,"MEMちょ,MEM,MEM-Cho"
another,"アナザー,Another"
kanna_(cookie),"KNN姉貴,関西おばさん,カッチャマ,KNNアート"
tachibana_miya,"橘美也,타치바나미야"
night_sparrow_love,恋する夜雀
heart_eyepatch,
whisperain_(arknights),"絮雨,ウィスパーレイン,ウィスパーレイン(アークナイツ)"
blue_male_swimwear,
haguro_kai_ni_(kancolle),羽黒改二
mazda,"マツダ株式会社,マツダ"
hat_over_eyes,
leviathan_(skullgirls),レヴァイアサン
casino_card_table,
sinon_(sao-alo),
black_sandals,
sword_art_online:_alicization_-_war_of_underworld,
battle_spirits,"バトルスピリッツ,バトスピ"
abigail_williams_(swimsuit_foreigner)_(first_ascension)_(fate),
cum_on_armpits,
extra_legs,多脚
afro_puffs,
greek_mythology,"ギリシャ神話,ギリシア神話"
serperior,ジャローダ
human_furniture,
utaha_(blue_archive),"ウタハ,ウタハ(ブルアカ),ウタハ(ブルーアーカイブ),白石ウタハ,우타하,utaha"
luka_(mon-musu_quest!),"ルカ(もんむす・くえすと!),ルカ,luka"
tristan_(fate),トリスタン(Fate)
at_gunpoint,
boros_(ouro_kronii),
hand_under_swimsuit,
love_hotel,"🏩,ラブホテル,ラブホ"
sakamoto_(nichijou),阪本さん
omniscient_reader's_viewpoint,"전지적독자시점,全知读者,orv,全知读者视角,全知的な読者の視点から"
arm_out_of_sleeve,
sakagami_tomoyo,坂上智代
pokemon_tail,
single_half_glove,
single_elbow_pad,
convenient_skirt,"鉄壁スカート,ディフェンスに定評のあるスカート,강철치마,Magic_Skirt"
alastor_(shakugan_no_shana),"アラストール,天壌の劫火,天罰神"
sports_festival,"運動会,体育祭"
shinonono_houki,篠ノ之箒
kokonoe_rin,九重りん
imminent_gangbang,
klaudia_valentz,クラウディア・バレンツ
character_mask,お面
sword_of_the_creator,
genre_connection,题材相同/相关
lace-trimmed_bikini,
tokyo_ghoul:re,東京喰種:re
aircraft_carrier,"航空母艦,空母"
hat_pin,
sasaki_chiho,佐々木千穂
surtr_(liberte_echec)_(arknights),
crotchless_pants,
songover,
pink_headphones,
bb_dubai_(fate),BBドバイ
mano_aloe,"魔乃アロエ,まのあろ絵"
frilled_garter,
lotus_leaf,"蓮の葉,荷叶"
cordelia_(fire_emblem),"ティアモ,Cordelia"
elysia_(miss_pink)_(honkai_impact),
sweater_tug,
furigana,"振り仮名,ルビ"
altina_orion,アルティナ・オライオン
hylian_shield,
carol_malus_dienheim,キャロル・マールス・ディーンハイム
fake_claws,
shot_glass,
anachronism,時代錯誤
mimori_(blue_archive),"水羽ミモリ,미즈하미모리,미모리,水羽ミモリ(水着)"
vomiting,
two-tone_shorts,
yonomori_kobeni,夜ノ森小紅
confrontation,対峙
satellite_dish,
yagami_taichi,八神太一
yuusha_series,勇者シリーズ
celebi,セレビィ
sheikah_slate,シーカーストーン
dirty_pair,ダーティペア
team_skull,スカル団
la_pluma_(summer_flowers)_(arknights),
after-school_sweets_club_(blue_archive),放課後スイーツ部
h&k_g11,G11
kingdom_hearts_iii,"kh3,キングダムハーツ3"
tentacle_in_mouth,
hanasaku_iroha,"花咲くいろは,花开伊吕波"
playing_card_theme,
orange_border,
charlotte_corday_(fate),"シャルロット・コルデー(Fate),たわわのアサシン,シャルロット・コルデー"
tassel_choker,
tentacle_grab,
yangyang_(wuthering_waves),秧秧
side_part,
mage_(dungeon_and_fighter),마법사
wario,ワリオ
song_of_broken_pines_(genshin_impact),松籁响起之时
water_slide,
ororon_(genshin_impact),"オロルン,Ororon,欧洛伦"
wooden_lantern,
homu,ほむ
bishoujo_mangekyou_(series),美少女万華鏡
bag_over_head,
royal_robe,
male_swimwear_challenge,男水着チャレンジ
dusk_(everything_is_a_miracle)_(arknights),
hung_(arknights),"吽,ウン(アークナイツ)"
mismatched_animal_ear_colors,
zebra_print,"ゼブラ柄,ゼブラ柄ビキニ"
yoga,"ヨガ,ヨーガ"
very_long_ears,
sengoku_collection,"戦国コレクション,戦コレ,戦コレイラコン3ファンアート,戦コレイラコン3オリジナル武将"
skeletal_hand,
incoming_drink,
barry_(pokemon),"ジュン(トレーナー),ジュン,パール(ポケスペ),パール"
snake_tattoo,
snapchat,
lunatic_gun,ルナティックガン
peeking_through_fingers,
nao_(mabinogi),"ナオ,ナオ(マビノギ),ナオ・マリオッタ・ブラデイリ,나오,나오(마비노기)"
medusa_(shingeki_no_bahamut),"メドゥーサ,メドゥーサ(神撃のバハムート),メドゥーサ(グラブル)"
spraying,
googly_eyes,
diploma,卒業証書
shirokane_rinko,白金燐子
clothed_after_sex,
cleavage_reach,
arm_scrunchie,
lotte_jansson,"lotte_jansson,ロッテ・ヤンソン"
error_musume,エラー娘
death_(entity),
basil_(headspace)_(omori),
pixel_heart,
burnt,
purple_feathers,
female_orc,orc_female
enma_ai,"閻魔あい,阎魔爱"
jiaozi,"餃子,饺子,ぎょうざ,ギョウザ,ギョーザ"
alcina_dimitrescu,"LadyDimitrescu,ドミトレスク,オルチーナ・ドミトレスク"
coffee_maker,"コーヒーメーカー,コーヒーサイフォン,パーコレータ"
bouncing_penis,ペニ分身
tsuji_renta,"役人(GuP),役人(ガールズ&パンツァー),辻廉太,文科省のメガネ,辻康太"
katalina_(granblue_fantasy),"カタリナ,カタリナ・アリゼ"
chastity_belt,"貞操帯,tst,貞操帶,贞操带,정조대"
daitou_(kancolle),"大東(艦隊これくしょん),大東,大東(艦これ)"
inseki,姻戚
water_yoyo,"水風船,水ヨーヨー,ヨーヨー風船"
miles_edgeworth,"御剣怜侍,御剑怜侍,ミツナル,ナルミツ"
rika_(m_k),
on_boat,
hooded_shrug,
eggshell,蛋壳
fu_hua_(fenghuang_of_vicissitude),
pekoyama_peko,辺古山ペコ
yae_sakura_(goushinnso_memento),"御神装·勿忘,御神装・勿忘"
aqua_pupils,
taking_shelter,雨宿り
cure_marine,キュアマリン
arm_pillow,
horned_hat,
monster_strike,"モンスターストライク,モンスト,モンスト腐"
shizuru_(princess_connect!),"シズル(プリコネ),シズル,星野静流"
sena_(xenoblade),"セナ(ゼノブレイド3),セナ"
viper_(series),
multicolored_flower,
shakujou,"錫杖,しゃくじょう"
extra_penises,複根
bull,"牡牛,雄牛"
laboratory,
neeko_(league_of_legends),"Neeko,니코,ニーコ"
renkin_san-kyuu_magical_pokaan,"錬金3級まじかる?ぽか〜ん,まじぽか,錬金3級,まじかる?ぽか〜ん,magical_pokaan"
marcille_donato_(lord),
hikigaya_hachiman,"比企谷八幡,ヒッキー,八雪,八結"
igawa_asagi,井河アサギ
pipe_in_mouth,
sion_eltnam_atlasia,シオン・エルトナム・アトラシア
chaos_(warhammer),
blocking,
wrist_belt,
shadows_house,"シャドーハウス,シャドーハウスギャラリー,影宅,Shadowshouse,ชาโดว์เฮาส์"
classic_lolita,"クラロリ,classiclolita,クラシカルロリータ"
fever,発熱
cycling_uniform,
bell-bottoms,"喇叭裤,阔腿裤"
jacket_over_shoulder,
chikuma_kai_ni_(kancolle),筑摩改二
kanno_naoe,管野直枝
gundam_0080,"機動戦士ガンダム0080,ポケットの中の戦争,ガンダム0080"
blazblue:_chronophantasma,
purple_sports_bra,
paper_texture,
osomatsu-kun,おそ松くん
bruised_eye,
komainu_ears,
hatsune_miku_(vocaloid4),"初音ミクV4,V4X,初音ミクV4X"
food_on_clothes,
pastry_box,
sony,ソニー
bikini_top_aside,
mailbox_(incoming_mail),郵便受け
basketball_hoop,
koraidon,コライドン
yoru_no_kurage_wa_oyogenai,"夜のクラゲは泳げない,Jellyfish_can't_swim_in_the_night,ヨルクラ,yorukura_anime"
sen_no_kiseki_iv,"閃の軌跡IV,閃の軌跡4,軌跡シリーズ"
mami_mogu_mogu,"マミる,鞠乃ロキ,マミった"
achilles_(fate),"アキレウス(Fate),赤のライダー,アキレウス"
polka_dot_camisole,
grandia,グランディア
rim_(kamitsubaki_studio),"理芽,理芽美術部"
cum_on_chest,
sugimoto_saichi,杉元佐一
air_mattress,エアマット
see-through_shawl,
li_syaoran,李小狼
gyarados,ギャラドス
gleam,
asirpa,"アシㇼパ,アシリパ"
flower_(vocaloid4),"v4_flower,v_flower,vflower,ブイフラワ"
yura_kai_ni_(kancolle),由良改二
kiriko_(overwatch),"家守霧子,OverwatchKiriko,キリコ"
tank_turret,
rurouni_kenshin,"るろうに剣心,浪客剑心,samurai_x"
sideroca_(arknights),"铸铁,シデロカ(アークナイツ),シデロカ,Sideroca"
mimi_(princess_connect!),"茜ミミ,ミミ(プリコネ),ミミ,美美"
half_up_half_down_braid,
crinoline,クリノリン
pankou,"花纽,盘花纽"
veyle_(fire_emblem),"ヴェイル,ヴェイル(ファイアーエムブレム)"
slide,"滑り台,すべり台"
d.gray-man,"D.Gray-man,ディー・グレイマン,驅魔少年,驱魔少年"
getabako,下駄箱
gunbuster_pose,ガイナ立ち
yashajin_ai,夜叉神天衣
europa_(granblue_fantasy),"エウロペ(神撃のバハムート),エウロペ,エウロペ(グラブル)"
blue_scales,
hair_around_ear,
chrono_cross,"クロノ・クロス,クロノクロス,クロノクロス集合絵"
foreclosure_task_force_(blue_archive),"対策委員会,Countermeasures_Committee"
broly_(dragon_ball_super),"ブロリー,ブロリー(ドラゴンボール超),Broly"
chocolate_syrup,
starlight_academy_school_uniform,"スターライト学園生服,スターライト学園"
lissa_(fire_emblem),"リズ,リズ(ファイアーエムブレム)"
belfast_(shopping_with_the_head_maid)_(azur_lane),"メイド長とお買い物(アズールレーン),女仆长的购物日"
ofuda_on_pussy,
single_bare_arm,
neck_grab,
red_sun,
blue_bandeau,
cyberpunk_2077,"サイバーパンク2077,Cyberpunk2077,Cyberpunk_2077"
boom_barrier,拦车杆
deal_with_it_(meme),ドットサングラス
amane_misa,"弥海砂,misa_amane"
mullet,マレット
momoi_airi,"桃井愛莉,しずあい,雫愛"
priestess_(arknights),普瑞赛斯
cymbals,
wooloo,ウールー
i-47_(kancolle),"伊47(艦隊これくしょん),伊47(艦これ),伊47,ヨナ"
37_(reverse:1999),"重返未来37,37(リバース:1999)"
legacy_of_lunatic_kingdom,"東方紺珠伝,紺珠伝"
maria_robotnik,"マリア・ロボトニック,シャドマリ,MariaRobotnik"
scarlet_(nikke),"紅蓮(勝利の女神:NIKKE),紅蓮(NIKKE),홍련(NIKKE)"
s.a.t.8_(girls'_frontline),"S.A.T.8,S.A.T.8(ドールズフロントライン),S.A.T.8(少女前線),SAT8,SAT8(ドールズフロントライン),SAT8(少女前線)"
holding_palette,
hanafuda,花札
dou,
hange_zoe,ハンジ・ゾエ
rahu_(path_to_nowhere),罗睺
miriam_(pokemon),"ミモザ,ミモザ(トレーナー),ミモザ(ポケモン),ミモザ先生"
robin_(dc),"ロビン,ロビン(バットマン),蝙蝠一家"
dragonslayer_(sword),"ドラゴン殺し,ドラゴンころし"
earphones_removed,
sylvain_jose_gautier,シルヴァン=ジョゼ=ゴーティエ
rectangular_earrings,
ninian_(fire_emblem),"ニニアン,ninian"
glowing_petals,
bb_(swimsuit_mooncancer)_(first_ascension)_(fate),
morgiana,モルジアナ
frilled_sash,
hinata_(swimsuit)_(blue_archive),ヒナタ(水着)
plaid_trim,
richelieu_(azur_lane),"リシュリュー(アズールレーン),リシュリュー,黎塞留"
fairy_miku_(project_voltage),フェアリーミク
sailor_uranus,セーラーウラヌス
ukiyo-e,"浮世絵風,浮世絵"
canopy_(aircraft),
alisaie_leveilleur,"アリゼー,アリゼー・ルヴェユール"
megatron,メガトロン
sheep_nun_(diva),
tsubaki_(guide)_(blue_archive),春日ツバキ(ガイド)
school_swimsuit_flap,水抜き穴
lowleg_pantyhose,
uncle_and_niece,
smallfry_(splatoon),コジャケ
renne_(eiyuu_densetsu),"レン・ブライト,殲滅天使,殲滅天使レン"
island_fox_(kemono_friends),"シマハイイロギツネ(けものフレンズ),しまはいあーと"
revealing_layer,妄撮
cu_chulainn_(caster)_(fate),"クー・フーリン,兄貴キャスター,キャスニキ"
fellatio_under_mask,"フェベチオ,マスクフェラ"
typhlosion,バクフーン
tanghulu,"糖葫芦,糖葫蘆,冰糖葫芦,冰糖葫蘆,サンザシ飴"
yoshida_hirofumi,"吉田ヒロフミ,吉田宽文"
flower_basket,
oryou_(girls_und_panzer),"おりょう,野上武子,カバさんチーム"
sunken_fossil_world,東方剛欲異聞
hyena_girl,
green_collar,
kama_(third_ascension)_(fate),
waraji,草鞋
chapayev_(azur_lane),"チャパエフ,チャパエフ(アズールレーン),恰巴耶夫"
hooded_shirt,
apologizing,
for_adoption,"拾ってください,拾って下さい,ひろって下さい,ひろってください,주워가주세요,주워주세요"
entrance,玄関
xiangyun,"祥云,祥雲,云纹"
tasting,
ariane_yeong,
rpg_(weapon),РПГ
chuatury_panlunch,"チュアチュリー・パンランチ,チュチュ"
clitoris_ring,
wooden_spoon,
canister,
wrestle_angels,レッスルエンジェルス
abukuma_kai_ni_(kancolle),阿武隈改二
phone_booth,"電話ボックス,电话亭"
tiger_costume,
blue_oath,"苍蓝誓约,蒼藍誓約,蒼藍の誓い,ブルーオース,蒼藍の誓い_ブルーオース,ブルーオースイラコン,蒼藍の誓いブルーオース"
lilina_(fire_emblem),リリーナ
rockhopper_penguin_(kemono_friends),"イワトビペンギン,イワトビペンギン(けものフレンズ)"
nilou_(breeze_of_sabaa)_(genshin_impact),"東風はこぶ花の吐息,莎邦之息"
diorama,ジオラマ
wool,
dragon_claw,
episode_number,
5others,
kyogre,カイオーガ
xblaze,
shirayuki_hime,"ヒメルダ・ウインドウ・キュアクイーン・オブ・ザ・ブルースカイ,白雪ひめ"
character_signature,
skirt_rolled_up,
glove_in_mouth,
kuroshitsuji,"黒執事,黑执事,黒執事ファンアート"
kirisaki_chitoge,桐崎千棘
halter_leotard,
windsock,"吹流し,吹き流し,风向袋,风锥"
marceline_abadeer,"マーセリン,Marceline"
otome_game_no_hametsu_flag_shika_nai_akuyaku_reijou_ni_tensei_shite_shimatta,"乙女ゲームの破滅フラグしかない悪役令嬢に転生してしまった...,乙女ゲームの破滅フラグしかない悪役令嬢に転生してしまった,はめふら"
waffle,"ワッフル,华夫饼"
choukai_kai_ni_(kancolle),鳥海改二
nonohara_yuzuko,"野々原ゆずこ,野野原柚子"
sparse_navel_hair,
gareth_(fate),ガレス(Fate)
niwamaru_(niwarhythm),にわ丸
treecko,キモリ
green_tongue,
yamanaka_sawako,山中さわ子
green_suit,
manticore_(arknights),"狮蝎,マンティコア,マンティコア(アークナイツ)"
dorei_to_no_seikatsu_~teaching_feeling~,"奴隷との生活,TeachingFeeling"
shell_earrings,
chain_around_arm,
nippaku_zanmu,"日白残無,日白残无,닛파쿠잔무"
mizi_(alien_stage),"미지,Mizi"
shinonome_akito,"東雲彰人,冬彰,彰冬,彰杏,东云彰人"
lace_border,
mukyuu,むきゅー
arcanine,ウインディ
kayamori_ruka,茅森月歌
ansatsu_kyoushitsu,"暗殺教室,暗杀教室,암살교실"
holding_cloth,
adjusting_another's_clothes,
seelie_(genshin_impact),"仙灵,仙霊"
handrail,
handlebar,
noah_(xenoblade),"ノア(ゼノブレイド3),ノア"
aqua_choker,
grey_robe,
between_labia,
stiff_tail,
rabbit_platoon_(blue_archive),RABBIT小隊
blue_tube_top,
head_hug,
ice_crystal,
grape_hat_ornament,
wakaba_(kancolle),"若葉,若葉(艦隊これくしょん),若葉(艦これ)"
mirai_akari_project,"ミライアカリ,アカリギャラリー"
glasses_nun_(diva),
grimm's_fairy_tales,グリム童話
penis_ribbon,ちんちんリボン
hungry_nun_(diva),
mari_(headspace)_(omori),
meteor,
removing_bra,
heidimarie_w._schnaufer,ハイデマリー・W・シュナウファー
marill,マリル
gorgon_(fate),"ゴルゴーン(Fate),ゴルゴーン"
razor,"かみそり,カミソリ"
subarashiki_hibi,"素晴らしき日々~不連続存在~,素晴らしき日々,素晴日,美好的每一天"
trunks_(future)_(dragon_ball),"トランクス(ドラゴンボール),未来トランクス,未来のトランクス,トランクス,大人トランクス"
chevalier_d'eon_(fate),"シュヴァリエ・デオン(Fate),シュヴァリエ・デオン,デオン"
oddish,ナゾノクサ
ikezawa_hanako,池沢華子
froslass,ユキメノコ
flip_flappers,"フリップフラッパーズ,轻拍翻转小魔女"
thick_navel_hair,
fukuzawa_yumi,福沢祐巳
eas_(fresh_precure!),"イース,イース様"
uzuki_(cookie),"UDK姉貴,宇月幸成"
towa_herschel,トワ・ハーシェル
green_buruma,緑ブルマ
on_stairs,
five_nights_at_freddy's,"ファイブナイツアットフレディーズ,フレディーズでの5泊,フレディーズで5泊,프레디의_피자가게,프레디에서의_5일밤,five_nights_at_freddy's,Five_Nights_at_Freddy's,FNAF"
number_pun,語呂合わせ
miku_collar_bikini,
in_bowl,
hatsune_miku_(nt),"初音ミクNT,ミクNT"
mirai_akari,"ミライアカリ,アカリギャラリー"
aqua_pantyhose,
headlock,
head_on_arm,
vector_(girls'_frontline),"Vector,Vector(ドールズフロントライン),Vector(少女前線)"
print_apron,
yuugiri_(zombie_land_saga),"ゆうぎり,ゆうぎり(ゾンビランドサガ)"
naked_suspenders,
kamihama_university_affiliated_school_uniform,神浜市立大附属学校
ass_peek,"Cheek_peek,,Butt_Peek,尻破れ"
white_dog,
agent_(girls'_frontline),"代理人,代理人(少女前线),代理人(少女前線),エージェント,エージェント(ドールズフロントライン),Agent"
yagyu_(senran_kagura),"柳生,柳生(閃乱カグラ)"
pokemon_on_lap,
head_on_table,
slouching,
throwing_needles,
crime_prevention_buzzer_threat,
billiard_ball,
kevin_kaslana,"凯文·卡斯兰娜,ケビン・カスラナ,kevinkaslana"
snowboard,スノーボード
qin_liangyu_(fate),"秦良玉,秦良玉(Fate)"
ben_10,"ベン10,BEN10,Ben10,ben10,エイリアンフォース,アルティメットエイリアン,オムニバース"
yatterman,ヤッターマン
aqua_wings,
mudra,
watermark_grid,
silent_hill_2,"SILENTHILL2,サイレントヒル2"
firefighter,消防士
inumuta_houka,犬牟田宝火
single_earphone_removed,
widow's_peak,
katou_danzou_(fate),"加藤段蔵(Fate),加藤段蔵"
mismatched_horns,
crumpled_paper,
forbidden_scrollery,"東方鈴奈庵,鈴奈庵"
mizuho_(kancolle),"瑞穂,瑞穂(艦隊これくしょん),瑞穂(艦これ)"
morgana_(cat)_(persona_5),
shiny_footwear,
special_feeling_(meme),"特別な気分,恋人といる時の雪って,恋人といる時の雪って特別な気分に浸れて僕は好きです,大雪バカップル"
m16a1_(boss)_(girls'_frontline),M16A1(鉄血)
open_jumpsuit,
queen_marika_the_eternal,永遠の女王マリカ
hinaichigo,雛苺
cupping_glass,
the_little_mermaid,"人魚姫,にんぎょひめ,リトルマーメイド,リトル・マーメイド"
panties_on_penis,"パンツコキ,パンコキ"
dead_by_daylight,"デッドバイデイライト,DeadbyDaylight,dbd,DbDアートdbdfanart,黎明杀机"
gold_circlet,
sananana_(cookie),"SNNN姉貴,アイドルンバももか"
lucifero_(guilty_gear),ルシフェロ
lugia,ルギア
pear_shaped_figure,
suspenders_gap,
saibou_shinkyoku,"細胞神曲,細胞神曲_-Cell_of_Empireo-,細胞神曲-CoE-,さぼしき,细胞神曲,세포신곡,CoE,細胞神曲【腐】,cellofempireo"
elpeo_puru,エルピー・プル
oono_aya,"大野あや,ウサギさんチーム"
air_jordan,エアジョーダン
princess_serenity,"プリンセス・セレニティ,プリンセスセレニティ,セレニティ"
fiery_background,
summon_night_3,サモンナイト3
shiki_natsume,四季ナツメ
kisaragi_kai_ni_(kancolle),如月改二
kishinami_hakuno_(male),"ザビ夫,ザビ男,岸波白野"
dunkerque_(azur_lane),"ダンケルク,ダンケルク(アズールレーン),敦刻尔克"
ribbon-trimmed_panties,
cracking_knuckles,指ポキ
shin_godzilla,シン・ゴジラ
white_rabbit_(animal),
brown_hakama,
princess_(princess_principal),プリンセス(プリンセス・プリンシパル)
chest_guard,
rubbing,
scar_on_breasts,
idw_(girls'_frontline),"IDW,IDW(少女前線),idw,IDW(ドールズフロントライン)"
nunnally_vi_britannia,ナナリー
mai_(touhou),"マイ,마이"
yukikaze_kai_ni_(kancolle),雪風改二
one_arm_handstand,单手倒立
fujimaru_ritsuka_(female)_(brilliant_summer),ブリリアントサマー
cunnilingus_through_clothes,
string_of_light_bulbs,
conch,
cbt,
yuri_lowell,"ユーリ・ローウェル,ユーリローウェル,ユーリ"
fujimura_taiga,藤村大河
ass_smack,
hoshikawa_lily,星川リリィ
pixiv_fantasia_fallen_kings,"pixivファンタジアFK,PFFK"
ceres_fauna_(goth),
banette,ジュペッタ
detonator,
kiryu_kazuma,桐生一馬
cd_case,
akagi-chan_(azur_lane),"赤城ちゃん,赤城ちゃん(アズールレーン),小凰"
re:act,"KAGASTA,カガスタ,Re:AcT"
yuudachi_kai_ni_(swimsuit)_(kancolle),"夕立(水着),夕立改二(水着)"
jojolion,"ジョジョリオン,8部"
object_floating_above_hand,
sitting_on_animal,
tit_(bird),
no._21_(pgr),"21号(パニグレ),21号,XXI,森息"
orange-framed_eyewear,
gryffindor,グリフィンドール
akatsuki_uniform,暁(NARUTO)
queen,
amane_kanata_(nurse),"天音かなた(ナース),天音かなた新衣装2022"
torn_kimono,
atelier_ryza_3,"ライザのアトリエ3,ライザ3"
iris_(flower),"菖蒲,花菖蒲,杜若,アイリス,アヤメ,カキツバタ"
tuna,"鮪,まぐろ,ツナ,다랑어"
ar_tonelico_ii,アルトネリコ2
pleated_sleeves,
penguin_logistics_logo,
surprised_arms,
slug,ナメクジ
shinza_bansho_series,神座万象シリーズ
precum_through_clothes,
yukimin_(yukihana_lamy),雪民
yellow_innertube,
houshou_marine_(gothic_lolita),
amuro_ray,アムロ・レイ
mismatched_wings,
swing_set,
human_stacking,尻タワー
trigun_stampede,
tongue_grab,舌引っ張り
sig_mpx,SIG_MPX
honolulu_(kancolle),"Honolulu,Honolulu(艦隊これくしょん),Honolulu(艦これ),ホノルル,ホノルル(艦隊これくしょん),ホノルル(艦これ)"
foot_on_head,
ice_cream_cup,
whimsicott,エルフーン
gene_(pso2),ジェネ
ichijou_ririka_(1st_costume),一条莉々華(通常)
pinstripe_vest,
horrified,恐ろしい
xayah,"Xayah,자야,ザヤ"
sheriff_badge,
haruka_(senran_kagura),"春花,春花(閃乱カグラ)"
korok,コログ
nelliel_tu_odelschwanck,"ネリエル・トゥ・オーデルシュヴァンク,ネリエル"
temari_(naruto),"テマリ,奈良テマリ"
sarashina_ruka,"更科瑠夏,更科るか"
oil_lamp,
diarmuid_ua_duibhne_(lancer)_(fate),"ディルムッド,ランサー(Fate/Zero)"
dmm,DMM
garland_(decoration),
kel_(faraway)_(omori),
aqua_sleeves,
lyn_(blade_&_soul),"剑灵,블소,リン族"
radar,
orange_wings,
toriel,"トリエル,toriel"
aristocratic_clothes,
store_clerk,"店員,コンビニ店員"
habetrot_(fate),ハベトロット(Fate)
breast_contest,乳相撲
ornate_armor,
reverse_footjob,
melusine_(genshin_impact),"Melusine,メリュジーヌ(原神),メリュジーヌ"
aviator_cap,飛行帽
flametail_(arknights),"フレイムテイル(アークナイツ),焰尾"
shinmai_maou_no_testament,"新妹魔王の契約者,新妹魔王的契約者,新妹魔王的契约者,The_Testament_of_Sister_New_Devil"
frilled_babydoll,
door_handle,
double_scoop,
sansei_muramasa,三世村正
unworn_crown,
markings,
sleeping_bag,"寝袋,スリーピングバッグ"
bulge_to_ass,
plaid_shawl,
angelica_(project_moon),
flight_suit,
delivery,"配達員,送外卖"
mistletoe,"寄生木,宿り木,宿木,ヤドリギ,槲寄生"
fur_capelet,
naked_robe,
scooby-doo,"スクービー・ドゥー,スクービードゥー,ScoobyDoo,弱虫クルッパー"
takayama_sayoko,高山紗代子
hijikata_toshizou_(fate),土方歳三(Fate)
hole_in_chest,
oomori_yuuko,大森ゆうこ
furisode_sleeves,
fire_emblem:_new_mystery_of_the_emblem,新・紋章の謎
otonose_kanade_(1st_costume),音乃瀬奏(通常)
jeanne_d'arc_alter_(avenger)_(first_ascension)_(fate),
sleeve_rolled_up,
veronica_(fire_emblem),"ヴェロニカ,ヴェロニカ(ファイアーエムブレム)"
suou_pavlichenko,蘇芳・パヴリチェンコ
squid_game,"오징어게임,イカゲーム,SquidGame"
binary,二进制数
wactor_production,WACTOR
flight_attendant,"客室乗務員,スチュワーデス,キャビンアテンダント,空中乘务员,空乘员,空姐"
my-otome,舞-乙HiME
holding_petal,
amakusa_shirou_(fate),天草四郎(Fate)
orange_cardigan,
centorea_shianus,"セントレア・シアヌス,セントレア,セレア"
twilight_sparkle,"トワイライトスパークル,紫悦,TwilightSparkle,暮光闪闪,twidash"
haaton_(akai_haato),はあとん
france,"フランス,仏国,法国"
grenade_hair_ornament,
h&k_mp7,"MP7,MP7A1"
fu_hua_(valkyrie_accipiter),
otogi_(blue_archive),"オトギ,(ブルアカ),オトギ(ブルーアーカイブ)"
hashitsuki_nata,嘴付き鉈
fantasy_earth_zero,FEZ
grim_(azur_lane),
adepta_sororitas,アデプタ・ソロリタス
lonely,
roy_mustang,ロイ・マスタング
k/da_akali,"K/DA_Akali,Akali(K/DA)"
chii,ちぃ
sign_around_neck,
iori_junpei,伊織順平
front_zipper,
momose_rio,百瀬莉緒
posing,
eyjafjalla_(summer_flower)_(arknights),
minase_akiko,"水瀬秋子,秋子さん"
kearsarge_(azur_lane),"キアサージ,キアサージ(アズールレーン)"
euphonium,ユーフォニアム
looking_at_self,
chevreuse_(genshin_impact),"夏沃蕾,シュヴルーズ,Chevreuse"
cherry_tomato,"プチトマト,ミニトマト,チェリートマト,小番茄,樱桃番茄,圣女果"
all_might,オールマイト
reptile_boy,
heart_hat_ornament,
holding_mace,
crosshair,
powerpuff_girls_z,"パワパフガールズZ,パワパフZ,出ましたっ!パワパフガールズZ"
tifa_lockhart_(refined_dress),
goh_(pokemon),"ゴウ(アニポケ),ゴウ(トレーナー),サトゴウ,ゴウコハ"
flower_over_mouth,
aqua_scrunchie,
saratoga_(azur_lane),"サラトガ(アズールレーン),サラトガ,サラトガ改(アズールレーン),萨拉托加"
no_symbol,
racing,"競走,競泳,赛跑,竞速,カーレース,レーシング,モトクロス"
lavender_(flower),"ラベンダー,薰衣草"
mascot_costume,
pelvic_curtain_aside,
blastoise,カメックス
mawaru_penguindrum,"輪るピングドラム,ピンドラ"
2005,
perrin_(pokemon),"サザレ,サザレ(ポケモン)"
hugging_another's_tail,
orange_tank_top,
skyfire_(arknights),"天火,スカイフレア,スカイフレア(アークナイツ),Skyfire"
sophia_(fire_emblem),ソフィーヤ
asta_(honkai:_star_rail),"艾丝妲,アスター,Asta,아스타,アスター(スターレイル)"
grate,
takao_(aoki_hagane_no_arpeggio),"タカオ(蒼き鋼のアルペジオ),タカオ,たかお"
sakura_trick,桜trick
p-chan,"ぴちゃん,Pちゃん"
blue_blood,
theresa_apocalypse_(lunar_vow:_crimson_love),"大月下,月下誓约,月下誓约·予爱以心"
sprout,
murasame_(senren),"ムラサメ,ムラサメ(千恋*万花),丛雨"
vanripper_(style),
mexico,"メキシコ,メキシカン,メキシコ人,MX"
cure_melody,キュアメロディ
zagreus_(hades),ザグレウス
pink_eyeliner,
stealth_masturbation,
miraculous_ladybug,"ミラキュラス・レディバグ,MiraculousLadybug,Ladybug,レディーバグ,レディバグ"
artist_self-reference,
fu_hua_(phoenix),赤鸢
masquerade_mask,
pointing_melee_weapon,
cleaning_&_clearing_(blue_archive),"C&C,Cleaning&Clearing"
holding_grenade,
glowing_lines,
felix_hugo_fraldarius,フェリクス=ユーゴ=フラルダリウス
scanty_(psg),スキャンティ
toe_seam,
upright_restraints,
zorua,ゾロア
kurumi_(lycoris_recoil),"クルミ,クルミ(リコリコ),クルミ(リコリスリコイル),クルミ(リコリス・リコイル)"
on_crescent,
hololive_fantasy,"ホロライブファンタジー,ホロライブ3期生"
see-through_bra,
tupet,"チューペット,ポッキンアイス"
grey_sclera,
holding_mahjong_tile,
fishing_hook,鱼钩
steven_universe,"stevenuniverse,スティーブン・ユニバース,スティーブンユニバース,SUワンドロ"
italy,"イタリア,Italia"
quagsire,"ヌオー,ヌオーの日"
yamabuki_inori,山吹祈里
uno_(game),uno
olivia_(fire_emblem),"オリヴィエ,オリヴィエ(ファイアーエムブレム)"
knights_of_blood_uniform_(sao),
elan_ceres,"エラン・ケレス,伊兰·凯莱斯"
face_punch,
plaid_sleeves,
nika_nanaura,ニカ・ナナウラ
hand_on_own_penis,
frilled_vest,
diagram,図面
ilsa_(granblue_fantasy),"イルザ,イルザ(グラブル)"
pegging,"逆アナル,逆肛交"
tiger_paws,
minazuki_karen,水無月かれん
shaman_king,シャーマンキング
baseball_(object),"⚾,野球ボール"
prince_of_wales_(azur_lane),"プリンス・オブ・ウェールズ(アズールレーン),プリンスオブウェールズ,プリンス・オブ・ウェールズ,威尔士亲王"
jewelpet_(series),ジュエルペット
land_(sousou_no_frieren),ラント
holding_scarf,
holding_hair_brush,
son_biten,"孫美天,孙美天,손미천,손비텐"
turtwig,ナエトル
noss_&_zakuro,ノス&ザクロ
queen_(playing_card),
hands_on_own_knee,
caenis_(second_ascension)_(fate),
miyao_miya,宮尾美也
paperclip,
briar_(league_of_legends),briar
cliffheart_(arknights),"崖心,クリフハート,クリフハート(アークナイツ),エンシア"
hayakawa_tazuna,"駿川たづな,たづなさん"
cowgirl_(western),カウガール
blue_stripes,
four_of_a_kind_(touhou),"フォーオブアカインド,禁忌「フォーオブアカインド」"
poppy_(league_of_legends),"Poppy,뽀삐,ポッピー,ポピー"
irasutoya,いらすとや
kayari_buta,"蚊取り豚,蚊取りぶた,蚊取りブタ,蚊遣り豚,蚊遣豚"
rosetta_(granblue_fantasy),"ロゼッタ,ロゼッタ(グラブル)"
donkey_kong,ドンキーコング
konoka_(blue_archive),"コノカ(ブルーアーカイブ),コノカ"
shirt_slip,
rectangular_pupils,
arena_(company),
sylvie_(dorei_to_no_seikatsu),"シルヴィ(奴隷との生活),シルヴィ"
z/x,"Z/X-Zillions_of_enemy_X-,未来エターナルアーク"
tier_harribel,"ハリベル,ティア・ハリベル"
shirakiin_ririchiyo,白鬼院凜々蝶
laurels,
sen_(granblue_fantasy),"セン(グラブル),セン"
sanzen'in_nagi,三千院ナギ
kotobukiya_bishoujo,"壽屋美少女,コトブキヤ"
thigh_bow,
arceus,アルセウス
imperial_japanese_army,"大日本帝国陸軍,日本陸軍,帝国陸軍,日本軍"
spiked_boots,
nausicaa,ナウシカ
rappa_(honkai:_star_rail),乱破
red_slingshot_swimsuit,
borrowed_hairstyle,
bunny_slippers,
strawberry_parfait,
thigh_focus,
holding_string,
holding_cookie,
see-through_bikini,
underground,
digimon_tamers,デジモンテイマーズ
alpaca_tail,
stuffed_sheep,
tokugawa_matsuri,徳川まつり
starting_block,
estellise_sidos_heurassein,"エステリーゼ・シデス・ヒュラッセイン,エステル"
klein_moretti,"克莱恩,格尔曼,梅林·赫尔墨斯,克莱恩·莫雷蒂,道恩·唐泰斯,格尔曼·斯帕罗,夏洛克·莫里,道恩亚蒂,周明瑞,愚者,格尔曼斯帕罗,克莱恩莫雷蒂,愚世,我们最爱克莱恩"
tall_grass,
super_robot_wars_og_saga_mugen_no_frontier,"無限のフロンティア,スーパーロボット大戦OGサーガ"
gaia_(ff14),ガイア(FF14)
wet_pantyhose,
unworn_cape,
space_cat_(meme),"スペースキャット,宇宙猫"
white_petals,
unworn_pantyhose,
taker_pov,正面向き前傾ペニス
cathedral,"大聖堂,カテドラル"
mugetsu_(touhou),"夢月,무게츠"
minato_aqua_(school_uniform),
kaga_(battleship)_(azur_lane),加賀(重桜戦艦)
suou_yuki,"周防有希,周防_有希,周防有希(ロシデレ)"
kagerou_kai_ni_(kancolle),陽炎改二
meruccubus_(merunyaa),
blame!,"BLAME!,Blame!,ブラム!,ブラム"
narusawa_ryouka,"成沢稜歌,りょーたす"
adjusting_another's_hair,
pop'n_music,"Pop'n,pop'nmusic,popn,ポップンミュージック,ポップン,popn_art"
dildo_under_clothes,
luo_xiaohei_(cat),
fiora_(xenoblade),フィオルン
heart-shaped_pubic_hair,
katsuragi_(senran_kagura),葛城(閃乱カグラ)
lace-trimmed_garter_belt,
cuffs-to-collar,
hotel_room,
power_suit_(metroid),
energy_barrier,
sakamoto_ryuuji,"坂本竜司,坂本龙司"
pop-up_story,"ポップアップストーリー,ポプスト"
bremerton_(kung_fu_cruiser)_(azur_lane),"アクションクルーズ,Action_cruise,功夫少女!"
stuffed_octopus,
ox_horns,
broad_shoulders,
fire_keeper,"火防女,防火女"
undone_bra,
yui_(sao),"ユイ(SAO),ユイ"
see-through_curtains,
gwendolyn_(odin_sphere),グウェンドリン
bead_anklet,
computer_tower,
.hack//,".hack,.hack//"
craft_essence_(fate),概念礼装
holding_handkerchief,
shuriken_hair_ornament,
reigen_arataka,"霊幻新隆,灵幻新隆,arataka_reigen,reigen"
subway,地下鉄
dr._eggman,"Dr.エッグマン,ドクター・エッグマン,エッグマン"
gilles_de_rais_(caster)_(fate),"キャスター,ジル・ド・レエ,ジル・ド・レェ"
biplane,"複葉機,双翼机"
akebi-chan_no_serafuku,明日ちゃんのセーラー服
film_strip,
saori_(swimsuit)_(blue_archive),錠前サオリ(水着)
alsace_(azur_lane),"アルザス(アズールレーン),アルザス"
drawn_wings,
faceplant,
treasure,
suzunari_shizuku,"鈴鳴しずく,鈴鳴雫"
aino_megumi,愛乃めぐみ
cowl_neck,
pinky_ring,
two-tone_tail,
yoga_mat,
larva_tiamat_(fate),ラーヴァ/ティアマト
gundam_08th_ms_team,"機動戦士ガンダム第08MS小隊,第08MS小隊,08MS"
green_butterfly,
picking_up,
testicle_peek,玉チラ
holding_stethoscope,
nuzzle,
hydro_symbol_(genshin_impact),
after_fingering,
buneary,ミミロル
empty_picture_frame,
silent_princess,姫しずか
emperor_(arknights),"エンペラー,皇帝,大帝"
nightingale_(arknights),"夜莺,ナイチンゲール,ナイチンゲール(アークナイツ)"
takumi_(fire_emblem),"タクミ(FEif),タクミ"
kamukura_izuru,"カムクライズル,神座出流"
black_butterfly,
mother's_day,"母の日,母亲节"
walther_wa_2000,WA2000
sound_effects_only,
gardenia_(pokemon),"ナタネ,ナタネ(トレーナー)"
black_mage_(final_fantasy),"くろまじゅつし,黒魔道士,黑魔导"
source_quote,
tougou_mimori,東郷美森
fish_skeleton,
clair_(pokemon),"イブキ(トレーナー),イブキ,イブキっぱい"
architect_(girls'_frontline),"アーキテクト(ドールズフロントライン),Architect,建筑师(少女前线),建築師(少女前線),建筑师,建築師,アーキテクト"
hands_in_own_hair,
cut-here_line,切り取り線
multicolored_sky,
smock,スモック
netzach_(project_moon),"Netzach,ネツァク"
esdeath,エスデス
es_(xblaze),Es
pinecone_(arknights),"松果,パインコーン(アークナイツ)"
triangular_eyewear,
uruha_rushia_(school_uniform),潤羽るしあ(校服)
tamamo_cat_(second_ascension)_(fate),
holding_calligraphy_brush,
pliers,
yamanin_zephyr_(umamusume),"ヤマニンゼファー(ウマ娘),ヤマニンゼファー"
pool_table,
goomba,"クリボー(マリオシリーズ),クリボー,굼바"
sharena_(fire_emblem),シャロン(ファイアーエムブレム)
kaiba_seto,"海馬瀬人,海馬,瀬人"
patterned_hair,
oozora_subaru_(casual),"大空スバル(私服衣装),大空スバル(私服)"
sakurada_shiro_(hy_plus),"樱田诗露,桜田シロ"
symbiote,シンビオート
xenosaga_episode_iii,ゼノサーガエピソードIIIツァラトゥストラはかく語りき
ecclesia_(yu-gi-oh!),"エクレシア(遊戯王),ごはんはたくさんたべるタイプ"
tamamo_no_mae_(spring_casual)_(fate),春色の現代服
sunken_cheeks,
green_robe,
mahou_shoujo_lyrical_nanoha_the_movie_1st,
ooarai_naval_school_uniform,
sin_sack,"罪袋,農袋"
nyto_(girls'_frontline),"涅托,nyto,ドアに挟まれるNYTO"
meloetta,メロエッタ
arms_around_back,
exhaust,
neon_(nikke),"ネオン(NIKKE),ネオン(勝利の女神:NIKKE),네온(NIKKE)"
aqua_one-piece_swimsuit,
ostrich,"駝鳥,ダチョウ,common_ostrich"
lead_pipe,鉄パイプ
victorious_(azur_lane),"ヴィクトリアス(アズールレーン),ヴィクトリアス,胜利"
kamina_shades,
cure_beauty,キュアビューティ
cassidy_(overwatch),"McCree,麦克雷"
reverse_netorare,逆NTR
konpaku_youki,魂魄妖忌
multicolored_pants,
cut-in,
suzuhara_lulu_(1st_costume),鈴原るる(通常)
read_or_die,"R.O.D,リード・オア・ダイ"
reaper_(overwatch),"死神,R76,reaper76"
yami_yugi,闇遊戯
heinrike_prinzessin_zu_sayn-wittgenstein,"ハインリーケ・プリンツェシン・ツー・ザイン・ウィトゲンシュタ,ハインリーケ・P・Z・ザイン・ウィトゲンシュタイン,プリン姫"
crossed_wrists,
pinstripe_pants,
saru_getchu,"サルゲッチュ,ape_escape"
oxygen_tank,酸素ボンベ
lace_legwear,
relay_baton,
pacific_rim,"パシフィック・リム,パシフィックリム,ぱしりむ"
doukyuusei_2,同級生2
cuntboy,"カントボーイ,マンコ男"
cure_blossom,キュアブロッサム
cross-laced_corset,
kana_anaberal,"カナ・アナベラル,카나아나베랄"
droopy_ears,
seed,種子
luvdisc,ラブカス
flower_bed,
choujigen_game_neptune_mk2,"超次元ゲイムネプテューヌmk2,超次次元ゲイムネプテューヌRe;Birth2"
protagonist_(pso2),
weight_gain,"肥満化,男の肥満化,weightgain"
a_channel,Aチャンネル
good_meat_day,いい肉の日
akemi_homura_(black_dress),ゴスほむ
hannya,般若
mahira_(granblue_fantasy),マキラ
medarot,メダロット
flaming_skull,
dragon_quest_ii,"ドラゴンクエスト2,ドラクエ2,DQ2"
hayashio_(kancolle),"早潮(艦隊これくしょん),早潮(艦これ),早潮"
yu_mei-ren_(second_ascension)_(fate),
big_man_(splatoon),マンタロー
noctchill_(idolmaster),"noctchill,ノクチル"
persona_2,"ペルソナ2,ペルソナ2罪,ペルソナ2罰,女神异闻录2"
flood,洪水
crystal_sword,
broken_wall,
panda_girl,パンダ娘
aijou_karen,"愛城華恋,かれひか,まひかれ,爱城华恋"
dj,
koi_wa_sensou_(vocaloid),恋は戦争
h&k_mp5,"MP5,MP5A2"
alien_(series),
pyramid_(geometry),角錐
armored_vehicle,
jahy,"ジャヒー,ジャヒー様,火曜日のジャヒー様"
hiiragi_yuzu,柊柚子
tsuki_ni_kawatte_oshioki_yo,"月に代わっておしおきよ,月に代わっておしおきよ!,代表月亮消灭你!"
vill-v,"维尔薇,ヴィルヴィ"
dobrynya_nikitich_(fate),"ドブルイニャ・ニキチッチ(Fate),ドブルイニャ・ニキチッチ,ドブルイニャ,ニキチッチ,ドエロイニャ・デカチッチ"
christian_louboutin_(brand),"ChristianLouboutin,Louboutin,クリスチャン・ルブタン"
aunt_and_nephew,
valkyrie_profile_(series),ヴァルキリープロファイル
print_bodysuit,
uni_create,ゆにクリエイト
see-through_thighhighs,
suspenders_hanging,
single_mechanical_leg,
ellee-chan,"エルちゃん,エル(プリキュア),エル(少女体)"
mlynar_(arknights),"玛恩纳,ムリナール(アークナイツ)"
daijoubu?_oppai_momu?_(meme),"大丈夫?おっぱい揉む?,おっぱい揉むテンプレ"
kagura_mea,"神楽めあ,めあArt"
zangief,ザンギエフ
amaterasu_(ookami),アマテラス(大神)
translucent_hair,
dot_(pokemon),"ドット(アニポケ),ドット(ポケモン)"
orchid,"蘭,蘭(植物),ラン(植物),兰花"
kidou_keisatsu_patlabor,"機動警察パトレイバー,パトレイバー"
carnation,"カーネーション,康乃馨,香石竹"
moomin,ムーミン
tsukumihara_academy_uniform_(fate/extra_ccc),
bust_chart,"ちちくらべ,bustchart"
winged_hair_ornament,
makaino_ririmu_(4th_costume),魔界ノりりむ(セーラー服)
phosphophyllite_(ll),
dying,"今際,断末魔"
nisshin_(kancolle),"日進,日進(艦隊これくしょん),日進(艦これ)"
ogino_chihiro,"荻野千尋,ハク千,千尋"
d;,
field_of_blades,
yamato_kai_ni_(kancolle),大和改二
ips_cells,iPS細胞
loose_neck_ribbon,
cum_in_panties,パンツ内射精
tied_sleeves,
ocarina,オカリナ
shirakami_fubuki_(aristocrat_kei),FBKbirthday2020
ebisu_eika,"戎瓔花,瓔花,에비스에이카,에이카,요우카"
yellow_jumpsuit,
yotsuyu_goe_brutus,"ヨツユ・ゴー・ブルトゥス,ヨツユ,夜露,露儿,요츠유"
magisa_(granblue_fantasy),"マギサ,マギサ(グラブル)"
sailor_neptune,セーラーネプチューン
dynamite,ダイナマイト
craft_lawrence,"クラフト・ロレンス,ロレンス"
grand_theft_auto,"GTA,グランドセフトオート,グラセフ"
kimura_natsuki,木村夏樹
kindergarten,"園児,保育園"
face_grab,
exposed_muscle,
cutoff_jeans,
pilot_helmet,
bkub_(style),"フミンバイン,ぶくぶ,大川ぶくぶ,野生のぶくぶ,野生の大川ぶくぶ,大川ぶくぶ風"
v-bangs,
hoto_cocoa's_school_uniform,
mauser_c96,"C96,マウザーC96"
garou:_mark_of_the_wolves,"餓狼MOW,餓狼mow,餓狼MARK_OF_THE_WOLVES,mow"
supermarket,"スーパ,スーパー,スーパーマーケット,超市"
leopard_boy,
chibi_miku,"ちびミク,ちびミクさん"
naegi_komaru,苗木こまる
triquetra,
rex_lapis_(genshin_impact),岩王帝君
backpack_basket,
green_hood,
boomerang,"🪃,ブーメラン,부메랑,回力镖,回旋镖"
bao_(vtuber),"hikarustation,baort,baojob,BaobbleBath,Bao"
top_wo_nerae!,"トップをねらえ,トップをねらえ!"
bilibili,"bilibili,哔哩哔哩,ビリビリ動画,B站,Bilibili"
gigantamax,キョダイマックス
chest_armor,
mole_on_crotch,
z_saber,
star_balloon,
frieza,"フリーザ,フリーザ様"
arm_scarf,
hockey_mask,
bell_pepper,ピーマン
anchorage_(azur_lane),"アンカレッジ(アズールレーン),アンカレッジ,安克雷奇"
hand_blush,
shoejob,靴コキ
knee_guards,
vine_print,
boxing,ボクシング
nitocris_(swimsuit_assassin)_(second_ascension)_(fate),
marvelous_sunday_(umamusume),"マーベラスサンデー(ウマ娘),マーベラスサンデー"
band_shirt,
eye_symbol,
olympics,オリンピック
cat_o'_nine_tails,
orange_headband,
tomato_slice,
wild_arms,"ワイルドアームズ,WILDARMS,WILD_ARMS"
kanzaki_kaori,"神裂火織,神裂"
misdreavus,ムウマ
dog_(mixed_breed)_(kemono_friends),イエイヌ(けものフレンズ)
rojiura_satsuki:_chapter_heroine_sanctuary,路地裏さつき
bubble_background,
kirby_64,星のカービィ64
cave_interior,
ibara_mayaka,伊原摩耶花
waltrud_krupinski,ヴァルトルート・クルピンスキー
escalator,エスカレーター
mortarboard,"モルタルボード,角帽,四方帽,学士帽"
remembering,
haruno_haruka,春野はるか
purple_headband,
submission_hold,
turtleneck_bodysuit,
facing_back,
lace_collar,
nihilego,ウツロイド
hoshi_no_tsue,星の杖
changing_clothes,
de_ruyter_(kancolle),"デ・ロイテル,デ・ロイテル(艦隊これくしょん),デ・ロイテル(艦これ),DeRuyter,デロイテル,デロイテル(艦隊これくしょん),デロイテル(艦これ)"
gentilhomme_usher,
artoria_caster_(third_ascension)_(fate),
shauntal_(pokemon),シキミ
torn_bra,
katekyo_hitman_reborn!,"家庭教師ヒットマンREBORN!,庭教師ヒットマンREBORN,REBORN!,家教,リボーン,家庭教师"
howl_no_ugoku_shiro,"ハウルの動く城,HowlsMovingCastle"
ebisuzawa_kurumi,恵飛須沢胡桃
full_stomach,
agent_aika,"AIKa,アイカ"
roxanne_(pokemon),"ツツジ,ツツジ(トレーナー)"
green_umbrella,
elf_(dragon's_crown),エルフ(ドラゴンズクラウン)
severed_arm,
girl_cafe_gun,"少女咖啡枪,少女咖啡槍,ガール・カフェ・ガン,ガールカフェガン,GIRLCAFEGUN,双生视界,双生視界"
melusine_(second_ascension)_(fate),
white_tabard,
executor_(arknights),"送葬人,イグゼキュター(アークナイツ),executor"
brown_cat,
mint,薄荷
"mogyutto_""love""_de_sekkin_chuu!",もぎゅっと“love”で接近中!
tote_bag,
white_album_(series),"WHITEALBUM,ホワイトアルバム"
recursion,"递归,再帰"
gunslinger_girl,"ガンスリンガー・ガール,ガンスリンガーガール,GUNSLINGER_GIRL,gunslingergirl,ガガガ"
pinecone,"松ぼっくり,まつぼっくり,松かさ"
aoyagi_touya,"青柳冬弥,青柳冬彌,冬彰,彰冬,冬こは"
archetto_(arknights),"空弦,アルケット(アークナイツ),アルケット,Archetto"
marina_(fear_&_hunger),
catria_(fire_emblem),"カチュア,カチュア(ファイアーエムブレム)"
stuffed_fish,
kinshi_no_ane_(92m),近視の姉
begging,祈求
prison_school,"監獄学園,プリズンスクール"
toasting_(gesture),"乾杯,干杯,건배"
matsukai_mao,"魔使マオ,マオのお絵描き帳,みせられ魔せん"
virtuous_contract,
m4a1_(mod3)_(girls'_frontline),"M4A1_MOD3(ドールズフロントライン),M4A1_MOD3,M4A1MOD3"
kanamori_sayaka,"金森さやか,金森氏"
tieria_erde,ティエリア
carrying_overhead,
suo_sango,"周央サンゴ,描くンゴ,許さんご,R18_35"
kon_kanaho,今叶星
deep_wound,傷口
airi_(queen's_blade),"アイリ,冥土へ誘うものアイリ"
bartz_klauser,"バッツ・クラウザー,バッツ"
nena_trinity,ネーナ・トリニティ
weapon_in_garters,
yak_(kemono_friends),ヤク(けものフレンズ)
tohmi_higashi_high_school_uniform,
tickle_torture,
shukusei!!_loli-kami_requiem,"粛聖!!_ロリ神レクイエム☆,粛聖!!ロリ神レクイエム,ロリ神レクイエム,粛聖!!ロリ神レクイエム☆,粛清ロリ神レクイエム"
titanfall_(series),タイタンフォール
bazooka_(gundam),バズーカ(ガンダムシリーズ)
kuromorimine_(emblem),
shoujo_kitou-chuu,少女祈祷中
gift_wrapping,
helena_(kancolle),"Helena,ヘレナ,ヘレナ(艦これ),ヘレナ(艦隊これくしょん),Helena(艦隊これくしょん),Helena(艦これ)"
boombox,"ラジカセ,ラジオカセットレコーダー"
holding_pumpkin,
basin,"盥,たらい"
pikmin_(creature),
palla_(fire_emblem),"パオラ,パオラ(ファイアーエムブレム)"
kidnapping,"誘拐,拉致,お持ち帰り"
kekkai_sensen,血界戦線
banchou,番長
hinoka_(fire_emblem),ヒノカ
an-94,"АН-94,アバカン"
catfight,"キャットファイト,掐架,打架,斗殴"
unworn_kimono,
nearl_the_radiant_knight_(arknights),"耀骑士临光,耀騎士ニアール,耀騎士ニアール(アークナイツ)"
grey_eyeshadow,
ortlinde_(fate),オルトリンデ(Fate)
thumb_sucking,
mina_(blue_archive),近衛ミナ
star_trail,
noren,"暖簾,のれん"
string_pull,
putting_on_footwear,
kore_wa_zombie_desu_ka?,"これはゾンビですか?,これはゾンビですか,これゾン"
claymore_(series),"CLAYMORE,クレイモア"
crater,クレーター
urbosa,"ウルボザ,urbosa"
cure_sunshine,キュアサンシャイン
genshin_impact_sticker_redraw_(meme),リプきた原神のスタンプを自分の絵柄で描く
m14_(girls'_frontline),"m14,M14,M14(ドールズフロントライン),M14(少女前線),엠십사"
naked_skirt,
spider-man_(2099),"スパイダーマン2099,spiderman2099"
hip_dips,
breaking_bad,"ブレイキング・バッド,BreakingBad"
atalanta_alter_(fate),"アタランテ・オルタ,アタランテオルタ,アタランテ(オルタ),バサランテ"
frankenstein's_monster,
food-themed_background,
uu~,
kotori_(takanashi_kiara),
school_days,"SchoolDays,スクールデイズ"
fading_border,
takanashi_kiara_(fever_night),FeverNightIsReal
furyou_michi_~gang_road~,"不良道,不良道~ギャングロード~,ギャングロード,gangroad,gangroad_joker"
mechanical_spine,
wolf_paws,
jean_(sea_breeze_dandelion)_(genshin_impact),海風の夢
tinkaton,デカヌチャン
bell_cranel,"ベルクラネル,ベル・クラネル"
arm_sling,
takozonesu,タコゾネス
shirakami_fubuki_(fubukitek),"フブキTEK,TEKフブキ,白上フブキ(TEK衣装),白上フブキ(TEK)"
riding_animal,
wild_geese,ワイルドギース
protagonist_3_(housamo),主3
sirin,"西琳,シーリン"
sinking,"沈む,沈没"
devil_survivor,"女神異聞録デビルサバイバー,デビルサバイバー"
tankard,
terraria,"Terraria,泰拉瑞亚,テラリア"
crack_of_light,
target,
kakyuusei,下級生
gold_ship_(run_revolt_launcher)_(umamusume),"RUN!乱!ランチャー!!,大乱闘!?夏色☆バカンス"
in_orbit,
pien_cat_(needy_girl_overdose),ぴえん猫
scanlines,"走査線,扫描线"
privaty_(nikke),"プリバティ(NIKKE),プリバティ(勝利の女神:NIKKE),프리바티(NIKKE),プリバティ"
giraffe_ears,
too_many_sex_toys,
light_in_heart,心の光
gaze_on_me!_outfit_(umamusume),"Gaze_on_Me!,GazeonMe!"
aono_miki,蒼乃美希
dolls_in_pseudo_paradise,蓬莱人形
pov_cheek_grabbing_(meme),
medicine,
aesc_(rain_witch)_(fate),
gendai_ninjakko_zukan,現代忍者っ子図鑑
vox_akuma,"VoxAkuma,AkumArt,Akurylic,ヴォックス・アクマ,Akumasutra,Voxanne"
torn_sleeve,
kitagawa_yuusuke,喜多川祐介
drawing_on_another's_face,
celtic_knot,"ケルティック・ノット,ケルティックノット"
sharp_tail,
knee_blush,
roulette_table,
fischl_(ein_immernachtstraum)_(genshin_impact),极夜真梦
alcremie_(strawberry_sweet),
3.1-tan,"3.1,大婆様,3.1たん"
edna_(tales),"エドナ,エドナ(TOZ)"
stardew_valley,"stardew_valley,StardewValley,スターデューバレー,スタバレ,星露谷物语,스타듀밸리"
starfighter,宇宙戦闘機
lucca_ashtear,"ルッカ,ルッカ・アシュティア"
person_between_breasts,全身パイズリ
thrud_(fate),スルーズ(Fate)
andrew_graves,Andy_Graves
holding_orb,
ribbon-trimmed_gloves,
pink_mask,
hip_tattoo,
sky_striker_ace_-_raye,"閃刀姫─レイ,閃刀姫-レイ"
meslamtaea_(weapon),
slug_girl,ナメクジ娘
portal_(series),Portal
kiwi_slice,
emily_stewart,"エミリー・スチュアート,エミリー,エミリースチュアート"
lemon_hair_ornament,
white_sleeve_cuffs,
lize_helesta_(1st_costume),リゼ・ヘルエスタ(通常)
sailboat,
nishikata,"西片くん,西片"
taiko_drum,太鼓
otter_spirit_(touhou),カワウソ霊
half-harpy,"ハーフハーピー,ハーフハーピィ,하프하피,半哈耳庇厄"
screw_in_head,
nontraditional_school_swimsuit,
smelling_flower,
traffic_mirror,カーブミラー
frenda_seivelun,"フレンダ=セイヴェルン,フレンダ"
shenhe_(frostflower_dew)_(genshin_impact),
little_bel_(azur_lane),"ベルちゃん(アズールレーン),ベルファスト,ベルちゃん,小贝法"
doma_umaru,"土間うまる,小埋"
harbor,港
sliding,
chloe_(fire_emblem),クロエ(ファイアーエムブレム)
felicia_(fire_emblem),フェリシア(FEif)
hand_on_weapon,
car_seat,
seele_vollerei_(starchasm_nyx),
walking_away,
k1-b0,"キーボ,キー坊"
scp_foundation,"scp_foundation,SCP_Foundation,Scpfoundation,SCP,scp,SCP財団,SCP基金会,SCP擬人化"
demi-chan_wa_kataritai,"亜人ちゃんは語りたい,デミちゃんは語りたい"
mori_calliope_(sleepwear),"oyasumori,森カリオペ(お部屋着)"
green_trim,
top_pull,
swimsuit_lift,
resting,
hachune_miku,はちゅねミク
okita_j._souji_(first_ascension)_(fate),
bakeneko,"化け猫,ばけねこ"
crosshair_pupils,
object_focus,
berserker_(fate/zero),"バーサーカー(Fate/Zero),兰斯洛特"
ofuda_on_nipples,
green_outline,
clow_card,クロウカード
ragna_the_bloodedge,ラグナ=ザ=ブラッドエッジ
draco_centauros,ドラコケンタウロス
estelle_bright,エステル・ブライト
komakusa_sannyo,"駒草山如,驹草山如,駒草太夫,駒草咲くパーペチュア,코마쿠사산뇨"
usugumo_(kancolle),"薄雲(艦隊これくしょん),薄雲(艦これ),薄雲"
shorts_under_shorts,
gavis_bettel,"ガビス・ベッテル,BettelBeThere,Bettelful"
hawawa-chan_(shiro_kuma_shake),はわわちゃん
suzumura_sango,涼村さんご
fujoshi,"腐女子,腐女"
hirato_(kancolle),"平戸,平戸(艦隊これくしょん),平戸(艦これ)"
new_jersey_(exhilarating_steps!)_(azur_lane),"リッピング・ステッピング!,跃动的舞台时间!"
kung_fu,功夫
great_pyrenees,
despair,
hibiscus_print,
lunchbox,弁当箱
yuusha_to_maou,勇者と魔王
saturn_(planet),土星
double_anal,
borderless_panels,
america_(hetalia),"アルフレッド・F・ジョーンズ,アルフレッド,味覚音痴コンビ,エミリー・ジョーンズ,エミリー"
spasm,
vyugen,vyugenart
alucard_(hellsing),アーカード
hongbao,"紅包,红包"
cute_&_girly_(idolmaster),
expressive_tail,
pallas_(arknights),"帕拉斯,パラス(アークナイツ)"
abigail_williams_(emerald_float)_(fate),エメラルド・フロート
iron_man,"アイアンマン,IRONMAN"
camouflage_skirt,
vf-1,VF-1
ox_ears,
mademoiselle_crabaletta,
denonbu,"電音部,den-on-bu,電音部美術部,电音部,電音部美術部STACKバトル,電音部美術部イラコン,ゆりおんぶ,電音部ウルポ,ゆるおんぶ"
udagawa_tomoe,"宇田川巴,ともひま"
syndra,syndra
einhard_stratos,アインハルト・ストラトス
marie_rose_(devilish_servant_against_the_splashing_waves),
coronavirus_pandemic,"新冠肺炎,新型コロナウイルス感染症,新型コロナウイルス,コロナウイルス,武漢肺炎,COVID-19,コロナ禍,SARS‐CoV‐2"
overhead_line,架線
cupping_hand,
pinwheel_hair_ornament,
wringing_skirt,裾絞り
dress_ribbon,
rina_atherina,Rina_Atherina
toyama_kasumi,戸山香澄
annie_(league_of_legends),"安妮,Annie"
battery,電池
pgm_hecate_ii,"ヘカートII,ヘカート2"
kirito_(sao-ggo),"男の娘キリト,キリコ"
lit_fuse,
clothed_bath,着衣入浴
poster_parody,
multicolored_shorts,
inkling_(language),
team_magma_uniform,
yu_mei-ren_(first_ascension)_(fate),
multicolored_capelet,
market,
black_shawl,
inugami_korone_(loungewear),戌神ころね(部屋着)
paya_(zelda),パーヤ
hibiki_yuuta,響裕太
ange_vierge,"アンジュ・ヴィエルジュ,アンジュイラコン"
yuri!!!_on_ice,"ユーリ!!!onICE,yoi,YOI【腐】"
pokemon_bdsp,"bdsp,ポケモンBDSP,ダイパリメイク,チビヒカリ"
reno_(azur_lane),"リノ(アズールレーン),リノ,里诺"
my_little_pony:_equestria_girls,"エクエストリアガールズ,EquestriaGirls,Equestria_Girls,EQG"
tsukimiya_ayu,月宮あゆ
dedenne,デデンネ
adachi_to_shimamura,安達としまむら
bronya_zaychik_(herrscher_of_reason),"ブローニャ・ザイチク(理の律者),理之律者"
hisuian_zorua,ヒスイゾロア
parlor_dragonmaid,ドラゴンメイド・パルラ
garry_(ib),"ギャリー,Garry"
aqua_pants,
glitter_dress,
emotional_engine_-_full_drive,"枕草子・春曙抄,枕草子・春曙抄パロ"
shiro_(no_game_no_life),白(NGNL)
melon_soda,メロンソーダ
rom_(neptunia),ロム(ネプテューヌ)
boutonniere,ブートニア
shibuki_ran,紫吹蘭
holding_cigar,
octopath_traveler_i,
chiaki_(blue_archive),"チアキ,チアキ(ブルアカ),チアキ(ブルーアーカイブ),元宮チアキ,chiaki"
spire,
paper_mario:_the_thousand_year_door,"ペーパーマリオRPG,1000年の扉,thousandyeardoor,ttyd,paper_mario_ttyd,papermariottyd"
power-up,
agnes_tachyon_(lunatic_lab)_(umamusume),"Lunatic_Lab,夏の陽は、青く凪ぐ"
american_beaver_(kemono_friends),"アメリカビーバー,アメリカビーバー(けものフレンズ),こはんコンビ"
shield_module,
purple_trim,
penis_piercing,
foreskin_pull,
sei_shounagon_(first_ascension)_(fate),
stakes_of_purgatory,煉獄の七姉妹
snowball_(overwatch),
aqua_sweater,
camera_flash,
haramaki,"腹巻,腹巻き"
lighting_cigarette,
art_shift,
fran_(ff12),フラン(FF12)
swan,"白鳥,백조,天鹅"
goose,ガチョウ
holding_flashlight,
purple_hood,
scrape,
horned_mask,
yukikaze_panettone,ユキカゼ・パネトーネ
brown_tank_top,
eurasian_tree_sparrow,"スズメ,すずめ,雀"
llenn_(sao),"レン,レン(SAO),LLENN"
underlighting,
nero_(devil_may_cry),ネロ
sessyoin_kiara_(swimsuit_mooncancer)_(second_ascension),キアラポリス
kumamiko,"くまみこ,熊巫女,当女孩遇到熊"
reien_girl's_academy_school_uniform,
kamen_rider_geats_(series),仮面ライダーギーツ
teardrop-framed_glasses,
pink_tulip,
lass_(pokemon),"ミニスカート,ミニスカ,ミニスカート(トレーナー)"
hatsune_(princess_connect!),"ハツネ(プリコネ),ハツネ,柏崎初音"
judith_(tales),ジュディス
is_that_so,そーなのかー
golden_arms,
cartoonized,
pipkin_pippa,"MMOARTPG,ピップキンピッパ,Capippalist,PippAI,Pipporno"
cream_puff,"シュークリーム,プロフィトロール,泡芙"
rukkhadevata_(genshin_impact),"マハールッカデヴァータ,マハールッカデヴァタ,大慈树王"
clam,
sakuranomiya_maika,桜ノ宮苺香
pina_(sao),ピナ
futari_wa_precure_max_heart,ふたりはプリキュアmaxheart
hat_tug,
figure_four_sitting,"ankle_on_knee,american_figure_four,单腿横架"
sun_print,
after_battle,
ability_card_(touhou),アビリティカード
delphox,マフォクシー
sakaki_(azumanga_daioh),榊さん
serie_(sousou_no_frieren),ゼーリエ
m1903_springfield,"スプリングフィールドM1903,M1903"
puzzle_piece,
stirring,
turntable,
sof_(blue_archive),"Soph,ソフ(ブルーアーカイブ),ソフ,アイン・ソフ・オウル(ブルーアーカイブ)"
holding_earphones,
silver_footwear,
ichinose_kotomi,一ノ瀬ことみ
rolling,
yorktown_(azur_lane),"约克城(碧蓝航线),ヨークタウン(アズールレーン),ヨークタウン"
sparse_arm_hair,
doomguy,"ドゥームガイ,ドゥームスレイヤー,毁灭战士"
koi_dance,恋ダンス
ikayaki,"イカ焼き,焼きイカ"
servbot_(mega_man),コブン
yukikaze_(azur_lane),"雪風,雪風(アズールレーン),莲"
feldt_grace,フェルト・グレイス
credit_card,
yu-gi-oh!_vrains,遊戯王VRAINS
apricot_the_lich,"Froot,Frootloods,Lichcraft"
staryu,ヒトデマン
tirpitz_(azur_lane),"ティルピッツ(アズールレーン),ティルピッツ,提尔比茨"
water_balloon,水風船
shirogane_miyuki,白銀御行
rorolina_frixell,"ロロライナ・フリクセル,ロロナ,ステロロ"
vehicle_name,
salt_shaker,
grey_armor,
mochizuki_honami,望月穂波
jabami_yumeko,"蛇喰夢子,じゃばみ,ゆめこ,じゃばみゆめこ,Yumeko_Jabami"
houshou_marine_(nun),"シスターマリン,宝鐘マリン(シスター衣装)"
archetype_earth,"真祖アルクェイド,姫アルク,アーキタイプ:アース"
okita_souji_alter_(first_ascension)_(fate),
text_in_eyes,
see-through_bodysuit,
princess_principal_game_of_mission,
cure_miracle,キュアミラクル
on_pillow,
hanging_legs,
takei_hisa,竹井久
snapping_fingers,指パッチン
book_holster,
shiratori_aira_(dandadan),白鳥愛羅
luz_noceda,"ルース,ルース・ノセダ"
chaise_longue,
barding,"バーディング,馬鎧,马铠,Rossharnisch"
yahagi_kai_ni_(kancolle),"矢矧改二,矢矧改二乙"
natsuiro_matsuri_(matsuri's_day_off),"まつりの休日,夏色まつり(お部屋着)"
konngara_(touhou),"矜羯羅,コンガラ,Konngara,콘가라"
symphogear_pendant,
mechanical_buddy_universe,"メカニカルバディユニバース,MBU,MBU1"
black_tea,"紅茶,红茶"
machete,マチェット
vignette_tsukinose_april,"月乃瀬=ヴィネット=エイプリル,ヴィーネ,ガヴィーネ"
shampoo,シャンプー
star_censor,
boota_(ttgl),
parking_lot,"駐車場,주차장,パーキング"
tiffania_westwood,ティファニア・ウエストウッド
corn_dog,アメリカンドッグ
visor_lift,
duramente_(umamusume),"ドゥラメンテ,ドゥラメンテ(ウマ娘)"
sakurai_rihoko,桜井梨穂子
buttercup_(ppg),"バターカップ,毛毛,ButtercupUtonium"
sena_(blue_archive),"氷室セナ,히무로세나"
foot_on_another's_face,
felix_argyle,"フェリックス・アーガイル,フェリックス,フェリス,フェリックス(リゼロ),페리스"
wiggling_toes,
ace_of_diamonds,🃁
destroyer_princess,"駆逐棲姫,わるさめちゃん,わるさめ"
hubert_von_vestra,ヒューベルトフォンべストラ
klee_(blossoming_starlight)_(genshin_impact),
trish_una,"トリッシュ・ウナ,特里休"
cure_butterfly,キュアバタフライ
stasis_tank,"培養槽,カプセル"
aliza_(granblue_fantasy),アリーザ
renge_(blue_archive),"レンゲ(ブルーアーカイブ),レンゲ,不破レンゲ"
evil_twin_lil-la,"Evil★Twinsキスキル・リィラ,Evil★Twinリィラ,リィラ,リィラ(遊戯王),イビルツイン"
gradient-tinted_eyewear,
feather_duster,"毛ばたき,羽箒,鸡毛掸子"
egg_yolk,"卵黄,蛋黄"
k.s.miracle_(umamusume),"ケイエスミラクル,ケイエスミラクル(ウマ娘)"
kamen_rider_w,仮面ライダーW
ayanami_kai_ni_(kancolle),綾波改二
cutlass,カトラス
hinako_note,"ひなこのーと,雏子的笔记"
suzu_(cookie),SZ姉貴
multiple_thigh_straps,
harpoon,銛
unworn_belt,
orange_eyeshadow,
dola_(nijisanji),"ドーラ,ドーラの宝物庫,ドーラ(にじさんじSEEDs)"
peeling,
wall-eyed,
grey_rose,
chou-10cm-hou-chan,"長10cm砲ちゃん,ちょうじゅっせんちほうちゃん"
saxophone,"サクソフォン,サクソフォーン,サキソフォン"
crocodile,"クロコダイル,鳄鱼"
grey_lips,
maryland_(kancolle),"メリーランド(艦これ),メリーランド(艦隊これくしょん),メリーランド,Maryland,Maryland(艦これ),Maryland(艦隊これくしょん)"
nipple_penetration,"ニプルファック,乳首姦"
messmer_the_impaler,"串刺し公メスメル,メスメル,梅瑟莫"
silhouette_demon,淫獣宮藤
ceylon_(arknights),"锡兰,セイロン,セイロン(アークナイツ)"
diamond_clan_outfit,
holding_headphones,
diamond_mouth,
coco's,"ココス,COCO'S,Coco's,ココス道"
bokutachi_wa_benkyou_ga_dekinai,"ぼくたちは勉強ができない,We_Never_Learn,bokuben"
vermeil_(arknights),"ヴァーミル(アークナイツ),ヴァーミル,红云"
kite,"凧,风筝"
bondrewd,ボンドルド
drawing_(action),
bust_measuring,
mast_(nikke),マスト(勝利の女神:NIKKE)
pitchfork,
no,
devil_summoner_(series),"真・女神転生デビルサマナー,デビルサマナー,超力兵団,アバドン王"
heart_wand,
comic_aun,
nori_(seaweed),"海苔,のり,紫菜"
hero's_daughter_(dq5),"グランバニア王女,青髪王女,黒髪王女"
sengoku_musou,戦国無双
urara_meirochou,"うらら迷路帖,Urara迷路帖"
deva_battle_suit,
koinobori,"鯉幟,鯉のぼり,こいのぼり,鲤鱼旗,鯉魚旗,锦鲤旗"
lace-trimmed_apron,
binder,バインダー
multiple_hat_bows,
shoulder_grab,
yotsuba_alice,四葉ありす
amayadori_machi,雨宿まち
mahou_senki_lyrical_nanoha_force,魔法戦記リリカルなのはForce
naruko_(naruto),"ナルコ,うずまきナルコ"
sela_(23),
champion_uniform,
societte_(granblue_fantasy),ソシエ
vertical-striped_gloves,
pajamas_pull,
unusually_visible,
eye_tattoo,
fender_telecaster,"フェンダー・テレキャスター,テレキャスター"
open_bikini,
vertical-striped_sleeves,
holding_pastry_bag,
fluff,
kobo_kanaeru_(1st_costume),
regulus_(reverse:1999),"星锑,レグルス(リバース:1999)"
buster_shirt,
ntw-20_(girls'_frontline),"NTW-20,NTW-20(ドールズフロントライン),NTW-20(少女前線)"
covered_groin,
grim_aloe,"グリム・アロエ,グリムアロエ"
dyed_ahoge,
head_on_ass,尻枕
bouncing_testicles,
artoria_caster_(first_ascension)_(fate),
naked_dogeza,"全裸土下座,裸土下座"
kinako_(40hara),"きなこ,kinako,きなこ(嫌パン),黄豆粉"
fate/extella_link,Fate/EXTELLA-LINK
threat,"脅迫,脅し"
lobster,"🦞,蝦,海老,えび,伊勢海老"
gradient_gloves,
orange_sports_bra,
tadano_hitohito,只野仁人
princess_bonnibel_bubblegum,"プリンセスバブルガム,プリンセス・バブルガム"
shin_strap,
dr._stone,"Dr.STONE,DrSTONE,ドクターストーン,石纪元,dcst腐向け,dcst"
kafu_(cevio),"可不,KAFU,可不美術部"
spirit_blossom_(league_of_legends),"영혼의꽃,精霊の花祭り"
gekitotsu!_joshikousei_oiroke_sensha_gundan,
gyakushuu_no_fantasica,逆襲のファンタジカ
single_legwear_garter,
protagonist_(metaphor:_refantazio),
cocktail_umbrella,
zentradi,ゼントラーディ
salmon_run_(splatoon),"サーモンラン,サーモンランNEXTWAVE"
knights_of_the_round_table_(fate),
banana_boat,
kenmochi_touya,"剣持刀也,金剛力也像,剑持刀也"
gigi_murin_(1st_costume),
giovanna_(guilty_gear),"ジオヴァーナ,GIOVANNA"
noelle_silva,ノエル・シルヴァ
poker,ポーカー
hei_(darker_than_black),
fujiwara_hajime,藤原肇
djmax,"DJMAX,디제이맥스"
adachi_tooru,足立透
ice_skating,"アイススケート,スケート"
musashi_kai_(kancolle),
recycle_bin,
pink_diamond_765_(idolmaster),ピンクダイヤモンド765
mousepad_(medium),"立体マウスパッド,マウスパッド"
necro_(guilty_gear),ネクロ(ギルティギア)
juuban_middle_school_uniform,
lee-enfield_(girls'_frontline),"李-恩菲尔德,Lee-Enfield,リー・エンフィールド,リー・エンフィールド(ドールズフロントライン),リー・エンフィールド(少女前線)"
breathing,
rejection,
director_chimera_(spy_x_family),キメラさん
compact_(cosmetics),
koishi_komeiji's_heart-throbbing_adventure,"古明地こいしのドキドキ大冒険,KKHTA,こいドキ,古明地恋的心跳大冒险,코메이지코이시의두근두근대모험"
polka_dot_pillow,
mickey_mouse,"ミッキーマウス,米老鼠,米奇"
push-ups,"腕立て伏せ,プッシュアップ"
andon_(lighting),"行灯,行燈,あんどん"
nagayoshi_subaru,永吉昴
bronya_zaychik_(herrscher_of_truth),HerrscherofTruth
z_flag,Z旗
sono_midoriko,"そど子,園みどり子,カモさんチーム,まこそど"
cassette_player,カセットプレーヤー
v_over_head,
horn_(instrument),
particle_cannon_case,"遺されたケース,遗留的武器库"
rita_mordio,"リタ,リタ・モルディオ"
thompson_submachine_gun,"トミーガン,シカゴタイプライター,トンプソン・サブマシンガン,M1928"
kotama_(blue_archive),"コタマ,コタマ(ブルアカ),コタマ(ブルーアーカイブ),音瀬コタマ,코타마,kotama"
belt_bag,"腰包,小腰包"
inflatable_dolphin,
kikkoumon,亀甲文
production_kawaii,"kawaiiofficial5,ProductionKawaii,プロダクションkawaii"
?_block,"ハテナブロック,?ブロック"
kromer_(project_moon),克罗默
makai_senki_disgaea_4,"魔界戦記ディスガイア4,ディスガイア4"
crocodile_(one_piece),"クロコダイル,サー・クロコダイル"
hinamori_amu,"日奈森あむ,日奈森亜夢,あむちゃん,日奈森亚梦"
yellow_(among_us),
seeu,"SeeU,시유,シユ"
one_finger_selfie_challenge_(meme),"ワンフィンガー・セルフィー,指一本自撮り,指一本"
spiked_knuckles,
pavolia_reine_(1st_costume),
kanba_girls_high_school_uniform,神庭女子藝術高校
maitetsu,"まいてつ,まいてつLR"
finger_to_eye,
rose_bush,
dinosaur_tail,
ol-chan_(oouso),
black_overskirt,
ipad,
k/da_ahri,
shower_curtain,
wetland,"沼地,湿地帯"
flipped_bangs,
selena_(pgr),"赛琳娜,岚音,幻奏"
force-feeding,強制飲食
alternate_footwear,
jester_costume,
prolapse,子宮脱
lydian_academy_school_uniform,
concealed_weapon,"アサシンブレード,仕込み刀"
resident_evil_5,バイオハザード5
wicke_(pokemon),"ビッケ,ビッケ(ポケモン)"
postbox_(outgoing_mail),郵便ポスト
metal_sonic,メタルソニック
souya_(kancolle),"宗谷,宗谷(艦隊これくしょん),宗谷(艦これ)"
master_(vocaloid),ボカロマスター
ana_(overwatch),
yellow_sports_bra,
helluva_boss,"Helluvaboss,ヘルヴァボス,ヘルヴァ・ボス,HelluvaBossFanart"
perseus_(unfamiliar_duties)_(azur_lane),"ナーセリー勤務タイム,生疏的执勤时间"
marui_mitsuba,丸井みつば
hibiscus_(arknights),"芙蓉,ハイビスカス(アークナイツ)"
isabella_valentine,"イザベラ・バレンタイン,アイヴィー"
yu_mei-ren_(third_ascension)_(fate),
hikami_sumire,氷上スミレ
polka_dot_hairband,
in_bag,
glaze_lily,
akatsuki_kai_ni_(kancolle),暁改二
black_bandages,
gundam_age,"機動戦士ガンダムAGE,ガンダムAGE"
prisoner,"刑務所,prisoner"
ark_royal_(azur_lane),"皇家方舟(碧蓝航线),アーク・ロイヤル(アズールレーン),アークロイヤル(アズールレーン),アーク・ロイヤル,アークロイヤル"
ram_(neptunia),ラム(ネプテューヌ)
foodgasm,
sports_sandals,"テバサンダル,スポーツサンダル"
provence_(arknights),"普罗旺斯,プロヴァンス,プロヴァンス(アークナイツ),Provence"
spurs,拍車
himemiya_anthy,"姫宮アンシー,アンシー,姬宫安希"
ribbed_cardigan,
coyote_(kemono_friends),"コヨーテ(けものフレンズ),coyoart"
himekawa_yoshino,"四糸乃,よしの"
umamusume:_cinderella_gray,"シンデレラグレイ,ウマ娘シンデレラグレイ"
sitting_on_head,
fukae_(kancolle),"福江,福江(艦隊これくしょん),福江(艦これ)"
bunny_garden,バニーガーデン
shidou_irina,紫藤イリナ
step_and_repeat,
frustrated,"沮丧的,不満"
gendou_pose,ゲンドウポーズ
bottle_miku,"ボトルミク,瓶MIKU"
puffy_chest,
seele_vollerei_(swallowtail_phantasm),"幻海梦蝶,幻海夢蝶,幻海の蝶"
red_spider_lily,
sharkboo_(zenless_zone_zero),"ガブットボンプ,鲨牙布,鯊牙布,샤크부"
laharl,
saitou_ena,"斉藤恵那,斎藤恵那"
akagi_ritsuko,赤木リツコ
azuma_(azur_lane),"吾妻(アズールレーン),吾妻,아즈마"
subaru_nakajima,スバル・ナカジマ
futatsuiwa_mamizou_(human),捕らぬ狸のディスガイザー
sparse_leg_hair,
third_eye_on_chest,
wooden_door,
adjusting_goggles,
plasma-chan_(kancolle),"プラズマちゃん,ぷらずまちゃん,ぷらずま"
pizza_hut,ピザハット
miraidon,ミライドン
the_lord_of_the_rings,"指輪物語,ロード・オブ・ザ・リング,ロードオブザリング,LOTR,指环王"
aircraft_carrier_princess,空母棲姫
suna_no_wakusei_(vocaloid),砂の惑星
tosa_(azur_lane),"土佐(アズールレーン),土佐,䲠"
dr_pepper,"ドクターペッパー,ドクペ"
peanut_mouth,
ratna_petit,"ラトナ・プティ,ラトアート,秘境の景色"
hod_(project_moon),"ホド,호드,Hod"
fire_emblem:_shadow_dragon_and_the_blade_of_light,暗黒竜と光の剣
plus_sign,
yuzuki_yukari_(shizuku),"結月ゆかり雫,結月ゆかり_雫"
cream_on_body,
power_bottom,襲い受け
hiodoshi_ao_(1st_costume),火威青(通常)
atelier_rorona,"ロロナのアトリエ,AtelierRorona"
unleashed,"언리쉬드,unleashed"
folding_screen,"屏风,屏風"
tropical,
stepping,
mario_tennis,マリオテニス
hot_chocolate,ココア
impa,インパ
yu_mei-ren_(swimsuit_lancer)_(fate),虞美人(水着)
tifa_lockhart_(shining_spirit),"シャインフリッパー,shine_flipper"
cotton_swab,綿棒
shaped_lollipop,
hk416_(black_kitty's_gift)_(girls'_frontline),
king_(playing_card),
irelia,"Irelia,イレリア,刀妹,艾瑞莉娅,刀锋舞者"
millennium_science_school_logo,
nakajima_(girls_und_panzer),"ナカジマ,ナカジマ(GuP),中嶋麗羅,レオポンさんチーム,自動車部"
bandaid_on_stomach,
in_locker,
majikina_mina,"真鏡名ミナ,弥娜"
outstretched_legs,伸腿
dracule_mihawk,"ジュラキュール・ミホーク,ミホーク,鷹の目のミホーク"
ass_on_glass,
prism_project,"PrismProject,PRISMProject"
nakagawa_nana,中川菜々
hair_floating_upwards,
code_geass:_lost_stories,"コードギアス反逆のルルーシュロストストーリーズ,ロストストーリーズ,ロススト,geassp"
lizardman,リザードマン
family_guy,"FamilyGuy,ファミリー・ガイ,ファミリーガイ,蓋酷家庭,fgtwt"
toudou_shimako,藤堂志摩子
psycho-pass,"PSYCHO-PASS,サイコパス"
ushiwakamaru_(swimsuit_assassin)_(fate),"牛若丸水着,牛若丸(水着),牛若丸(バーサーカー)"
photobomb,
myrrh_(fire_emblem),ミルラ
heel_pop,
tailcoat_playboy_bunny,
stage_connection,
lotte_no_omocha!,ロッテのおもちゃ!
musuko_ga_kawaikute_shikatanai_mazoku_no_hahaoya,"息子がかわいくて仕方ない魔族の母親,息子がかわいくて仕方がない魔族の母親,まぞ母,Demon_Mother:_My_Son_is_so_Cute,_I_Just_Can't_Help_Myself!"
angel_girl_(shimmer),
breasts_on_another's_back,
hinase_(cookie),"HNS姉貴,ALC,怒りの日の奏者と化したALC"
very_hairy,
dragonair,ハクリュー
aina_(mao_lian),"艾娜,艾娜(貓臉)"
lifting_covers,
hand_under_skirt,
alisa_southerncross,"アリサ=サザンクロス,アリサ・サザンクロス"
holding_flower_pot,
farm,農場
cleopatra_(fate),クレオパトラ(Fate)
plusle,プラスル
han'eri,
uzumaki_boruto,うずまきボルト
karenina_(pgr),"卡列尼娜,卡列,カレニーナ,爆裂,烬燃,辉晓"
grey_outline,
anna_miller,"アンナミラーズ,アンミラ"
you_work_you_lose,"働いたら負けかなと思ってる,働いたら負け"
soulcalibur_iv,ソウルキャリバーIV
saemonza_(girls_und_panzer),"左衛門佐,左衛門佐(GuP),杉山清美,カバさんチーム"
skitty,エネコ
labia_piercing,
formation_girls,"編隊少女,フォーメーションガールズ,編女"
zouni_soup,"雑煮,お雑煮"
25-ji_nightcord_de._(project_sekai),"25時、ナイトコードで。,ニーゴミク,ニーゴリン,ニーゴMEIKO,ニーゴルカ,ニーゴカイト"
lunch_(dragon_ball),"ランチ,ランチ(ドラゴンボール),ランチさん,兰琪,黒髪ランチ,青髪ランチ,GoodLaunch,金髪ランチ,BadLaunch"
yozakura_(senran_kagura),"夜桜,夜桜(閃乱カグラ)"
final_fantasy_x-2,"ファイナルファンタジーX-2,ファイナルファンタジーx-2,ファイナルファンタジー10-2,FF10-2,FFX-2"
omamori,"お守り,お守り袋"
black-tailed_prairie_dog_(kemono_friends),"オグロプレーリードッグ,プレーリードッグ(けものフレンズ),こはんコンビ"
threo_(granblue_fantasy),サラーサ
baizhu_(genshin_impact),"白术,白术(原神),白朮,Baizhu,白朮(原神)"
yamato-no-kami_yasusada,"大和守安定,清安,安清,沖田組,あんみつ"
makai_senki_disgaea_3,魔界戦記ディスガイア3
moriya's_iron_rings,神具「洩矢の鉄の輪」
cashier,"出納係,すいとうがかり,レジ係,レジがかり"
tall_hair,
mahou_shoujo_ikusei_keikaku_unmarked,
hortensia_(fire_emblem),"オルテンシア,オルテンシア(ファイアーエムブレム)"
barbie_(franchise),"バービー,Barbie"
hachiouji_naoto,"八王子,八王子直人"
red_blood_cell_(hataraku_saibou),"赤血球,赤血球(はたらく細胞)"
takasu_ryuuji,高須竜児
monsterverse,モンスターバースシリーズ
pac-man_(game),パックマン
riverbank,
ass_hair,
shirabe_ako,調辺アコ
caramelldansen,"ウッーウッーウマウマ(゚∀゚),キャラメルダンセン,The_Caramel_Dance"
dog_hood,
hamburger_steak,"ハンバーグ,ハンバーグステーキ"
finger_tattoo,
starscream,"スタースクリーム,スタスク"
himemori_luna_(sundress),"姫森ルーナ(ワンピース衣装),姫森ルーナ(ワンピース)"
holding_chalk,
elizabeth_liones,"エリザベス(七つの大罪),エリザベス,エリザベス・リオネス"
yellow_collar,
ears_through_hood,
flint_(girls_und_panzer),"フリント,フリント(GuP),サメさんチーム"
ponytail_holder,
akemiho_tabi_nikki,あけみほ旅日記
latex_dress,ラバードレス
implied_handjob,
dies_irae,"Diesirae,ディエス・イレ"
hanzo_(overwatch),"hanzo,半蔵,ハンゾー,島田半蔵,岛田半藏"
ump40_(girls'_frontline),"UMP40,UMP40(ドールズフロントライン),UMP40(少女前線)"
hiei_kai_ni_(kancolle),
koe_no_katachi,"聲の形,声之形"
witchblade,ウィッチブレイド
gaiters,"ゲートル,脚絆"
dancer_(final_fantasy),踊り子
dohna_dohna_issho_ni_warui_koto_o_shiyou,"ドーナドーナいっしょにわるいことをしよう,ドーナドーナ"
toy_hammer,ピコピコハンマー
werewolf_costume,
griseo_(starry_impression),
shirokami_project,白髪教団
ten_desires,
double-blade,
rivalry,
autofacial,セルフ顔射
saikawa_riko,才川リコ
lantern_festival,"元宵节,元宵節"
mulberry_(arknights),"桑葚,マルベリー(アークナイツ),マルベリー"
saniwa_(touken_ranbu),"審神者(刀剣乱舞),審神者,主×刀,さに刀,刀×主,刀さに"
cham_cham,チャムチャム
untied_bikini_bottom,
pink_tattoo,
scarle_yonaguni,"ScarleYonaguni,スカーレ・ヨナグニ,ScarleArt,ScarleLewd"
pointing_to_the_side,
sweater_around_neck,
funnels_(gundam),
cockroach_girl,ゴキブリ娘
south_dakota_(azur_lane),"南达科他(碧蓝航线),サウスダコタ(アズールレーン),サウスダコタ"
tsutsukakushi_tsukiko,筒隠月子
sesshoumaru,"殺生丸,杀生丸"
kawakaze_kai_ni_(kancolle),江風改二
brick_road,
tokitou_muichirou,時透無一郎
flying_nimbus,"觔斗雲,金斗雲,筋斗雲"
see-through_raincoat,"透明レインコート,透明カッパ"
leina_(queen's_blade),レイナ
finger_counting,
companion/af,コンパニオン/AF
minimap,
shaw_(arknights),"阿消,ショウ,ショウ(アークナイツ)"
common_dolphin_(kemono_friends),マイルカ(けものフレンズ)
rabbit_vibrator,
hands_on_another's_neck,
yagami_makino,八神マキノ
uppercut,"アッパーカット,アッパー,上勾拳"
reverse_grip_handjob,
liquid_clothes,
addams_family,"アダムスファミリー,アダムス・ファミリー,亚当斯一家"
grasslands,
folded_twintails,
milim_nava,"ミリム・ナーヴァ,蜜莉姆"
mihama_chiyo,"美浜ちよ,chiyo,chiyochan,chiyo_chan"
purple_brooch,
crutch,"松葉杖,松葉づえ"
tatebayashi_sakurako,館林桜子
naruto:_the_last,THELAST
katarina_claes,カタリナ・クラエス
sculpture,
akuma_(street_fighter),"豪鬼,豪鬼(ストリートファイター)"
isekai_maou_to_shoukan_shoujo_no_dorei_majutsu,異世界魔王と召喚少女の奴隷魔術
luxray,レントラー
medium_sideburns,
ogami_tamaki,大神環
sagiri_kai_(swimsuit_mode)_(kancolle),"狭霧の水着,狭霧水着,狭霧改(水着)"
red_garter_straps,
incineroar,ガオガエン
cleanup_fellatio,お掃除フェラ
gake_no_ue_no_ponyo,崖の上のポニョ
4chan,4chan
recycling_symbol,"リサイクル識別表示マーク,リサイクルマーク"
green_heart_(neptunia),"グリーンハート,green_heart"
gold_collar,
will-o'-the-wisp_(mythology),
clitoris_slip,クリチラ
v-taper,
spoken_flying_sweatdrops,
argyle_sweater,
chest_bow,
iris_(konosuba),"アイリス(このすば),アイリス,ベルゼルグ・スタイリッシュ・ソード・アイリス"
nudist_beach_uniform,"ヌーディストビーチ(キルラキル),ヌーディストビーチ,ヌーディスト乃音,裸ホルスター"
happy_aura,
saria_(zelda),サリア
yoneme_mei,"米女メイ,メイちゃんかわいいね,メイこれかわいい,四季メイ"
final_gear,"重装战姬,ファイナルギア"
sturm_(granblue_fantasy),スツルム
tokyo_big_sight,"東京ビッグサイト,東京国際展示場"
kaede_johan_nouvel,楓・J・ヌーベル
maria_marionette,"MariaMarionette,マリア・マリオネット,MariArt,MariArtte,MariLewd"
seitokai_nimo_anawa_aru!,"生徒会にも穴はある!,生穴る"
ansel_(arknights),"安赛尔,アンセル(アークナイツ),アンセル"
oda_nobuna_no_yabou,織田信奈の野望
beaver_ears,
candice_(pokemon),"スズナ(トレーナー),スズナ"
orange_one-piece_swimsuit,
goodsmile_company,グッドスマイルカンパニー
gothic_architecture,
chain_belt,
cerebella_(skullgirls),"cerebella,セレベラ"
koban_(gold),小判
sombrero,
minun,マイナン
silver_the_hedgehog,"シルバー(ソニック),シルバー・ザ・ヘッジホッグ,シルバーザヘッジホッグ,シルバー,silverthehedgehog,silvaze,シルブレ,sonilver,ソニシル,shadilver,シャシル"
kotozume_yukari,琴爪ゆかり
mogador_(azur_lane),"モガドール(アズールレーン),モガドール"
draenei,draenei
jikkyou_powerful_pro_yakyuu,"実況パワフルプロ野球,eBASEBALLパワフルプロ野球,パワフルプロ野球,パワプロ,eBASEBALL,POWERPROS,MLBPowerPros"
fanning_crotch,
cornelia_li_britannia,"コーネリア,コーネリア・リ・ブリタニア"
crying_emoji,😭
ovaries,卵巣
kurokawa_eren,黒川エレン
sariel_(touhou),"サリエル,사리엘"
arms_on_table,
manaka_non,"真中のん,真中音,ノンシュガー(プリパラ)"
embroidered_bra,
shiokko_(murasaki_shion),
noss_(rariatto),noss_the_nosferatu
ninja_slayer,"ニンジャスレイヤー,忍殺,NINJASLAYER,忍殺腐向け"
biting_clothes,
;t,
stargazing,天体観測
ho-oh,ホウオウ
ray_(arknights),"莱伊,レイ(アークナイツ)"
red_sweater_vest,
plume_(arknights),"プリュム(アークナイツ),翎羽,プリュム"
naoko_(lynus),
north_carolina_(azur_lane),"ノースカロライナ,ノースカロライナ(アズールレーン)"
ibaraki_douji_(swimsuit_lancer)_(fate),茨木童子(水着)
the_witcher_3,"巫師3,ウィッチャー3,witcher3,巫师3"
undine_(guilty_gear),ウンディーネ
sekiro,"只狼,狼"
yukihana_lamy_(loungewear),雪花ラミィ(お部屋着)
alisa_reinford,アリサ・ラインフォルト
spike_spiegel,スパイクスピーゲル
mortar_(bowl),"乳鉢,杵臼,臼,研缽,捣蒜器"
ivysaur,フシギソウ
citrus_(saburouta),"シトラス,Citrus,柑橘味香气,橘香"
yellow_teeth,
zessica_wong,"ゼシカ・ウォン,ゼシカ(アクエリオン),カグゼシ"
blood_spray,"血しぶき,血飛沫"
barghest_(second_ascension)_(fate),
foreskin_insertion,
kagura_gumi,"神楽組,神楽めあ,めあArt"
shaymin_(land),
pinky_swear,"指切り,拉钩"
night_elf_(warcraft),"nightelf,night_elf"
perroccino_(fuwamoco),Pero
high_priest_(ragnarok_online),"ハイプリースト,ハイプリ,HP"
black_bullet,ブラック・ブレット
ogin_(girls_und_panzer),"謎のキャラクター,お銀,お銀(GuP),サメさんチーム"
fujimaru_ritsuka_(male)_(decisive_battle_chaldea_uniform),決戦用カルデア制服
taimanin_asagi_kessen_arena,"対魔忍アサギ~決戦アリーナ~,taimanin_asagi_~battle_arena~"
meloetta_(aria),ボイスフォルム
amazon_warrior,"アマゾン,アマゾーン,アマゾネス"
bayonetta_1,
mikazuki_munechika,"三日月宗近(刀剣乱舞),三日月宗近,みかつる,小狐三日,いちみか"
hanamichi_ran,華満らん
necktie_in_mouth,
m._bison,"ベガ,ベガ(ストリートファイター),独裁者(ストリートファイター)"
holding_magazine,
saint-louis_(azur_lane),"サン・ルイ(アズールレーン),サン・ルイ,路易九世"
sleeveless_turtleneck_dress,
tako-san_wiener,タコさんウインナー
snow_white,白雪姫
cat_panties,
sitonai_(fate),"シトナイ(Fate),シトナイ"
hairstyle_connection,发型相仿
christmas_sweater,
super_sailor_moon,スーパーセーラームーン
taihou_(temptation_on_the_sea_breeze)_(azur_lane),"潮風のテンプテーション,潮风的吸引"
yuuki_rito,結城リト
kamille_bidan,"カミーユ・ビダン,カミーユ"
prosthetic_hand,義手
crustacean,甲殻類
holding_coat,
sword_writing,
antlers_through_headwear,
sukoya_kana_(1st_costume),健屋花那(通常)
comiket_94,c94
crave_saga,"クレイヴ・サーガ,クレサガ,神绊的导师,神絆的導師"
faceoff,
weapon_name,
yumekui_merry,夢喰いメリー
pansy,パンジー
tamaranean,
yumizuka_satsuki,弓塚さつき
shinkon_santaku,新婚三択
glaucus_(arknights),"格劳克斯,グラウコス,グラウコス(アークナイツ)"
chao_(sonic),"チャオ,Chao"
mutton_chops,マトンチョップ
grayfia_lucifuge,グレイフィア・ルキフグス
ferret_ears,
nino_(fire_emblem),"ニノ,ニノ(FE)"
very_long_tail,
bural_chingu,"부랄친구,ずっとも!,부랄친구(만화)"
latifa_fleuranza,"ラティファ・フルーランザ,ラティファ"
superman,"スーパーマン,クラーク・ケント,Superbat"
pipa_(instrument),"Chinese_Lute,琵琶"
catching,
wrestling_mask,
hasshaku-sama,八尺様
hamaguchi_ayame,浜口あやめ
locket,ロケットペンダント
sports_utility_vehicle,SUV
gazer_(monster_girl_encyclopedia),"ゲイザー,ゲイザー(魔物娘図鑑),Gazer"
mattress,マットレス
gunpla,ガンプラ
ookami_mio_(hololive_summer_2019),"大神ミオ(ホロライブ・サマー2019),大神ミオ(ホロサマ2019),大神ミオ(サマーバカンス)"
tachibana_taki,立花瀧
f-zero,"F-ZERO,エフゼロ"
sweeping,
orange_sash,
detached_arm,
laundromat,"コインランドリー,自助洗衣店"
ankh_necklace,
orange_trim,
strap_break,
garlean,
theresa_apocalypse_(valkyrie_pledge),
source_quote_parody,
clover_theater,"四叶草剧场,クローバーシアター"
male_with_breasts,"男子おっぱい,ショタ巨乳,巨乳男子,busty_boy,bustyboy"
daffodil,"スイセン,ラッパスイセン,水仙,雪中花"
space_ereshkigal_(first_ascension)_(fate),
knitting,
santa_alter,サンタオルタ
gingham_apron,
disgaea_rpg,"魔界戦記ディスガイアRPG,ディスガイアRPG"
yamaku_high_school_uniform,
vertical-striped_vest,
holding_cape,
star-shaped_pillow,
hotpot,"火锅,火鍋,훠궈"
antonio_salieri_(fate),"アントニオ・サリエリ,アントニオ・サリエリ(Fate),サリエリ"
manhole_cover,マンホールの蓋
low_side_ponytail,
long_sword,
baseball_helmet,
illya_(princess_connect!),"イリヤオーンスタイン,イリヤ・オーンスタイン,イリヤ,イリヤ(プリコネ)"
cattleya_regina_games,
hinatsuki_mikan,陽夏木ミカン
underbarrel_grenade_launcher,
fisting,フィストファック
thistle_(dungeon_meshi),"シスル,sissel"
aqua_horns,
udin_(kureiji_ollie),
athrun_zala,アスラン・ザラ
momoka_(blue_archive),"由良木モモカ,유라기모모카"
rito,リト族
hot_air_balloon,"熱気球,热气球"
running_bond,
metal_belt,
haruhara_haruko,"ハル子,ハルハラ・ハル子"
skull_brooch,
collar_tug,
imminent_paizuri,"パイズリ事前,ズリ事前"
floating_hair_ornament,
owari_akane,終里赤音
paw-shaped_pupils,
kantai_collection_(anime),"艦隊これくしょん(アニメ),「艦これ」いつかあの海で,いつかあの海で,いつ海"
holoadvent,"holoAdvent,ホロライブEN3期生"
koonago,こおなご
recursive_genderswap,元性別化
cinderella_series,シンデレラシリーズ
arm_on_table,
gacha_(game_mechanic),"ガチャ,ガチャポン,ガシャ,ガシャポン"
sakura_mochi,桜餅
mayonnaise,マヨネーズ
tenkuu_no_shiro_laputa,"ラピュタ,天空の城ラピュタ"
bonyari_high_school_uniform,
clam_shell,
genjitsu_no_yohane,"幻日のヨハネ,yohane"
historical_event,史実
mine_fujiko,峰不二子
angel_(evangelion),使徒(新世紀エヴァンゲリオン)
sayama_saho_(gibagiba),茶山沙穂
power_item_(touhou),
baobhan_sith_(second_ascension)_(fate),
lower_eyelashes_only,
shroud_of_magdalene,
imperial_japanese_navy,"日本海軍,日本軍"
rozalin,ロザリンド
crotchless_leotard,
adachi_sakura,"安達桜,安達"
raiden_(metal_gear),"雷電,雷電(MGS)"
giraffe_horns,
vegetation,
if_(neptunia),"アイエフ,アイエフちゃん"
mizuhara_koyomi,"水原暦,よみ"
putting_on_gloves,
cornrows,コーンロウ
penguin_girl,
cherry_tree,"サトザクラ,里桜"
pig_girl,豚娘
black_headdress,
jormungand_(manga),ヨルムンガンド
falling_flower,
kannazuki_no_miko,神無月の巫女
chest_rig,"チェストリグ,胸部裝備,Chest-Rigs"
takane_(blue_archive),"三善タカネ,タカネ,takane"
yellow_capelet,
kfp_employee_(takanashi_kiara),
skull_belt,
food_theft,
happy_anniversary,
prince_of_lan_ling_(fate),"蘭陵王,蘭陵王(Fate)"
rock_paper_scissors,"じゃん拳,じゃんけん,じゃん拳ぽん,じゃんけんぽん,野球拳,やきゅうけん"
serena_(yu-gi-oh!),セレナ(遊戯王ARC-V)
one_(cevio),"ONE_-ARIA_ON_THE_PLANETES-,OИE,オネ,ONE"
mysterious_heroine_x_alter_(second_ascension)_(fate),
sommie_(fire_emblem),ソラ
sheffield_(kancolle),"Sheffield,Sheffield(艦これ),Sheffield(艦隊これくしょん),シェフィールド(艦これ),シェフィールド(艦隊これくしょん),シェフィールド"
blue_slingshot_swimsuit,
sonic_adventure_2,"ソニックアドベンチャー2,SA2"
single_wide_sleeve,
iei,"遺影,遗照"
red_panda,レッサーパンダ
hermione_granger,"ハーマイオニー・グレンジャー,ハーマイオニー"
cheelai,チライ
wet_spot,
playstation_vita,"PSVITA,PS_Vita"
7th_dragon,セブンスドラゴン
eri_(boku_no_hero_academia),"壊理,エリ"
marie_antoinette_(swimsuit_caster)_(fate),マリー・アントワネット(水着)
thunder_(girls'_frontline),"Thunder,雷电,サンダー(ドールズフロントライン),サンダー(少女前線)"
ukuru_(kancolle),"鵜来(艦隊これくしょん),鵜来(艦これ),鵜来"
alear_(male)_(fire_emblem),
sakurai_touko,"桜井,桜井桃子,momoka_touko"
gold_headwear,
dobermann_(arknights),"ドーベルマン,ドーベルマン(アークナイツ),杜宾"
asymmetrical_armor,
buddhist_nun,
buckler,バックラー
followers_favorite_challenge,"フォロワーさんの推しが描きたい,트친_최애_그리기"
lance_(pokemon),"ワタル,ワタル(トレーナー)"
engine,"엔진,发动机"
ushiromiya_jessica,右代宮朱志香
momose_ginko,"百生吟子,ぎんかほ"
tsab_air_military_uniform,
closure_(arknights),"可露希尔,クロージャ,クロージャ(アークナイツ)"
alicia_(granblue_fantasy),"アリシア(グラブル),アリシア"
takino_tomo,滝野智
kanoko_(pattern),"鹿の子,鹿の子絞り"
luocha_(honkai:_star_rail),"罗刹,羅刹,Luocha,羅刹(スターレイル),Loucha"
mass_effect_(series),"マスエフェクト,MassEffect"
belly-to-belly,
no_hair_bow,
riliane_lucifen_d'autriche,リリアンヌ=ルシフェン=ドートゥリシュ
the_road_to_el_dorado,"エル・ドラド,eldorado,エル・ドラド/黄金の都"
the_shining,"シャイニング,シャイニング(スティーブン・キング),シャイニング(映画)"
chocolate_cornet,チョココロネ
panda_hair_ornament,
dog_paws,
mini_flag,
half_note,𝅗𝅥
akebono_kai_ni_(kancolle),曙改二
clark_kent,"クラーク・ケント,ClarkKent,Superbat"
kama_(swimsuit_avenger)_(third_ascension)_(fate),
stuffing,中綿
red_xiii,"レッドXIII,ナナキ,レッド13"
kira_yoshikage,吉良吉影
fletcher_mk_ii_(kancolle),
isolde_(reverse:1999),"伊索尔德,重返未来伊索尔德"
2008,"2008年,平成20年"
baby_carry,
latin_text,ラテン語
princess_of_moonbrook,"ムーンブルクの王女,moonbrooke_no_oujo"
kagura_(azumanga_daioh),神楽
zenobia_(fate),"ゼノビア,ゼノビア(Fate),ゼノビア(fgo)"
mystic_eyes_of_death_perception,直死の魔眼
eyes_out_of_frame,
club_hair_ornament,
paint_tube,
cow_hat,
contortion,"コントーション,contortionism"
snow_white_(nikke),スノーホワイト(勝利の女神:NIKKE)
kuoh_academy_school_uniform,
waiting,
darkrai,ダークライ
tootsuki_saryou_ryouri_gakuen_uniform,
metal_baseball_bat,
zanpakutou,
m14,M14
sf-a2_miki,"SF-A2開発コードmiki,開発コードmiki"
mudrock_(obsidian)_(arknights),
nipple_indents,
elbows_on_knees,
otaku_room,
digimon_adventure_02,"デジモンアドベンチャー02,DA02"
kansaiben,"関西弁,关西腔"
butterfly_choker,
artstation_username,
queen's_blade_grimoire,クイーンズブレイドグリムワール
kawashima_mizuki,川島瑞樹
barrett_m82,"M82,M107A1"
flower_hairband,
silica_(sao-alo),
kunreishiki,"訓令式ローマ字,訓令式"
takane_manaka,高嶺愛花
truss,桁架
aphrodisiac,媚薬
arm_across_chest,
roman_clothes,
armored_personnel_carrier,"APC,装甲兵員輸送車,MTW"
oiran,花魁
robotic_vacuum_cleaner,"掃除用ロボット,ルンバ"
klan_klein,"クラン・クラン,klan_klang"
robin_hood_(fate),アーチャー(Fate/EXTRA)
bent_v,
canned_food,"缶詰,缶詰め"
pyro_(tf2),"パイロ,パイロ(TF2),fempyro"
yen,"円,圓"
nigirizushi,握り寿司
yellow_bandana,
yin_yang_hair_ornament,
factory,"🏭,工場"
tachikawa_mimi,太刀川ミミ
flesh,
no_entry_sign,車両進入禁止
beanstalk_(arknights),"豆苗(明日方舟),ビーンストーク(アークナイツ),豆苗"
holding_wallet,
underwear_theft,下着泥棒
catherine_(game),
joshi_kousei_rich_thots,
yuki_(touhou),"ユキ,유키"
summoning,
pomegranate,"若榴,石榴,柘榴,ざくろ,ザクロ,せきりゅう,じゃくろ"
spider_tattoo,
koga_koharu,古賀小春
genie,"ジン(精霊),ジーニー"
astaroth_(shinrabanshou),"アスタロット,神魔大将軍アスタロット,魔将軍アスタロット"
valkyrie_drive_-mermaid-,ヴァルキリードライヴマーメイド
color_timer,カラータイマー
comiket_99,"C99,C99WebCatalog"
star_ocean_the_second_story,"スターオーシャン2,スターオーシャンセカンドストーリー,SO2,so2"
ichigo_(cookie),"ICG姉貴,ASKICG"
taihou_(sweet_time_after_school)_(azur_lane),"下校後の甘い時間,放学后的甜蜜时光"
majima_goro,真島吾朗
adjusting_shoe,
chest_tuft,
chel_(the_road_to_el_dorado),"チェル(エル・ドラド),Chel,chel"
red_panda_tail,
dolphin_girl,
self_breast_sucking,"セルフパイ舐め,セルフ乳吸い"
hitotsuyanagi_riri,一柳梨璃
spiked_gloves,
kuroko_no_basuke,"黒子のバスケ,黒バス,黒バス【腐】,黑子的篮球"
supply_depot_princess,集積地棲姫
luger_p08,ルガーP08
pull_cord,
fur_(clothing),
stuffed_carrot,
figure_skating,フィギュアスケート
world_of_warships,"wows,戰艦世界,world_of_warships"
aircraft_carrier_oni,空母棲鬼
apron_hold,
backwards_virgin_killer_sweater,
cracked_screen,
crossed_belts,
cellien_(kemono_friends),"セルリアン(けものフレンズ),セルリアン,cellien"
edogawa_conan,江戸川コナン
ukagaka,"伺か,偽春菜"
slowpoke,ヤドン
ice_cream_spoon,
hataya_misuzu,秦谷美鈴
black_mouth,
pikl_(elira_pendora),ピックル(エリーラ・ペンドラ)
goomy,ヌメラ
koshigaya_komari,越谷小鞠
ferret_girl,
braided_twintails,
apple_pie,アップルパイ
ankle_bell,
asari_nanami,浅利七海
minea_(dq4),ミネア
iced_latte_with_breast_milk_(meme),"starbucksmeme,breastmilkmeme,母乳入りアイスラテ"
breast_mousepad,"おっぱいマウスパッド,雄っぱいマウスパッド"
harmony_(splatoon),"ABXY,パルコ,パル子"
brighid_(xenoblade),"カグツチ,ブリギッド,カグツチ(ゼノブレイド2)"
blue_mary,"ブルー・マリー,マリー・ライアン,BlueMary"
millennium_puzzle,"千年錐,千年パズル"
godsworn_alexiel,"ブローディア,ゴッドガード・ブローディア"
barista,"バリスタ,咖啡师"
yume_2kki,ゆめ2っき
morpeko_(hangry),はらぺこもよう
green_sarong,
cookie_run:_ovenbreak,"CROB,CookieRunOvenBreak,OvenBreak,cookie_run_ovenbreak"
transformation_brooch_(sailor_moon),
exit_sign,
mint_chocolate,"チョコミントアイス,チョコミント"
gible,フカマル
ooshio_kai_ni_(kancolle),
brazil,"ブラジル,Brasil"
m950a_(girls'_frontline),"M950A,M950A(ドールズフロントライン),M950A(少女前線)"
single_over-kneehigh,"片足オーバーニー,片足オーバーニーソックス"
moonlight_flower,"ウォルヤファ,月夜花,wolyafa,ヤファ"
pebble_(koseki_bijou),pebblesona
kakyoin_noriaki,"花京院典明,花京院,承花"
open_bag,
vomit,"嘔吐,구토,呕吐"
reichsadler,
two-tone_sleeves,
invincible_(series),"インビンシブル,invincible"
light_switch,
hands_on_thighs,
kirino_(swimsuit)_(blue_archive),中務キリノ(水着)
eyeball_hair_ornament,
bait_and_switch,
tokoyami_towa_(5th_costume),常闇トワ(サイバーパンク)
haibane_renmei,"灰羽連盟,灰羽联盟"
airani_iofifteen_(1st_costume),
touhou_gensou_eclipse,"東方幻想エクリプス,ゲンリプ"
gunpod,
stroking_another's_chin,
angela_(seiken_densetsu_3),"アンジェラ,アンジェラ(聖剣伝説3),デュラアン"
gallagher_(honkai:_star_rail),"加拉赫,ギャラガー,ギャラガー(スターレイル)"
heart-shaped_bag,
mini_dragon,
butterfree,バタフリー
handa_roco,"伴田路子,ロコ"
kasumi_(princess_connect!),"カスミ(プリコネ),霧原かすみ,カスミ"
kurumi_(blue_archive),"クルミ,kurumi,クルミ(ブルーアーカイブ),クルミ(ブルアカ)"
hassan_of_the_cursed_arm_(fate),"真アサシン,呪腕のハサン"
nicholas_d._wolfwood,ニコラス・D・ウルフウッド
muffet,"muffet,머펫,マフェット"
blossom_(ppg),"ブロッサム,BlossomUtonium"
hanged,"首吊り,絞首"
epiphyllum,"ゲッカビジン,クジャクサボテン,月下美人,孔雀仙人掌,昙花,優曇華(ドールズフロントライン)"
yellow_moon,
holding_unworn_skirt,
atelier_live,atelierlive
hisuian_typhlosion,ヒスイバクフーン
my_adventures_with_superman,MyAdventuresWithSuperman
multiple_cats,
miyauchi_renge,宮内れんげ
mary_(nikke),メアリー(勝利の女神:NIKKE)
strike_witches_zero,ストライクウィッチーズ零
bay_(nikke),"ベイ(勝利の女神:NIKKE),ベイ"
suu_(monster_musume),"スー(モンスター娘のいる日常),スー"
wolf_(league_of_legends),
yan_qing_(fate),"新宿のアサシン,燕青(Fate)"
lever_action,
kirishima_kai_ni_(kancolle),
alternative_girls,"オルタナティブガールズ,オルガル,オルガル2,オルガルイラスト部"
namazuo_toushirou,"鯰尾藤四郎,鯰骨"
hachigatsu_no_cinderella_nine,"八月のシンデレラナイン,ハチナイ,ハチナイ_ファンアート"
madoka_runes,まどか文字
silver_bikini,
tsareena,アマージョ
banana_(girls'_frontline),"バナナ(ドールズフロントライン),バナナ(少女前線),RO型ダイナゲート"
yaotome_urushi,八乙女うるし
pig_tail,
golden_rose,
langrisser,ラングリッサー
penis_milking,搾精
sayaka_(saru_getchu),"サヤカ(サルゲッチュ),サヤカ"
phantom_thief,怪盗
brown_suit,
walkure_romanze,ワルキューレロマンツェ
komekko,こめっこ
plaid_collar,
ayunda_risu_(1st_costume),
bodystocking_only,
woodland_camouflage,
astolfo_(saber)_(first_ascension)_(fate),
anastasia_(swimsuit_archer)_(fate),アナスタシア・ニコラエヴナ・ロマノヴァ(水着)
ongeki,オンゲキ
toon_zelda,トゥーンゼルダ
skull_choker,
hane_(hanetsuki),
two-tone_halo,
qilin_(mythology),麒麟
ribbon-trimmed_bow,
lila_decyrus,"リラ・ディザイアス,莉拉·德西亚斯"
fluttershy,"フラタシャイ,柔柔,フラッターシャイ,flutterdash,序蝶"
san_diego_(azur_lane),"圣地亚哥(碧蓝航线),サンディエゴ(アズールレーン),サンディエゴ"
gotoh_hitori_(tsuchinoko),下北沢のツチノコ
easy_chair,
umamusume:_beginning_of_a_new_era,"新時代の扉,BOANE"
oruyanke_(shirakami_fubuki),おるやんけ
nyotengu,"女天狗,女天狗(DOA)"
nunchaku,ヌンチャク
todoroki_hajime_(1st_costume),轟はじめ(通常)
gelatin,"ジェラチン,ジェリー,ジェリィ,ゼリー,果冻"
mother_and_child,
portable_stove,
quilted_jacket,
a.b.a,"アバ,A.B.A"
handjob_over_clothes,
human_toilet,"肉便器,便女,육변기,浴尿"
raiden_mei_(herrscher_of_origin),"雷電芽衣(起源の律者),起源の律者,始源之律者,HerrscherofOrigin"
separated_legs,
sleeveless_duster,
yuri_briar,ユーリ・ブライア
watermelon_print,
tears_of_themis,"未定事件簿,TearsOfThemis,미해결사건부"
eyewear_lift,
cuffed,
camera_phone,
striped_pillow,
bungou_stray_dogs,"文豪ストレイドッグス,文豪野犬,文スト【腐】,BSD"
bamboo_fence,竹垣
luca_kaneshiro,"drawluca,ルカ・カネシロ,lucadeeznuts,lucaway,LucaKaneshiro"
kuramochi_meruto,"倉持めると,もちめるあーと,あかめる"
airplane_interior,
no_cape,
single_vambrace,
cassette_tape,カセットテープ
compound_bow,
shimushu_(kancolle),"占守(艦隊これくしょん),占守,占守(艦これ)"
wonder_woman,ワンダーウーマン
ninjatou,忍者刀
rainbow_dash,"レインボーダッシュ,rainbowdash,云宝黛西,flutterdash,appledash,虹林檎,杯糕组,pinkiedash,twidash"
selene_girls_school_uniform,
amity_blight,アミティ・ブライト
kroos_the_keen_glint_(arknights),"寒芒クルース,寒芒クルース(アークナイツ)"
ampharos,デンリュウ
ayachi_nene,"綾地寧々,绫地宁宁,宁宁"
shihakusho,死覇装
wooden_ceiling,
eversoul,"에버소울,永恆靈魂,エバーソウル,エバソ"
backless_pants,
miyagawa_takane,宮川高嶺
heterochromatic_eyewear,
kaminari_denki,上鳴電気
in_bottle,"瓶詰め,ガラスの中"
the_transformers_(idw),MTMTE
plum_blossom_print,
durandal_(umamusume),"デュランダル(ウマ娘),デュランダル"
mp40,MP40
kasumi_kai_ni_(swimsuit_mode)_(kancolle),霞改二(水着)
half-siblings,
headwear_switch,
calstone_light_o_(umamusume),カルストンライトオ(ウマ娘)
covered_piercing,
persona_4_the_golden,"ペルソナ4ザ・ゴールデン,P4G"
evil_twin_ki-sikil,"Evil★Twinキスキル,キスキル,キスキル(遊戯王),Evil★Twinsキスキル・リィラ,イビルツイン"
kamehameha_(dragon_ball),かめはめ波
foster's_home_for_imaginary_friends,"フォスターズホーム,フォスターズ・ホーム,FHFIF"
bra_slip,
evangeline_a.k._mcdowell,"エヴァンジェリン・A・K・マクダウェル,雪姫"
starry_sky_bright_(idolmaster),スターリースカイ・ブライト
yu-gi-oh!_sevens,遊戯王SEVENS
kishibe_(chainsaw_man),"岸辺(チェンソーマン),岸辺隊長"
cow_hood,
hook_hand,
sushang_(honkai:_star_rail),"素裳,羅浮,소상"
wobbuffet,ソーナンス
censored_with_cum,
red_panda_girl,
kintsuba_(shiranui_flare),きんつば
fish_in_mouth,
cure_march,キュアマーチ
violence,暴力
momomiya_ichigo,桃宮いちご
notes,
nakano_yuka,中野有香
six_fanarts_challenge,"SixFanarts,6fanarts,sixfanartschallenge"
non-circular_lens_flare,
tendou_nabiki,天道なびき
impressionism,"印象派,印象主義"
kiyohime_(swimsuit_lancer)_(first_ascension)_(fate),
yuzuhara_konomi,柚原このみ
dabi_(boku_no_hero_academia),"荼毘,dabi"
fruit_print,
eyjafjalla_the_hvit_aska_(arknights),"纯烬艾雅法拉,純燼エイヤフィヤトラ,純燼エイヤフィヤトラ(アークナイツ)"
japanese_tankery_league_(emblem),
veronica_(dq11),"ベロニカ(DQ11),ベロニカ,ドラゴンクエスト11"
sea_slug_girl,ウミウシ娘
russian_clothes,"ロシア服,ロシア風"
iguro_obanai,伊黒小芭内
yakumo_yukari_(young),ロリゆかりん
perfumer_(arknights),"调香师,パフューマー,パフューマー(アークナイツ)"
menace_(queen's_blade),"メナス,古代の王女メナス"
piercing_through_clothes,
ayane_(swimsuit)_(blue_archive),
square_pupils,
spool,
royal_navy_emblem_(azur_lane),
hippopotamus_(kemono_friends),カバ(けものフレンズ)
corrin_(female)_(novice_vacationer)_(fire_emblem),
checkered_ribbon,
symmetrical_hand_pose,
luna_(pgr),"露娜,银冕,终焉,露娜银冕,露娜终焉"
marinette_dupain-cheng,"Marinette,Marinette_Dupain-Cheng,マリネット"
stellated_octahedron,星型八面体
gensokyo,幻想郷
nier_reincarnation,"ニーアリィンカネーション,NieR_Reincarnation,リィンカネイラコン"
lapis_(fire_emblem),"ラピス,ラピス(ファイアーエムブレム)"
togekiss,トゲキッス
arihara_nanami,在原七海
gumroad_logo,
evil_eyes,
gradient_tail,
ex-rumia,EXルーミア
brodie_helmet,ブロディヘルメット
dark_souls_ii,ダークソウル2
sengoku_rance,戦国ランス
wolf_hood,
good_ass_day,いいおしりの日
see-through_camisole,
2channel,"2ちゃんねる,5ちゃんねる,5ch"
ichika_(1ssakawaguchi),イチカ
meiou_setsuna,冥王せつな
head_pinned_down,
son_goten,"孫悟天,悟天"
shamisen,三味線
mature_eyes,
caution,
koyanskaya_(chinese_lostbelt_outfit)_(fate),
arbok,アーボック
nelson_(azur_lane),"ネルソン,ネルソン(アズールレーン),纳尔逊"
spartan_(halo),スパルタン
rinoa_heartilly,"リノア・ハーティリー,リノアハーティリー,rinoa"
kashuu_kiyomitsu,"加州清光,清安,安清,沖田組,あんみつ"
round_border,
yakishio_lemon,焼塩檸檬
2007,
indianapolis_(azur_lane),"印第安纳波利斯(碧蓝航线),インディアナポリス(アズールレーン),インディアナポリス"
7th_dragon_2020,セブンスドラゴン2020
the_loud_house,"loud_house,theloudhouse,the_loud_house,ラウド・ハウス,ラウドハウス"
oppai_mochi,かがみもちち
brown_overalls,
workout_clothes,
sableye,ヤミラミ
unworn_swim_cap,
on_moon,"月面上,月面"
asutora-chan,
mikura_(kancolle),"御蔵,御蔵(艦これ),御蔵(艦隊これくしょん)"
urushibara_ruka,"漆原るか,ルカ子"
rindou_mikoto_(1st_costume),竜胆尊(通常)
angelia_(girls'_frontline),"安洁莉娅,安娜.維克多洛夫納.崔,アンジェリア(ドールズフロントライン),안젤리아,angelia"
mujina,"ムジナ,ムジナ(SSSS.DYNAZENON),貉"
metera_(granblue_fantasy),メーテラ
taiyou_(kancolle),"大鷹,大鷹(艦隊これくしょん)"
rizu-kyun,リズきゅん
kuroinu_~kedakaki_seijo_wa_hakudaku_ni_somaru~,"黒獣,黒獣2"
swimsuit_hanger,
profile_picture,
white_overalls,
airi_(the_infernal_temptress),"冥土へ誘うものアイリ,冥土へ誘うもの"
pixiv_fantasia_5,"pixivファンタジアV,PFV,PF5,PF5PC"
macross:_do_you_remember_love?,"超時空要塞マクロス,愛・おぼえていますか,愛おぼえていますか"
urotsuki,うろつき
kingdom_hearts_birth_by_sleep,バースバイスリープ
kudelia_aina_bernstein,クーデリア・藍那・バーンスタイン
doukutsu_monogatari,"洞窟物語,cave_story"
multicolored_panties,
hoshimi_junna,"星見純那,じゅんななな"
shinguuji_sakura,真宮寺さくら
sugimori_ken_(style),"杉森建,野生の杉森,野生の杉森建"
modeling,
kirakishou,雪華綺晶
genos,ジェノス
pc-98_(style),"PC-9800,PC9800,PC-9801,PC9801,PC-98,PC98,PC-9821,PC9821"
assisted_stretching,
skinny_dipping,
block_(object),ブロック
hair_over_mouth,
amasawa_yuuko,"天沢勇子,イサコ"
deedlit,ディードリット
bear_paws,
yagoo,"谷郷元昭,YAGOO"
seven-segment_display,7セグメントディスプレイ
me!me!me!,ME!ME!ME!
mazinger_z,マジンガーZ
crayon_shin-chan,クレヨンしんちゃん
tailmon,テイルモン
bmw,
eye_pop,
achiga_school_uniform,
n_corp._fanatic_(identity)_(project_moon),
kanpani_girls,かんぱに☆ガールズ
sussurro_(summer_flower)_(arknights),
villetta_nu,"ヴィレッタ,ヴィレッタ・ヌゥ"
muscular_uke,
saigyouji_yuyuko's_fan_design,カリスマ扇
honolulu_(umbrella_girl)_(azur_lane),"日傘のカノジョ,阳伞下的同桌"
public_masturbation,公開オナニー
leather_skirt,
rice_cooker,炊飯器
sessyoin_kiara_(lily),殺生院リリィ
new_generations_(idolmaster),ニュージェネレーション
suplex,
adeleine,アドレーヌ
itou_chika,伊藤千佳
ace_attorney_investigations,逆転検事
multiple_vaginal,
papyrus_(undertale),Papyrus
takizawa_asuka,滝沢あすか
holding_star,
bodycon,ボディコン
primordial_jade_winged-spear_(genshin_impact),和璞鸢
flonne_(fallen_angel),堕天使フロン
kronie_(ouro_kronii),
anne_bonny_(fate),"アン・ボニー(Fate),アン・ボニー&メアリー・リード(Fate)"
chousoku_henkei_gyrozetter,超速変形ジャイロゼッター
mahito_(jujutsu_kaisen),"真人(呪術廻戦),真人"
suzuran_(yukibare)_(arknights),
cure_happy,キュアハッピー
other_with_female,
reitaisai,"例大祭,博麗神社例大祭"
initial,
two-sided_gloves,
two-tone_bra,
dancer_(fire_emblem:_three_houses),
holding_cage,
keroro,ケロロ
purple_outline,
dokuro-kun_(houshou_marine),ドクロくん
asmr,"ASMR,asmr,音声作品,音声"
charging_device,充電
lillian_girls'_academy_school_uniform,
ohisashiburi_(style),
lady_(devil_may_cry),
thelema_nutriscu,"瑟莉姆,セルマ,Thelema"
iwatani_naofumi,岩谷尚文
dragunov_svd,"SVD,ドラグノフ,Dragunov,Драгунов,СВД"
split_crop,
daiwa_scarlet_(trifle_vacation)_(umamusume),"トライフル☆バケーショ,あの娘が水着に着替えたら_ウマ娘夏物語ン"
holy_grail_(fate),聖杯(Fate)
riolu,リオル
parachute,パラシュート
tomo-chan_wa_onna_no_ko,トモちゃんは女の子!
aircraft_carrier_water_oni,空母水鬼
sampo_koski,"サンポ,삼포,サンポ・コースキ,Sampo"
black_bloomers,
gradient_necktie,
takagi_(tansuke),"高木さん,たかぎさん,高木命"
ruru_amour,"ルールー(プリキュア),ルールー・アムール"
miyamoto_musashi_(first_ascension)_(fate),
grandia_i,グランディア
age_of_ishtaria,"刻のイシュタリア,Age_of_Ishtaria"
kurumi_(touhou),"くるみ,쿠루미,くるみ(東方Project)"
fn_scar,"SCAR,SCAR-H,SCAR-L,FN_SCAR,SCAR-SC,Mk16,Mk17"
dress_aside,
emilico_(shadows_house),エミリコ
shirley_fenette,シャーリー・フェネット
deadpool_&_wolverine,"デッドプール&ウルヴァリン,DeadpoolandWolverine"
mahou_shoujo_lyrical_nanoha_the_movie_2nd_a's,
gascogne_(azur_lane),"ガスコーニュ,ガスコーニュ(アズールレーン),加斯科涅"
standing_on_object,
paw_stick,
shimamura_hougetsu,"島村抱月,しまむら,島村抱月(安達としまむら)"
dragon_quest_vi,"ドラゴンクエスト6,ドラクエ6,DQ6"
after_cunnilingus,
shigure_kai_san_(swimsuit)_(kancolle),時雨改三(水着)
ama_usa_an_uniform,甘兎庵
surrounded_by_hands,
listen!!,Listen!!
erika_(blue_archive),"エリカ,エリカ(ブルアカ),エリカ(ブルーアーカイブ),旗見エリカ,erika"
mitsugashira_enoko,"三頭慧ノ子,三头慧之子,미츠가시라에노코"
kaguya_(blue_archive),"漆原カグヤ,カグヤ"
mega_stone,メガストーン
medaka_box,めだかボックス
yellow_lips,
cheetah_ears,
putting_on_jewelry,
punching_bag,サンドバッグ
pile_of_books,
military_coat,
amanda_o'neill,"アマンダ・オニール,アマンダ"
komaki_manaka,小牧愛佳
bottle_to_cheek,
mizutani_eri,水谷絵理
cecilia_immergreen_(1st_costume),
spoken_emoji,
mato_seihei_no_slave,魔都精兵のスレイブ
shinomiya_runa,"紫宮るな,るなぱれっと"
lgbt_pride,
minneapolis_(azur_lane),"ミネアポリス(アズールレーン),ミネアポリス,明尼阿波利斯"
downpants,
xion_(kingdom_hearts),"シオン,シオン(キングダムハーツ)"
striped_leggings,
mina_(pokemon),"マツリカ,マツリカ(ポケモン)"
armillary_sphere,"アーミラリ天球儀,渾天儀,天球儀"
gear_fifth,ギア5
dainsleif_(genshin_impact),"戴因斯雷布,ダインスレイヴ,ダインスレイヴ(原神),dainsleif"
yellow_shoes,
sitting_on_box,
kasukabe_tsumugi,春日部つむぎ
utensil,
no_heterochromia,
watering,
kanae_(nijisanji),"叶(にじさんじ),叶,かな絵,密かな絵,叶(にじさんじゲーマーズ),はかせぼいす"
no_detached_sleeves,
ant,蟻
scizor,ハッサム
tenochtitlan_(second_ascension)_(fate),
sakamata_chloe_(jirai_kei),"沙花叉クロヱ(地雷私服衣装),沙花叉クロヱ(地雷私服)"
iya_na_kao_sare_nagara_opantsu_misete_moraitai,嫌な顔されながらおパンツ見せてもらいたいシリーズ
peanuts_(comic),ピーナッツ
off-shoulder_leotard,
lumen_(arknights),"流明,ルーメン(アークナイツ)"
constance_von_nuvelle,コンスタンツェ=フォン=ヌーヴェル
lucia:_plume_(pgr),"露西亚,鸦羽"
tavern,"酒場,さかば,酒馆"
unohana_retsu,"卯ノ花烈,卯ノ花八千流,卯之花烈,卯之花八千流"
knitting_needle,
suigetsu,"水月-すいげつ-,水月(ゲーム)"
yukadon,"床ドン,床咚,地咚,桌咚"
futaba_sana,"二葉さな,双葉さな,二叶莎奈,sana_futaba"
line_(naver),"LINE,ライン,LINE風"
indian,
color_coordination,
krul_tepes,"クルル・ツェペシ,克鲁鲁"
st._lucia_academy_school_uniform,
inward_v,
jack_daniel's,ジャックダニエル
lycanroc,"ルガルガン,lugarugan"
twister,"ツイスターゲーム,ツイスター"
regina_(dokidoki!_precure),"レジーナ,レジーナ(プリキュア)"
dr._slump,Dr.スランプ
zain_(omaru_polka),座員
black_claws,
implied_prostitution,
mojo,喪女
ekko_(league_of_legends),ekko
ayaya~,"あやややや〜,あやややや,あややや,あやや"
angelina_(distinguished_visitor)_(arknights),
firefighter_jacket,
miyamoto_musashi_(second_ascension)_(fate),
sun_tattoo,
dilated_pupils,瞳孔散大
simulacrum_(titanfall),
asami_sato,"佐藤麻美,Asami,asami"
rimuru_tempest_(slime),リムル(スライム)
shannon_(umineko),紗音
malon,"マロン,マロン(ゼルダの伝説)"
misaki_mei,見崎鳴
natsuiro_matsuri_(casual),"夏色まつり(デート衣装),夏色まつり(私服衣装),夏色まつり(私服)"
leaf_bikini,
aoyama_sumika,青山澄香
ring_box,
=_hair_ornament,
lanchester_smg,"Lanchester,ランチェスター短機関銃,ランチェスター,ランチェスターSMG,ランチェスターMk.1."
studded_gloves,
lipstick_mark_on_breast,
minecraft_(style),
wednesday_addams,"ウェンズデー,WednesdayAddams,ウェンズデー・アダムス"
hajimari_no_kiseki,"創の軌跡,軌跡シリーズ"
xander_(fire_emblem),マークス(FEif)
mochitsuki,餅つき
yellow_overalls,
grabbing_another's_hand,
brown_long-eared_bat_(kemono_friends),"ウサギコウモリ(けものフレンズ),ウサギコウモリ,うさこペイント"
squirrel_girl_(marvel),スクイレル・ガール
iws_2000_(girls'_frontline),"IWS-2000,IWS2000,IWS2000(ドールズフロントライン),IWS2000(少女前線)"
asteroid,
margay_(kemono_friends),"マーゲイ,マーゲイ(けものフレンズ)"
fur-trimmed_mittens,
hatsushimo_kai_ni_(kancolle),
neo_zeon,ネオ・ジオン
pretty_rhythm,"prettyrhythm,プリティーリズム,プリティリズム,プリリズ,프리티_리듬,星光少女,美妙旋律"
takaramonozu,タカラモノズ
wuthering_heights_(identity)_(project_moon),
satyr,サテュロス
lcl,"LCL,L.C.L"
citrinne_(fire_emblem),"シトリニカ,シトリニカ(ファイアーエムブレム)"
terminator_(series),
splatter_background,
kidnapped,誘拐
fairy_maid_(touhou),"妖精メイド,メイド妖精"
open_box,
astra_militarum,アストラ・ミリタルム
axolotl,ウーパールーパー
modernia_(nikke),"モダニア,모더니아,モダニア(勝利の女神:NIKKE)"
caterpillar,芋虫
washing_another,
aak_(arknights),"阿,ア(アークナイツ)"
ariel_(disney),"アリエル(リトルマーメイド),アリエル,艾莉兒"
female_saniwa_(touken_ranbu),女審神者
devilman,デビルマン
kagura_hikari,"神楽ひかり,かれひか,ひかまひ"
alternate_size,
cleft_chin,"ケツアゴ,けつあご,顎割れ"
soda_kazuichi,左右田和一
yoshinon,よしのん
kuo_shenlin,郭神琳
ae-3803,AE3803
hitachi_mako,常陸茉子
sound_horizon,"SoundHorizon,サンホラ"
omamori_himari,"おまひま,おまもりひまり"
mushroom_on_head,
roller_coaster,"ジェットコースター,过山车"
joy_(pokemon),"ジョーイ,ジョーイさん,ポケモンセンターナース,PCおねえさん"
cthugha_(nyaruko-san),"クー子,クトゥグア"
captain_america,"キャプテンアメリカ,キャプテン・アメリカ"
body_jewelry,
holding_hair_dryer,
luigi_torelli_(kancolle),"ルイージ・トレッリ,ルイージ・トレッリ(艦隊これくしょん),ルイージ・トレッリ(艦これ),ルイージトレッリ,ルイージトレッリ(艦隊これくしょん),ルイージトレッリ(艦これ)"
komori_met,"小森めと,引き小森画"
kasugano_urara_(yes!_precure_5),春日野うらら
amagiri_(kancolle),"天霧,天霧(艦隊これくしょん),天霧(艦これ)"
sig_p220/p226,"P220,P226,P225"
meridian_project,子午計畫
li_sushang,李素裳
fie_claussell,フィー・クラウゼル
guarana_antarctica,ガラナ・アンタルチカ
mitarashi_dango,"みたらし団子,御手洗团子"
ankle_wings,
s.e.e.s,"特別課外活動部,SEES"
design_speculation,
colored_pussy,
yukino_bijin_(umamusume),"ユキノビジン,ユキノビジン(ウマ娘)"
anchor_hat_ornament,
ass_freckles,
mind_break,
eargasm,
pumpkaboo,バケッチャ
zoroark,ゾロアーク
pepe_(arknights),"佩佩,ぺぺ(アークナイツ),ペペ(アークナイツ),ペペ"
dew_drop,露水
amphibia,"ふしぎの国アンフィビア,アンフィビア,amphibiafanart,amphibiaspoilers"
well,
rusty_trombone,アナル舐め手コキ
breast_pump,"搾乳機,搾乳器"
white_hanfu,
in_shopping_cart,
another_eidos-r,"龍脈のアナザーエイドスR,#アナドスR"
holding_crown,
stinger,
rikku_(ff10),"リュック,リュック(FF10)"
espurr,ニャスパー
tatsuta_kai_ni_(kancolle),
united_kingdom_(hetalia),"アーサー・カークランド,味覚音痴コンビ,アサフラ,アリス・カークランド,ローザ・カークランド,亚瑟•柯克兰"
soundwave_(transformers),"サウンドウエーブ,サウンドウェーブ,Soundwave"
sekirei,セキレイ
kobayakawa_yutaka,小早川ゆたか
holding_gloves,
holding_goggles,
akatsuki_uni,"赤月ゆに,ゆにぴく,AkatsukiUNI,大人のゆにぴく"
kintoki_(sakura_miko),金時
iosys,
amami_rantaro,"天海蘭太郎,天海兰太郎"
sig_mcx,"MCX,XM7"
hiro_(hidamari_sketch),"ヒロ(ひだまりスケッチ),ヒロ"
gate_of_babylon_(fate),王の財宝
gold_thighlet,
yua_serufu,結愛せるふ
victory_gundam,機動戦士Vガンダム
kimi_ga_nozomu_eien,君が望む永遠
patting,
yellow_armor,golden_armor
ninetales,キュウコン
houston_(kancolle),"ヒューストン,ヒューストン(艦隊これくしょん),ヒューストン(艦これ),Houston"
kojo_anna,"虎城アンナ,アンナート,あんにゃん復活"
tanigawa_kanna,谷川柑菜
push-button,押しボタン
ace_trainer_(pokemon),エリートトレーナー
shoujo_to_ura_roji,少女と裏路地
timerra_(fire_emblem),"ミスティラ,ミスティラ(ファイアーエムブレム)"
dragonfly_wings,
tail_flower,
rose_background,
haruna_(2016_swimsuit_mode)_(kancolle),"榛名改二(2016水着),夏服榛名"
inukai_iroha,犬飼いろは
fujino_shizuru,"藤乃静留,静なつ,시즈나츠,Shiznat"
new_mask_of_hope,希望の面
pornhub,
chloe_(pokemon),"サクラギ・コハル,コハル,コハル(アニポケ),ゴウコハ,コハヒカ"
box_truck,
pantyhose_around_one_leg,
sophitia_alexandra,"ソフィーティア,ソフィーティア・アレクサンドル"
ryu_lion,リュー・リオン
miteiru_(shirakami_fubuki),ミテイル
naga_(nikke),"ナガ,ナガ(勝利の女神:NIKKE)"
shikanoko_noko,"鹿乃子のこ,のこたん,鹿乃子乃子,乃子碳,nokotan"
head_under_skirt,
tales_of_phantasia,"テイルズ・オブ・ファンタジア,テイルズオブファンタジア,ファンタジア,TOP"
double_middle_finger,
pov_peephole,
houndoom,ヘルガー
fox_hat,
pokemon:_twilight_wings,薄明の翼
joltik,バチュル
smoke_grenade,"発煙弾,Rauchgranate"
cheesecake,チーズケーキ
ship's_wheel,舵輪
nozomi_(princess_connect!),"ノゾミ(プリコネ),ノゾミ,桜井望"
angelina_(summer_flower)_(arknights),
stuffed_lion,
t-back,
sakura-sou_no_pet_na_kanojo,さくら荘のペットな彼女
lady_avalon_(second_ascension)_(fate),
lize_helesta_(4th_costume),リゼ・ヘルエスタ(制服)
wendy_marvell,ウェンディ・マーベル
jashin-chan,"邪神ちゃん,パーフェクト邪神ちゃん"
ajaw_(genshin_impact),"クフル・アハウ,库胡勒阿乔,쿠훌아쥬"
hands_on_another's_shoulder,
hyena_tail,
shinomiya_himawari,四宮ひまわり
maruyama_saki,"丸山紗希,ウサギさんチーム,さきしの"
carnival_phantasm,カーニバル・ファンタズム
string_around_finger,
snom,ユキハミ
open_cloak,
voyager_(fate),"ボイジャー,ボイジャー(Fate)"
ppk_(girls'_frontline),"PPK,PPK(ドールズフロントライン),PPK(少女前線)"
yakushiji_saaya,薬師寺さあや
aura_bullying_(meme),"アウラ、○○しろ。,アウラ自害しろ,アウラ、自害しろ。,アウラ虐め"
bubbles_(ppg),"バブルス,BubblesUtonium"
purple_arm_warmers,
pleinair,プレネール
warabeda_meiji,"童田明治,いめいじー"
jade_(gemstone),
fartooth_(arknights),"远牙,ファートゥース,ファートゥース(アークナイツ),ユスティナ"
sengoku_basara,"戦国BASARAシリーズ,戦国BASARA"
pill_bottle,錠剤ビン
tenki_no_ko,"天気の子,Weathering_with_you"
floating_crown,
tachibana_momoka_(bubukka),たちばなももか
alternate_shiny_pokemon,
monobeno,"ものべの,茂伸"
disco_ball,ミラーボール
pony_play,"ポニープレイ,ポニーガール,ポニーボーイ"
hoshino_ai's_pose,推しの子パロ
prydwen_(fate),プリドゥエン
iriam,イリアム
miyu_edelfelt_(beast_style),
grandfather_clock,"大きな古時計,柱時計"
zaku,ザク
kiss_day,"キスの日,ちゅーの日"
fruit_tree,
severa_(fire_emblem),"セレナ,ルーナ"
chris_(konosuba),"クリス,クリス(このすば)"
dark_knight_(final_fantasy),暗黒騎士
portland_(azur_lane),"波特兰(碧蓝航线),ポートランド(アズールレーン),ポネキ,ポートランド"
armpit_carry,"腋下抱,腋下举起"
lace-up,
sex_ed,"性教育,성교육"
rouman_academy_school_uniform,
madoka_aguri,円亜久里
bear_trap,トラバサミ
mortal_kombat_(series),"MortalKombat,モータルコンバット,モーコン,真人快打,모탈컴뱃,MK"
ashe_(league_of_legends),Ashe
photon_ray_(fate),
triple_baka_(vocaloid),"驫麤~とりぷるばか~,驫麤,とりぷるばか"
tategami_aoi,立神あおい
too_many_watermarks,
himemiya_chikane,姫宮千歌音
ox_girl,丑娘
coffee_beans,コーヒー豆
bone_necklace,
t-elos,
shiragiku_hotaru,白菊ほたる
maiden_(nikke),"メイデン(勝利の女神:NIKKE),メイデン"
m4_sherman,"M4中戦車,M4シャーマン"
b.b._hood,バレッタ
shigatsu_wa_kimi_no_uso,四月は君の嘘
izmir,イシュミール
puyo_(puyopuyo),
charging_forward,
female_tourist_c_(arknights),
team_star,スター団
heart_ear_ornament,
shochuumimai,"暑中見舞い,暑中お見舞い"
kamen_rider_01_(series),仮面ライダーゼロワン
blue_screen_of_death,"ブルースクリーン,BSOD,BlueScreen"
anya_melfissa_(1st_costume),
hiramitsu_hinata,平光ひなた
fender_precision_bass,プレシジョンベース
yaeno_muteki_(umamusume),"ヤエノムテキ(ウマ娘),ヤエノムテキ"
mind_reading,
glimmer_(xenoblade),カギロイ(ゼノブレイド3)
yagami_light,夜神月
starmie,スターミー
between_buttocks,
two-handed_sword,両手剣
doom_eternal,DoomEternal
xenoblade_chronicles_x,ゼノブレイドクロス
tristana_(league_of_legends),"Tristana,트리스타나,트타,トリスターナ"
fuse_tail,
hazawa_tsugumi,羽沢つぐみ
ikaros,"イカロス,伊卡洛斯"
apple_slice,
capybara,"カピバラ,capy"
utane_uta,"唄音ウタ,デフォ子,呗音ウタ"
gold_nails,
hyrule_warriors:_age_of_calamity,厄災の黙示録
poyoyo_(nakiri_ayame),ぽよ余
piglet,"こぶた,子豚,仔豚"
imminent_bite,
paizuri_on_lap,膝上パイズリ
yuzuki_roa,"夢月ロア,ロアート"
no_male_underwear,
yune_(fire_emblem),ユンヌ
wireless_sex_toy_controller,
the_legend_of_zelda:_echoes_of_wisdom,"知恵のかりもの,ゼルダの伝説知恵のかりもの,EchoesOfWisdom,ゼルダ姫(知恵のかりもの)"
collar_grab,
igawa_sakura,井河さくら
velma_dinkley,"ヴェルマ,ヴェルマ・ディンクレー,Velma_Dinkley,メガコ"
neet,"NEET,ニート"
ear_flower,
chacha_(fate),"茶々,茶々(Fate)"
tonari_no_kyuuketsuki-san,となりの吸血鬼さん
tyrannosaurus_rex,"ティラノサウルス,ティラノサウルス・レックス,T-Rex"
suomi_kp/-31,
menat,メナト
nori_(hidamari_sketch),
natsu_dragneel,"ナツ・ドラグニル,ナツドラグニル"
robin_(female)_(seaside_tactician)_(fire_emblem),"summer_robin,swimsuit_robin,beach_robin"
zeta_(summer)_(granblue_fantasy),
cure_sunny,キュアサニー
rita_rossweisse_(umbral_rose),暗黒の薔薇
white_lion_(kemono_friends),"ホワイトライオン(けものフレンズ),ホワイトライオン"
mikisugi_aikurou,美木杉愛九郎
eisen_(sousou_no_frieren),"アイゼン,eisen"
bankai,"卍解,真打"
ogata_hyakunosuke,尾形百之助
forget-me-not_(flower),"ワスレナグサ,勿忘草,忘れな草,勿忘我"
kumano_kai_ni_(kancolle),"熊野改二,熊野航改二"
tossing,
wishiwashi,ヨワシ
diglett,ディグダ
orgasm_denial,"絶頂禁止,射精禁止,射精管理,絶頂管理"
snowball_fight,"雪合戦,打雪仗"
luigi_di_savoia_duca_degli_abruzzi_(kancolle),"ルイージ・ディ・サヴォイア・ドゥーカ・デッリ・アブルッツィ,アブルッツィ,アブルッツィ(艦隊これくしょん),テッテ・アブルッツィ,Abruzzi,アブルッツィ(艦これ)"
zaizen_tokiko,財前時子
ruined_for_marriage,もうお嫁にいけない
fubuzilla_(shirakami_fubuki),フブラ
thick_leg_hair,
chaika_trabant,チャイカ・トラバント
top_wo_nerae_2!,"トップをねらえ2!DIEBUSTER,トップをねらえ2!,DIEBUSTER"
no_coat,
shizuko_(swimsuit)_(blue_archive),シズコ(水着)
mouthwashing,
sakamata_chloe_(gyarumata),
aku_no_musume_(vocaloid),悪ノ娘
holding_unworn_dress,
mochizuki_ryouji,望月綾時
crimvael,"クリムヴェール,クリム"
vhs_artifacts,
the_legend_of_zelda:_a_link_to_the_past,神々のトライフォース
foaming_at_the_mouth,
alraune,アルラウネ
gatchaman_crowds,ガッチャマンクラウズ
yoru_no_yatterman,夜ノヤッターマン
mineta_minoru,峰田実
guinaifen_(honkai:_star_rail),"ケナイフン,桂乃芬,Guinaifen"
pollux_(fate),"ポルクス(Fate),ポルクス,ディオスクロイ(Fate),ディオスクロイ"
skadi_the_corrupting_heart_(sublimation)_(arknights),
incoming_pocky_kiss,
crownslayer_(arknights),"弑君者,クラウンスレイヤー,クラウンスレイヤー(アークナイツ)"
jellyfish_(splatoon),
sounding,尿道責め
kinoshita_hideyoshi,木下秀吉
heart-shaped_lollipop,
girls_und_panzer_saishuushou,"ガルパン最終章,ガールズ&パンツァー_最終章,girls_und_panzer_das_finale"
no_emblem,
hydreigon,サザンドラ
love_and_deepspace,"LoveandDeepspace,恋与深空,戀與深空,恋と深空,러브앤딥스페이스,럽딥"
tokyo_tower,"🗼,東京タワー"
zombie_fairy_(touhou),ゾンビフェアリー
saotome_alto,早乙女アルト
holding_own_breasts,
power_fist,
kourindou,香霖堂
dengeki_g's,電撃G's
decorations,
holding_butterfly_net,
nu_gundam,"νガンダム,RX-93"
i-203_(kancolle),"伊203,伊203(艦隊これくしょん),伊203(艦これ),フーミィ"
battle_girl_high_school,"バトルガールハイスクール,バトガ"
seiken_gakuin_no_maken_tsukai,"聖剣学院の魔剣使い,せまつか"
nu-13,"ν-13,v-13"
pac-man,
vittorio_veneto_(azur_lane),"ヴィットリオ・ヴェネト(アズールレーン),ヴィットリオ・ヴェネト,维托里奥·维内托"
baobhan_sith_(swimsuit_pretender)_(third_ascension)_(fate),
toudou_aoi_(jujutsu_kaisen),東堂葵
psychedelic,サイケデリック
tamagotchi,"たまごっち,拓麻歌子,オリたま,oritama,tamatag,tmgc"
yamaha,"ヤマハ,YAMAHA"
kyoto_animation,"京都アニメーション,京アニ"
trucy_wright,"成歩堂みぬき,成步堂美贯"
sneasel,ニューラ
skull_collar,
okita_souji_alter_(second_ascension)_(fate),
dottore_(genshin_impact),"Dottore,Il_Dottore,多托雷,博士,ドットーレ,도토레"
oounabara_to_wadanohara,"大海原と大海原,大海原与大海原,Wadanohara"
xp-tan,"XPたん,XP"
kushieda_minori,櫛枝実乃梨
elie_macdowell,エリィ・マクダエル
orange_butterfly,
moth_antennae,
wang_liu_mei,"王留美,ワン・リューミン"
hildr_(fate),ヒルド(Fate)
academic_test,試験
mouri_ran,毛利蘭
komichi_aya,小路綾
chupa_chups,"チュッパチャップス,チュッパチャプス"
label_girl_(dipp),"レーベルのあの子,レベ子,라베코,라벨그소녀"
marble_(toy),ビー玉
rabbit_ear_headphones,
titanfall_2,"タイタンフォール2,titanfall2"
sword_art_online:_memory_defrag,メモリー・デフラグ
luxury_ball,ゴージャスボール
parasoul_(skullgirls),パラソール
snoot_challenge,スヌートチャレンジ
atelier_meruru,メルルのアトリエ
animal_skeleton,
lying_on_another,
butterfly_on_head,
youko_(girls_und_panzer),"ヨウコ,ヨウコ(GuP),継続高校"
mejiro_mcqueen_(ripple_fairlady)_(umamusume),"さざ波フェアレディ,大乱闘!?夏色☆バカンス"
leoparde_(mahou_shoujo_ni_akogarete),レオパルト
overexposure,
cold_pack,"冷えピタ,熱さまシート"
seiren_(suite_precure),セイレーン
gotoh_futari,後藤ふたり
zootopia,"ズートピア,Zootopia,zootopia"
nyatasha_nyanners,"nyanart,nyanners"
striped_camisole,
maruruk,マルルク
hidan_no_aria,緋弾のアリア
artoria_pendragon_(swimsuit_archer)_(first_ascension)_(fate),
bible_(object),
oni_costume,
fukuji_mihoko,福路美穂子
ben_bigger,"BenBigger,ベン・ビガー,本·比格,ベン"
cannibalism,"共食い,共喰い,カニバリズム"
atsuko_(swimsuit)_(blue_archive),"アツコ(水着),秤アツコ(水着)"
pink_mittens,
vestia_zeta_(1st_costume),
subscribestar_logo,
tiny_evil,
pandoria_(xenoblade),"サイカ,サイカ(ゼノブレイド2)"
newhalf_with_female,
happiness!,"はぴねす!,はぴねす!(ういんどみる)"
foo_fighters_(jojo),"フー・ファイターズ,(F・F)"
morgan_le_fay_(queen_of_winter)_(fate),
rokudenashi_majutsu_koushi_to_akashic_record,"ロクでなし魔術講師と禁忌教典,ロクでなし魔術講師と禁忌教典〈アカシックレーコド〉,ロクアカ"
baltimore_(finish_line_flagbearer)_(azur_lane),"スプレンディッド・ギア,迅疾的蓝星"
araiguma-san,アライグマさん
grandmother_and_granddaughter,
aether_gazer,"深空之眼,AetherGazer,エーテルゲイザー,에테르게이저"
child_gilgamesh_(fate),子ギル
anatomy,
frilled_footwear,
downward_dog,
exiled_warrior_leina,"流浪の戦士レイナ,流浪の戦士"
ogasawara_sachiko,小笠原祥子
thigh_sheath,
captain_falcon,"キャプテン・ファルコン,キャプテンファルコン"
ogre,"オウガ,オーガ"
looking_at_flowers,
standing_on_person,
taiho_shichauzo,逮捕しちゃうぞ
mirrored_text,"鏡文字,镜像文字"
master_detective_archives:_rain_code,"超探偵事件簿レインコード,レインコード,rain_code,raincode,霧雨謎宮,超侦探事件簿,レインコード【腐】"
masurao_(sekaiju),マスラオ(世界樹)
zoya_petrovna_vecheslova,"ゾヤさん,ゾーヤ,ゾーヤ・ペトローヴナ・ヴェチェスロヴァ,Зоя_Петровна_Вечеслова"
hugh_(pokemon),ヒュウ(トレーナー)
wakfu,"Wakfu,ワクフ"
goblin_slayer,ゴブリンスレイヤー
fujimoto_rina,藤本里奈
little_blue_whale_(kancolle),サムの鯨
rabbit_ornament,
studio_microphone,
makai_senki_disgaea_5,"魔界戦記ディスガイア5,ディスガイア5"
lemonade,"レモネード,レモン水"
senbonzakura_(vocaloid),"千本桜,千本櫻,千本樱,천본앵"
acronym,
blue_streaks,
hamuzou,ハム蔵
card_between_breasts,
purple_buruma,紫ブルマ
kurugaya_yuiko,来ヶ谷唯湖
monarch_(azur_lane),"モナーク,モナーク(アズールレーン),君主,君主(アズールレーン)"
manga_time_kirara,"まんがタイムきらら,まんがタイムきららキャラット"
anya_alstreim,アーニャ・アールストレイム
caulifla,カリフラ
mc_axis,MC☆あくしず
murakami_(girls_und_panzer),"ムラカミ,ムラカミ(GuP),サメさんチーム"
wing_print,
koharu_rikka,"小春六花,六花ギャラリー"
fal_(girls'_frontline),"FAL,FAL(ドールズフロントライン),FAL(少女前線)"
holding_boots,
holding_case,
removing_shoes,
beni-enma_(first_ascension),
the_lego_group,レゴ
holding_tongs,
jailbird_(nerissa_ravencroft),
tsuyuzaki_mahiru,"露崎まひる,まひかれ,ひかまひ"
ishigami_nozomi,"石神のぞみ,流石神絵師"
cheese-kun,チーズくん
misora_(princess_connect!),"ミソラ(プリコネ),流ミソラ,ミソラ"
shigaraki_tomura,"死柄木弔,志村転弧"
headphones_over_headwear,
sora_wo_kakeru_shoujo,宇宙をかける少女
cheria_barnes,"シェリア,シェリア・バーンズ"
irene_(kanniiepan),
gigantic_penis,超根
strip_game,
change_in_common_sense,"常識改変,常識変換,常识改写,认知改写"
anthuria,アンスリア
kusugawa_sasara,"久寿川ささら,さーりゃん"
multiple_insertions,
malenia_goddess_of_rot,"腐敗の女神マレニア,腐敗の女神、マレニア"
cross-laced_shorts,
gantz,"ガンツ,GANTZ"
seras_victoria,"セラス・ヴィクトリア,セラス"
santa_capelet,
reverse-jointed_legs,
kitchen_dragonmaid,"ドラゴンメイド・ティルル,ドラゴンメイド・フランメ"
tio_plato,ティオ・プラトー
midnight_bliss,"ミッドナイトブリス,ブリス"
syuen_(nikke),"Syuen,シュエン,シュエン(勝利の女神:NIKKE),舒恩,슈엔"
zozotown,プロセカZOZOコラボ
ace_of_clubs,🃑
mount_lady,"Mt.レディ,岳山優"
leo_(fire_emblem_fates),レオン(FEif)
carriage,馬車
jizou,"地藏,地藏菩薩"
heiter,ハイター
ozora_akari,大空あかり
hero_(headspace)_(omori),
hecatia_lapislazuli_(earth),青ヘカーティア
pink_check_school_(idolmaster),"ピンクチェックスクール,P.C.S"
arisaka,"有坂銃,三八式歩兵銃,三十年式歩兵銃"
sitting_in_window,
dark_elven_forest_ranger,"ダークエルブン・フォレストレンジャー,다크엘븐포레스트레인저,다크엘븐,ダークエルブンフォレストレンジャー,ダークエルヴン・フォレストレンジャー"
princess_peach:_showtime!,"プリンセスピーチショータイム!,PrincessPeachShowTime"
team_aqua,アクア団
evolution,
hand_on_forehead,
edytha_rossmann,エディータ・ロスマン
mother_(yoru_mac),mcmother
ene_(kagerou_project),"エネ,Ene"
nero_claudius_(bride)_(third_ascension)_(fate),
purple_sister,パープルシスター
blind_girl_(popopoka),
sore_wa_bokutachi_no_kiseki,"それは僕たちの奇跡,It's_our_miraculous_time"
fist_in_hand,
aoba_kokona,青羽ここな
tool_belt,
spoken_animal,
medalist_(manga),"メダリスト(漫画),漫画メダリスト,メダリスト,메달리스트,mdlstCP"
azumi_(girls_und_panzer),"アズミ(GuP),大学選抜チーム,バミューダ三姉妹"
clone_harem,嫁分身
paint_roller,
flat_chest_joke,
reindeer_girl,
inaba_mob_(touhou),モブイナバ
illyasviel_von_einzbern_(swimsuit_archer),イリヤスフィール(水着)
applying_sunscreen,
yen_sign,"¥,円記号,えんきごう,圓符號"
simulated_footjob,
tonguejob,舌コキ
tomoe_(queen's_blade),トモエ
k2_(girls'_frontline),"K2,K-2,K2(ドールズフロントライン),K2(少女前線)"
leopard_(yatterman),"レパード(夜ノヤッターマン),レパード"
morte_(arknights),
feather-trimmed_jacket,
greek_text,"ギリシャ語,Ελληνικά"
kaya_(blue_archive),"不知火カヤ,시라누이카야"
iwasaki_minami,岩崎みなみ
mochizuki_chiyome_(fate),アサシン・パライソ
hand_on_own_wrist,
ooba_minori,"大庭稔,O杯ちゃん"
sawaizumi_chiyu,沢泉ちゆ
warp_pipe,"土管,ワープ土管,スワップドカン,どかん"
myoukou_kai_ni_(kancolle),妙高改二
ender_lilies_quietus_of_the_knights,"ENDERLIELIES,ENDERLILIES,エンダーリリーズ"
ciel_phantomhive,"シエル・ファントムハイヴ,夏尔凡多姆海恩,夏尔·凡多姆海恩,シエル,駒鳥"
maid_leotard,
middle_ring,
asymmetrical_dress,
kamen_rider_build_(series),仮面ライダービルド
frankie_foster,"フランキー・フォスター,フランシス・フォスター"
cheytac_m200,M200
satsuriku_no_tenshi,"殺戮の天使,angels_of_death,杀戮天使"
cardigan_(arknights),"卡缇,カーディ(アークナイツ)"
amiya_(medic)_(arknights),
moon_print,
finnish_text,"フィンランド語,スオミ語,Finnish,Suomi"
table_tennis,"卓球,テーブルテニス,pingpong"
namine,ナミネ
tsuujou_kougeki_ga_zentai_kougeki_de_ni-kai_kougeki_no_okaasan_wa_suki_desu_ka?,"通常攻撃が全体攻撃で二回攻撃のお母さんは好きですか?,お母好き"
airport,"空港,飛行場"
red_tulip,
playstation_4,"PS4,プレイステーション4"
h&k_psg1,"PSG-1,PSG1,PSR-90"
arched_soles,
seki_hiromi,関裕美
ike_eveland,"IkeEveland,Ikenography,SpicyIkey,アイク・イーヴランド"
jacques_de_molay_(foreigner)_(fate),"ジャック・ド・モレー(フォーリナー),ジャック・ド・モレー(Fate),ジャック・ド・モレー"
mash_kyrielight_(ortenaus),オルテナウス
hypnosis_mic,"ヒプノシスマイク,ヒプマイ,ヒ腐マイ,히프마이,hypmic,催眠麦克风,HPMI"
morgana_(league_of_legends),"Morgana,모르가나,モルガナ"
baking_sheet,
grey_collar,
tokiha_mai,鴇羽舞衣
presenting_another,
diantha_(pokemon),"カルネ(トレーナー),カルネ,チャンピオン(カロス)"
zipper_bikini,
wooden_bridge,
sweater_guard,カーディガンクリップ
tanline_peek,
neglect_play,放置プレイ
romeo_to_cinderella_(vocaloid),ロミオとシンデレラ
everlasting_summer,everlasting_summer
laura_matsuda,ララ・マツダ
fubuki_(spring_mode)_(kancolle),
marionette,
boy_and_girl_sandwich,
stopwatch_around_neck,
character_watermark,
mineva_lao_zabi,ミネバ・ラオ・ザビ
lightning_ahoge,
implied_bisexual,
rinpoo_chuan,"リンプーさん,リンプー"
hair_through_hood,
yaranaika,"やらないか,ヤマジュン"
hornet_(azur_lane),"大黄蜂(碧蓝航线),ホーネット(アズールレーン),ホーネット"
eugeo,"ユージオ,Eugeo"
canyon,峡谷
oktoberfest,"オクトーバーフェスト,慕尼黑啤酒节"
fan_hair_ornament,
spider_lily_print,
sex_toy_pull,
sett,
ikeda_chitose,池田千歳
white_headphones,
masurao_2_(sekaiju),
heavy_metal,ヘヴィメタル
shalltear_bloodfallen,"シャルティア・ブラッドフォールン,シャルティアブラッドフォールン,シャルティア"
straylight_(idolmaster),ストレイライト
yana_(chihuri),"ヤナさん,ヤナ,Яна"
ushiwakamaru_(swimsuit_assassin)_(first_ascension)_(fate),
morgan_le_fay_(water_princess)_(fate),水妃モルガン
sitting_on_tree_stump,
plaid_coat,
hoso-inu,
black_keys_(type-moon),黒鍵
sword_maiden,"剣の乙女,剣の乙女(ゴブリンスレイヤー)"
balalaika_(black_lagoon),バラライカ
cunnilingus_gesture,
akiyama_rinko,秋山凜子
see-through_gloves,
black_sun,
shy_(character),"SHY-シャイ,SHY"
toddler,"乳児,赤ちゃん"
purple_pajamas,
suicune,スイクン
swim_goggles,
merlin_(fate/prototype)_(second_ascension),
orange_tabard,
green_overalls,
rakudai_kishi_no_cavalry,落第騎士の英雄譚
o-ring_dress,
hidden_camera,
giant_snake,大蛇
hope's_peak_academy_school_uniform,
carrot_(one_piece),"キャロット(ONEPIECE),キャロット"
reticulated_giraffe_(kemono_friends),アミメキリン(けものフレンズ)
tying_footwear,
akumi_(yoclesh),"akumillust,akumeme,akumilk"
aquiline_nose,鷲鼻
cure_heart,キュアハート
oversized_flower,
kirara_fantasia,きららファンタジア
ao_no_exorcist,"青の祓魔師,blue_exorcist"
koromaru_(persona),コロマル
transparent_border,
lens_flare_abuse,
malkuth_(project_moon),"Malkuth,マルクト"
typewriter,"タイプライター,印字機,いんじき"
carmen_(project_moon),
sangokushi_taisen,"三国志大戦,三国志大戦TCG,三国志大戦TCGカードイラストコンテスト"
bicycle_helmet,
iz_(asteroid_ill),
celebration,
hiiragi_shinoa,柊シノア
masterwork_apocalypse,"幻书启世录,終末のアーカーシャ,終アカ,幻书启示录,終アカイラコン"
emori_miku,"絵守未來,絵守未来"
kamen_rider_revice,仮面ライダーリバイス
world_war_i,"第一次世界大戦,WW1"
quiz_magic_academy_the_world_evolve,"クイズマジックアカデミーTHE_WORLD_EVOLVE,THE_WORLD_EVOLVE,クイズマジックアカデミーEVO"
military_rank_insignia,階級章
gag_around_neck,
elbe_(azur_lane),"エルベ,エルベ(アズールレーン),易北"
blaidd_the_half-wolf,"半狼のブライヴ,Blaidd"
star_nun_(diva),
metal_wings,
lucas_(mother_3),"リュカ(MOTHER),リュカ"
ohr_(blue_archive),"オウル,オウル(ブルーアーカイブ),アイン・ソフ・オウル(ブルーアーカイブ)"
disappointed,失望
jack-o'-lantern_earrings,
sakura_taisen_iii,サクラ大戦3
nipple_press,
licking_hand,
nipple_tweak_through_clothes,
japan_(hetalia),"本田菊,本田桜"
pink_robe,
no_headgear,
corset_piercing,コルセットピアス
held_down,
bandana_over_mouth,
miso_soup,味噌汁
aisaki_emiru,愛崎えみる
argyle_socks,
sun_earrings,
indonesian_text,インドネシア語
komainu,狛犬
holding_ring,
black_unitard,
purple_nipples,
yuri_(dirty_pair),"ユリ(ダーティペア),ユリ"
matches,"マッチ棒,マッチ"
red_car,
traffic_barrier,
creamer_(vessel),
hoppip,ハネッコ
seta_kaoru,瀬田薫
space_station,宇宙ステーション
sanbaka_(nijisanji),"さんばか,さんばか(にじさんじ)"
bradamante_(first_ascension)_(fate),
matsumae_ohana,松前緒花
three_sizes,スリーサイズ
watermelon_hair_ornament,
yamakaze_kai_ni_(kancolle),山風改二
shimazu_yoshino,島津由乃
hyuuga_saki,日向咲
nagato_(great_fox's_respite)_(azur_lane),"御狐の寝間着,神子的休憩"
multicolored_thighhighs,
key_in_head,
friday_the_13th,"13日の金曜日,十三号星期五"
okazaki_tomoya,岡崎朋也
ancient_princess_menace,"古代の王女メナス,古代の王女"
bucket_of_water,
symmetra_(overwatch),"シンメトラ,symmetra,Symmetra"
young_zelda,
fiona_frost,"フィオナ・フロスト,夜帷(SPY×FAMILY),フィオナ"
holding_mushroom,
blue_babydoll,
ophelia_phamrsolone,オフェリア・ファムルソローネ
honebami_toushirou,"骨喰藤四郎,鯰骨"
lunar_tear,月の涙
yano_erika,矢野エリカ
melusine_(swimsuit_ruler)_(first_ascension)_(fate),
zanshomimai,"残暑見舞い,残暑お見舞い"
lipps_(idolmaster),LiPPS
orange_lips,
florina_(fire_emblem),フロリーナ
prinz_eugen_(final_lap)_(azur_lane),ファイナル・ラップ
forced,
billiards,"スヌーカー,ビリヤード"
strawberry_slice,
single_blush_sticker,
apollo_justice:_ace_attorney,逆転裁判4
titania_(sao),"ティターニア,アスナ"
moze_(honkai:_star_rail),"貘泽,Moze"
cross_facial_mark,
holding_flamethrower,
striped_tank_top,
washbowl,"洗面器,風呂桶"
intravaginal_futanari,
big_head,
aozaki_touko,蒼崎橙子
studded_garter_belt,
grey_pupils,
rurudo_lion,るるどらいおん
argenti_(honkai:_star_rail),"アルジェンティ,銀枝"
zoe_(league_of_legends),"ゾーイ,zoe"
hololive_gamers,"ホロライブゲーマーズ,白上ブートキャンプ"
leona_(league_of_legends),"Leona,雷歐娜"
tea_party,"お茶会,茶会,茶话会,下午茶,ティータイム,アフタヌーンティー"
american_mcgee's_alice,"アリスインナイトメア,爱丽丝梦游魔境"
highway,高速道路
giggling,
snake_bondage,
echocalypse,"エコカリ,エコカリプス,Echocalypse,エコカリ冬日イラコン,緋紅の神約,绯色回响,EchocalypseTSC,EchoesTSC"
electrodes,"電極,でんきょく"
dialga,ディアルガ
double_thumbs_up,
barghest_(swimsuit_archer)_(fate),"UDK-バーゲスト,バーゲスト(水着)"
impact_(font),
schwarzesmarken,シュヴァルツェスマーケン
holding_rocket_launcher,
knocking,
ri-class_heavy_cruiser,"重巡リ級,リ級"
arm_over_shoulder,
person_and_animalization,
murasaki_(senran_kagura),"紫(閃乱カグラ),紫"
shiromuku,"白無垢,白无垢"
pop_filter,ポップガード
sexual_exercising,
tsab_ground_military_uniform,
cutie_honey,キューティーハニー
riju,"ルージュ,マキ・ア・ルージュ"
nest,
murasaki_shikibu_(swimsuit_rider)_(fate),紫式部(水着)
yamanouchi_kano,"山ノ内花音,ヨルカノ"
artorias_the_abysswalker,深淵歩きアルトリウス
hoshinoumi_academy_school_uniform,星ノ海学園制服
big_dipper,"北斗七星,北斗星,七つの星,북두칠성"
forever_7th_capital,"永遠的7日之都,永远的7日之都,永远的七日之都,영7,영원한7일의도시,永遠の7日の都市,永遠の七日,永遠の7日-終わりなき始まり,Forever_Seven_Days,Forever_7_Days,永遠的7日"
traumatized,
asagami_fujino,浅上藤乃
taliyah,
sunflower_print,
onitsuka_natsumi,"鬼塚夏美,鬼冢夏美"
template,"テンプレート,テンプレ,ここまでテンプレ,フリー素材"
satin_bra,
giant_tree,巨樹
shiro_seijo_to_kuro_bokushi,"白聖女と黒牧師,白聖女與黑牧師,白圣女与黑牧师,white_saint_and_black_pastor"
soul_evans,"ソウル=イーター,ソウル・エヴァンス,ソウル·エヴァンス"
miyazono_kawori,宮園かをり
comic_sans,
matsunaga_ryo,松永涼
grey_feathers,
nipple_bells,
sinder_(vtuber),"sinderdoodle,Sinder"
irezumi,くりかわもんもん
h&k_p30,"P30,P30L,P30SK"
ultraman_(1st_series),"ウルトラマン,奥特曼,超人力霸王,Ultraman"
headboard,
gehenna_academy_logo,
holding_cooking_pot,
white_(among_us),
priest_(ragnarok_online),"プリースト,プリ"
hymen,処女膜
luminous_witches,"音楽隊ウィッチーズ,ルミナスウィッチーズ"
shirai_yuyu,白井夢結
colette_brunel,"コレット,コレット・ブルーネル"
tensui_no_sakuna-hime,"天穂のサクナヒメ,サクナヒメ,SAKUNA,SAKUNA_of_rice_and_ruin"
alolan_exeggutor,"アローラナッシー,ナッシー(アローラのすがた)"
gebura_(project_moon),"Gebura,ゲブラー"
ayase_fuuka,綾瀬風香
kenjou_akira,剣城あきら
stingray,
osmanthus,モクセイ属
spas-12,"SPAS12,SPAS-12,スパス12"
zekrom,ゼクロム
holding_bone,
tamaki_kotatsu,環古達
industrial,
puzzle,拼图
oleana_(pokemon),"オリーヴ,オリーヴ(ポケモン),Oleana"
shaving,"髭剃り,剃毛"
kuroe_shizuku,黒江雫
nidalee,
hoshizora_ikuyo,星空育代
hindenburg_(delirious_duel)_(azur_lane),パラリティク・バーサス
takao_(full_throttle_charmer)_(azur_lane),"魅惑のフルドライブ,至高焦点"
dark_orb_(madoka_magica),ダークオーブ
lee-enfield,"リー・エンフィールド,SMLE"
sumire_(blue_archive),"スミレ(ブルーアーカイブ),乙花スミレ"
stage_curtains,
kunio-kun_series,くにおくん
kei_(dirty_pair),"ケイ(ダーティペア),ケイ"
in_cage,
onodera_kosaki,小野寺小咲
fatal_frame,"零,零~zero~,零~紅い蝶~,零~刺青の聲~,零~月蝕の仮面~,零~紫の日記~,零~濡鴉ノ巫女~"
totoro,トトロ
coat_of_arms,"紋章,コート・オブ・アームズ"
progression,
employee_(project_moon),"自職員,脑叶公司oc"
wainscoting,
electrocution,電気責め
akimoto_komachi,秋元こまち
tetra,テトラ
nabe,鍋
juri_(blue_archive),牛牧ジュリ
makoto_(genshin_impact),
x-ray_glasses,"透視,透視メガネ"
ellen_(touhou),"エレン・ふわふわ頭・オーレウス,エレン,엘렌후와후와아타마오레우스,엘렌"
u.a._gym_uniform,
warframe,"warframe,ウォーフレーム"
purple_slingshot_swimsuit,
penthesilea_(fate),"ペンテシレイア,エルドラドのバーサーカー,ペンテシレイア(Fate)"
ryomou_shimei,呂蒙子明
touhou_danmaku_kagura,"東方ダンマクカグラ,ダンカグ,東方ダンマクカグラファンタジア・ロスト"
tan_yang_(kancolle),"丹陽,丹陽(艦これ),丹陽(艦隊これくしょん)"
konpeitou,"金平糖,こんぺいとう"
battleship_water_oni,戦艦水鬼
praying_mantis,カマキリ
ground_shatter,
one_piece_treasure_cruise,トレジャークルーズ
x_navel,
kel_(headspace)_(omori),
abigail_williams_(festival_outfit)_(fate),
akane_lize,"AkaneLize,Lize_art,朱音リゼ,아카네리제,Lize"
izumi_yuki_(heaven_burns_red),和泉ユキ
shyrei_faolan,"squchujin,shyrei,sqoomer"
cat-shaped_pillow,
red_mage_(final_fantasy),赤魔道士
bulge_press,
two-tone_choker,
spoken_skull,
sumeragi_lee_noriega,スメラギ・李・ノリエガ
messy_sleeper,寝相
hayanami_(kancolle),"早波,早波(艦隊これくしょん),早波(艦これ)"
emma_august,"えま★おうがすと,えま☆おうがすと,えまおうがすと,えま・おうがすと,えまの絵馬,えまと絵馬,えまの春画,●●★●●●●●"
bolter,
indomitable_(ms._motivationless_maid)_(azur_lane),"ケダルイメイドサマ,没干劲的女仆小姐"
ushio_(swimsuit_mode)_(kancolle),潮(水着)
rachel_gardner,"レイチェル・ガードナー,レイチェルガードナー,レイチェル,レイチェル(殺戮の天使)"
hero_(faraway)_(omori),
atelier_resleriana,"レスレリアーナのアトリエ,レスレリ,~忘れられた錬金術と極夜の解放者~,resleri,Resleriana"
stella_unibell,"ステラ・ユニベル,stellaunivel,스텔라_유니벨,ステラユニベル,스텔라유니벨,ステラ,스텔라"
slipper_bathtub,
clumsy,
rearing,
chimchar,ヒコザル
charger,
plug_(piercing),
houchi_shoujo,"放置少女,放置少女イラコンファンアート,放置少女イラコン衣装,放置少女2周年記念イラコン,放置少女3周年イラコン新キャラ,放置少女3周年イラコンFA"
akershus_fortress_(oshiro_project),アーケシュフース城
ishtar_(swimsuit_rider)_(fate),イシュタル(水着)
mikasa_(azur_lane),"三笠(アズールレーン),三笠,鲐"
shin_megami_tensei_iii:_nocturne,"真・女神転生III,真・女神転生3,真III,真3"
playstation_5,"PS5,プレイステーション5"
talkex,"TalkEX,音街ウナTalkEX"
tales_of_destiny,"テイルズ・オブ・デスティニー,テイルズオブデスティニー,デスティニー,TOD"
togata_mirio,通形ミリオ
sky_focus,
sofmap_background,"ソフマップ,例の壁"
checkered_bikini,
minase_nayuki,水瀬名雪
united_kingdom,"イギリス,英国,UK"
powered_wheelchair,
dororo_(tezuka),"どろろ,dororo_fanart"
kiryuuin_ragyou,鬼龍院羅暁
zweihander,ツヴァイハンダー
mitsumine_mashiro,三峰真白
collar_tabs,
tenochtitlan_(swimsuit_mooncancer)_(fate),テノチティトラン(水着)
wake_up_girls!,"WakeUp,Girls!,WUG"
print_scrunchie,
ikari_gendou,碇ゲンドウ
kanaria,金糸雀
pectoral_docking,
giant_brush,
momosuzu_nene_(casual),"桃鈴ねね(私服衣装),桃鈴ねね(私服)"
irony,"イロニー,皮肉"
vita_(lone_planetfarer)_(honkai_impact),
holding_drinking_straw,
zeta_gundam_(mobile_suit),"Zガンダム,MSZ-006"
finger_to_tongue,
cargo_shorts,
black_pajamas,
sasaki_kojirou_(fate),アサシン(Fate/staynight)
life_fiber,"生命戦維,戦維喪失"
froakie,ケロマツ
fu_hua_(shadow_knight),
ohishi_izumi,大石泉
crystal_hair_ornament,
castlevania:_portrait_of_ruin,"悪魔城ドラキュラギャラリーオブラビリンス,ギャラリーオブラビリンス,ギャラリーオブラブホテル,CastlevaniaPortraitofRuin,PortraitofRuin"
ainz_ooal_gown,"アインズ・ウール・ゴウン,アインズ様,モモンガ(オーバーロード)"
pixiv_fate/grand_order_contest_2,FGOイラコン2
casca_(berserk),キャスカ
wehrmacht,"ドイツ国防軍,国防軍"
meltryllis_(third_ascension)_(fate),
cross-laced_sandals,
vanity_table,"化粧台,化粧テーブル,梳妆台,化妆台"
ichinose_minori,一之瀬みのり
destroyer_(girls'_frontline),"破坏者(少女前线),破壞者(少女前線),破坏者,破壞者,デストロイヤー(ドールズフロントライン)"
douki-kun_(douki-chan),同期くん
devil_may_cry_4,デビルメイクライ4
bluesky_username,
myon_(phrase),みょん
amada_ken,天田乾
cinderella,"シンデレラ,シンデレラ(ディズニー)"
kunihiro_hajime,国広一
bruno_bucciarati,"ブローノ・ブチャラティ,ブチャラティ,布特里"
i-400_(kancolle),"伊400(艦隊これくしょん),伊400,伊400(艦これ)"
nara_shikamaru,奈良シカマル
minato_aqua_(hololive_summer_2019),"湊あくあ(ホロライブ・サマー2019),湊あくあ(ホロサマ2019)"
ezreal,伊澤瑞爾
nakabeni_yua,中紅ユア
saunders_(emblem),
flashbang,"閃光弾,スタングレネード"
heisei_retro,"平成レトロ,女児服,平成女児,heiseiretro,cutecore"
hatsume_mei,発目明
aqua_cape,
katy_(pokemon),"カエデ(トレーナー),カエデ(ポケモン),カエデ"
tickling_legs,
monado,"モナド,摩纳多,莫纳德"
kirby_and_the_forgotten_land,"星のカービィディスカバリー,KirbyandtheForgottenLand,KirbyForgottenLand"
captain_nemo_(first_ascension)_(fate),
cure_twinkle,キュアトゥインクル
shiba_miyuki,司波深雪
yang_guifei_(first_ascension)_(fate),
fake_beard,
akebi_komichi,明日小路
otonari_no_tenshi-sama_ni_itsu_no_mani_ka_dame_ningen_ni_sarete_ita_ken,"お隣の天使様にいつの間にか駄目人間にされていた件,お隣の天使様"
girl_holding_a_cat_(kancolle),"初代,妖怪猫吊るし,エラー娘"
delia_ketchum,"ハナコ(ポケットモンスター),サトシママ,ハナコ(アニポケ)"
pretzel,"🥨,プレッツェル,ブレーツェル,Brezel"
planetary_ring,
imminent_suicide,
arjuna_alter_(fate),"異聞帯のバーサーカー,アルジュナ・オルタ,god_arjuna_(fate)"
penetration_through_clothes,
unicorn_(long-awaited_date)_(azur_lane),"憧れの遊園地,憧憬的约会日"
veiny_thighs,
duskull,ヨマワル
kokomine_cocona,"ココナ,パピココ,ヤヤココ"
hippopotamus_ears,
kuonji_ukyou,久遠寺右京
petrification,"石化,固め,チョコ化,黄金化"
flying_whale,空の鯨
shibahama_high_school_uniform,
aoshidan_school_uniform,"青師団,青師団高校"
v_sisters,"ヴ三姉妹,ヴ姉妹,ヴヴヴ姉妹"
team_galactic,ギンガ団
great_ball,スーパーボール
kaela_kovalskia_(1st_costume),
bloody_wolf_(elden_ring),
character-themed_food,
shiromiya_asuka_(kuromiya),白宮明日華
hero_(dq3),"勇者(DQ3),勇者ロト,男勇者(DQ3)"
jaw_drop,
aqua_hoodie,
tenkubashi_tomoka,天空橋朋花
mirae_(closers),"미래,未来"
single_arm_guard,
rabbit_earrings,
vocaloid_boxart_pose,"hatsunemikuredraw,HatsuneMikuDraw,KagamineRinLenDraw,MegurineLukaDraw"
through_window,
valkyrie_(apex_legends),"ヴァルキリー,ヴァルキリー(APEX),今原カイリ,Valkyrie,ヴァルロバ,瓦尔基里"
yaia_(granblue_fantasy),"ヤイア,※6歳です"
solo_leveling,"나혼자만레벨업,나_혼자만_레벨업,SoloLeveling,俺だけレベルアップな件,我独自升级,我獨自升級,OnlyILevelUp"
element_bending,
mei_mei_(jujutsu_kaisen),冥冥
floating_breasts,浮乳
freyja_wion,"フレイア・ヴィオン,フレイア"
victory_pose,
kininatteru_hito_ga_otoko_ja_nakatta,"気になってる人が男じゃなかった,The_Guy_She_Was_Interested_In_Wasn't_a_Guy_at_All,tgswiiwagaa,我在意的人不是异性,kinioto"
dishes,
plaid_sailor_collar,
baltimore_(after-school_ace)_(azur_lane),"エースの放課後,放学后的ACE"
vera_(pgr),"战双薇拉,瑰丽,緋耀,薇拉瑰丽,薇拉緋耀,ヴィラ"
enlightened_byleth_(male),
white_car,
crotch_kick,金蹴り
two-tone_nails,
brave_girl_ravens,"ブレイヴガールレイヴンズ,ブレイヴガール・レイヴンズ,ブレイヴガール"
anna_(ikeuchi_tanuma),
yukihana_lamy_(casual),"雪花ラミィ(私服衣装),雪花ラミィ(私服)"
famicom,"ファミリーコンピュータ,ファミコン"
blue_reflection_(series),"ブルーリフレクション,BLUE_REFLECTION,BLUEREFLECTION,ブルリフ"
green_innertube,
kurikoma_komaru,栗駒こまる
blueprint_(object),設計図
dandelion_seed,
loading_screen,ロード画面
horizontal_bar,鉄棒
kemurikusa,"ケムリクサ,케무리쿠사,烟草,ケムリクサファンアート,ケムリクサFA,ケムリクサ1周年,ケムリクサ2周年,ケムリクサ3周年,ケムリクサ4周年,ケムリクサ5周年,ケムリクサ6周年"
l_(death_note),"L,death_note_l,l_death_note,ryuzaki"
ende_(chihuri),
grey_hakama,
hachijou_(kancolle),"八丈(艦隊これくしょん),八丈(艦これ),八丈"
mosin-nagant_(girls'_frontline),"莫辛纳甘,モシン・ナガン(ドールズフロントライン),モシン・ナガン(少女前線),モシン・ナガン"
t-pose,"T-ポーズ,Tポーズ"
dendra_(pokemon),"キハダ,キハダ(トレーナー),キハダ(ポケモン),キハダ先生"
balding,
donquixote_doflamingo,"ドフラミンゴ,ドンキホーテ・ドフラミンゴ"
mieruko-chan,見える子ちゃん
animal-themed_food,
telstar,
yamcha_pose_(meme),"ヤムチャしやがって・・・,ヤムチャしやがって,ヤムチャしやがって...,ヤ無茶しやがって・・・"
red_overalls,
taki_(soulcalibur),"タキ,多喜"
howl_(howl_no_ugoku_shiro),ハウル
undone_bowtie,
chinese_bellflower,"キキョウ,桔梗"
wis'adel_(arknights),"ウィシャデル,Wiš'adel,维什戴尔"
girly_boy,オネエ
snk_heroines:_tag_team_frenzy,SNKヒロインズ
sitting_on_pillow,
comic_anthurium,"コミックアンスリウム,comicアンスリウム"
naked_belt,
flail,フレイル
ushio_kai_ni_(kancolle),潮改二
something_(omori),SOMETHING(OMORI)
supergirl,"supergirl,スーパーガール"
ushiromiya_natsuhi,右代宮夏妃
sonic_frontiers,"ソニックフロンティア,sonicfrontiers"
ceiling_fan,"シーリングファン,天井扇"
feiqizi_(fkey),菲奇子
kusakabe_misao,日下部みさお
wrestler,プロレスラー
doronjo,"ドロンジョ,ドロンジョ様"
wet_legwear,
emet-selch,"エメトセルク,爱梅特赛尔克"
pheromosa,フェローチェ
display_case,
injection,注射
hare_(camp)_(blue_archive),小鈎ハレ(キャンプ)
panties_in_mouth,
knotting,
kira_yamato,キラ・ヤマト
nopon,ノポン
glowing_halo,
misaki_akeno,"岬明乃,ミケちゃん(はいふり),ミケ"
jinbe_(one_piece),"ジンベエ,海侠のジンベエ"
aerial_battle,
ribeyrolles_(girls'_frontline),"利贝罗勒,Ribeyrolles,ribeyrolles1918,リベロール(ドールズフロントライン),リベロール(少女前線),リベロール"
alice_liddell_(american_mcgee's_alice),
applin,カジッチュ
dead_animal,
mustard,"マスタード,芥末"
stairwell,"楼梯间,階段の吹き抜け,吹き抜け"
vertical-striped_bodysuit,
layered_legwear,
ushiromiya_rosa,"右代宮楼座,右代宫楼座"
ling_xiaoyu,"凌曉雨,凌暁雨,リン・シャオユウ,シャオユウ"
gym_challenge_uniform,
pink_buruma,ピンクブルマ
shizuku_murasaki,"シズク,シズク=ムラサキ,シズク(HUNTER×HUNTER)"
mysta_rias,"MystArt,MystariASS,MystaWorldWide,MystaRias,ミスタ・リアス,MysMi,shusta"
fuurinkan_high_school_uniform,風林館高校制服
kitkallos_(yu-gi-oh!),
shoshinsha_mark,"🔰,初心者マーク,若葉マーク,初心運転者標識"
jingburger,징버거
takeya_yuki,"丈槍由紀,丈枪由纪"
kouhai-chan_(douki-chan),後輩ちゃん(がんばれ同期ちゃん)
brown_scrunchie,
awkward,尴尬
galge.com,
panty_tug,
choso_(jujutsu_kaisen),脹相
tenshinranman,天神乱漫
decantering,
kazuno_sarah,鹿角聖良
tangled,塔の上のラプンツェル
wakasa_yuuri,若狭悠里
sig_516,SIG516
hanazono_yurine,花園ゆりね
lily_(vocaloid),"Lily,LILY"
meteor_(arknights),"流星,メティオ,メテオ(アークナイツ),メテオ"
yuisis_(granblue_fantasy),ユイシス
doritos,"ドリトス,도리토스,多力多滋"
hair_wings,
tmp_(girls'_frontline),"TMP,TMP(ドールズフロントライン),TMP(少女前線)"
reflective_surface,
munakata_atsumi,棟方愛海
annytf,"anyuu,anny-tta,annytfart"
money_gesture,
nui_sociere_(1st_costume),ニュイ・ソシエール(通常)
jax_(the_amazing_digital_circus),"jax,ジャックス"
ribbon_(kirby),"リボン64,リボン,ribbon"
mixed-sex_combat,ミックスファイト
fanbox_logo,
game_cartridge,
sacred_heart,セイクリッド・ハート
joestar_birthmark,ジョースター母斑
azumarill,マリルリ
logos_(arknights),"Logos,logos,逻各斯,ロゴス"
kristen_(arknights),"克里斯腾,克丽斯腾,クリステン(アークナイツ)"
groudon,グラードン
hisaishi_kanade,久石奏
yokoyama_chika,横山千佳
sports_panties,
drainpipe,"雨どい,雨とい,雨樋"
fundoshi_aside,
torn_ribbon,
nightmare,悪夢
journey_to_the_west,"西遊記,西游记"
yoake_mae_yori_ruri_iro_na,夜明け前より瑠璃色な
cutiefly,アブリー
paladin_(final_fantasy),ナイト
vertical-striped_necktie,
gepard_landau,"杰帕德,ジェパード,게파드,Gepard"
soulcalibur_vi,"ソウルキャリバー6,ソウルキャリバーVI"
print_cape,
inteleon,インテレオン
metagross,メタグロス
whale_print,
friday_night_funkin',"フライデーナイトファンキン,프라이데이나이트펌킨,프나펌,周五夜放克,週五夜放克,放克周五之夜,Friday_Night_Funkin,FridayNightFunkin,Friday_Night_Funkin',FridayNightFunkin',fridaynightfunkinfanart,fridaynightfunkinfan,fnf"
ump45_(mod3)_(girls'_frontline),
tamatsukuri_misumaru,"玉造魅須丸,玉造魅须丸,타마츠쿠리미스마루"
umapyoi_densetsu,"うまぴょい伝説,あたしだけにチュゥする,コメくいてー顔"
kaiji,"カイジ,カイジ(シリーズ),賭博黙示録カイジ,賭博破戒録カイジ,賭博堕天録カイジ,逆境無頼カイジ,fkmt,福本作品女性向け"
constantine_xi_(fate),"コンスタンティノス(Fate),マイケル(Fate),コンスタンティノス11世"
animal_around_neck,
middle_w,
panties_under_bike_shorts,はみパン
yuzuriha_(under_night_in-birth),"ユズリハ,ユズリハ(UNI)"
kakyuusei_2,
unlimited_blade_works_(fate),"無限の剣製,UBW"
daybit_sem_void,デイビット・ゼム・ヴォイド
anzio_(emblem),
belly_rub,お腹ナデナデ
oden,"🍢,御田,おでん,关东煮"
jason_voorhees,"ジェイソン・ボーヒーズ,ジェイソン"
buruma_around_one_leg,
tequila_(arknights),"龙舌兰,テキーラ(アークナイツ)"
frieren_blowing_a_kiss,フリーレンkiss
tomari_mari,"兎鞠まり,まりあーと"
st._michael's_school_uniform,
gashapon,"ガシャポン,ガチャポン,カプセルトイ"
palkia,パルキア
sakura_hibiki,紗倉ひびき
master_spark,"マスタースパーク,恋符「マスタースパーク」,マスパ"
ebenholz_(arknights),"黑键,エーベンホルツ(アークナイツ)"
nesoberi,"寝そべり,寝そべりぬいぐるみ,ハイパージャンボ寝そべりぬいぐるみ,メガジャンボ寝そべりぬいぐるみ"
yan_vismok,"ヤン・ヴィスモク,얀_비스모크,ヤン"
teana_lanster,ティアナ・ランスター
luviagelita_edelfelt,ルヴィアゼリッタ・エーデルフェルト
milo_(pokemon),"ヤロー(トレーナー),ヤロー,亞洛,ヤロルリ"
hair_tattoo,
earmuffs_around_neck,
taisa_(cookie),"TIS姉貴,いとうあさこ,ALCTIS"
wrestle_angels_survivor,レッスルエンジェルスサバイバー
pixiv_fantasia_new_world,"pixivファンタジアNW,ピクファンNW,PFNW"
tamamo_no_mae_(third_ascension)_(fate),
persona_5:_dancing_star_night,"ペルソナ5ダンシング・スターナイト,P5D"
living_doll_uniform,
alter_servant,Fate黒化
rhongomyniad_(fate),"ロンゴミニアド,ロンゴミアント,ロンの槍"
prushka,"プルシュカ,普鲁修卡"
hero_(dq11),主人公(DQ11)
dragon_quest_dai_no_daibouken,ダイの大冒険
chamber_dragonmaid,ドラゴンメイド・チェイム
hero_(dq5),主人公(DQ5)
release_date,発売日
rainbow_eyes,
breathing_on_hands,
emperor_penguin,コウテイペンギン
torso,トルソー
video_call,
sun_wukong,"孫悟空,悟空,孙悟空"
bertolt_hoover,ベルトルト・フーバー
zooming_in,
neptune_(azur_lane),"ネプチューン(アズールレーン),ネプチューン,海王星"
oiled,
kukulkan_(fate),ククルカン(Fate)
cygames,
legend_of_the_cryptids,loc
ryouna_(senran_kagura),"両奈(閃乱カグラ),両奈"
mishou_mai,美翔舞
arm_wrestling,"腕相撲,アームレスリング,掰手腕"
nightmare_(nanashi_mumei),
character_cutout,
ebi-chan_(gawr_gura),"Shrimp,,Chumbuds"
wakan_tanka,"ワカン・タンカ,ワカンタンカ"
claire_redfield,クレア・レッドフィールド
nymph_(sora_no_otoshimono),ニンフ
lecia_(granblue_fantasy),"リーシャ,リーシャ(グラブル)"
sekaiju_no_meikyuu_2,世界樹の迷宮2
uchiha_itachi,うちはイタチ
aki_rosenthal_(1st_costume),アキ・ローゼンタール(通常)
foul_detective_satori,"東方智霊奇伝,反則探偵さとり"
smelly_armpits,
komari_chika,小鞠知花
kneepit_sex,膝裏コキ
star_cutout,
asymmetrical_bodysuit,
pal_(creature),pal
hoshino_(armed)_(blue_archive),小鳥遊ホシノ(臨戦)
pokemon_mystery_dungeon,"ポケモン不思議のダンジョン,ポケダン"
miles_morales,"マイルス・モラレス,マイルズ・モラレス,MilesMorales"
scimitar,"シミター,シャムシール"
vice-versa_(skullgirls),
mary_read_(fate),"メアリー・リード(Fate),メアリー・リード,アン・ボニー&メアリー・リード(Fate)"
tentacle_clothes,"触手服,触手スーツ,触手鎧"
charlotte_aulin,シャーロット・オーリン
kubiwa_(kutan),首輪ちゃん
pinkie_pie,"ピンキーパイ,pinkiepie,碧琪,萍琪派,杯糕组,pinkiedash"
outer_glow,
araki_hina,荒木比奈
heart_stickers,
holox,"holoX,ホロライブ6期生"
bell_sleeves,"ベルスリーブ,喇叭袖"
impossible_hair,
hataraku_saibou_black,はたらく細胞BLACK
jack-o'-lantern_print,
fish_tattoo,
mario_&_luigi_rpg,"マリオ&ルイージRPGシリーズ,MarioLuigiRPG"
saturday_night_fever,"サタデーナイトフィーバー,サタデー・ナイト・フィーバー"
jackal_tail,
frilled_bonnet,
tom_clancy's_the_division,"ディビジョン,Division,thedivision,THE_DIVISION"
chestnut,"🌰,栗"
rope_marks,
chen_hai_(azur_lane),"鎮海(アズールレーン),鎮海,ChenHai"
asada_shino,朝田詩乃
nargacuga_(armor),ナルガ装備
absinthe_(arknights),"苦艾,アブサント(アークナイツ)"
purple_shoes,
purple_shawl,
bloody_marie_(skullgirls),"ブラッディー・マリー,マリー,BloodyMarie,Bloody_Marie"
hotarumaru,"蛍丸,萤丸"
knee_to_chest,
surtr's_golem_(arknights),
agnes_claudel,アニエス・クローデル
unicorn_gundam,ユニコーンガンダム
scathach_skadi_(swimsuit_ruler)_(fate),スカサハ=スカディ(水着)
cassandra_alexandra,カサンドラ・アレクサンドル
minakami_sayo,水神小夜
carhop,カーホップ
rear-view_mirror,バックミラー
houkago_teibou_nisshi,放課後ていぼう日誌
ronald_mcdonald,"ドナルド・マクドナルド,ドナルドマクドナルド"
silence_glaive,
knight_(hollow_knight),騎士
knifed,
akishimo_(kancolle),"秋霜,秋霜(艦隊これくしょん),秋霜(艦これ)"
blush_visible_through_hair,
momoe_nagisa_(magical_girl),
eyebrows_visible_through_hat,
human_chair,
yellow_tongue,
spreading_own_anus,
air_jordan_1,エアジョーダン1
white_album_2,"WHITEALBUM2,ホワイトアルバム2"
sit-up,"腹筋運動,上体起こし"
last_period,"ラストピリオド,ラストピリオド-終わりなき螺旋の物語-,ラスピリ"
old_man_(guin_guin),
holding_gourd,
holding_hand_grip,
ryouko_(tenchi_muyou!),魎呼
mairimashita!_iruma-kun,"魔入りました入間くん,魔入りました!入間くん,魔入間,入间同学入魔了"
red_toad_(mario),
up_sleeve,
nitocris_alter_(fate),"ニトクリスオルタ,ニトクリス・オルタ"
sun-shaped_pupils,
bamboo_screen,
shiina_mahiru_(otonari_no_tenshi-sama),椎名真昼
hanging_lantern,
nier_(brother),兄ーア
arcaea,"Arcaea,アーケア,韵律源点,arcaea_art"
arcade_stick,"アーケードコントローラー,アケコン"
folding_stock,
loba_(apex_legends),"Loba,ローバ,ローバ(APEX),ヴァルロバ"
hands_on_another's_arms,
cum_in_navel,
aqua_belt,
ryoubi_(senran_kagura),両備
pages,
latte_art,ラテアート
purple_sweater_vest,
megaman.exe,ロックマンエグゼ
rumi_(girls_und_panzer),"ルミ(GuP),大学選抜チーム,バミューダ三姉妹"
kokkoro_(summer)_(princess_connect!),
oosuki_mamako,大好真々子
pangu_terminal_(wuthering_waves),
panette_(fire_emblem),"パネトネ,パネトネ(ファイアーエムブレム)"
chain_chomp,ワンワン
triforce_print,
cloud_retainer_(genshin_impact),"留雲借風真君,留云借风真君,cloudretainer"
dog_costume,
lofter_username,
lipstick_mark_on_testicles,
armless_amputee,腕なし
highleg_dress,
pink_shawl,
long_nipples,長乳首
big_hero_6,"ビッグヒーロー6,BigHero6,BH6,ベイマックス"
charlemagne_(fate),シャルルマーニュ(Fate)
camouflage_shorts,
plank,
marciana_(nikke),"マルチャーナ(勝利の女神:NIKKE),マルチャーナ"
dori_(genshin_impact),"ドリ,Dori,多莉,ドリー(原神),ドリ(原神)"
poinsettia,ポインセチア
tickling_stomach,
anubis_(mythology),"アヌビス,Anubis,阿努比斯"
goodra,ヌメルゴン
on_toilet,
love_live!_the_school_idol_movie,ラブライブ!The_School_Idol_Movie
iwato_kasumi,石戸霞
mob_face,"モブ顔,体がエロいモブ顔女子,モブ顔スケ"
sidonia_no_kishi,"シドニアの騎士,銀河騎士傳,希德尼娅的骑士"
knee_strap,
black_mittens,
star_bracelet,
aerith_gainsborough_(red_dress),
pitching,"投手,投球ポーズ"
himawari-san,ひまわりさん
calamity_queller_(genshin_impact),息灾
guile,"ガイル,ガイル(ストリートファイター)"
gris_swimsuit,GrisSwimsuit
takayama_haruka,高山春香
gemini_(constellation),"ふたご座,双子座,雙子座,쌍둥이자리"
spoken_star,
clover_(flower),"シロツメクサ,白詰草"
yoshida_masaki,"吉田茉咲,吉田,吉もこ,黒木智子となかまたち,よしまこ"
removing_legwear,
raizen_high_school_uniform,
henya_the_genius,"へにゃ・ざ・じーにあす,henyathegenius,henyart,henya,IQ999,HEN隊,HenyaSquad"
mismatched_thighhighs,
nodoka_(blue_archive),"天見ノドカ,노도카"
koala,"🐨,コアラ,袋熊"
stack,
tsunderia,
usami_ichika,宇佐美いちか
saikai_academy_school_uniform,
plaid_capelet,
exposed_brain,
frutiger_aero,"frutigeraero,フルティガーエアロ,frutiger"
disintegration,
natsuki_rin,夏木りん
hair_half_undone,
rabbit_mask,
paint_stains,
breast_curtain_lift,
fighting_miku_(project_voltage),かくとうミク
amiya_(guard)_(arknights),
agumon,アグモン
super_sass_(girls'_frontline),"SuperSASS,SuperSASS(ドールズフロントライン),SuperSASS(少女前線)"
judy_hopps,"ジュディ・ホップス,ジュディ"
zoids_genesis,"ゾイドジェネシス,機獸創世紀"
welding_mask,"溶接面,溶接マスク"
pussy_jewelry,
handle,"キャリングハンドル,運搬用ハンドル"
crash_bandicoot_(series),"CrashBandicoot,クラッシュバンディクー,クラッシュ・バンディクー"
io_(granblue_fantasy),"イオ,イオ・ユークレース"
onegai_teacher,おねがい☆ティーチャー
laces,
crotchless_swimsuit,
suou_(blue_archive),"朝霧スオウ,suou,スオウ"
gavial_the_invincible_(arknights),"百炼嘉维尔,百錬ガヴィル"
flowey_(undertale),
nipples_pressed_together,
sashimi,刺身
kemomimi_refle!,"けもみみりふれっ!,けもみみりふれっ"
jessica_the_liberated_(arknights),"涤火杰西卡,滌火ジェシカ"
fediel_(granblue_fantasy),"フェディエル,グラフェディ,fediel"
giratina_(origin),
suirin_(tukikagerou),"翠燐,Sui-Lin"
pebble,
white_len_(tsukihime),白レン
finger_gun_to_head,
vivi_ornitier,"ビビ・オルニティア,ビビ,オルニティア"
anabel_(pokemon),"リラ(トレーナー),ハンリラ,リラハン"
claw_hammer,
gundou_mirei,"郡道美玲,3年0組黒板新聞"
enderman,"エンダーマン,endermen,末影人"
sanshuu_middle_school_uniform,
kawakaze_(azur_lane),"江風(アズールレーン),江風,茳"
decidueye,ジュナイパー
edward_teach_(fate),"エドワード・ティーチ(Fate),エドワード・ティーチ"
sakimiya_iruka,咲宮入華
maid_cafe,
prehensile_tongue,
print_sash,
fusou_(azur_lane),"扶桑(アズールレーン),扶桑,魟"
shanks_(one_piece),シャンクス
haku_(p&d),"ハク,退魔爪の白虎・ハク,白虎の化身・ハク,転生ハク"
kuso_miso_technique,"くそみそテクニック,御三ゲイ,やらないか,新・やらないか,新やらないか,ShinYaranaika"
glowing_markings,
hie_(hiememiko),日枝
ookami-san,"オオカミさんと七人の仲間たち,オオカミさん"
frozen_frog,
pina_korata,ぴにゃこら太
salmon,"サーモン,鮭,さけ,しゃけ"
aqua_socks,
teenage_mutant_ninja_turtles,"TMNT,tmnt,ティーンエイジ・ミュータント・ニンジャ・タートルズ"
diabellze_the_original_sinkeeper,"原罪のディアベルゼ,Diabellze_of_the_Original_Sin"
brain_freeze,アイスクリーム頭痛
kunashiri_(kancolle),"国後,国後(艦隊これ),国後(艦隊これくしょん),国後(艦これ)"
merry_nightmare,メリー・ナイトメア
tsukimi_dango,月見団子
fin_e_ld_si_laffinty,フィン・エ・ルド・スイ・ラフィンティ
wave_print,
kaidou_minami,海藤みなみ
height_mark,
sirfetch'd,"ネギガナイト,sirfetchd"
itai_no_wa_iya_nano_de_bougyoryoku_ni_kyokufuri_shitai_to_omoimasu,"痛いのは嫌なので防御力に極振りしたいと思います。,防振り"
funada_kiito,船田純
christmas_tree_hair_ornament,
transformer,
mole_on_leg,
girls_und_panzer_ribbon_no_musha,リボンの武者
mounting,
seraphine_(league_of_legends),"세라핀,seraphine"
aty_(summon_night),アティ
orange_capelet,
hula_hoop,
inflatable_armbands,"腕浮き輪,アームリング"
love_triangle,三角恋
steel_beam,
deoxys,デオキシス
ceres_fauna_(jirai_kei),"FaunasFashion,セレス・ファウナ(私服衣装),セレス・ファウナ(私服)"
blood_on_body,
silver_hairband,
tail_pull,
hulkenberg_(metaphor:_refantazio),
tana_(fire_emblem),ターナ
komatsuzaki_rui_(style),"ダンガンロンパ風,妄想おしおき,オシオキ集,それは違うよ!"
late_for_school,"ちこくちこく,食パンダッシュ"
tokyo_exe_girls,"TOKYOEXEGIRLS,TEG"
camellia_print,
brooke_(mleth),
guilty_gear_x,ギルティギアゼクス
fan_screaming_at_madison_beer_(meme),
bondage_mittens,拘束ミトン
swaying,
atarashi_ako,"新子憧,あたらしあこ"
brigitte_(overwatch),"Brigitte,Brigitte_Lindholm"
blindfold_lift,
meltrandi,
taihou_(seaside_daydreams)_(azur_lane),白浜のデイドリーム
other_with_male,
kaiboukan_no._4_(kancolle),"よつ,第四号海防艦(艦隊これくしょん),第四号海防艦(艦これ),第四号海防艦,四号海防艦"
scirocco_(kancolle),"Scirocco,Scirocco(艦これ),Scirocco(艦隊これくしょん),シロッコ(艦これ),シロッコ(艦隊これくしょん),シロッコ"
fabulous,
ankimo_(tokino_sora),あん肝
armored_legwear,
sea_slug_ears,
gold_osmanthus,"金木犀,キンモクセイ"
lei_fang,"麗鳳,レイファン"
mac-10/11,"MAC10,MAC11,イングラムM11,MAC-10,MAC-11"
tawawa_challenge,たわわチャレンジ
after_footjob,
electro_symbol_(genshin_impact),
helm_(aqua_marine)_(nikke),ヘルム:アクアマリン
michinoku_komaro,"むちまろちゃん,陸奥こまろ"
chidori_kaname,千鳥かなめ
vlad_iii_(fate/apocrypha),"ヴラド三世(Fate),黒のランサー"
sae_(hidamari_sketch),沙英
bonfire,焚き火
puniru_wa_kawaii_slime,"ぷにるはかわいいスライム,ぷにる,ぷにかわ"
nekonyaa_(girls_und_panzer),"ねこにゃー,猫田舞,アリクイさんチーム"
luna_platz_(mega_man),白金ルナ
leaf_earrings,
naga_the_serpent,"白蛇のナーガ,ナーガ"
cinnabar_(houseki_no_kuni),シンシャ
harmony's_clownfish_(splatoon),
black_surge_night,"黑潮:深海覺醒,黑潮深海覺醒,深海戰線,深海戦線,アビスフロント,AbyssFront,KuroshioAwakening,ブラック・サージナイト,ブラサジ,BlackSurgeNight,DarkBoom"
etie_(fire_emblem),"エーティエ,エーティエ(ファイアーエムブレム)"
matching_hairstyle,发型配对
gazebo,"ガゼボ,あずまや"
yuusha_ou_gaogaigar,勇者王ガオガイガー
browning_m2,ブローニングM2重機関銃
orie_ballardiae_harada,"オリエ・バラーディア,原田織依"
batsubyou,"抜猫,エラー猫"
a-pose,"A-ポーズ,Aポーズ"
mashiro_meme,"ましろ,まっしろキャンバス,ましろ(にじさんじ),ましろ爻"
power_girl,"パワーガール,パワーロリ"
jet_airliner,旅客機
flamingo,"🦩,フラミンゴ"
may_(gundam_build_divers_re:rise),"メイ(GBD),メイ"
stalking,ストーキング
simulated_paizuri,
kirisawa_juuzou_(character),桐沢十三
floatplane,
satellite,"🛰,人工衛星,じんこうえいせい,衛星,えいせい,サテライト"
chimame-tai,チマメ隊
bianca_(pgr),"比安卡,零度,真理,深痕,ビアンカ(パニグレ)"
fanning,"扇ぐ,あおぐ,手うちわ,下敷きうちわ"
emmet_(pokemon),"クダリ,サブマス,サブウェイマスター,サ腐マス,ノボクダ,下上"
ayla_(chrono_trigger),"エイラ(クロノトリガー),エイラ"
ichimegasa,市女笠
mutsu_kai_ni_(kancolle),陸奥改二
scientist,
dungeon_travelers_2,ダンジョントラベラーズ2
helena_blavatsky_(swimsuit_archer)_(fate),エレナ・ブラヴァツキー(水着)
player_character_(mabinogi),
sakura_miko_(street),さくらみこ(生誕祭2024)
tail_insertion,
sky_striker_ace_-_roze,閃刀姫-ロゼ
shoto_(vtuber),"ArtoftheRogue,ShonlyFans"
poniko,ポニ子
tramp_stamp,
mirai_(senran_kagura),"未来,未来(閃乱カグラ)"
gear_hair_ornament,
l85,"L85,L85A1,L85A2,SA80"
ningguang_(orchid's_evening_gown)_(genshin_impact),纱中幽兰
paldean_wooper,パルデアウパー
monster_hunter_portable_3rd,モンスターハンターポータブル3rd
alipheese_fateburn_xvi,"アリスフィーズ・フェイタルベルン,アリスフィーズ,アリスフィーズ16世,Alipheese,Alisfieze,Alice"
weight,
zooey_(summer)_(granblue_fantasy),
digital_camouflage,"デジタル迷彩,EMR"
heart_hair_bun,
too_bad!_it_was_just_me!_(meme),"残念さやかちゃん,このDIOだ"
homulilly,"くるみ割りの魔女,此岸の魔女,ホムリリー,Homulilly(魔法少女まどか☆マギカ)"
dildo_gag,ペニスギャグ
imminent_death,
heel-less_heels,
height_conscious,
suzuki_(girls_und_panzer),"スズキ,スズキ(GuP),鈴木真莉阿,レオポンさんチーム,自動車部"
white_sweater_vest,
sandogasa,三度笠
alphinaud_leveilleur,"アルフィノ,アルフィノ・ルヴェユール"
nekomusume_(gegege_no_kitarou_5),5期猫娘
iris_(mega_man),"アイリス(ロックマン),アイリス"
figure_skating_dress,
one_piece_card_game,ONEPIECEカードゲーム
excessive_nosebleed,出血大サービス
torn_leggings,
holding_spork,
pyukumuku,ナマコブシ
trellis,
neutral_chao,
in_trash_can,
cassock,"キャソック,司祭平服,スータン"
sakuna-hime,サクナヒメ
inuyama_tamaki,"犬山たまき,たまきあーと"
black_lady_(sailor_moon),ブラックレディ
blue_hawaii,ブルーハワイ
filo_(tate_no_yuusha_no_nariagari),"フィーロ,フィーロ(盾の勇者の成り上がり)"
milla_maxwell,ミラ=マクスウェル
millhiore_f._biscotti,"ミルヒオーレ・F・ビスコッティ,ミルヒオーレ・ビスコッティ"
fu_hua_(night_squire),"白夜执事,白执事"
iona_(aoki_hagane_no_arpeggio),"イオナ,イ401,イ401(蒼き鋼のアルペジオ)"
tsab_executive_military_uniform,
spike_piercing,
stifled_laugh,
honzuki_no_gekokujou,本好きの下剋上
sock_dangle,
kjera_(arknights),"耶拉,イェラ(アークナイツ)"
rabbit_panties,
anemone_(eureka_seven),アネモネ
yuzu_(fruit),"柚子,柚子湯,ゆず湯,ゆず,ユズ"
bort,ボルツ
book_on_head,
shamal,シャマル
nachoneko,"なちょ,なちょ猫,nachoneko,Nyaacho,甘城なつき"
kamen_rider_555,仮面ライダー555
pink_nightgown,
animal_in_clothes,
iwado_anna,磐堂アンナ
applying_manicure,マニキュア
sayla_mass,セイラ・マス
bunk_bed,"二段ベッド,双层床,上下床"
destroyer,駆逐艦
xiao_wu_(douluo_dalu),"小舞(斗罗大陆),小舞(鬥羅大陸),xiaowu,小舞"
shirt_tan,
bald_girl,剃髪
fatigues,"battledress,戦闘服"
428:_fuusa_sareta_shibuya_de,428~封鎖された渋谷で~
munchlax,"ゴンベ,ゴンべ"
aogami_high_school_uniform,"美空時乃,白雪稲穂,夏乃華火,茨咲希,雪原冬花,杏鈴音,古河七星,銀鏡八重,深見獅那,尾森歩香,四宮桜,猫宮友架,戌飼茜,鵜飼薫,如月星夜,神代美玖,水田兎月,赤鐘まり,常盤香菜,雨乃奏,白鳥火樽,姫川美月,械塚幸"
iida_tenya,飯田天哉
t-34,T-34
koga_mitsuki,古賀美月
flora_(dq5),"フローラ,nera_briscoletti,flora_ludman,フローラ(DQ5)"
superb_bird-of-paradise_(kemono_friends),"カタカケフウチョウ(けものフレンズ),Gothic×Luck,ゴクラク"
hat_loss,
magnet_(vocaloid),magnet
serval_landau,"セーバル,서벌,希露瓦,セーバル・ランドゥー,セーバル(スターレイル)"
giraffe,"キリン科,キリン,ジラフ"
horikita_suzune,堀北鈴音
gaming_(genshin_impact),"嘉明,Gaming"
orange_visor,
loremaster_(helltaker),ロアマスター(Helltaker)
ember_(selen_tatsuki),エンバー(セレン・龍月)
wang_yujia,王雨嘉
kaminari_qpi,"神成きゅぴ,神成った"
maria_holic,まりあ†ほりっく
tsuchiya_(girls_und_panzer),"ツチヤ,ツチヤ(GuP),土屋夢屯,レオポンさんチーム,自動車部"
naked_lab_coat,
alternate_facial_hair,
thumbprint_cookie,
diane_(nanatsu_no_taizai),ディアンヌ
china,"中国,中國,中華人民共和国,中華人民共和國,中国共産党,中国本土,PRC,중국"
muzzle_device,砲口制退器
poke_kid_(pokemon),ポケモンごっこ
suou_mikoto_(school_rumble),周防美琴
kitarou,鬼太郎
checkered_haori,
unworn_armor,
eva_00,"零号機,エヴァ零号機,EVA零号機,エヴァンゲリオン零号機"
condenser_unit,室外機
conductor,"指揮者,指挥者,指挥家"
meditation,
hidaka_ai,日高愛
tasmanian_devil_ears,
alexander_(fate),"アレキサンダー,アレキサンダー(Fate)"
kurotsuchi_nemu,"涅ネム,眠七號"
yellow_shawl,
uzui_tengen,宇髄天元
long_island_(azur_lane),"长岛(碧蓝航线),ロングアイランド(アズールレーン),ロング・アイランド(アズールレーン),ロングアイランド,ロング・アイランド"
taihou_kai_(kancolle),
oran_berry,オレンのみ
saigusa_haruka,三枝葉留佳
cardigan_lift,
battoujutsu_stance,
looking_at_screen,
cum_on_food,
print_eyepatch,
tokoyami_towa_(school_uniform),常闇トワ(制服)
yui_(ceremonial)_(princess_connect!),
half-heart_hands,
hatching,
shirogane_kei,"Kei_shirogane,白銀圭"
heroine_(dq3),"勇者(DQ3),勇者ロト,女勇者(DQ3)"
aihara_mei,藍原芽衣
rainbow_print,
red_(among_us),
spicy,"辛い,辛味,激辛"
chespin,ハリマロン
dragonstone,
aegislash,ギルガルド
siegfried_(fate),"ジークフリード(Fate),黒のセイバー,すまないさん"
toque_blanche,トック・ブランシュ
triad_primus_(idolmaster),トライアドプリムス
spider-man_(miles_morales),
feh_(fire_emblem_heroes),ファ(封印の剣)
feixianji_(hairstyle),"飛仙髻,垂鬟分肖髻,垂鬟分髾髻"
sara_(granblue_fantasy),"サラ,サラ(グラブル)"
jelly_bean,ジェリービーンズ
credits,
weasel,"イタチ,オコジョ"
stenciled_rose,
russia_(hetalia),"イヴァン・ブラギンスキ,アーニャ・ブラギンスカヤ"
rotom_(normal),ロトム
ghost_hands,
gold_leotard,
holding_skateboard,
frog_costume,カエルスーツ
ursula_hartmann,"ウルスラ・ハルトマン,ハルトマン姉妹"
slav_squatting,"ヤンキー座り,うんこ座り,不良座り"
shirt_hold,
tuscaloosa_(kancolle),"タスカルーサ(艦隊これくしょん),タスカルーサ(艦これ),Tuscaloosa(艦隊これくしょん),Tuscaloosa(艦これ),タスカルーサ,Tuscaloosa"
project_diva_f,
vintage_microphone,
gaki_kyonyuu,ガキ巨乳
kerberos_blade,ケルベロスブレイド
natsuki_karin,"夏色花梨,花梨ギャラリー"
nyotaimori,女体盛り
bandana_around_arm,
salome_(one_piece),サロメ(ONEPIECE)
oda_nobunaga_(swimsuit_berserker)_(first_ascension)_(fate),
roaring,
dif_(difman),
kuon_(utawarerumono),"クオン,クオン(うたわれるもの),久遠"
cecilia_(shiro_seijo_to_kuro_bokushi),セシリア
sword_art_online:_unleashed_blading,"ソードアート・オンライン_アンリーシュ・ブレイディング,SAOUB,アリブレ,sword_art_online:_unleash_blading"
lion_dance,"舞獅,舞狮"
sherlock_holmes_(fate),シャーロック・ホームズ(Fate)
pony_(animal),
condom_thigh_strap,
marching_band,"マーチングバンド,行进乐队,仪乐队"
chicken_nuggets,"チキンナゲット,チキン・ナゲット,鸡块"
umika_(blue_archive),"里浜ウミカ,ウミカ"
dango_daikazoku,だんご大家族
bruce_wayne,"ブルース・ウェイン,Superbat"
test_score,"赤点,0点の答案"
fall_guys,"Fall_Guys:Ultimate_Knockout,FallGuys,フォールガイズ,FallGuysArt"
aihara_yuzu,藍原柚子
giraffe_print,
on_wall,
blue_leggings,
sonsaku_hakufu,孫策伯符
cs/ls06,"CF-05,CF05,CS/LS6"
canaan_(series),CANAAN
pompompurin,ポムポムプリン
kos-mos_ver._4,
under_skirt,スカート捕食
ephraim_(fire_emblem),エフラム
edward_wong_hau_pepelu_tivrusky_iv,"エドワード・ウォン・ハウ・ペペル・チブルスキー4世,エド"
washing_back,
uzi,"UZI,ウージー"
yagami_iori,八神庵
firefly,"ホタル,蛍,萤火虫"
stereo,ステレオ
emil_(nier),エミール
atago_(school_traumerei)_(azur_lane),"学園トロイメライ,学园幻想曲"
tentaclejob,触手コキ
noihara_himari,"野井原緋鞠,緋鞠"
unyu,うにゅ
julia_(idolmaster),ジュリア(アイマス)
magical_mirai_miku_(2016),"マジカルミライ2016,幕張ちゃん"
blue_arm_warmers,
kouzuki_mahiru,"光月まひる,ヨルカノ"
aiz_wallenstein,アイズ・ヴァレンシュタイン
chabudai_(table),"ちゃぶだい,ちゃぶ台,卓袱台"
ara_ara,あらあら
phantasmagoria_of_flower_view,"東方花映塚,花映塚"
a6m_zero,"零式艦上戦闘機,ゼロ戦,零戦"
korrina_(pokemon),コルニ
cardboard,"ボール紙,段ボール,ダンボール"
team_skull_grunt,スカルだんのしたっぱ
cross_tattoo,
shigure_(azur_lane),"時雨(アズールレーン),栴"
kemomimi_oukoku_kokuei_housou,"けもみみおーこく,けもみみおーこく国営放送,獣耳帝国国営放送,けもみみVRちゃんねる,バーチャルのじゃロリ狐娘Youtuberおじさん,バーチャルのじゃロリ狐娘元youtuberおじさん,バーチャルのじゃろり狐娘Youtuberおじさん"
reina_(tekken),麗奈
cure_dream,キュアドリーム
pp_tenshi_t-shirt,★PP天使★Tシャツ
mata_hari_(fate),"マタ・ハリ,マタ・ハリ(Fate)"
eunectes_(forgemaster)_(arknights),
bullet_(blazblue),バレット(ブレイブルー)
asriel_dreemurr,
leonardo_da_vinci_(rider)_(first_ascension)_(fate),
ornate,
jedi,ジェダイ
original_remodel_(kantai_collection),
rectangle,
take_it_home,お持ち帰り
naked_cardigan,裸カーディガン
otome_gee_sekai_wa_mob_ni_kibishii_sekai_desu,"乙女ゲー世界はモブに厳しい世界です,モブせか"
phoenix_print,
single_handcuff,
window_fog,
penny_polendina,"PennyPolendina,ペニー・ポレンディーナ"
agarest_senki_(series),アガレスト戦記
umikaze_kai_ni_(kancolle),海風改二
paizuri_over_clothes,
problem_solver_sensei_(blue_archive),便利屋先生
urine_meter,尿意ゲージ
under_umbrella,
panda_costume,
komori_kiri,小森霧
fur-trimmed_vest,
railroad_signal,"鉄道信号機,腕木式信号機"
yellow_petals,
tearlaments_kitkallos,ティアラメンツ・キトカロス
dark_miku_(project_voltage),あくミク
soapland,ソープランド
mist_(fire_emblem),ミスト
blood_elf_(warcraft),bloodelf
tactical_surface_fighter,"戦術機,戰術機,战术机,전술기"
elfheim,
against_door,
lord_of_vermilion,ロードオブヴァーミリオン
susie_(deltarune),"スージィ(DELTARUNE),スージィ"
kurusugawa_himeko,来栖川姫子
gokuhara_gonta,"獄原ゴン太,狱原昆太"
akari_(raigou),
cure_precious,キュアプレシャス
milly_ashford,"ミレイ・アッシュフォード,ミレイ"
celty_sturluson,"セルティ・ストゥルルソン,セルティ"
okita_j._souji_(third_ascension)_(fate),
iijima_yun,飯島ゆん
o-ring_strap,
holding_tanzaku,
kamen_rider_ryuki_(series),仮面ライダー龍騎
sovetskaya_rossiya_(azur_lane),"苏维埃俄罗斯,ソビエツカヤ・ロシア,ソビエツカヤ・ロシア(アズールレーン)"
guizhong_(genshin_impact),"归终,帰終,Guizhong"
matsuoka_miu,松岡美羽
nakiri_alice,薙切アリス
blue_haori,
kukuri_(mawaru),菊理
reinforce_zwei,リインフォースII
spilled_milk,
spiked_mace,モーニングスター
famas,"FAMAS,FA-MAS,ファマス"
feraligatr,オーダイル
numbered_panels,
bakuzan,縛斬
make-up_work_club_(blue_archive),"補習授業部,The_Supplementary_Lessons_Department"
bradamante_(third_ascension)_(fate),
belly_dancing,"ベリーダンス,벨리댄스,肚皮舞"
reflect_(gawr_gura),
mad_hatter_(alice_in_wonderland),"帽子屋,マッドハッター"
dokibird_(vtuber)_(bounty_hunter),
the_iron_of_yin_and_yang,"陰陽鉄,東方陰陽鉄~ブロントさんが幻想郷入り~"
grandmother_and_grandson,
salamence,ボーマンダ
lee_(arknights),"老鲤,リー(アークナイツ)"
togami_byakuya,十神白夜
satou_lilly,砂藤リリー
sekaiju_no_meikyuu_4,世界樹の迷宮4
idolmaster_shiny_colors_song_for_prism,"アイドルマスターシャイニーカラーズSong_for_Prism,シャニソン"
krile_mayer_baldesion_(ff5),クルル・マイア・バルデシオン
kamizaki_risa,上崎裡沙
biting_cheek,
digimon_frontier,デジモンフロンティア
souchou,
frilled_coat,
kishibe_rohan,岸辺露伴
large_ribbon,
violet_(flower),"菫,スミレ,ビオラ"
vespa,ベスパ
jacket_tug,
cleaning_brush,
pink_armband,
kfp,KIARA_FRIED_PHOENIX
fainting,失神
holding_baton,バトン
nepolabo,ねぽらぼ
saionji_mary,"西園寺メアリ,メアリのメモリー"
choujuu_gigaku,鳥獣伎楽
stuffed_orca,
under_shot,
himiko_(first_ascension)_(fate),
strike_witches:_katayoku_no_majo-tachi,"ストライクウィッチーズ片翼の魔女たち,片翼の魔女たち"
shelf_bra,トップレスブラ
ppsh-41,"PPSh-41,ППШ,ППШ-41,ペーペーシャ"
takakura_himari,高倉陽毬
valley,谷
entry_plug,
power_strip,"テーブルタップ,延長コード"
newhalf_with_male,
pidgey,ポッポ
corn_cob,"トウモロコシの芯,とうもろこしのしん"
tsuyuri_kumin,五月七日くみん
momohime,百姫
shiina_noriko,椎名法子
nanashi_mumei_(new_year),七詩ムメイ(正月衣装)
white_gemstone,
cure_sword,キュアソード
bardock,バーダック
momosuzu_nene_(old_design),"桃鈴ねね(旧衣装),桃鈴ねね(タオリン)"
orimoto_rika,祈本里香
akuma_nihmune,"Noombas,Noombart,Akuma_Nihmune,AkumaNihmune,Nihmune"
cell_(dragon_ball),"セル,セル(ドラゴンボール),不完全体セル,半完全体セル,沙鲁"
pan-pa-ka-paaan!,ぱんぱかぱーん
nissan_skyline,スカイライン
river_city_girls,"RiverCityGirls,rcgirls,リバーシティガールズ"
kitsu_chiri,木津千里
yagami_kou,八神コウ
holding_collar,
sunburst_iris,
da_capo_ii,"D.C.II,ダ・カーポII"
crescent_choker,
foodification,"食品化,チョコ化,お菓子化,プリン化,クッキー化,たい焼き化"
turning_around,
rainbow_bikini,
hurricane_glass,
kiana_kaslana_(void_drifter),"キアナ・カスラナ(天穹遊侠),天穹游侠,天穹遊俠,天穹遊侠,천궁의레인저"
energy_drain,"エナジードレイン,レベルドレイン,エネルギー吸収"
bandana_waddle_dee,バンダナワドルディ
fire_emblem:_shadow_dragon,新・暗黒竜と光の剣
cure_berry,キュアベリー
ak-74,"AK74,АК74,АК-74"
mage_(ragnarok_online),"マジシャン,マジ"
mikoko_(kemomimi_oukoku_kokuei_housou),"バーチャルのじゃロリ狐娘Youtuberおじさん,狐娘Youtuberおじさん,わきにぎり先輩,のじゃおじ,nojaloli,のじゃロリ"
fried_egg_on_toast,ラピュタパン
tying_apron,
purity_seal,
marshmallow_(site),"マシュマロ,マシュマロを投げ合おう"
muten_roushi,"武天老師,亀仙人"
hyakka_ryouran_samurai_girls,百花繚乱
dragon_ball_daima,"ドラゴンボール大魔,ドラゴンボールダイマ,ドラゴンボールDAIMA,DragonBallDaima,DragonBallMagic"
arung_samudra_(cessa),
dreepy,ドラメシヤ
suction_cup_dildo,
crescent_halo,
kaguya_madoka,香久矢まどか
rhein_kraft_(umamusume),"ラインクラフト,ラインクラフト(ウマ娘)"
cheetah_tail,
peach_hair_ornament,
nakiri_ayame_(girly),"百鬼あやめ(ガーリー衣装),百鬼あやめ(ガーリー)"
kissing_hair,
nekomata_okayu_(membership),"おかゆ新モデル,猫又おかゆ(新モデル)"
tapir,"バク,バク科,獏"
ebina_nana,"海老名菜々,海老名ちゃん"
nikki_(nikki),"ニキ,暖暖"
bioluminescence,生物発光
yamin_(cookie),"YMN姉貴,SIK,SIK姉貴,PCLY,kurageyaming,やみんのひみつ"
h&k_g36,G36
salmonid,シャケ(スプラトゥーン)
feather_fan,
atelier_escha_&_logy,"エスカ&ロジーのアトリエ,エスロジ,エスカとロジーのアトリエ,ロジエス"
jumpsuit_around_waist,
ombok_diving_and_delivery_services,Odds_comic
matsuoka_gou,松岡江
tsurumaru_tsuyoshi_(umamusume),"ツルマルツヨシ(ウマ娘),ツルマルツヨシ"
aila_jyrkiainen,アイラ・ユルキアイネン
loaf_of_bread,
maken-ki!,"マケン姫っ!,魔劍姬!"
peter_griffin,ピーター・グリフィン
elfriend_(shiranui_flare),えるふれ
pet_walking,
shimoneta_to_iu_gainen_ga_sonzai_shinai_taikutsu_na_sekai,"下ネタという概念が存在しない退屈な世界,下セカ,shimoneta,shimoseka"
panties_day,"ぱんつの日,パンツの日,8月2日はパンツの日"
scylla_(azur_lane),"シラ(アズールレーン),シラ"
transformers_(live_action),実写TF
bubble_pipe,"シャボン玉ストロー,しゃぼん玉ストロー"
kazamatsuri_institute_high_school_uniform,
kedama_(touhou),
bleach:_epilogue,
akagi_towa,"トワ(プリキュア),紅城トワ"
grey_shoes,
purple_suit,
anyoji_hime,安養寺姫芽
paracelsus_(guilty_gear),"パラケルス,フラメントナーゲル"
budew,スボミー
face_jewel,
samsung,"サムスン,Samsung,삼성"
eiffel_tower,"エッフェル塔,埃菲尔铁塔"
cure_milky,キュアミルキー
cait_sith_(final_fantasy),"ケット・シー(FF7),ケットシー(FF7),ケット・シー,ケットシー"
pink_tube_top,
kim_dokja,"김독자,金獨子,金独子,kdj,joongdok,중독,众独"
fender_jazzmaster,
st_ar-15_(mod3)_(girls'_frontline),"STAR-15_MOD3(ドールズフロントライン),STAR-15_MOD3,STAR-15MOD3"
amae_koromo,天江衣
barbie_(live_action),BarbieMovie
hades_2,
minami_rena,水波レナ
pointing_sword,
orange_bag,
hector_(fate),ヘクトール(Fate)
ankle_scrunchie,
fae_(fire_emblem),"ファ,ファ(封印の剣)"
...!,
after_war_gundam_x,"機動新世紀ガンダムX,ガンダムX"
vibrator_in_anus,
sei_shounagon_(swimsuit_berserker)_(fate),清少納言(水着)
psychic_miku_(project_voltage),エスパーミク
changsheng_(genshin_impact),長生
astolfo_(saber)_(third_ascension)_(fate),
robot_dragon,
arrow_print,
against_table,
yakuza,"ヤクザ,やくざ,893"
railgun_(misaka_mikoto),
tamagotchi_(virtual_pet),"拓麻歌子,たまごっち"
kinomoto_sakura_(platinum_star_dress),
yuki_miku_(2011),雪ミク2011
double_dealing_character,東方輝針城
final_fantasy_iii,"ファイナルファンタジーiii,ファイナルファンタジー3,ff3"
tomb_raider,"トゥームレイダー,tombraider"
male_underwear_aside,
hosomi_shizuko,"細見,細見(GuP),細見静子,知波単学園"
bounsweet,アマカジ
lucifer_morningstar_(hazbin_hotel),"ルシファー(ハズビン・ホテル),HazbinHotelLucifer,LuciferMorningstar,ルシリリ,Lucilith"
tacet_discord_(wuthering_waves),
phoenix_wright:_ace_attorney_-_trials_and_tribulations,逆転裁判3
hootsie_(nanashi_mumei),
yamabuki_saya,山吹沙綾
buena_vista_(umamusume),"ブエナビスタ(ウマ娘),ブエナビスタ"
suomi_(midsummer_pixie)_(girls'_frontline),仲夏のエルフ
wardrobe,
ai-generated_art_(topic),
stomach_punch,"腹パン,腹パンチ,bellypunch"
sasha_(haguhagu),
chrollo_lucilfer,"クロロ,クロロ=ルシルフル"
amaryllis_gumi,"アマリリス組,アマリリス"
olive_laurentia,"OL-chan,olchan"
margherita_pizza,"マルゲリータピザ,マルゲリータ"
athena_cykes,希月心音
polar_opposites,対
ooji_mochizou,大路もち蔵
sister_princess,"シスタープリンセス,シスター・プリンセス,シスプリ,sisterprincess"
astral_express_(honkai:_star_rail),"星穹列車,星穹列车,은하열차"
fn_fal,"FAL,L1A1"
magic_trick,"手品,奇術,マジック"
icon_(computing),
evil_neuro-sama,
mitsurugi_meiya,御剣冥夜
unworn_sweater,
alice_carroll,アリス・キャロル
lasso,
sakurakoji_kinako,桜小路きな子
husky,
lambent_light,
zeke_von_genbu_(xenoblade),ジーク・B・極・玄武
rotom_dex,"ロトム図鑑,ロトム・ポケデックスフォルム"
girl_staring_at_guy's_chest_(meme),
reona_west,"レオナ・ウェスト,ドロレオ,ドレッシングパフェ,莉安娜·威斯特"
hitomi_(doa),"ヒトミ,瞳,ヒトミ(DOA)"
demon's_souls,デモンズソウル
saigyou_ayakashi,西行妖
macross_7,マクロス7
red_stripes,
saw_cleaver,
pokemon_egg,
sett_(league_of_legends),"Sett,세트,セト,瑟提"
alicia_florence,"アリシア・フローレンス,アリシア"
no_horns,
shionne_(tales),"シオン(TOARISE),シオン"
hakama_lift,
disneyland,"ディズニーランド,東京ディズニーランド,ディズニーシー,東京ディズニーシー,イクスピアリ,迪士尼樂園,香港迪士尼樂園,HKDL,迪士尼乐园,上海迪士尼乐园"
anceril_sacred,アンセリス・セイクリッド
jack-o'-lantern_ornament,
ribbed_swimsuit,
mon-musu_quest:_paradox,"もんむす・くえすと!ぱらどっくすRPG,もんぱら"
shiina_mashiro,椎名ましろ
asakusa_midori,"浅草みどり,浅草氏"
small_stellated_dodecahedron,小星型十二面体
pirate_ship,"海賊船,かいぞくせん"
goshiki_agiri,呉織あぎり
white_horse,"白馬,白马,백마"
porsche,ポルシェ
kamen_rider_dcd,仮面ライダーディケイド
mabel_pines,メイベル・パインズ
matou_kariya,"間桐雁夜,当主雁夜"
takakamo_shizuno,"高鴨穏乃,たかかもしずの"
trombone,トロンボーン
unzen_(azur_lane),"雲仙(アズールレーン),雲仙"
lois_lane,"ロイス・レイン,ロイス・レーン,LoisLane"
applying_lipstick,
fate_testarossa_(true_sonic_form),"真・ソニックフォーム,真ソニックフォーム"
irys_(casualrys)_(hololive),"IRySoStylish,IRyS(私服衣装),IRyS(私服)"
mugino_shizuri,麦野沈利
noctis_lucis_caelum,"ノクティス・ルシス・チェラム,ノクティス,ノクト"
padded_coat,
princess_tutu,プリンセスチュチュ
artemis_(fate),アルテミス(Fate)
ice_cream_hair_ornament,
selkie_(fire_emblem),"キヌ,キヌ(FEif)"
floral_arch,
wrinkled_fabric,
pov_cheek_warming_(meme),"ほっぺた温めてくれるダッフルコート,ほっぺた温めてくれるダッフルコート素材"
masamune-kun_no_revenge,政宗くんのリベンジ
yuuki_chihiro,"勇気ちひろ,みんなの妹ちーちゃん,ちーあーと,ちひろさん私服イラコン"
kefla_(dragon_ball),ケフラ
kei_truck,"軽自動車,軽トラック"
kinuhata_saiai,絹旗最愛
poison_ivy,"ポイズン・アイビー,ポイズンアイビー,PoisonIvy"
pyramid_head,"レッドピラミッドシング,三角頭"
yoshida_ryouko,吉田良子
shirt_under_sweater,
paula_(mother_2),"ポーラ・ジョーンズ,ポーラ(MOTHER),ポーラ,ネスサンホイホイ"
anila_(summer)_(granblue_fantasy),夏色の羊神
usami_taiga,宇佐美大河
hazmat_suit,"化学防護服,防護服"
cleats,
taihou_(phoenix's_spring_song)_(azur_lane),"春の暁に鳳歌う,凤鸣春晓"
hirabitai,"平額,釵子"
force_of_will,FOW
hand_to_forehead,
mew_ichigo,ミュウイチゴ
south_korean_flag,"🇰🇷,태극기,太極旗,太极旗,大韓民国の国旗"
tar-21_(girls'_frontline),"TAR21,TAR-21,TAR-21(ドールズフロントライン),TAR21(ドールズフロントライン),TAR-21(少女前線),TAR21(少女前線)"
pincushion,"针插,针垫"
naoki_miki,直樹美紀
minecraft_pickaxe,
amemiya_nazuna,"飴宮なずな,NananArt"
umbrella_gun,
bonnie_(pokemon),"ユリーカ,ユリーカ(アニポケ)"
sharp_sign,♯
shidou_hikaru,獅堂光
pajamas_challenge_(meme),"睡衣挑戰,パジャマチャレンジ,pajamachallenge,pajamaschallenge,ihidemypower,tshirtchallenge"
dragoon_(final_fantasy),竜騎士
shadow_(shadows_house),
mela_(pokemon),"メロコ,メロコ(トレーナー),メロコ(ポケモン)"
nijino_yume,虹野ゆめ
hanazono_tae,花園たえ
walking_mushroom_(dungeon_meshi),
akikawa_yayoi_(umamusume),秋川やよい
metal_gear_solid_3:_snake_eater,"MGS3,メタルギアソリッド3"
monoko,モノ子
unofficial_precure_costume,プリキュア化
flower_eyepatch,
rpg-7,RPG-7
menou_kaname_(taishi),瑪瑙かなめ
hiradaira_chisaki,比良平ちさき
windows_xp,"WindowsXP,ウィンドウズXP,XP"
tsurugi_(swimsuit)_(blue_archive),ツルギ(水着)
inaba_meguru,因幡めぐる
tanaka_gundham,田中眼蛇夢
cigarette_butt,吸い殻
alleyne_(queen's_blade),アレイン
holding_cannon,
astarion,"アスタリオン,astarion,阿斯代伦"
axent_wear,AxentWear
altera_the_santa_(fate),"アルテラ・ザ・サン〔タ〕,阿提拉圣诞"
henrietta_de_tristain,"アンリエッタ・ド・トリステイン,アンリエッタ"
scuba_gear,
nipple_tassels,
wonder_woman_(series),
emaciated,"痩身,痩せ,ガリガリ"
long-tailed_tit,"エナガ,シマエナガ"
holding_screwdriver,
amaha_masane,天羽雅音
guan_dao,"关刀,關刀,偃月刀,大刀(中国の武器)"
abigail_williams_(swimsuit_foreigner)_(second_ascension)_(fate),
fake_photograph,
aleksandra_i._pokryshkin,アレクサンドラ・I・ポクルイーシキン
poppi_qtpi_(xenoblade),ハナJD
hair_branch,
weavile,マニューラ
savannah,
naked_raincoat,裸レインコート
jinbaori,陣羽織
thompson_(girls'_frontline),"トンプソン,トンプソン(少女前线),トンプソン(ドールズフロントライン)"
drifters,"ドリフターズ,ドリ腐"
eye_black,
seitokai_yakuindomo,生徒会役員共
kurobe_natsumi_(shiromanta),黒部夏美
spoken_symbol,
walpurgisnacht_(madoka_magica),ワルプルギスの夜
seikimatsu_occult_gakuin,世紀末オカルト学院
in_crane_game,
mercedes-benz,"メルセデスベンツ,メルセデス・ベンツ,ベンツ"
tenkawa_nayuta,天川なゆた
project_diva_2nd,
panties_visible_through_clothes,
yukong_(honkai:_star_rail),"驭空,Yukong,御空"
shiota_nagisa,潮田渚
dorothy_haze,ドロシー・ヘイズ
dorothy_(princess_principal),"ドロシー(プリンセス・プリンシパル),ドロシー"
red_male_swimwear,
tooth_fairy_(reverse:1999),"牙仙,トゥースフェアリー"
slytherin,スリザリン
xenoblade_chronicles_2:_torna_-_the_golden_country,"黄金の国イーラ,ゼノブレイド2黄金の国イーラ"
yarai_miu,矢来美羽
rags,
elizabeth_rose_bloodflame_(1st_costume),
gold_horns,
velvet_scarlatina,"VelvetScarlatina,ヴェルヴェット・スカーラティーナ"
selection_university_(emblem),
kamen_rider_(1st_series),"仮面ライダー,初代ライダー"
witch_mercy,
suguri,スグリ
ash_(titanfall_2),"アッシュ(APEX),アッシュ,Ash,艾许,brokengravity"
grappler_baki,"刃牙,グラップラー刃牙,バキ,グラップラー馬姫,刃牙道,バキ道,刃牙らへん"
weibo_username,
smelling_hair,
corked_bottle,
hoshikawa_sara_(4th_costume),星川サラ(制服)
baby_princess,"BabyPrincess,ベイビープリンセス,べびプリ"
teabag,
nea_(chihuri),
amairo_islenauts,"天色*アイルノーツ,天色アイルノーツ"
saratoga_mk_ii_(kancolle),
bunbunmaru,"文々。新聞,文々。,文文。新聞,文々丸,文々丸新聞"
cinderella_bust,シンデレラバスト
croquette,コロッケ
predicament_bondage,脱出芸
double_finger_gun,
holding_golf_club,
floppy_disk,"💾,🖪,🖫,🖬,フロッピーディスク,ディスケット"
circle_cutout,
landing,着陸
hardboiled_egg,"ゆで卵,水煮蛋"
baizhi_(wuthering_waves),"白芷,ビャクシ,白芷(鳴潮)"
doughnut_innertube,"ドーナツフロート,ドーナツスイミングリング"
punishment,罰
engulfing_lightning_(genshin_impact),
daiwa_scarlet_(scarlet_nuit_etoile)_(umamusume),"緋色のニュイ・エトワレ,Illuminate_the_Heart"
koyanskaya_(foreigner)_(first_ascension)_(fate),
karin_(p&d),"カリン,青龍の化身・カリン,守護命の青龍・カリン,命護の青龍・カリン"
alicia_renato_(yashiro_sousaku),アリシア・レナート
camera_around_neck,
holding_ears,
tia_(nikke),ティア(勝利の女神:NIKKE)
white_innertube,
vitarka_mudra,说法印
oosawa_aya,大沢綾
colored_smoke,
peke,ペケ
battle_standard,
stuffed_dolphin,
sleepover,"お泊り会,睡衣派对"
high_school_dxd_new,"ハイスクールD×DNEW,ハイスクールディーディー新着"
kazuradrop_(fate),"カズラドロップ,ムリアン(Fate)"
light_dragon_(zelda),
petra_gurin_(1st_costume),"ペトラ・グリン(通常),ペトラ・グリン(制服)"
cross-laced_one-piece_swimsuit,
keizoku_(emblem),
ordo_mediare_sisters_(ironlily),
weeds,雑草
food_writing,
bai_(granblue_fantasy),"パイ,パイ(グラブル)"
nekomata_okayu_(wonderland),猫又おかゆ(4周年新衣装)
meira_(touhou),"明羅,메이라"
two-tone_capelet,
caren_hortensia_(amor_caren)_(second_ascension),
gotland_(fuji_speedway_race_queen_mode)_(kancolle),レースクイーンゴトランド
yuni_(precure),ユニ(プリキュア)
tabby_cat,"トラネコ,トラ猫"
hand_in_pants,
lace-trimmed_ribbon,
soba,"蕎麦,そば"
meloco_kyoran,"狂蘭メロコ,MelocoKyoran,Melocopic,Melocoom,Mememelo,Meloconair"
musha_miko_tomoe,"武者巫女トモエ,武者巫女"
i_heart...,
a_hat_in_time,"A_Hat_in_Time,Hat_in_Time,AHatinTime"
yakitori,"焼き鳥,焼き鶏,焼鳥"
torn_boots,
takano_miyo,鷹野三四
celtic_cross,"🕈,ケルト十字,ケルト十字架"
holding_bento,
pet_shaming,反省札
lina_(michihasu),リナ・ベル・ロール
camieux,"クムユ,Camieux"
scolipede,ペンドラー
yamato_(sword),"閻魔刀,閻魔刀(やまと)"
genderswap_(otm),
lenalee_lee,リナリー・リー
angel_mort,エンジェルモート
dog_print,
kriemhild_(fate),"クリームヒルト,クリームヒルト(Fate)"
tsubaki_yayoi,ツバキ=ヤヨイ
straw_doll,藁人形
pendant_earring,
arulumaya,アルルメイヤ
biting_head,
nipple_torture,
fur_sleeves,
reiwa,"令和,令和時代,新元号"
yellow_tulip,
alina_(arknights),阿丽娜
pururut,"プルルート,plutia"
rosa_(tears_of_themis),
awakening_(sennen_sensou_aigis),
sen_no_kiseki_ii,"閃の軌跡II,閃の軌跡2,軌跡シリーズ"
grief_seed,グリーフシード
eyepatch_lift,
fuura_kafuka,風浦可符香
amano_hina_(tenki_no_ko),天野陽菜
rarity_(my_little_pony),"ラリティ,珍奇,Rarity,rarijack"
walkman,ウォークマン
basketball_court,
tsumugi_(princess_connect!),"ツムギ(プリコネ),繭宮つむぎ,ツムギ"
wax,"蝋,蜡,왁스"
rope_(arknights),"暗索,ロープ,ロープ(アークナイツ)"
kagamihara_sakura,各務原桜
crobat,クロバット
tyranitar,バンギラス
jaune_arc,"JauneArc,Jaune_Arc"
argalia_(project_moon),アルガリア
johnny_joestar,ジョニィ・ジョースター
aria_pokoteng,"アリア社長,アリア・ポコテン"
tracen_winter_coat,トレセン冬上着
chikuwa,"竹輪,ちくわ"
kaiten_muten-maru,回転むてん丸
bandage_on_knee,
tokyo_mirage_sessions_fe,幻影異聞録♯FE
bachi,撥
hibiki_ryouga,響良牙
size_comparison,
slime_sex,
inuyama_mana,犬山まな
;>,
masamune_(ff7),
schwertkreuz,シュベルトクロイツ
the_big_o,"THEビッグオー,ビッグオー,THEビッグ・オー,THE・ビッグオー"
2006,
bambietta_basterbine,"バンビエッタ・バスターバイン,班比"
suzumi_(blue_archive),"守月スズミ,スズミ,스즈미"
cure_pine,キュアパイン
abydos_high_school_swimsuit,
gigi_andalusia,"ギギ・アンダルシア,琪琪"
speculum,"クスコ,鸭嘴钳,扩阴器,窥器"
sewing_pin,
game_over,
zhezhi_(wuthering_waves),"Zhezhi,折枝,オリエ,절지"
agent_4_(splatoon),4号
open_towel,
privaty_(unkind_maid)_(nikke),プリバティ:アンカインド・メイド
sora_yori_mo_tooi_basho,"宇宙よりも遠い場所,よりもい,yorimoi,a_place_further_than_the_universe"
kofune_ushio,小舟潮
sticker_on_arm,
i-19_(azur_lane),伊19(アズールレーン)
humming,ハミング
inazuma_eleven_go_chrono_stone,"イナズマイレブンGOクロノ・ストーン,イナズマイレブンGOクロノ·ストーン,イナクロ,イナズマイレブンGO2,クロノ・ストーン"
kisaki_(kindergarten_uniform)_(blue_archive),"キキ(ブルーアーカイブ),キキ"
sun_glare,
kaburamaru,
unown,アンノーン
hands_on_legs,
hand_on_window,
chainsword,
peacock,"孔雀,クジャク"
sig_mcx_(girls'_frontline),"MCX(ドールズフロントライン),MCX(少女前線)"
lara_croft,"ララ・クロフト,Laracroft"
tweet,"ツイート,つぶやき"
tedeza_rize's_school_uniform,
brown_hood,
nakata_sae,中多紗江
irene_(voyage_of_feathers)_(arknights),飞羽
dobermann,"ドーベルマン,ドーベルマン・ピンシャー,ドーベルマン・ピンシェル,杜宾犬,杜宾"
feena_(grandia),"フィーナ,フィーナ(グランディア)"
grabbing_another's_thighs,
yggdrasil_(granblue_fantasy),"ユグドラシル,ユグドラシル(グラブル)"
super-shorty_(girls'_frontline),"SuperShorty,super-shorty,슈퍼쇼티,존나짧음,super_shorty,Super-Shorty(ドールズフロントライン),Super-Shorty(少女前線)"
fate_testarossa_(movie_1st_form),
karin_(school_uniform)_(blue_archive),
robin_(batrobin_k),
shirt_cut_meme,shirtcutmeme
hand_fan_writing,
tidus,ティーダ
ogerpon_(teal_mask),
neck_warmer,
yamagami_karuta,"山神カルタ,カルタの絵札,カル誕生日"
ultra_instinct,"身勝手の極意,身勝手の極意”兆”,身勝手の極意:完成形,身勝手の極意”極”,ultrainstinct"
fujibayashi_ryou,藤林椋
snow_white_and_the_seven_dwarfs,白雪姫(ディズニー)
kongou_(aoki_hagane_no_arpeggio),"コンゴウ,コンゴウ(蒼き鋼のアルペジオ)"
jakuri_(ar_tonelico),"蛇刳,ミュール,ミュール(アルトネリコ),ジャクリ"
striped_leotard,
removing_glove,
costume_chart,
mayer_(arknights),"梅尔,メイヤー(アークナイツ),メイヤー"
sasayaku_you_ni_koi_wo_utau,"ささやくように恋を唄う,ささこい,恋语轻唱,Whisper_Me_A_Love_Song,ささ恋"
sakura_miko_(old_design),さくらみこ(旧衣装)
alcremie_(vanilla_cream),
ridley,リドリー
drum_(kancolle),"ドラム(艦これ),ドラム(艦隊これくしょん),Drum(艦これ),Drum(艦隊これくしょん)"
tamada_tamaki,"玉田,玉田(GuP),玉田環,知波単学園"
tennis_net,
tiphereth_a_(project_moon),"ティファレト,Tiphereth"
holding_chess_piece,
zebra_ears,
ayase_alisa,絢瀬亜里沙
starry_moon,
flower_hat,
alpaca,アルパカ
tomoe_(blue_archive),"佐城トモエ,사시로토모에"
raphiel_shiraha_ainsworth,"白羽=ラフィエル=エインズワース,ラフィエル,ラフィサタ,Raphi,ラフィ"
national_basketball_association,NBA
holding_anchor,
stella_vermillion,ステラ・ヴァーミリオン
projectile_trail,
lactating_into_container,
songque,松雀
lorelei_(pokemon),"カンナ,カンナ(トレーナー)"
payphone,"公衆電話,公共电话"
norimaki_arale,則巻アラレ
hands_on_another's_knees,
shogi_piece,駒
under_another's_clothes,
parvati_(fate),"パールヴァティー(Fate),パールヴァティー"
unicorn_girl,
emma_millstein,エマ・ミルスティン
peanut,"南京豆,ピーナツ,花生"
bakuon!!,"ばくおん,ばくおん!!"
muscle_car,"アメ車,マッスルカー"
kyoto,"京都,京都市"
pokemon_on_arm,
leo_(constellation),"獅子座,ししざ,しし座"
futaba_aoi_(vividred_operation),二葉あおい
poop,
lady_nagant,レディ・ナガン
amamiya_elena,天宮えれな
2004,
blowing_whistle,
savage_(arknights),"暴行,サベージ,サベージ(アークナイツ)"
felt_(re:zero),"フェルト,フェルト(リゼロ)"
sarong_lift,
striped_bandeau,
ferdinand_von_aegir,フェルディナント=フォン=エーギル
hinomori_shiho,日野森志歩
pink_serafuku,
implied_murder,
phone_with_ears,
heavy_cruiser_princess,重巡棲姫
ultra_kaijuu_gijinka_keikaku,ウルトラ怪獣擬人化計画
salt,塩
cattleya_(queen's_blade),"カトレア,武器屋カトレア,120cm"
artwhirl_mahou_gakuen_no_otome-tachi,"アートワール魔法学園の乙女たち,アートワール"
roegadyn,
plaid_socks,
apple_(reverse:1999),APPLe
tight_top,
shiki_(senran_kagura),"四季(閃乱カグラ),四季"
raspberyl,ラズベリル
hisuian_zoroark,ヒスイゾロアーク
kouyouen_academy_school_uniform,光陽園ハルヒ
holding_walkie-talkie,
myne_(honzuki_no_gekokujou),"マイン,ローゼマイン"
asymmetrical_breasts,
mob_talker,mobtalker
cyril_brooklyn,
houkago_play,放課後プレイ
gerbera,ガーベラ
fleki,フレキ
scene_(arknights),"稀音,シーン(アークナイツ)"
nina_(girls_und_panzer),"ニーナ,ニーナ(GuP),プラウダ高校"
katanagatari,刀語
dx,
block_(minecraft),
inugami_korone_(street),"戌神ころね(おでかけ衣装),戌神ころね(おでかけ),戌神ころね(運営)"
streetcar,路面電車
wing_cape,
pacific_(kancolle),美艦本
sailor_pluto,セーラープルート
roshin_yuukai_(vocaloid),"炉心融解,爐心融解,노심융해"
nyanko_daisensou,"にゃんこ大戦争,battlecats,battle_cats,thebattlecats,the_battle_cats"
carbuncle_(puyopuyo),カーバンクル
etou_kanami,衛藤可奈美
ouroboros_(girls'_frontline),"衔尾蛇,銜尾蛇,銜尾蛇(少女前線),衔尾蛇(少女前线),ウロボロス,ウロボロス(ドールズフロントライン)"
iyowa_girls,"IyowaGirlsDraw,いよわガールズ,いよわ"
clash,
ibuki_douji_(swimsuit_berserker)_(fate),伊吹童子(水着)
niyon_(granblue_fantasy),"ニオ(グラブル),ニオ"
birthday_party,
steamed_bun,
plate_stack,
applying_pedicure,ペディキュア
gradient_border,
shinx,コリンク
crystal_horns,
komi_shuuko,古見秀子
kodomo_no_hi,"こどもの日,子供の日"
hk416_(mod3)_(girls'_frontline),
grandfather_and_granddaughter,
shinkyoku_soukai_polyphonica,神曲奏界ポリフォニカ
astarte_(surio),"阿斯塔蒂,Astarte"
huang_(granblue_fantasy),"フアン,フアン(グラブル)"
akiha_rumiho,"フェイリス・ニャンニャン,秋葉留未穂,菲利斯喵喵,秋叶留未穗"
wednesday_(netflix),"Wednesday,wednesdaynetflix,ウェンズデー"
ryuushen,"緑仙,緑仙はやく見ろ,緑仙は見るな,緑仙の配信,仙河緑,Ryushen,Sengawa_Midori,きいたよ緑仙,绿仙"
clockwork,
karma_(nakiri_ayame),
parent_and_child,
mia_fey,"綾里千尋,绫里千寻"
bronya_zaychik_(haxxor_bunny),"迷城骇兔,ハッカーバニー"
ben-day_dots,ベンデイドット
mizuki_seira,水木聖來
mafia,マフィア
primogem,
holding_trophy,
cure_rhythm,キュアリズム
hole_in_wall,
shared_thought_bubble,
cerestia_of_life,"세레스티아,생명의세레스티아,生命のセレスティア,セレスティア"
minato_tomoka,湊智花
penguin_logistics_(arknights),ペンギン急便
hecatia_lapislazuli_(moon),黄ヘカーティア
hooded_pajamas,
lee_(pgr),"里,异火,乱数,超刻"
lamia_(pgr),"拉弥亚,深谣"
akademiya_uniform,教令院制服
encore_(wuthering_waves),"アンコ,アンコ(鳴潮),安可"
sentret,"オタチ,オタチの日"
dratini,ミニリュウ
chocolate_on_hand,
miyamae_shiho_(jack_dempa),
optical_illusion,錯視
fox_mccloud,フォックス・マクラウド
big_boss,ビッグ・ボス
fleet,
flat_chastity_cage,フラット貞操帯
dna,
disdain,
nippon_ichi,日本一ソフトウェア
desktop_(computing),"Desktop,デスクトップ,Desktop_environment"
taut_skirt,
kuro_no_kiseki_ii,"黎の軌跡,黎の軌跡II,黎の軌跡2,軌跡シリーズ"
crossed_swords,
holding_bullet,
shimotsuki_potofu,"ポトフちゃん,霜月ポトフ,屁呂尾田ポトフ"
kitami_yuzu,喜多見柚
birthday_sash,本日の主役
scaffolding,
kitashirakawa_anko,北白川あんこ
khiara_(personal_ami),khiara_(personalami)
neo-porte,"ネオポルテ,Neo-Porte,ミライズ"
tsuba_(guard),"鐔,鍔,刀镡,刀锷,护手"
isekai_ojisan,異世界おじさん
green_male_underwear,
yui_tsuruno,由比鶴乃
minamoto_shizuka,"源静香,しずかちゃん"
orange_outline,
happy_meek_(umamusume),"ハッピーミーク,ハッピーミーク(ウマ娘)"
angra_mainyu_(fate),"アヴェンジャー(Fate),アンリマユ"
terrance_rainer,
tenten_(naruto),テンテン
snowflake_earrings,
starly,ムックル
galaktika,
brave_sword_x_blaze_soul,"ブレイブソード×ブレイズソウル,ブレxブレ"
spiked_thighlet,
applejack,"アップルジャック,苹果杰克,appledash,rarijack,虹林檎,苹果嘉儿"
shiranui_(nakiri_ayame),
drusilla_(zenless_zone_zero),
vs,VS
tapir_girl,
incense_burner,
fishbowl_helmet,
kochou_kanae,胡蝶カナエ
matsuno_jyushimatsu,十四松
matsuno_ichimatsu,"一松,松野一松"
zettai_karen_children,絶対可憐チルドレン
initial_d,"頭文字D,イニD,头文字D,イニD腐向け"
aqua_cardigan,
shizuna_rem_misurugi,シズナ・レム・ミスルギ
bread_bun,
mareep,メリープ
edea_lee,イデア・リー
wrists_extended,
roll.exe_(mega_man),"ロール(ロックマンエグゼ),ロールEXE,ロールエグゼ"
niijima_sae,新島冴
michelle_(bang_dream!),ミッシェル(バンドリ)
midnight_(boku_no_hero_academia),"ミッドナイト,香山睡,ミッドナイト(僕のヒーローアカデミア)"
vivid_strike!,ViVid_Strike!
zaizen_aoi,財前葵
roserade,ロズレイド
kakania_(reverse:1999),卡卡尼亚
black_liquid,
virgilia_(umineko),ワルギリア
super_blackjack,スーパーブラックジャック
arius_squad_(blue_archive),アリウススクワッド
uesugi_kenshin_(fate),上杉謙信(Fate)
u-47_(azur_lane),"U-47(アズールレーン),U47(アズールレーン),U-47"
over_the_nose_gag,"マスクギャグ,鼻上被せ猿轡,OTN"
visible_ears,
miori_celesta,"ミオリ・セレスタ,miorillust,mionobouken,miolust"
irene_(the_adjudicatrix_and_her_resolve)_(arknights),至高判决
elizabeth_bathory_(second_ascension)_(fate),
face_filter,
super_saiyan_3,"超サイヤ人3,スーパーサイヤ人3,超サイヤ人ロゼ3"
dragon_costume,
red_flag,赤旗
okazaki_ushio,岡崎汐
ashwatthama_(fate),"アシュヴァッターマン,アシュヴァッターマン(Fate)"
rabi-ribi,"拉比哩比,Rabi-Ribi,ラビリビ"
dim_lighting,
steam_from_mouth,
verone_gakuin_school_uniform,ベローネ学院
dive_ball,ダイブボール
low_horns,
giovanni_(pokemon),"サカキ,ロケットだんボス"
glowing_earrings,
serafall_leviathan,"セラフォルー・レヴィアタン,セラフォルー・シトリー"
lamb,"어린양,羊羔,子羊"
tenugui,手拭い
kuzuryu_fuyuhiko,九頭龍冬彦
holding_folder,
shining_hearts,"シャイニング・ハーツ,シャイニングハーツ"
bren_lmg,"Bren,ブレン,ブレン軽機関銃"
slipping,
utnapishtim_operator_uniform_(blue_archive),
cuntboy_with_male,
book_focus,
pokedex,ポケモン図鑑
bodysuit_pull,
gyate_gyate,"ぎゃてコラ,粗乃丸,粗乃玩,볼짤"
haite_kudasai_takamine-san,履いてください、鷹峰さん
tsukimi,"お月見,月見,十五夜,中秋の名月"
demi-fiend,人修羅
u-1146,"1146番,U-1146"
sidetail_miku_noodle_stopper_(meme),"断发初音,断发miku"
unbuttoning,
multicolored_polka_dots,
fuck-me_shirt,
incoming_call,
straw_hat_pirates,"Mugiwara_Pirates,Straw_Hat_Crew,Straw_Hats,麦わらの一味"
ouro_kronii_(4th_costume),"オーロ・クロニー(軍服),オーロ・クロニー(軍服衣装),krover"
sceptile,ジュカイン
ford,フォード
indonesian_high_school_uniform,SMA
wolf_link,ウルフリンク
jessica_(reverse:1999),"洁西卡,ジェシカ(リバース:1999)"
fate/unlimited_blade_works,
enna_alouette_(1st_costume),エナー・アールウェット(通常)
pawmi,パモ
sword_art_online_progressive,
sanhua_(wuthering_waves),"散華,散華(鳴潮)"
taco,"🌮,タコス"
valkyrie_police_academy_student_(blue_archive),ヴァルキューレ警察学校のモブ
wagon,ワゴン
geokinesis,
no_navel,
senju_muramasa,千寿ムラマサ
no_smoking,
holding_ticket,
sonohara_anri,園原杏里
placard,
yukino_(blue_archive),"ユキノ(ブルーアーカイブ),yukino,ユキノ,七度ユキノ"
sideroca_(light_breeze)_(arknights),
miltank,ミルタンク
snort,
yamabuki_high_school_uniform,
hishi_akebono_(umamusume),"ヒシアケボノ,ヒシアケボノ(ウマ娘)"
totenkopf,トーテンコップ
mitty_(made_in_abyss),ミーティ
bronya_zaychik_(outstanding_attitude),
breakdance,ブレイクダンス
album_name,
grimms_notes,"グリムノーツ,グリムノーツRepage,グリムノーツ学園"
akm,АКМ
hand_jewel,
lemuen_(arknights),"Lemuen,蕾缪安,レミュアン(アークナイツ),レミュアン"
globus_cruciger,"帝国宝珠,十字圣球,王权宝球"
sonia_strumm_(mega_man),響ミソラ
lucia:_crimson_abyss_(pgr),"露西亚·深红之渊,深红之渊,ルシア・深淵ノ紅"
australian_devil_(kemono_friends),オーストラリアデビル(けものフレンズ)
pincers,
ball_busting,"玉蹴り,金的,玉責め"
machina_x_flayon,"マキナ・X・フレオン,FlayonsCrayons"
alice:_madness_returns,"アリスマッドネスリターンズ,AliceMadnessReturns"
tetris,テトリス
kousaka_china,コウサカ・チナ
stirrups_(riding),
safari_jacket,
fighter_(dungeon_and_fighter),"남성,格闘家"
springfield_(stirring_mermaid)_(girls'_frontline),目覚めたマーメイド
ichininmae_no_lady,"一人前のレディ,一人前のレディ(笑)"
garie_tuman,ガリィ・トゥーマーン
kurokumo_clan_(identity)_(project_moon),
multiple_hats,
hypnosis_app,催眠アプリ
spirit_blossom_ahri,
fuuma_kotarou_(fate),風魔小太郎(Fate)
fur-trimmed_choker,
school_nurse,"養護教諭,保健室の先生,保健の先生"
tanemura_koyori,種村小依
elaine_(pokemon),アユミ(ポケモン)
dragon_quest_vii,"ドラゴンクエストVII,ドラゴンクエスト7,ドラクエ7,DQ7"
zero_(code_geass),
anus_cutout,
elis_(touhou),"エリス,엘리스"
cheating_(competitive),"チート,イカサマ,カンニング,作弊"
arrest,逮捕
blood_trail,
bison_(arknights),"バイソン(アークナイツ),拜松,Bison"
nendoroid,ねんどろいど
kirishima_romin,霧島ロミン
yuuhi_riri,"夕陽リリ,りりあーと"
table_tennis_ball,
aqua_eyeshadow,
darth_vader,"ダースベーダー,ダース・ベイダー,ダースベイダー"
takenouchi_sora,武之内空
yotsuya_miko,四谷みこ
mika_(genshin_impact),"米卡,ミカ,ミカ(原神),Mika"
shirogane_noel_(dirndl),"白銀ノエル(ディアンドル衣装),白銀ノエル(ディアンドル)"
penis_out_of_frame,
crooked_eyewear,ずり落ち眼鏡
manually-operated_mounted_gun,
smash_invitation,
babywearing,ベビースリング
orange_pubic_hair,
cape_hold,
jean_kirstein,ジャン・キルシュタイン
wishiwashi_(solo),
svd_(girls'_frontline),"SVD,SVD(ドールズフロントライン),SVD(少女前線)"
eyeshield_21,アイシールド21
winged_lion_(dungeon_meshi),"有翼の獅子,winged_lion"
ferrari,フェラーリ
onsen_musume,"温泉むすめ,温むす"
flying_saucer,空飛ぶ円盤
venus_paques_(umamusume),ヴェニュスパーク(ウマ娘)
strawberry_panic!,"ストパニ,ストロベリー・パニック,ストロベリー・パニック!,ストロベリーパニック"
eating_hair,
teaching,
red_ribbon_army,レッドリボン軍
fuiba_fuyu,"フイバフユ,風衣葉冬優"
sea_turtle,ウミガメ
mega_lopunny,メガミミロップ
hololive_alternative,"ホロライブオルタナティブ,ホロライブ・オルタナティブ,hololiveALT,勝手にホロメンオルタナティブ"
poking_belly,
bikini_over_clothes,
ga-rei,喰霊
anatomical_nonsense,
phoebe_(pokemon),"フヨウ,フヨウ(トレーナー)"
mint_blancmanche,"ミント・ブラマンシュ,Minto_Buramanshu"
rhinoceros_beetle,"兜虫,カブトムシ"
kai-ri-sei_million_arthur,"乖離性ミリオンアーサー,乖离性ミリオンアーサー,乖离性百万亚瑟王"
rope_walking,綱渡り
carrot-shaped_pillow,
jean_(gunnhildr's_legacy)_(genshin_impact),
sakura_ayane,佐倉綾音
mori_yuki,森雪
moroboshi_ataru,諸星あたる
cobra_(animal),コブラ
growlithe,ガーディ
ursula_charistes,アーシュラ先生
underwater_sex,"水中セックス,水中結合"
cheetah_girl,チーター娘
griffin,"グリフィン,グリフォン"
shikinami_kai_ni_(kancolle),敷波改二
puyopuyo_fever,ぷよぷよフィーバー
iori_utahime,庵歌姫
fishnet_leotard,
katsushika_hokusai_(traveling_outfit)_(fate),
eiden_(nu_carnival),"エイト,伊得,에이트"
twitch_logo,
bucket_on_head,
flannel,"フランネル,小絨,細絨,ネル"
diavolo,"ディアボロ,迪亚波罗"
digital_walkman,
tamura_manami,田村麻奈実
folinic_(arknights),"亚叶,フォリニック(アークナイツ)"
kokonoe_(blazblue),ココノエ
tanigaki_genjirou,谷垣源次郎
knight_(dungeon_and_fighter),騎士
drifting,"ドリフト走行,ドリフト"
yomiko_readman,読子・リードマン
curly_sidelocks,
danshi_koukousei_no_nichijou,男子高校生の日常
libra_(constellation),"てんびん座,天秤座,천칭자리"
oomiya_shinobu,大宮忍
rapunzel_(disney),ラプンツェル(ディズニー)
they_(kiman),あもんぐあーす
asseylum_vers_allusia,アセイラム・ヴァース・アリューシア
the_super_mario_bros._movie,"ザ・スーパーマリオブラザーズ・ムービー,Supermariomovie"
coughing,咳
hiryuu_kai_ni_(kancolle),飛龍改二
hoshimachi_suisei_(maid),"星街すいせい(メイド衣装),星街すいせい(メイド)"
serina_(christmas)_(blue_archive),セリナ(クリスマス)
spike_ball,
attack_helicopter,攻撃ヘリコプター
nanami_(pgr),"七实,风暴,脉冲,遥星之座"
censored_food,
star_platinum,"スタープラチナ,星の白金,スタープラチナ・ザ・ワールド"
aardwolf_(kemono_friends),アードウルフ(けものフレンズ)
katsuyamamage,"勝山髷,かつやままげ"
takayama_maria,高山マリア
saya_(blue_archive),"薬子サヤ,야쿠시사야"
satsuki_rin,"冴月麟,사츠키린,C62サクカの女の子,C62サクカ,C62サークルカットのあの子"
stew,"シチュー,煮込み,煮込み料理,스튜,濃湯"
jewelry_bonney,ジュエリー・ボニー
miniskirt_pirates,"ミニスカ宇宙海賊,モーレツ宇宙海賊,Bodacious_Space_Pirates"
chain_earrings,
erhu,二胡
jack_(playing_card),
euryale_(third_ascension)_(fate),
elfuda_(elf-san_wa_yaserarenai.),絵留札
sandstar,サンドスター
zarya_(overwatch),"查莉娅,zarya"
uzumaki_himawari,うずまきヒマワリ
priscilla_the_crossbreed,半竜プリシラ
holding_scale,
go_(board_game),"碁,囲碁,围棋,圍棋"
horse_racing_track,"競馬場,竞马场,トラック,赛马场"
crossed_fingers,
laevatein_(tail),"しっぽフラン,尻尾フラン"
spiral_staircase,旋转楼梯
wally_(pokemon),"ミツル(ポケトレ),ミツル,ミツル(ポケモン),ミツル(トレーナー)"
lazulight,"LazuLight,La2uLight"
cure_macaron,キュアマカロン
slow_loop,スローループ
shinguji_korekiyo,"真宮寺是清,真宫寺是清"
coconut_(nekopara),ココナツ
broken_plate,
common_bottlenose_dolphin_(kemono_friends),バンドウイルカ(けものフレンズ)
comiket_95,c95
breakfast,"朝飯,朝御飯,朝ご飯,朝ごはん"
mashiroiro_symphony,"ましろ色シンフォニー,ましろ色シンフォニー_-Love_is_pure_white-,純白的交響曲"
shirakami_fubuki_(hololive_summer_2019),"白上フブキ(ホロライブ・サマー2019),白上フブキ(ホロサマ2019)"
webbed_feet,
transgender_flag,"🏳️‍⚧,トランスジェンダー・フラッグ"
commandant_(pgr),"指揮官(战双帕弥什),指揮官(パニグレ)"
usada_pekora_(prisoner),囚人兎田ぺこら
tsurumaru_kuninaga,"鶴丸国永,みかつる,つるいち,鹤丸国永"
here's_johnny!_(meme),"シャイニング表紙パロ,お客様だよ!"
shirt_on_shoulders,
mygo!!!!!_(bang_dream!),"MyGO!!!!!,MyGO"
medea_(lily)_(fate),メディア・リリィ
chiya_(urara_meirochou),"ちや,千矢"
shrine_bell,
peacock_(skullgirls),ピーコック
heroine_(dq4),女勇者(DQ4)
kuroshio_kai_ni_(kancolle),黒潮改二
cure_lovely,キュアラブリー
vaginal_prolapse,"子宮脱,子宫脱"
bomber,爆撃機
alolan_raichu,アローラライチュウ
heroman,ヒーローマン
kohibari_kurumi,小雲雀来海
antinomy_of_common_flowers,"東方憑依華,憑依華,AoCF"
delutaya,"でるたや,deluta,Delutaya,Δrt,Δrt18"
kooribata,氷旗
teemo,"Teemo,티모,ティーモ"
momiji_(blue_archive),"秋泉モミジ,モミジ,momiji"
hk416_(starry_cocoon)_(girls'_frontline),"星の繭,星之茧"
lily_(ender_lilies),
maple_tree,
minimalism,
bisected,"両断,一刀両断,真っ二つ,腰斬"
eye_socket,眼窩
cinderella_girls_card_parody,シンデレラガールズ風
towel_on_one_shoulder,
insult,罵倒
sasaki_kanna_(kaedeko),佐々城柑奈
elysium_(arknights),"极境,エリジウム(アークナイツ)"
fur_bracelet,
tail_(honkai:_star_rail),
duel_masters,"デュエル・マスターズ,デュエルマスターズ,デュエマ"
marui_hitoha,丸井ひとは
rope_around_neck,
paripi_koumei,"ya_boy_kongming!,パリピ孔明,派對咖孔明,派对浪客诸葛孔明"
marijuana,"大麻,マリファナ"
megumi_(girls_und_panzer),"メグミ(GuP),大学選抜チーム,バミューダ三姉妹"
melona_(queen's_blade),"メローナ,千変の刺客メローナ"
honolulu_(summer_accident?!)_(azur_lane),"夏の災難!?,盛夏的「灾难」"
hololive_summer_2022_swimsuit,"ホロライブ・サマー2022,帰ってきたホロサマ"
katsura_kotonoha,"桂言葉,Vtuber言葉"
rolling_girl_(vocaloid),ローリンガール
zapstring_(wuthering_waves),悬丝
smartwatch,"スマートウォッチ,智能手表"
chaos_emerald,カオスエメラルド
misono_karin,"御園かりん,アリかり,미소노카린,御园花凛"
black_blood,
yuuno_scrya,ユーノ・スクライア
bandai,"バンダイ,株式会社バンダイ,株式会社万代屋商店"
pela_(honkai:_star_rail),"ペラ,佩拉,ぺラ,페라,Pela"
metroid_prime,メトロイドプライム
dollar_bill,
tailred,テイルレッド
shinomiya_karen,篠宮可憐
uwu,
kusanagi_kyou,草薙京
tatakau_ataisuru,戦うに値する
kira_tsubasa,綺羅ツバサ
cable_tie,結束バンド
shiratsuyu_(swimsuit)_(kancolle),白露(水着)
shipping_container,海上コンテナ
lipstick_mark_on_neck,
crona_(soul_eater),クロナ
shizuki_hitomi,志筑仁美
shizuka_rin_(1st_costume),"静凛(通常),静凛(冬制服)"
zhuge_kongming_(honkai_impact),"观星,朔夜观星,朔夜觀星,諸葛孔明・星詠の朔夜,삭야관성"
brid_(nikke),"ブリッド(勝利の女神:NIKKE),ブリッド(NIKKE),브리드(NIKKE)"
oppai_challenge,おっぱいチャレンジ
food-themed_ornament,
sunbathing,
elysia_(peachy_spring)_(honkai_impact),春好桃夭
jinrui_wa_suitai_shimashita,人類は衰退しました
wild_and_horned_hermit,東方茨歌仙
hand_on_own_ankle,
checkered_bowtie,
fukuda_noriko,福田のり子
single_hair_streak,
horse_dildo,
reinhardt_(overwatch),
piercing_pull,
ice_cream_bar,
comic_exe,"COMIC_E×E,ComicExE,コミックエグゼ,エグゼ"
nikaidou_(dorohedoro),ニカイドウ
maruzensky_(blasting_off_summer_night)_(umamusume),"ぶっとび☆さまーナイト,あの娘が水着に着替えたら_ウマ娘夏物語"
frieren_stuck_in_a_mimic_(meme),"ミミックに食われかけフリーレン,出れんフリーレン"
scuba,
new_york_city,ニューヨーク
embroidered_panties,
itoshiki_nozomu,糸色望
biting_another's_finger,
pink_overalls,
toy_gun,モデルガン
ef_(visual_novel),ef
ripping,
holding_rattle,
holding_shuriken,
sharpedo,サメハダー
kid_(chrono_cross),"キッド,キッド(クロノクロス),サラ・キッド・ジール"
reuniclus,ランクルス
mushroom_hat,
howa_type_89,89式小銃
multicolored_sleeves,
akigumo_kai_ni_(kancolle),秋雲改二
scott_pilgrim,"スコット・ピルグリム,scottpilgrim,scollace,scottmona"
striped_suit,
artemis_(sailor_moon),アルテミス
mug_writing,
flora_(fire_emblem),フローラ(FEif)
laegjarn_(fire_emblem),"レーギャルン,レーギャルン(FE)"
anal_invitation,
cancer_(constellation),"かに座,蟹座,巨蟹座,게자리"
curly_brace,カーリーブレイス
gold_dress,
ok_sign_over_eye,
disgaea_d2,ディスガイアD2
green_pepper,
zas_m21_(girls'_frontline),"ZasM21,ZasM21(ドールズフロントライン),Zas_M21(ドールズフロントライン),Zas_M21,ZasM21(少女前线),Zas_M21(少女前线),ZasM21(少女前線),Zas_M21(少女前線),ZasM21(소녀전선),Zas_M21(소녀전선)"
implied_ejaculation,
ethel_(xenoblade),"エセル(ゼノブレイド3),エセル"
juvia_lockser,"ジュビア・ロクサー,gruvia"
vivi_(ac8231),ヴィヴィ
saiga-12_(girls'_frontline),"Saiga-12,Saiga-12(少女前線),Saiga-12(ドールズフロントライン)"
white_streaks,
samejima_mamimi,"サメジママミ美,サメジマ,マミ美"
kamiki_mirai,カミキ・ミライ
pie_slice,
gachimuchi,"ガチムチ,Gatimuti,Gachimuchi,ガチムチパンツレスリング,レスリングシリーズ,gachiGASM,哲♂学,哲学,御三ゲイ"
elu_(nijisanji),"エルフのえる,えるの絵だよ,える,スノー・ホワイト・パラダイス・エルサント・フロウ・ワスレナ・ピュア・プリンセス・リーブル・ラブ・ハイデルン・ドコドコ・ヤッタゼ・ヴァルキュリア・パッション・アールヴ・ノエル・チャコボシ・エルアリア・フロージア・メイドイン・ブルーム・エル"
orihara_izaya,"折原臨也,折原临也,シズイザ,静臨"
water_world,塩湖
lakshmibai_(fate),"ラクシュミー・バーイー,ラクシュミー,ラクシュミー・バーイー(Fate)"
lappet,
nora_valkyrie,NoraValkyrie
tenma_maemi,"Artcoholic,お酒絵,天満マエミ,yabaholic"
blue_car,
tatsugiri,シャリタツ
loona_(helluva_boss),"ルナ,loona"
amagi_kai_(kancolle),天城改
mizura,"みずら,角髪"
power_girl_(1976_costume),
toph_bei_fong,"北方拓芙,トフ・ベイフォン,トフ,トフ(アバター伝説の少年アン)"
kaga_nazuna,"花芽なずな,なずなーと"
asumi_sena,"空澄セナ,空澄絵"
gibson_brands_inc,
arcee,アーシー
grim_reaper,
washington_(azur_lane),"ワシントン,ワシントン(アズールレーン),华盛顿"
nishimiya_shouko,西宮硝子
red_goggles,
apollo_justice,王泥喜法介
yagi_toshinori,"八木俊典,トゥルーマイト"
skylight,天窓
yato_(arknights),"夜刀,ヤトウ(アークナイツ)"
anastella_(zenless_zone_zero),
dart,ダーツ
kurumi_(kantoku),くるみ
cure_moonlight,キュアムーンライト
cure_magical,キュアマジカル
tiger_hood,
pola_(seaside_coincidence)_(azur_lane),"水辺のハプニング?,水边的事故?"
mine_(weapon),"地雷,機雷,landmine"
yuki_miku_(2017),雪ミク2017
plymouth_(azur_lane),"プリマス(アズールレーン),普利茅斯"
ayakashi_triangle,"あやかしトライアングル,あやトラ"
mutual_fingering,
hitoyo_(baffu),"一夜,一夜ちゃん,ひとよちゃん"
presenting_anus,
muse_dash,MuseDash
tail_belt,
kimeemaru,きめぇ丸
double_vaginal,一穴二本
takamine_takane,鷹峰高嶺
wonderlands_x_showtime_(project_sekai),"ワンダーランズ×ショウタイム,ワンダショミク,ワンダショカイト"
wood_carving_tool,
hostess,キャバ嬢
urasekai_picnic,"裏世界ピクニック,otherside_picnic"
serina_(nurse)_(blue_archive),鷲見セリナ(ナース)
pidgeot,ピジョット
akazutsumi_momoko,赤堤ももこ
kana_(fire_emblem),カンナ(FEif)
trigger_(company),
unworn_vest,
adjusting_hood,
phoenix_wright:_ace_attorney_-_spirit_of_justice,"逆転裁判6,逆转6"
setsuna_f._seiei,刹那・F・セイエイ
goredolf_musik,ゴルドルフ・ムジーク
fnc_(girls'_frontline),"FNC,FNC(ドールズフロントライン),FNC(少女前線)"
asobi_ni_iku_yo!,あそびにいくヨ!
jinshi_(kusuriya_no_hitorigoto),"壬氏,壬猫"
exposed_bone,
maylene_(pokemon),"スモモ,スモモ(トレーナー)"
food_in_ass,
natu,ネイティ
wonder_egg_priority,"ワンダーエッグ・プライオリティ,ワンダーエッグプライオリティ,ワンエグ"
black_coat_(kingdom_hearts),黒いコート
matsuno_karamatsu,"カラ松,松野カラ松"
izakaya,居酒屋
saria_(the_law)_(arknights),
wimple,
finana_ryugu_(1st_costume),フィナーナ・竜宮(通常)
stomach_day,いいおなかの日
steve_(minecraft),"スティーブ,プレイヤー(Minecraft),herosteve"
flower_braid,
pea_pod,インゲンマメ
undone_bikini,
bamboo_memory_(umamusume),"バンブーメモリー(ウマ娘),バンブーメモリー"
shout_lines,
headbutt,頭突き
extra_digits,
crown_(nikke),クラウン(勝利の女神:NIKKE)
crying_aqua_(meme),"アクア泣き顔,アクア変顔"
yellow_boots,
poverty,貧困
cure_wing,キュアウィング
back_turned,
hamster_ears,
heywood_l._edwards_(kancolle),"ヘイウッド・L・エドワーズ(艦隊これくしょん),ヘイウッド・L・エドワーズ(艦これ),ヘイウッド,Heywood_L._Edwards"
amos'_bow_(genshin_impact),阿莫斯之弓
print_innertube,
cutie_mark,キューティーマーク
dazed,
delmogeny_uniform,"デルモ,デルモゲニイ"
kurosaki_mea,黒咲芽亜
papika_(flip_flappers),"パピカ,パピココ"
pink_leggings,
iwasawa_masami,"岩沢,岩沢まさみ,岩沢雅美"
sakura_miko_(work),
shinazugawa_sanemi,不死川実弥
bard,
skirt_around_ankles,
hikigaya_komachi,比企谷小町
demonbane,デモンベイン
snow_halation,Snowhalation
snow_shelter,
granblue_fantasy_versus,"GBVS,ブラブルVS"
kohaku_(yua),狐白シリーズ
kisaragi_ren_(vtuber),"如月れん,れん絡帳"
digimon_card_game,"デジモンカードゲーム,デジカ"
k-on!_movie,映画けいおん!
cheetah_print,
wireless,
naoe_riki,直枝理樹
giuseppe_garibaldi_(kancolle),"ジュゼッペ・ガリバルディ,ジュゼッペ・ガリバルディ(艦隊これくしょん),ジュゼッペ・ガリバルディ(艦これ),Garibaldi,ガリバルディ,G.Garibaldi"
donut_hair_bun,
wooden_railing,
marle_(chrono_trigger),マール
see-through_skirt_layer,
soviet_army,"ソ連軍,ソ連地上軍,ソ連陸軍,赤軍,ソビエト連邦軍,ソ連兵"
urakaze_(yukata_mode)_(kancolle),浦風(浴衣)
chuck_(psg),チャック
swire_the_elegant_wit_(arknights),琳琅スワイヤー
vileplume,"ラフレシア,ラフレシア(ポケモン)"
mosquito_coil,"蚊取り線香,蚊取線香"
jururu,"주르르,ジュルル,Jururu"
mimino_kurumi,美々野くるみ
magik_(x-men),"Magik,マジック,イリアナ・ラスプーチン,Ильяна_Николаевна_Распутина"
u-1196,"U1196,白血球(はたらく細胞BLACK),白血球U-1196番,U-1996"
mermaid_costume,
penis_under_mask,
two-tone_pantyhose,
mightyena,グラエナ
u.a._cheerleader_uniform,
milk_factory,
ahiru_(princess_tutu),Ahiru
houshou_kumarine,"宝鐘クマリン,クマリン"
gawr_gura_(party_dress),
takaishi_takeru,高石タケル
ga-rei_zero,喰霊-零-
piston,
human_tower,
404_logo_(girls'_frontline),
meerkat_(kemono_friends),ミーアキャット(けものフレンズ)
brown_camisole,
shadow_of_the_colossus,ワンダと巨像
eiko_carol,"エーコ・キャルオル,エーコ"
rowboat,
wiping_blood,
eva_beatrice,エヴァ・ベアトリーチェ
boryeon_(last_origin),"보련,宝蓮"
cracker,乾パン
louise_(touhou),"ルイズ,루이즈,ルイズ(東方Project)"
head_between_pecs,
siesta_(zero_no_tsukaima),シエスタ
strike_witches:_aurora_no_majo,"ストライクウィッチーズ,オーロラの魔女"
heart_arms_duo,
whispering_in_ear,
hand_on_another's_mouth,
daki_(kimetsu_no_yaiba),堕姫
no_hairband,
vs_seeker,バトルサーチャー
fall_guy,
putting_on_headwear,
crono_(chrono_trigger),"クロノ(クロノトリガー),クロノ"
tohsaka_tokiomi,遠坂時臣
manaria_friends,マナリアフレンズ
arsene_lupin_iii,"ルパン三世(キャラクター),ルパン三世(架空のキャラクター)"
snoring,いびき
snowflake_ornament,
the_legend_of_zelda:_spirit_tracks,大地の汽笛
graph,図表
tamamo_(mon-musu_quest!),たまも
red_lightsaber,
kiyohime_(swimsuit_lancer)_(third_ascension)_(fate),
propaganda,政治宣传
cure_yell,キュアエール
hamakaze_(yukata_mode)_(kancolle),浜風(浴衣)
mash_kyrielight_(senpai_killer_outfit),先輩を殺す私服
xblaze_code:_embryo,XBLAZE
kobeya,"神戸屋,神戸屋レストラン,神戸屋キッチン"
pull_out,"外出し,膣外射精"
fushigiboshi_no_futago_hime,"ふしぎ星の☆ふたご姫,ふしぎ星のふたご姫,ふたご姫,法希"
multi-strapped_bra,
holoforce,"ホロふぉーす,ホロライブ4期生"
z1_leberecht_maass_(swimsuit_mode)_(kancolle),"Z1(水着),レーベ(水着)"
sled,
kumashiro_maya,神代マヤ
blue_overskirt,
dosanko_gal_wa_namaramenkoi,"道産子ギャルはなまらめんこい,道産子ギャル,産子ギャルファンアート,どさこい"
tamamo_no_mae_(jk)_(fate),玉藻JK
firecrackers,"鞭炮,爆竹"
hand_around_waist,
levy_mcgarden,レビィ・マクガーデン
danmaku_comments,"弾幕,弹幕评论"
print_pillow,
light_cruiser_oni,"軽巡棲鬼,那賀野"
hellhound_(monster_girl_encyclopedia),"ヘルハウンド(魔物娘図鑑),ヘルハウンド"
united_states_medal_of_honor,congressional_medal_of_honor
liru,りる
animal_ears_helmet,
oikura_sodachi,老倉育
death_note_(object),デスノート
asclepius_(fate),"アスクレピオス,アスクレピオス(Fate),創世滅亡輪廻ユガ・クシェートラ"
subarashiki_kono_sekai,"すばらしきこのせかい,すばせか,TWEWY"
himehina_channel,"ヒメチャンネル,田中ヒメ,ヒメヒナチャンネル,鈴木ヒナ,ヒメヒナアート"
dahlia,ダリア
rir-chan,りるちゃん
ribombee,アブリボン
ne-class_heavy_cruiser,重巡ネ級
swimsuit_theft,
corsola,サニーゴ
ai_arctic_warfare,"L96A1,AW50,L96,L115,AWP"
covered_fellatio,
coin_(ornament),
ginga_nakajima,ギンガ・ナカジマ
mister_donut,"ミスタードーナツ,ミスド,ミスタードーナッツ"
startend_(hololive),Startend
seikan_hikou,"星間飛行,キラッ☆"
mooncake,"月餅,月饼"
tales_of_eternia,"テイルズ・オブ・エターニア,テイルズオブエターニア,エターニア,TOE"
photokano,"フォトカノ,フォトカノKiss"
victorious_(kancolle),"Victorious,Victorious(艦隊これくしょん),Victorious(艦これ),ヴィクトリアス,ヴィクトリアス(艦隊これくしょん),ヴィクトリアス(艦これ)"
pee_in_container,アバ茶
murata_himeko_(vermillion_knight),"真红骑士·月蚀,真紅の騎士・月蝕"
hobble,
viking,
scathacha_(granblue_fantasy),"スカーサハ,ディアドラ,スカーサハ(グラブル)"
wandenreich_uniform,
ryokan,旅館
minccino,チラーミィ
impostor_(among_us),Imposter
chinchilla_ears,
ariake_(kancolle),"有明,有明(艦隊これくしょん),有明(艦これ)"
spots,
burp,"ゲップ,げっぷ,ザーメンゲップ"
peter_parker,ピーター・パーカー
persona_1,女神異聞録ペルソナ
ukulele,ウクレレ
shuten_douji_(festival_outfit)_(fate),キョンシー酒呑童子
shu_yamino,"YaminoArt,闇ノシュウ,Shussy,ShuYamino,shusta"
neneka_(princess_connect!),"ネネカ,ネネカ(プリコネ),現士見似々花"
nagusa_(blue_archive),御稜ナグサ
extreme_gaping,
sanada_clan_(emblem),"六文銭,六連銭"
extra_hands,
fi_(zelda),ファイ
headshot,"ヘッドショット,ヘッド・ショット"
tiktok,"抖音,ティックトック"
yatagarasu_(tsukumo_sana),
shipwreck,
princess_leia,"レイア・オーガナ,レイア姫,スレイブレイア"
hermit_crab,ヤドカリ
cucouroux_(granblue_fantasy),"ククル(グラブル),ククル"
puniru_(puniru_wa_kawaii_slime),ぷにる
azuki_azusa,小豆梓
quilava,マグマラシ
izuna_(shinrabanshou),白面金剛九尾イヅナ
maou-jou_de_oyasumi,"魔王城でおやすみ,Sleepy_Princess_in_the_Demon_Castle"
kagayaki_homare,輝木ほまれ
senkawa_minato,千川みなと
cure_diamond,キュアダイヤモンド
nipple_tag,"乳首に名札,安全ピン名札の乳首ピアス"
regis_altare,"リージス・アルテア,AlTogether,WorkofAlt,Altventurers,LaughTare,RegisAltare"
ramona_flowers,"ラモーナ・フラワーズ,ramonaflowers,scottmona,pineflower"
red_pikmin,赤ピクミン
sunrise_(company),"株式会社サンライズ,サンライズ繋がり"
nishikitaitei-chan,"二式大艇ちゃん,大艇ちゃん"
hoe,"鍬,くわ"
dark_pit,"ブラックピット,ブラピ"
h&k_g3,"H&K_G3,G3"
alpha_pokemon,オヤブン
mabinogi_heroes,"マビノギ英雄伝,마비노기영웅전,Vindictus"
igarashi_rika,"五十嵐梨花,絵画らしぃ"
black_gold_saw,"ブラック★ゴールドソー,BlackGoldSaw,B★GS"
joker_(dc),"ジョーカー(バットマン),ジョーカー"
mousse_(arknights),"慕斯,ムース,ムース(アークナイツ)"
murakami_tomoe,村上巴
genocider_shou,ジェノサイダー翔
giant_hand,
suicide_squad,"スーサイド・スクワッド,自杀小队"
ichii_tooru,"トオル,一井透"
perlica_(arknights),"佩丽卡,ペリカ,Perlica"
cerberus,ケルベロス
multicolored_bra,
mercury_(element),水銀
nurse_witch_komugi-chan,"ナースウィッチ小麦ちゃんマジカルて,Nurse_Witch_Komugi,NurseWitchKomugu,NurseWitchKomugiChan"
orion_(bear)_(fate),オリオン(Fate)
yusa_emi,"遊佐恵美,エミリア・ユスティーナ"
shaved_head,
goldfish_scooping,金魚すくい
teddiursa,ヒメグマ
mona_(pact_of_stars_and_moon)_(genshin_impact),
diego_brando,"ディエゴ・ブランドー,ディエゴブランドー"
xingchen,"星尘,星塵"
kuronami_(lvi),黒波さん
matilda_bouanich,"玛蒂尔达,玛蒂尔达·布翁尼,マチルダ・ブアニッシュ"
black_visor,
hoop_skirt,"フープ・スカート,フープスカート,ファージンゲール,ベルチュガダン,パニエ(18世紀),クリノリン"
wu_zetian_(first_ascension)_(fate),
araki_nonoka_(karaage_bou),"荒木野々花,Enkou-chan,えんこーちゃん"
removing_mask,
rixia_mao,リーシャ・マオ
zombification,
alternate_design,
aru_(new_year)_(blue_archive),"アル(正月),陸八魔アル(正月)"
uzuki_kou,"卯月コウ,絵画コウ,春画コウ"
hand_hair,
shirogane_noel_(school_uniform),白銀ノエル(制服)
linne_(under_night_in-birth),リンネ(UNI)
single_bang,
mini_santa_hat,
alessandra_susu,アレサンドラ・スース
dai_(series),
lae'zel,
mash_kyrielight_(swimsuit_of_perpetual_summer_ver.02),常夏の水着Ver.02
janna_(league_of_legends),Janna
karakai_jouzu_no_(moto)_takagi-san,からかい上手の元高木さん
piyoko_(uruha_rushia),
ceruledge,ソウブレイズ
chasca_(genshin_impact),"チャスカ,Chasca,恰斯卡"
alpaca_girl,
conte_di_cavour_nuovo_(kancolle),
why_dis_ninja_look_so_mad_(meme),whydislooksomad
em-2,"EM-2,EM2"
bandages_over_eyes,
airgetlam_(fate),"剣を摂れ、銀色の腕,一閃せよ、銀の腕"
swiftsure_(azur_lane),"スウィフトシュア(アズールレーン),スウィフトシュア,确捷"
elisia_valfelto,"elisiart,エリシア・ヴァルフェルト,エリシア"
sen_no_rikyu_(fate),千利休(Fate)
g36c_(girls'_frontline),"g36c,g36c(ドールズフロントライン),G36C,G36C(ドールズフロントライン),G36C(少女前线)"
munna,ムンナ
hume,ヒューム
house_dragonmaid,"ドラゴンメイド・ハスキー,ドラゴンメイド・シュトラール"
email_address,"電子メールアドレス,でんしメールアドレス,メールアドレス,メルアド,メアド,アドレス"
retoree_(show_by_rock!!),レトリー
scone,スコーン
ashes,
sv-98_(girls'_frontline),"SV-98,SV-98(少女前線),SV-98(ドールズフロントライン)"
eyewear_in_mouth,
kido_tsubomi,"木戸つぼみ,キド,カノキド"
keytar,
resident_evil_2_(remake),
holding_legwear,
bastet_(p&d),"バステト,バステト(パズドラ)"
yakusoku_no_neverland,"約束のネバーランド,約ネバ,약속의_네버랜드,约定的梦幻岛"
koffing,ドガース
tehepero,てへぺろ
guts_(kill_la_kill),
sitting_on_roof,
hisoka_morow,"ヒソカ,ヒソカ=モロウ,ヒソカ・モロウ"
bnw_(umamusume),BNW(ウマ娘)
baby's-breath,"カスミソウ,かすみ草,霞草"
playing_bass_guitar,
maihama_ayumu,舞浜歩
japari_bus,ジャパリバス
last_exile,ラストエグザイル
hand_around_neck,
yamato_aki,大和亜季
cure_grace,キュアグレース
lethe_(fire_emblem),レテ
cape_lift,
mint_(arknights),"薄绿,ミント(アークナイツ),ミント"
fabric,
samsung_sam,"SamsungSam,samsungassistant,samsunggirl"
shoukaku_kai_ni_(kancolle),翔鶴改二
hexagram_hair_ornament,
business_casual,ビジネスカジュアル
sigurd_(fate),"シグルド(Fate),シグルド"
nude_modeling,ヌードモデル
uchiha_obito,うちはオビト
u-olga_marie,"U-オルガマリー,E-オルガマリー"
butterfly_hat_ornament,
cumdrip_onto_panties,
mobile_trace_suit,ファイティングスーツ
yellow_sarong,
playing_flute,
algerie_(azur_lane),"アルジェリー,アルジェリー(アズールレーン),阿尔及利亚"
liyue_harbor,
lion_king_(lancer)_(fate),"女神ロンゴミニア,アルトリア・ペンドラゴン(ランサー),獅子王"
project_bunny,"重装小兔19c,重装ウサギ19c"
qualidea_code,クオリディア・コード
queen_draco_(second_ascension)_(fate),
mizushima_saki,水嶋咲
mandibles,
makai_tenshi_djibril,魔界天使ジブリール
marida_cruz,マリーダ・クルス
kahili_(pokemon),"カヒリ(ポケモン),カヒリ"
key_hair_ornament,
katana_man_(chainsaw_man),"サムライソード(チェンソーマン),サムライソード,Samurai_Sword_(chainsaw_man)"
taira_no_kagekiyo_(fate),"平景清(Fate),Taira_no_Kagekiyo_(Fate)"
dark_magician,"ブラック・マジシャン,ブラックマジシャン"
halsin,
haku_(sen_to_chihiro_no_kamikakushi),"ハク,ハク千,饒速水琥珀主"
belial_(granblue_fantasy),ベリアル(グラブル)
shibuya_(tokyo),"渋谷,渋谷区"
snow_white_(disney),白雪姫(ディズニー)
holding_eyeball,
takaya_noriko,"タカヤノリコ,タカヤ・ノリコ"
kazekoshi_school_uniform,
black_stripes,
bioshock_(series),バイオショック
cindy_aurum,"シドニー・オールム,シドニー"
foot_bath,
scarecrow,"案山子,稻草人,허수아비"
footjob_over_clothes,
mouse_on_head,
roxas,ロクサス
voltron_(series),
walther_ppk,"ワルサーPP,PPK"
originium_slug_(arknights),"源石虫,オリジムシ"
hooded_leotard,
self_wedgie,
spade_tattoo,
hina_ningyou,"雛人形,ひな人形"
shimohara_sadako,下原定子
cassiopeia_(constellation),"カシオペヤ座,仙后座"
united_states_army,"アメリカ陸軍,USA,USAAC"
human_dog,ヒトイヌ
wafer,"ウエハース,ウェハース"
bib_collar,
lycion,"Lysion,リシオン,莱卡布"
penelo,パンネロ
light_hello_(umamusume),"ライトハロー,ライトハロー(ウマ娘)"
koshigaya_natsumi,越谷夏海
bowser_jr.,クッパJr
tokoyami_fumikage,常闇踏陰
exhaust_pipe,
witch_craft_works,ウィッチクラフトワークス
falling_devil_(chainsaw_man),落下の悪魔
jaeger_(pacific_rim),"Jäger,Hunter"
sweater_under_shirt,
victini,ビクティニ
king_(snk),"キング(龍虎),キング"
kotohime_(touhou),"小兎姫,ことひめ,코토히메"
anti-rain_(girls'_frontline),AR小隊
alchemy,"錬金術,れんきんじゅつ,黄金術,おうごんじゅつ,煉丹術,れんたんじゅつ"
roromiya_karuta,髏々宮カルタ
rosado_(fire_emblem),"ロサード,ロサード(ファイアーエムブレム)"
fighting_master_alleyne,"戦闘教官アレイン,戦闘教官"
starcraft,スタークラフト
mayl_sakurai_(mega_man),桜井メイル
atri-my_dear_moments-,"ATRI-MyDearMoments-,ATRI,アトリ"
glowing_skin,
murasaki_shikibu_(swimsuit_rider)_(first_ascension)_(fate),
chi-class_torpedo_cruiser,"雷巡チ級,チ級,チーちゃん"
bili_girl_33,"Bili娘33号,33娘,BILIBILI娘—33,33,三三"
beelstarmon,ベルスターモン
nazo_no_kanojo_x,謎の彼女X
otogibara_era,"御伽原江良,えらすとや,エラ画像"
meguru_(cookie),MGR姉貴
triple_amputee,
slow_start,スロウスタート
music_stand,
gymnastics_ribbon,
gradient_bikini,
compression_sleeve,
slaine_troyard,"スレイン・トロイヤード,スレイン"
patting_lap,
crash,
ana_coppola,アナ・コッポラ
toujou_tsukasa,東城つかさ
mahoromatic,まほろまてぃっく
antler_ornament,
death_stranding,デス・ストランディング
kokonoe_tsubaki,九重椿
red_shrug,
queen's_blade_unlimited,"クイーンズブレイドアンリミテッド,クイーンズブレイドUNLIMITED"
grimlight,"백일몽화,Grimlight,GrimL,グリムライト"
hopeless_masquerade,東方心綺楼
oomuro-ke,"大室家,大室家アルバム,OMRK"
forte_(shingeki_no_bahamut),"フォルテ(神撃のバハムート),フォルテ"
g-suit,耐Gスーツ
comic_kairakuten_beast,快楽天ビースト
catherine_(project_moon),
oomuro_hanako,大室花子
paizuri_day,パイズリの日
reeds,
money_bag,
kagurazaka_asuna,神楽坂明日菜
soldier_11_(zenless_zone_zero),"11号,11号(ゼンゼロ)"
kabu_(pokemon),"カブ(トレーナー),卡蕪"
kawashima_sapphire,川島緑輝
kessoku_band_t-shirt,
tap_dance_city_(umamusume),"タップダンスシチー(ウマ娘),タップダンスシチー"
roboco-san_(hoodie),
chinatsu_(hot_spring)_(blue_archive),チナツ(温泉)
hair_over_crotch,
saikin_yatotta_maid_ga_ayashii,最近雇ったメイドが怪しい
metal_gear_solid_4:_guns_of_the_patriots,"MGS4,メタルギアソリッド4"
samoyed_(dog),
master_chief,マスターチーフ
musical_staff,
cogita_(pokemon),"コギト(ポケモン),コギト"
orange_hair_ornament,
human_head,
asterios_(fate),"アステリオス,アステリオス(Fate)"
idolmaster_live_for_you!,アイドルマスターライブフォーユー!
jenet_behrn,"B・ジェニー,B.ジェニー,ジェニー・バーン"
miniature,ミニチュア
leblanc_(league_of_legends),"LeBlanc,勒布朗,ルブラン"
heart_ring_choker,
colorful_festival_(project_sekai),"カラフェス,カラフルフェスティヴァル"
herensuge_girls_academy_school_uniform,エレンスゲ女学園
mochizuki_hijiri,望月聖
smoker_(one_piece),スモーカー
argyle_dress,
mont_blanc_(food),"モンブラン,蒙布朗"
rifle_cartridge,ライフル実包
ro-500_(swimsuit_mode)_(kancolle),呂500(水着)
quimbaya_airplane,黄金ジェット
kamiya_midori,神谷みどり
bear_bag,
himawari-san_(character),"ひまわりさん,ひまわりさん(人物)"
yuzuriha_(jigokuraku),"杠,傾主の杠"
shark_boy,
kazama_souta,"風間,風間蒼太"
witch's_labyrinth,結界
hakuryuu_(azur_lane),"白龍,白龍(アズールレーン),鹫,白龙"
mario_kart_tour,マリオカートツアー
elizabeth_tower,"ビッグ・ベン,ビッグベン,エリザベス・タワー"
all_the_way_through,体内貫通
queen_dizzy,クイーン・ディズィー
ankle_flower,
valkyrie_(p&d),ヴァルキリー
barbie_mugshot_(meme),barbiememe
polished_shoes,
titan_(titanfall),
lurantis,ラランテス
unofficial_sailor_senshi_uniform,セーラー戦士化
ladydevimon,レディーデビモン
clima-tact,"天候棒,クリマ・タクト"
allen_avadonia,アレン=アヴァドニア
face_to_pecs,
instant_udon,"インスタントうどん,インスタント饂飩,即席うどん,即席饂飩"
asakura_rikako,"朝倉理香子,아사쿠라리카코"
binaural_microphone,
siberian_tiger_(kemono_friends),アムールトラ(けものフレンズ)
melantha_(arknights),"玫兰莎,メランサ(アークナイツ)"
holding_lamp,
bitten_apple,
udagawa_ako,宇田川あこ
my_dear_vampire_(idolmaster),マイディアヴァンパイア
hatsune_miku_happy_16th_birthday_-dear_creators-,
torn_vest,
nobori,幟
gotland_andra_(kancolle),
goldeen,トサキント
roux_louka,ルー・ルカ
lapis_lazuli_(houseki_no_kuni),"ラピス・ラズリ,青金石,ラピス・ラズリ(宝石の国)"
the_yuudachi-like_creature,夕立っぽい生物
demon_costume,
sneaking,"忍び足,忍び歩き"
trick-or-treating,
aqua_coat,
rio_rollins,"リオ,リオ・ロリンズ・タチバナ"
pkp_(girls'_frontline),"PKP,PKP(ドールズフロントライン),PKP(少女前線)"
removing_pasties,
ninja_(final_fantasy),忍者
mandricardo_(fate),マンドリカルド(Fate)
caesar_anthonio_zeppeli,"シーザー・アントニオ・ツェペリ,シーザー・A・ツェペリ"
red_pajamas,
dick_grayson,ディック・グレイソン
christina_(princess_connect!),"クリスティーナ・モーガン,クリスティーナモーガン,クリスティーナ(プリコネ)"
7-eleven,セブンイレブン
judd_(splatoon),ジャッジくん
sabo_(one_piece),サボ(ONEPIECE)
hakamada_hinata,袴田ひなた
seiya_kou,星野光
hoshikuzu_witch_meruru,"星くず☆うぃっちメルル,星くずうぃっちメルル"
stepladder,脚立
voyager_(reverse:1999),"远旅,ボイジャー(リバース:1999)"
sonoda_yuu,園田優
scarlet_ibis_(kemono_friends),"ショウジョウトキ,ショウジョウトキ(けものフレンズ)"
mechanical_tentacles,
implied_rape,
super_sailor_chibi_moon,スーパーセーラーちびムーン
japan_ground_self-defense_force,"陸上自衛隊,陸自"
extra_tails,
articuno,フリーザー
sapphira_nyx,Sapphira_Nyx
cherry_earrings,
zange,"ざんげ,ざんげちゃん"
gilgamesh_(immoral_biker_jacket)_(fate),
salt_middle_school_uniform,
unworn_headgear,
fiery_ears,
ghostblade,鬼刀
stealth_fellatio,
metal_bikini,
steelix,ハガネール
gemma_(monster_hunter_wilds),"加工屋のジェマさん,ジェマ"
whip_(kof),ウィップ
bagpipe_(queen_no._1)_(arknights),
barre,
grasshopper,"バッタ,キリギリス"
oral_sandwich,fellatio_and_anilingus
prefect_team_(blue_archive),"風紀委員会,The_Disciplinary_Committee"
griseo_(cosmic_expression),
chariot_(black_rock_shooter),"チャリオット,シャリオ"
helma_lennartz,ヘルマ・レンナルツ
chansey,"ラッキー,ラッキー(ポケモン)"
sara_valestein,サラ・バレスタイン
itokonoue_kaoru,糸此上かおる
sandbag,"土嚢,沙袋"
fire_flower,
orange_eyeliner,
raising_heart_(standby_mode),"スタンバイモード,待機形態"
kushima_kamome,久島鴎
yami_to_boushi_to_hon_no_tabibito,ヤミと帽子と本の旅人
badminton_racket,
q-bee,キュービィ
narancia_ghirga,"ナランチャ・ギルガ,ナランチャ"
sanbou,三方
card_in_mouth,
sei_shounagon_(swimsuit_berserker)_(first_ascension)_(fate),
koshimizu_toru,"小清水透,泡色模様"
shizuku_(kantoku),
rocking_chair,
vinesauce,"ヴァインソース,vinesauce"
holding_magazine_(weapon),
vertical-striped_coat,
relm_arrowny,リルム・アローニィ
sophie_(tales),ソフィ(TOG)
hana_(fire_emblem),カザハナ
diner,
hiwatashi_nazuna,日渡なずな
anyamal_tantei_kirumin_zoo,"あにゃまる探偵,キルミンずぅ,あにゃまる探偵キルミンずぅ"
okita_sougo,"沖田総悟,沖神,沖神兄"
ninomae_ina'nis_(new_year),一伊那尓栖(正月衣装)
yellow_eyeshadow,
legend_clover,れじぇくろ
elysia_(summer_miss_elf)_(honkai_impact),"夏日妖精小姐♪,夏の妖精さん♪,エリシア(夏の妖精さん♪)"
cavalier_hat,
braided_beard,
tachi_(weapon),太刀
roro_(gunvolt),"Roro(蒼き雷霆ガンヴォルト),RoRo(蒼き雷霆ガンヴォルト)"
yomiyama_north_junior_high_school_uniform,
yuugumo_kai_ni_(kancolle),夕雲改二
night_battle_idiot,夜戦バカ
floragato,ニャローテ
steins;gate_0,"Steins;Gate0,シュタインズゲートゼロ,シュタインズ・ゲートゼロ,シュタインズゲート・ゼロ,シュタゲ0"
fossil,化石
hat_kid,"hat_kid,hat_girl"
zubat,"ズバット,ズバット(ポケモン)"
olivia_(pokemon),"ライチ(ポケモン),ライチ(トレーナー),ライチ"
double_breast_sucking,
sith,シス
kataoka_yuuki,片岡優希
holding_rabbit,
skirk_(genshin_impact),"スカーク,skirk,丝柯克,スカーク(原神)"
furutaka_kai_ni_(kancolle),古鷹改二
anzai_romi,"安斎蕗美,アローミ"
3d_glasses,"3Dメガネ,3D眼鏡,赤青メガネ"
majora_(entity),ムジュラ
blue_mask,
yabuki_kana,矢吹可奈
battle_angel_alita,銃夢
the_legend_of_zelda:_link's_awakening,"ゼルダの伝説夢をみる島,夢をみる島"
la_pucelle,"ラ・ピュセル,ラピュセル"
culottes,
galgrease,
saya_(scabbard),鞘
firefly_(ar-26710)_(honkai:_star_rail),
nhk_ni_youkoso!,"NHKにようこそ!,NHKにようこそ,N・H・Kにようこそ!"
shiranui_kai_ni_(kancolle),不知火改二
lisa_(ponyo),"リサ,リサ(崖の上のポニョ)"
weapon_connection,武器相仿
subaru_(brand),"スバル,SUBARU,富士重工,富士重工業"
irisu_fuyumi,入須冬実
pink_armor,
nodding,
manon_legrand,"マノン・ルグラン,マノン,マノン(ストリートファイター)"
imperium_of_man,
chinchou,チョンチー
volcarona,ウルガモス
nymph_(arknights),"妮芙,ニンフ,ニンフ(アークナイツ)"
tokiwadai_school_swimsuit,
mizuki_kotori_(yu-gi-oh!),観月小鳥
striped_sports_bra,
ryuuzaki_umi,龍咲海
gold_tiara,
russo-ukrainian_war,"ウクライナ侵攻,ウクライナ紛争,クリミア危機・ウクライナ東部紛争"
rpk-16_(renate)_(girls'_frontline),
holding_shell,
alastor_(hazbin_hotel),"アラスター(ハズビン・ホテル),アラスター,Alastor,HazbinHotelAlastor"
hoshimachi_suisei_(shout_in_crisis),"ぎらぎらほしまち,星街すいせい5周年LIVE"
saigyouji_yuyuko_(living),
sound_wave,
uraeus,
stalactite,"鍾乳石,つらら石"
candle_wax,
hamidashi_creative,"ハミダシクリエイティブ,ハミクリ"
ayra_(fire_emblem),"アイラ,アイラ(FE聖戦)"
frankenstein's_monster_(swimsuit_saber)_(first_ascension)_(fate),
voltron:_legendary_defender,"ボルトロン,ヴォルトロン,voltron,볼트론:_전설_속의_수호자"
kingdom_key,
cinnamon_(nekopara),"シナモン(ネコぱら),シナモン"
back_cover,
debidebi_debiru,"でびでび・でびる,でびるさまにささげるえ,でびるさま,でびるさま(けものフレンズ)"
zipper_footwear,
shoulder-to-shoulder,
watarase_jun,"渡良瀬準,準にゃん"
atri,"アトリ,アトリ(ATRI)"
canards,
buying_condoms,ゴム購入
ikuta_haruki,郁田はるき
suzuya_(christmas_mode)_(kancolle),鈴谷(クリスマス)
mora_(genshin_impact),摩拉
suzushina_yuriko,鈴科百合子
uohhhhhhhhh!_(meme),うおおおおああああああ
rosanna_(nikke),"ロザンナ(勝利の女神:NIKKE),ロザンナ"
pink_clouds,
murkrow,ヤミカラス
aurochs_(kemono_friends),オーロックス(けものフレンズ)
cure_wonderful,キュアワンダフル
bumblebee_(transformers),"バンブルビー,バンブル"
suicidal_girl_(hamsterfragment),
towel_rack,タオル掛け
meatball,
instant_soba,"インスタントそば,インスタント蕎麦,即席そば,即席蕎麦,インスタント焼きそば,即席焼きそば,インスタントやきそば,即席やきそば,インスタント焼き蕎麦,即席焼き蕎麦"
brown_sports_bra,
game_boy_advance,ゲームボーイアドバンス
super_famicom,"スーパーファミコン,スーファミ"
final_form_frieza,フリーザ最終形態
kumo_desu_ga_nani_ka?,蜘蛛ですが、なにか?
uroko_(pattern),鱗
sin_kiske,"シン=キスク,シン・キスク,シン(ギルティギア)"
seisenshi_dunbine,"聖戦士ダンバイン,ダンバイン"
side-view_mirror,ドアミラー
yakiniku,焼肉
licking_weapon,
k'_(kof),"K',ケイ・ダッシュ"
partially_opaque_glasses,
pandora_(mega_man),"パンドラ(ロックマン),パンドラ"
hair_scarf,
shamu_meruruusa,シャム・メルルーサ
sessyoin_kiara_(swimsuit_mooncancer)_(first_ascension),
azula,"阿祖拉,アズーラ姫,アズーラ,アズーラ(アバター伝説の少年アン)"
dlanor_a._knox,ドラノール・A・ノックス
holding_nail,
pixiv_fantasia_sword_regalia,"pixivファンタジアSR,PFSR,PFSRPC"
first_high_school_uniform,
southern_tamandua_(kemono_friends),ミナミコアリクイ(けものフレンズ)
pearl_choker,
story_of_eastern_wonderland,東方封魔録
fishnet_fabric,
equipment_layout,ウェポンロードディスプレイ
master_and_servant,
azuki_(nekopara),"アズキ,アズキ(ネコぱら)"
jian_(weapon),
snow_white_(sinoalice),"スノウホワイト(シノアリス),スノウホワイト"
grilled_eel,
digitan_(porforever),
jinako_carigiri,ジナコ=カリギリ
haruka_(new_year)_(blue_archive),"ハルカ(正月),伊草ハルカ(正月)"
frilled_boots,
purple_pasties,
too_many_birds,
slot_machine,"🎰,スロットマシン"
fallout:_new_vegas,"Fallout:Newvegas,フォールアウト:ニューベガス,フォールアウトニューベガス,DeadMoney,Dead_Money,デッドマネー"
sos_brigade,SOS団
shrek_(series),シュレック
delthea_(fire_emblem),デューテ
kogami_akira,小神あきら
shitty_t-shirt_naval_base,クソT鎮守府
mvp,MVP
magia_azure,マジアアズール
usada_pekora_(furi_furi_bunny_dress),"フリフリバニードレス,兎田ぺこら(フリフリバニードレス)"
lamborghini,"兰博基尼,ランボルギーニ"
double_biceps_pose,ダブルバイセップス
orfevre_(old_design)_(umamusume),"オルフェーヴル(ウマ娘),マスクド三冠バ"
killer_queen,キラークイーン
silence_suzuka_(emerald_on_the_waves)_(umamusume),"波間のエメラルド,夏の陽は、青く凪ぐ"
magatsuchi_shouta,真ヶ土翔太
black_gothic_dress_(idolmaster),ブラックゴシックドレス
tamamo_aria_(fate),"タマモアリア,タマモアリアち"
baobhan_sith_(swimsuit_pretender)_(second_ascension)_(fate),
socks_over_thighhighs,
brush_stroke,
cerberus_(shingeki_no_bahamut),"ケルベロス(神撃のバハムート),ケルベロス,ケルベロス(グラブル)"
arai-san_mansion,アライさんマンション
sekishiro_mico,"堰代ミコ,ミコのえほん"
tabitha_(zero_no_tsukaima),タバサ
hapymaher,ハピメア
tachibana_hinano,
durga_(fate),ドゥルガー(Fate)
phoenix_wright:_ace_attorney_-_dual_destinies,逆転裁判5
wolf_pelt,
arifureta_shokugyou_de_sekai_saikyou,"ありふれた職業で世界最強,ありふれた職業で世界最強_(小説),平凡职业成就世界最强,Arifureta,From_Common_Job_Class_to_the_Strongest_in_the_World_(Novel)"
striped_scrunchie,
mazda_rx-7,"サバンナRX-7,FC3S,FC,RX-7,FD3S,FD"
clutching_chest,
lorenz_hellman_gloucester,ローレンツ=ヘルマン=グロスタール
postage_stamp,切手
pumpkin_costume,
litchi_faye_ling,ライチ=フェイ=リン
wien_margarete,ウィーン・マルガレーテ
chain_paradox,チェインパラドクス
wii,
night_raven_college_uniform,
adhesive_bra,"ヌーブラ,NuBra"
taxi,タクシー
ethereal_(zenless_zone_zero),"エーテリアス,以骸"
manaka_non_(normal),
jewelpet_twinkle,ジュエルペットてぃんくる☆
nikaido_chizuru,二階堂千鶴
kanae_(tsukiman),
martha_(swimsuit_ruler)_(third_ascension)_(fate),
kai_no_kiseki,"界の軌跡,軌跡シリーズ"
senya_(dq11),セーニャ(DQ11)
souya_ichika,"宗谷いちか,いちかあるばむ"
chosen_undead,
tiger_(kemono_friends),"トラ(けものフレンズ),ベンガルトラ(けものフレンズ)"
toy_car,
aizawa_kazuha,相澤一葉
lunch_(bad)_(dragon_ball),"金髪ランチ,BadLaunch"
sneer,
checkered_headwear,
lace-up_top,
gantz_suit,ガンツスーツ
rattata,コラッタ
dilapidated,
mp5_(girls'_frontline),"MP5,MP5(ドールズフロントライン),MP5(少女前線)"
cat_stretch,
tanaka_mako,"田中真子,黒木智子となかまたち,ゆりまこ,まこもこ,よしまこ"
holding_crayon,
takamine_noa,高峯のあ
spirit_blossom_kindred,
waist_poke_ball,
ursula_(23),ursula
censored_gesture,
hitoribocchi_no_marumaru_seikatsu,"ひとりぼっちの○○生活,ぼっち生活"
tsuchinoko,"ツチノコ,槌の子,つちのこ"
swanna,スワンナ
liu_association_(identity)_(project_moon),
togenashi_togeari,トゲナシトゲアリ
prostate,前立腺
photo_album,フォトアルバム
buront,ブロントさん
meika_hime,"鳴花ヒメ,鳴花ヒメ・ミコト"
atom,"原子,げんし,アトム,元素,げんそ,単位,たんい"
piloting,
kanagawa_okinami_ura,"神奈川沖浪裏,かながわおきなみうら"
holding_ofuda,
platinum_(shimmering_dew)_(arknights),
dipper_pines,ディッパー・パインズ
super_mario_rpg,"スーパーマリオRPG,SuperMarioRPG"
flat_top_chef_hat,
dorothy_west,"ドロシー・ウェスト,ドロレオ,ドレッシングパフェ,桃乐丝·威斯特"
ar_tonelico_iii,アルトネリコ3
solaria_(ebonyxh),
juggling,ジャグリング
tactics_ogre,タクティクスオウガ
bili_girl_22,"Bili娘22号,22娘,BILIBILI娘—22,22,二二"
osakabehime_(swimsuit_archer)_(fate),刑部姫(水着)
dragapult,ドラパルト
karate,空手
fruit_tart,フルーツタルト
xenomorph,ゼノモーフ
koumajou_densetsu_2,
kubo_tite_(style),"久保帯人,野生の久保,野生の久保帯人"
gokotai,"五虎退(刀剣乱舞),五虎退"
matara_kan,"matarakan,mat'tarakan,матьтаракaн,KanCraft,OnlyKans,Roach34"
snuffy_(vtuber),"スナッフィー,snuffyowo,snuffyart,Snuffy"
bluesky_logo,
koshi_torako,"虎视虎子,虎視虎子,虎视碳,koshitan,こしたん"
razia,ラスティナ
cthulhu,クトゥルフ
card_game,"トランプゲーム,トレーディングカードゲーム,CCG,OCG,TCG"
splat_roller_(splatoon),"スプラローラー,スプラローラーコラボ,スプラローラーコロコロ"
skeletal_wings,骨翼
weapon_merchant_cattleya,"武器屋カトレア,武器屋"
io_(pso2),イオ(PSO2)
wilhelmina_braunschweig_ingenohl_friedeburg,"ヴィルヘルミーナ・ブラウンシュヴァイク・インゲノール・フリー,ヴィルヘルミーナ"
mishima_kazuya,三島一八
shiny_chariot,"シャイニィシャリオ,莎莉欧"
striped_footwear,
satyr_(granblue_fantasy),"サテュロス(グラブル),サテュロス"
persona_2_tsumi,ペルソナ2罪
planter,
after_rain,雨上がり
aipom,エイパム
double-barreled_shotgun,lupara
painwheel_(skullgirls),"ペイホイール,ペインホイール"
red_snake,
fainted,失神
insulated_delivery_bag,
chou-10cm-hou-chan_(hatsuzuki's),
a-chan_(1st_costume)_(hololive),友人A(シャツ衣装)
holding_party_popper,
taut_sweater,
project_diva,
wet_shorts,
bouncing_pecs,
muntins,
comedic_sweatdrop,汗マーク
lilith_(saikin_yatotta_maid_ga_ayashii),リリス
prince,王子
indirect_kiss,"間接キス,间接亲吻"
the_simpsons,"シンプソンズ,ザ・シンプソンズ"
unworn_blindfold,
kurosu_aroma,"黒須あろま,黑须茱香,あろみか,アロマゲドン,ガァルマゲドン,ガァルマゲドン・ミ"
rolling_pin,"麺棒,めんぼう,擀面杖,밀방망이"
ramza_beoulve,"ラムザ,ラムザ・ベオルブ"
the_king_of_fighters_all-stars,"KOFAS,KOFALLSTAR,KOF_ALLSTAR,プリティー・ファイター"
rika_(touhou),"里香(東方Project),里香,리카"
umamusume:_road_to_the_top,"Road_to_the_Top,ウマ娘プリティーダービーRoad_to_the_Top,RTTT"
mitachurl_(genshin_impact),
spoken_mars_symbol,
zentreya_(dragon),
momdroid_(mechanical_buddy_universe),"おふくロイド,あるドロイド"
watashi_no_oshi_wa_akuyaku_reijou,"私の推しは悪役令嬢。,私の推しは悪役令嬢,わたおし,I_favor_the_villainess,내최애는악역영애,wataoshi,わた推し,ILTV,我推是反派大小姐"
cross-species_cosplay,
emilie_(genshin_impact),"艾梅莉埃,エミリエ(原神),エミリエ"
empoleon,エンペルト
cum_in_footwear,射鞋
hanazono_hakari,花園羽香里
lipstick_mark_on_stomach,
haruna_(new_year)_(blue_archive),黒舘ハルナ(正月)
hatch,
emily_stock,"エミリー·ストック,エミリー"
cure_nyammy,キュアニャミー
alakazam,フーディン
kyouno_madoka,京乃まどか
tibetan_fox_(kemono_friends),チベットスナギツネ(けものフレンズ)
yagen_toushirou,薬研藤四郎
kendama,けん玉
green_helmet,
pov_breasts,
price,
rapunzel_(nikke),"ラプンツェル(勝利の女神:NIKKE),ラプンツェル,라푼젤(NIKKE)"
nishizono_chigusa,"西園チグサ,ニシゾノート,絵ッチグサ"
shin_getter_robo,"真ゲッターロボ,チェンジ!!ゲッターロボ世界最後の日,真!!ゲッターロボ,世界最後の日"
odaiba_girls_high_school_uniform,御台場女学校
male_lactation,
matsumi_kuro,"松実玄,まつみくろ"
red_garter_belt,
velouria_(fire_emblem),"ベロア,ベロア(FEif)"
chunithm,"CHUNITHM,チュウニズム"
red_riding_hood_(sinoalice),赤ずきん(シノアリス)
taurus_(constellation),"おうし座,牡牛座,金牛座,황소자리"
antonio_salieri_(second_ascension)_(fate),
poro_(league_of_legends),"ポロ,poro"
snowscape,
thick_lineart,
raccoon_hood,
zakuro_(rariatto),zakuro_the_vampire
quiet_(metal_gear),クワイエット
kaijuu_no._8,"怪獣8号,怪獣8,8Kaijuu,Kaijuu_8-goo"
wet_thighhighs,
sumomo_(blue_archive),"スモモ,スモモ(ブルーアーカイブ)"
holding_sheet,
cithis,シスヒス
creeparka,クリーパーカー
black_cat_(marvel),"ブラックキャット(MARVEL),blackcatmarvel"
rockruff,イワンコ
drifblim,フワライド
miyadeguchi_mizuchi,"宮出口瑞霊,宫出口瑞灵,미야데구치미즈치"
moon_rabbit,"月の兎,月兔,玉兔"
musharna,ムシャーナ
gundula_rall,グンドュラ・ラル
ribbon-trimmed_apron,
framme_(fire_emblem),"フラン(FE),フラン,フラン(ファイアーエムブレム)"
sewing_machine,"ミシン,缝纫机"
through_painting,
super_cub,"スーパーカブ(小説),スーパーカブ,スーパーカブ(アニメ)"
mystia_lorelei_(bird),
swedish_flag,"🇸🇪,スウェーデンの国旗"
w_corp._(identity)_(project_moon),
wolfgang_amadeus_mozart_(fate),"ヴォルフガング・アマデウス・モーツァルト(Fate),ヴォルフガング・アマデウス・モーツァルト,アマデウス"
glowing_clothes,
aizawa_tomo,相沢智
endro!,"えんどろ〜!,えんどろ~!,えんどろ,end_ro!"
seahorse,タツノオトシゴ
idolmaster_starlit_season,"アイドルマスタースターリットシーズン,スタマス"
comiket_96,c96
interlocked_mars_and_venus_symbols,⚤
kissing_object,
nina_(breath_of_fire_ii),ニーナ(BOF2)
mithrun_(young),若ミス
gimp_mask,全頭マスク
viola_(pokemon),"ビオラ(トレーナー),ビオラ,ツクビオ,ザクビオ"
white_chemise,
aoqun,"袄裙,ao_qun,ruqun"
kobushi_abiru,"小節あびる,こぶしあびる"
haxorus,オノノクス
colored_pencil,彩铅
yang_guifei_(third_ascension)_(fate),
spheal,タマザラシ
bikini_briefs,ビキニパンツ
test_tube_rack,
matsuno_choromatsu,チョロ松
sagging_testicles,垂れ玉
holding_over_opposite_shoulder,
freyja_(fire_emblem),フレイヤ(FE)
hector_(fire_emblem),ヘクトル
breath_of_fire_iv,"ブレスオブファイア4,bof4"
tosaki_mimi,"兎咲ミミ,ミミ画"
lulu_(ff10),ルールー
mole_on_back,
sweat_stain,
gagaga_girl,ガガガガール
elhaym_van_houten,エレハイム・ヴァン・ホーテン
umayuru,うまゆる
kamen_rider_ooo_(series),"仮面ライダーオーズ,仮面ライダーOOO"
akatsuki_(log_horizon),アカツキ
taion_(xenoblade),"タイオン,タイオン(ゼノブレイド3)"
fin_funnels,"フィン・ファンネル,フィンファンネル"
pink_hood,
fletchling,ヤヤコマ
nakaseko_kaori,中世古香織
swampert,ラグラージ
your_diary,ユアダイアリー
purple_tunic,
united_states_navy,"アメリカ海軍,USN"
doudanuki_masakuni,同田貫正国
elona,"elona,エレア"
covering_head,
wet_male_underwear,
orin_the_red,"奥林,OrinTheRed"
k/da_all_out_evelynn,
orange_feathers,
bar_soap,
fallout_4,"fallout4,フォールアウト4"
cooperative_grinding,
necromancer,"ネクロマンサー,死霊使い,死霊術師"
yunomiya_agari,"湯ノ宮あがり,湯宮あがり"
camisole_pull,
meika_mikoto,"鳴花ミコト,鳴花ヒメ・ミコト"
helianthus_(girls'_frontline),"赫丽安图丝,헬리안,赫麗安,赫丽安,ヘリアントス,ヘリアン,ヘリアン(ドールズフロントライン),へリアン"
majin_buu,"魔人ブウ,ブウ,魔人ブゥ,魔人ブー,魔神ブウ,魔人布欧,布欧,ミスター・ブウ"
kibina_high_school_uniform,
tanikaze_amane,谷風天音
godzilla_(shin),シン・ゴジラ
over_the_mouth_gag,
berserker_armor,
kiyohime_(third_ascension)_(fate),
pleated_shorts,
asacoco,"あさココ,朝ココ"
character_pillow,
kikyou_(inuyasha),"桔梗(犬夜叉),桔梗"
hand_under_shorts,
accessories,
yoshino_chidori,チドリ
people's_liberation_army,"中国人民解放军,人民解放军,中国人民解放軍,人民解放軍,PLA"
groping_motion,"わきわき,ワキワキ"
undersized_animal,
beyblade,"ベイブレード,爆転シュートベイブレード,メタルファイトベイブレード,ベイブレードバースト"
otter_girl,
titans_(gundam),ティターンズ
holding_sandals,
saliva_swap,
a.k.i._(street_fighter),"AKI,A.K.I."
isopod,"フナムシ,ダイオウグソクムシ,オオグソクムシ,シー・スレーター"
may_of_doom,"메이,滅亡のメイ,멸망의메이"
selphie_tilmitt,
kaname_buccaneer,カナメ・バッカニア
duke_of_york_(azur_lane),"デューク・オブ・ヨーク(アズールレーン),デューク・オブ・ヨーク,约克公爵"
clock_hands,
broly_(dragon_ball_z),"ブロリー,ブロリー(ドラゴンボールZ),Broly"
albacore_(azur_lane),"アルバコア(アズールレーン),大青花鱼"
strelizia,"ストレリチア,ストレリチア(ダリフラ)"
crawling_dreams,
ohitsu,"お櫃,御櫃,飯櫃"
rhea_(summer)_(fire_emblem),
cure_chocolat,キュアショコラ
spiked_dildo,
black_tears,
cure_passion,キュアパッション
cure_la_mer,キュアラメール
beatrice_(princess_principal),"ベアトリス(プリンセス・プリンシパル),ベアトリス"
helena_blavatsky_(third_ascension)_(fate),
damage_numbers,
star_ocean_the_last_hope,"スターオーシャン4,SO4"
higurashi_no_naku_koro_ni_mei,ひぐらしのなく頃に命
caress,
teletha_testarossa,テレサ・テスタロッサ
belarus_(hetalia),"ベラルーシ,ナターリア・アルロフスカヤ"
kiryuu_moeka,"桐生萌郁,閃光の指圧師"
otouto_(92m),
christmas_tree_costume,
cooperative_footjob,W足コキ
color_switch,"カラーチェンジ,配色チェンジ,東方色交換"
asbel_lhant,"アスベル・ラント,アスベル"
rodney_(azur_lane),"ロドニー(アズールレーン),ロドニー,罗德尼"
bionicle,"バイオニクル,810NICLEDay,810NICLE,legobionicle,biovival"
dana_zane,デイナ・ゼイン
suo_sango_(1st_costume),周央サンゴ(通常)
voodoo_doll,
solar_eclipse,"日食,日蝕"
transparent_fan,
boku_to_koi_suru_ponkotsu_akuma.,"僕と恋するポンコツアクマ。,恋クマ。,Koikuma."
kiryu_tsukasa_(idolmaster),桐生つかさ
feathered_dragon,
hat_under_hood,
multicolored_sweater,
pink_bandaid,
dateko_(92m),
snowman_hair_ornament,
reverse_nursing_fingering,
repairing,
waffle_cone,
bagua,八卦
shoe_loss,
mickey_mouse_ears,
boss_fight,ボス戦
koisuru_asteroid,"恋する小惑星,koias,Asteroid_in_Love,恋爱小行星,恋アス"
pile_of_skulls,
comiket_97,C97
picnic_blanket,
lego,"LEGO,レゴ,レゴブロック"
blood_on_feet,
stielhandgranate,"ポテトマッシャー,M24型柄付手榴弾"
lace-trimmed_bow,
thanatos_(hades),
rance_10,"ランス10,RanceX-決戦-"
textbook,教科書
body_exploration,性器観察
h&k_usp,"USP,USP.45,P8"
thick_outlines,
ukrainian_flag,"🇺🇦,ウクライナ国旗"
artificial_flower,
takamura_yui,篁唯依
romancing_saga_2,"ロマンシングサ・ガ2,ロマサガ2,ロマンシングサガ2,リベンジオブザセブ"
diary,"日記,にっき,日記帳,にっきちょう"
too_many_books,
kamui_(kill_la_kill),神衣
blood_on_mouth,
multicolored_buttons,
futaki_kanata,二木佳奈多
raven_(honkai_impact),"ナターシャ・キオラ,娜塔莎·希奥拉,渡鸦"
sunday_silence_(racehorse),サンデーサイレンス
evelysse_(star_ocean),イヴリーシュ
protagonist_2_(housamo),主2
xiao_(project_moon),シャオ
small_penis_humiliation,SPH
seto_no_hanayome,瀬戸の花嫁
soda_(twinkling_bunny)_(nikke),ソーダ:トゥインクルバニー
cutting_own_hair,
sr-3mp_(girls'_frontline),"SR-3MP,SR-3MP(ドールズフロントライン),SR-3MP(少女前線),SR3MP"
chouno_ami,蝶野亜美
shiro_(sewayaki_kitsune_no_senko-san),"シロ,シロ(世話やきキツネの仙狐さん)"
cure_summer,キュアサマー
sakuyamon,サクヤモン
ogami_sakura,大神さくら
eliza_(skullgirls),イライザ
female_mage_(dungeon_and_fighter),
hover_bike,ホバーバイク
pantsing,
shinko_windy_(umamusume),"シンコウウインディ,シンコウウインディ(ウマ娘)"
li_sushang_(jade_knight),JadeKnight
ermes_costello,エルメェス・コステロ
torn_capelet,
crystal_exarch,水晶公
lawine_(sousou_no_frieren),"ラヴィーネ(葬送のフリーレン),ラヴィーネ"
masaki_sasami_jurai,砂沙美
whale_girl,
two-tone_socks,
le_temeraire_(azur_lane),"ル・テメレール,ル・テメレール(アズールレーン),鲁莽"
penguins_performance_project_(kemono_friends),"PPP(けものフレンズ),ペパプ,PPP"
harisen,折扇
inu_sakuya_(nejikirio),いぬさくや
fuse,導火線
distress,
print_tank_top,
dizzy,
drawn_tail,
shining_(silent_night)_(arknights),
praetor_suit,
nuko_(shoujo_shuumatsu_ryokou),ヌコ
numbers_(nanoha),ナンバーズ(リリカルなのは)
french_horn,フレンチホルン
princess_lover,"プリンセスラバー,プリンセスラバー!,プリラバ"
blue_crown,
godzilla_(monsterverse),GODZILLA(モンスターバース)
anne_(shingeki_no_bahamut),アン(神撃のバハムート)
nazuna_(hidamari_sketch),なずな
nurarihyon_no_mago,"ぬらりひょんの孫,ぬら孫"
wiping_forehead,
felicia_hardy,"フェリシア・ハーディ,feliciahardy"
gardening,
sophie_twilight,ソフィー・トワイライト
jet_set_radio,"ジェットセットラジオ,JSR,JetSetRadio,JETSETRADIO"
lipstick_mark_on_leg,
mixed_maids,
fairimon,フェアリモン
flick,
takamiya_rion_(1st_costume),"鷹宮リオン(通常),鷹宮リオン(帝華高校制服)"
ouroboros,
searching,
macaron_hair_ornament,
sakutarou_(umineko),さくたろう
aria_wintermint,
princess_of_the_crystal,プリンセス・オブ・ザ・クリスタル
red_jumpsuit,
lightning_glare,
hyena_boy,
ice_climber,アイスクライマー
grey_mask,
biting_nipple,
mukaido_manaka,向井戸まなか
black_fundoshi,
mass_production_eva,"EVA量産機,量産機,エヴァシリーズ,エヴァンゲリオン量産機"
tsukuyomi_ai,月読アイ
utsushimi_kemii,現見ケミィ
welrod,ウェルロッド
tachibana_himeko,立花姫子
orange_planet_uniform,
eden's_zero,"エデンズゼロ,EDENSZERO"
rabbit_background,
tenco's_story,"天子の旅,短髪天子"
too_many_eyes,
kuroki_tomoki,"黒木智貴,黒木姉弟"
kaburagi_t._kotetsu,鏑木・T・虎徹
archie_(pokemon),"アオギリ,アオマツ,マツアオ"
against_rock,
soma_peries,"ソーマ・ピーリス,マリー・パーファシー"
salt_bae_(meme),"saltbae,ソルトバイ,ヌスラト・ガネーシュ"
gundam_arsenal_base,"アーセナルベース,機動戦士ガンダムアーセナルベース,ガンダムアーセナルベース"
triangle_halo,
wrapped_bento,
luke_fon_fabre,ルーク・フォン・ファブレ
shichirin,七輪
washing_vehicle,"洗車,エロ洗車"
nakatsu_shizuru,中津静流
dark_samus,ダークサムス
bee_costume,
platform,
deer_boy,
bluebird,ルリツグミ
sapling_(ceres_fauna),
cuddly_octopus,
cat_earrings,
copyright_logo,
portal_1,
hoshiguma_(ronin_huntress)_(arknights),
3;,
falcon,"鷹,ハヤブサ"
sefirot,"セフィロト,セフィロトの樹"
chi-hatan_school_uniform,
atelier_firis,"フィリスのアトリエ,A18"
crosier,司教杖
vanessa_(kof),"ヴァネッサ,ヴァネッサ(KOF),温妮莎"
summon_night_2,サモンナイト2
circuit_board,
arisa_(shadowverse),"アリサ(シャドウバース),アリサ(プリコネ)"
severed_hand,
hina_(girls_band_cry),"ヒナ,ヒナ(ガールズバンドクライ)"
airi_kanna,"Kannart,藍璃かんな,아이리칸나,knart"
draw_this_in_your_style_challenge,DTIYS
triple_wielding,
jogging,ジョギング
tokido_saya,朱鷺戸沙耶
bowling_ball,ボウリング
tsukuyomi_moonphase,月詠(漫画)
display,
guido_mista,"グイード・ミスタ,ミスタ,ジョルミス"
kono_subarashii_sekai_ni_bakuen_wo!,この素晴らしい世界に爆焔を!
native_american_headdress,
gohan_beast,"孫悟飯ビースト,悟飯ビースト,ビースト悟飯"
mantis_girl,カマキリ娘
shirakami_fubuki_(new_year),"白上フブキ(正月衣装),白上吹雪(正月衣装)"
nakahara_misaki,中原岬
aika_granzchesta,藍華·S·グランチェスタ
barn,
asta_(black_clover),"アスタ,アスタ(ブラッククローバー)"
kawaii_boku_to_142's_(idolmaster),"カワイイボクと142's,142's"
puritan_collar,ピューリタンカラー
makinami_(kancolle),"巻波,巻波(艦隊これくしょん),巻波(艦これ)"
dokugamine_riruka,毒ヶ峰リルカ
sage_(granblue_fantasy),
barmaid,
anabuki_tomoko,穴拭智子
crotch_strap,
purple_babydoll,
jakuzure_nonon_(symphony_regalia),奏の装
fruit_bowl,
tenkuu_no_crystalia,天空のクリスタリア
multiple_moons,
petra_leyte,"ペトラ・レイテ,ペトラレイテ"
digimon_story:_cyber_sleuth,"デジモンストーリー,サイバースルゥース,デジモンストーリーサイバースルゥース"
nephenee_(fire_emblem),ネフェニー
100_percent_orange_juice,"橙汁,100%おれんじじゅ〜すっ!,100oj,100orange,100orangejuice"
type_100_(girls'_frontline),"一〇〇式(ドールズフロントライン),一◯◯式(少女前線),一〇〇式,百式"
comic_penguin_club,
minthara,"ミンサラ,明萨拉"
green_shoes,
nyarla_(osiimi),"ニヤラ,ニャールラ"
ajax_(azur_lane),"エイジャックス,エイジャックス(アズールレーン),エイジャックス改(アズールレーン),阿贾克斯"
yuri_(project_moon),
kiriha_(tsugumomo),桐葉
squishing,
fumizuki_(azur_lane),"文月(アズールレーン),橗"
gunner_(sekaiju),"ガンナー,ガン子"
krystal,"Krystal,クリスタル(スターフォックス)"
triple_scoop,
dress_in_mouth,
drake_(nikke),"ドレイク(勝利の女神:NIKKE),ドレイク(NIKKE),드레이크(NIKKE)"
ueno-san_wa_bukiyou,上野さんは不器用
raw_meat,生肉
washio_sumi_wa_yuusha_de_aru,"鷲尾須美は勇者である,わすゆ"
tail_masturbation,
kamen_rider_kuuga_(series),仮面ライダークウガ
e16a_zuiun,瑞雲
d_(nikke),D(勝利の女神:NIKKE)
herb,
eliwood_(fire_emblem),エリウッド
black_santa_costume,
olimar,"オリマー,ルイオリ"
rakka_(haibane),"ラッカ,落下"
ebi_frion_(natsuiro_matsuri),えびふらいおん
hermione_(azur_lane),"ハーマイオニー(アズールレーン),ハーマイオニー,赫敏"
yuki_miku_(2019),雪ミク2019
itou_ikuko_(style),
bamboo_print,
orange_collar,
i:p_masquerena,I:Pマスカレーナ
aks-74u,"AKS74U,АКС-74У"
emma_frost,"エマ・フロスト,エマフロスト"
saishi,"釵子,平額"
black_fire,
hrothgar,"ロスガル,Hrothgar"
jessie_rasberry,"ジェシー,ジェシー(FF7)"
large_bulge,
waluigi,ワルイージ
wendy's,"wendys,ウェンディーズ,wendy's,Wendy's"
emiya_alter,エミヤ・オルタ
gauze_on_knee,
misaka_worst,番外個体
climbing_ladder,
thumb_to_mouth,
cure_flora,キュアフローラ
horsea,タッツー
hassel_(pokemon),"ハッサク,ハッサク(トレーナー),ハッサク(ポケモン)"
ai_shite!_homun,愛して!ほむん
sulking,拗ねる
action_pizazz,
unworn_ribbon,
eyes_of_grima,ギムレーの邪痕
female_gunner_(dungeon_and_fighter),"female_gunner_(dungeon_and_fighter),w.gunner"
asakura_karen_(heaven_burns_red),朝倉可憐
grey_boots,
predator_(series),プレデター
bursting_pectorals,
japan_maritime_self-defense_force,"海上自衛隊,海自"
sanya_(kuzuha),"SanyArt,サーニャ(葛葉)"
pink_cloak,
crazy_grin,
ultraman,"ウルトラマン,初代ウルトラマン,初代マン,ウルトラマン兄さん,マン兄さん,ウルトラマン(キャラクター),Aタイプ,Bタイプ,Cタイプ,ウルトラマンAタイプ,ウルトラマンBタイプ,ウルトラマンCタイプ,ウルトラマンDタイプ,マー(ウルトラマンキッズ),闘士ウルトラマン,超闘士ウルトラマン,奥特曼,初代奥特曼,初代曼,奥特曼哥哥,曼哥哥,超人力霸王,初代超人力霸王,咸蛋超人,鹹蛋超人,Ultraman,UltramanHayata,ウルトラマンハヤタ,シュワッチ,スキャットウルトラマン"
projekt_red_(light_breeze)_(arknights),
altair_(re:creators),"軍服の姫君,アルタイル"
turn_a_gundam_(mobile_suit),"ターンAガンダム,ホワイトドール,∀ガンダム"
bra_(dragon_ball),"ブラ,ブラ(ドラゴンボール)"
skull_tattoo,
striped_apron,
neo_asari,"根緒,亜紗里,根緒亜紗里"
levia_(closers),"레비아,蕾比雅"
nonohara_akane,野々原茜
miyanaga_teru,宮永照
string_phone,糸電話
leather_strap,
izumi-no-kami_kanesada,"和泉守兼定,兼堀"
bunting,
to_heart_2_ad,ToHeart2AnotherDays
japanese_wolf_(kemono_friends),ニホンオオカミ(けものフレンズ)
maribel_(dq7),"マリベル,マリベル(DQ7)"
riot_shield,ライオットシールド
cinder_fall,"CinderFall,シンダー・フォール"
ravel_phenex,レイヴェル・フェニックス
fuwapuchi,"ふわぷち,fufu"
hikasa_tomoshika,"緋笠トモシカ,トモシ画,トモしび"
kate_(shadows_house),"ケイト,ケイト・シャドー"
starscourge_radahn,"星砕きのラダーン,ラダーン"
s&w_m&p,M&P
surgeonfish,ニザダイ科
lynn_minmay,"リン・ミンメイ,林明美"
melt_(vocaloid),メルト
dying_message,"ダイイングメッセージ,ダイイング・メッセージ"
cyrus_(pokemon),"アカギ(ポケモン),マジコスアカギ,アカシロ"
pinstripe_hat,
rune_factory_4,"ルーンファクトリー4,ルーンファクトリー4SP,RF4,ルーンファクトリー4スペシャル,ルンファク4"
pearl_fey,"綾里春美,绫里春美"
resort_boin,リゾートBOIN
kokoro_iroduku_koi_ga_shitai,ココロ色づく恋がしたい
sitting_on_food,
king_(vocaloid),"KING,KING(Kanaria)"
sitting_split,股割り
kimetsu_gakuen,"中高一貫キメツ学園物語,キメツ学園"
holding_bomb,
re:zero_kara_hajimeru_isekai_seikatsu:_lost_in_memories,リゼロス
red_pyro_(tf2),
spread_cleavage,
shining_resonance,"シャイニング・レゾナンス,シャイニングレゾナンス"
zygarde,ジガルデ
colonel_sanders,"カーネル・サンダース,カーネルサンダース,カーネル・サンダースの呪い"
treadmill,"トレッドミル,踏み車,ふみぐるま"
kim_possible_(series),"キム・ポッシブル,kim_possible"
protean_assassin_melona,"千変の刺客メローナ,千変の刺客"
chesed_(project_moon),"ケセド,Chesed"
nose_hook,鼻フック
caterpie,キャタピー
suzuki_(company),"SUZUKI,スズキ"
alita,ガリィ
bomb_devil_(chainsaw_man),"爆弾の悪魔,ボム(チェンソーマン)"
ars_almal_(1st_costume),アルス・アルマル(通常)
obsidian_slasher,
skullman_(blue_archive),スカルマン
igrene_(fire_emblem),イグレーヌ
asashio_(halloween_mode)_(kancolle),朝潮(ハロウィン)
#unicus_(idolmaster),"UNICUS,ユニット名募集中,ユニ募"
lunafreya_nox_fleuret,ルナフレーナ・ノックス・フルーレ
prunechi,"빘치,bittch"
inverted_pentagram,"逆五芒星,⛧"
see-through_dress_layer,
jinbei_(clothes),"甚平,甚兵衛,ひっぱり"
yume_no_tsue,夢の杖
2024_summer_olympics,"パリオリンピック(2024年),パリオリンピック"
2p_(nier:automata),2P
floating_head,
nah_(fire_emblem),"ンン,ンン(ファイアーエムブレム)"
airpods,
hands_on_another's_leg,
white_tulip,
crimson_viper,クリムゾン・ヴァイパー
hattori_shizuka,服部静夏
seabird,海鳥
mizusaki_tsubame,"水崎ツバメ,水崎氏"
nono_(top_wo_nerae_2!),ノノ
extreme_dangling,
date_pun,
gnosis_(genshin_impact),神之心
shining_wind,"シャイニング・ウィンド,シャイニングウィンド"
hippopotamus,"河馬,hippo"
frilled_nightgown,
hikikomari_kyuuketsuki_no_monmon,"ひきこまり吸血姫の悶々,ひきこまり"
myouga_(plant),
kazuha's_friend_(genshin_impact),
back_peek,
pot_on_head,
bloom_(irys),
murasaki_shion_(hololive_summer_2019),"紫咲シオン(ホロライブ・サマー2019),紫咲シオン(ホロサマ2019)"
frisbee,"🥏,フリスビー,フライングディスク,飞盘,飛盤"
null-meta,ぬるめた
hatchet_(axe),手斧
nozaki_umetarou,野崎梅太郎
formula_one,"F1,F1GP,f1同人"
ar_tonelico_i,
blackmail,"恐喝,強要"
german_suplex,"ジャーマンスープレックス,ジャーマン・スープレックス,ジャーマンスープレックスホールド,原爆固め,嫁の必殺技,嫁の原爆固め"
taimanin_murasaki,"対魔忍ムラサキ,魔界騎士イングリッド"
yozora_mel_(2nd_costume),夜空メルの3D化デザイン
elfen_lied,エルフェンリート
kakavasha_(honkai:_star_rail),
oxfords,"オックスフォード,オックスフォードシューズ"
framed_insect,"昆虫標本,昆虫标本"
caspar_von_bergliez,カスパル=フォン=ベルグリーズ
standing_double_penetration,
blood_on_gloves,
miyabi_(senran_kagura),"雅緋,雅緋(閃乱カグラ)"
wonderlands_x_showtime_miku,
tachibana_yuu_(yakitomato),
inabakumori,"稲葉曇,inabakumori,Inaba_Kumori"
coach,"コーチ,トレーナー"
penpen,ペンペン
stg44_(girls'_frontline),"StG44(ドールズフロントライン),StG44(少女前線),StG44"
impossible_towel,
utsumi_erice_(swimsuit_avenger),宇津見エリセ(水着)
lucifer_(umineko),
pink_brooch,
cub,
jacket_over_hoodie,
kachimachi_kosuzu,"徒町小鈴,徒町チャレンジ,きょうのかちまち"
t_t,T_T
rose_(street_fighter),"ローズ,ローズ(ストリートファイター)"
yuzu_bath,"ゆず湯,柚子湯"
melty_blood:_type_lumina,
fly_agaric,"Amanita_muscaria,ベニテングタケ,毒蝇伞"
xu_fu_(first_ascension)_(fate),
dick_gumshoe,"糸鋸圭介,イトノコ刑事,糸锯圭介"
cafe-chan_to_break_time,カフェちゃんとブレークタイム
red_winter_federal_academy_logo,
shimizu_kiyoko,清水潔子
watercolor_effect,
battle_bunny_riven,
code_vein,"コードヴェイン,噬血代碼,噬血代码"
danjin_(wuthering_waves),"丹瑾,단근"
dress_flip,
cicin_mage_(genshin_impact),
holding_snowball,
riku_(kingdom_hearts),リク(キングダムハーツ)
konoe_a._mercury,"ナイン(ブレイブルー),ナイン=ザ=ファントム,コノエ=アヤツキ=マーキュリー,大魔道士ナイン=ココノエ"
kerosene_heater,石油ストーブ
holding_doughnut,
machoke,ゴーリキー
cure_princess,キュアプリンセス
hanabusa_lisa,"英リサ,はなぶさの絵"
garlic,"🧄,大蒜,にんにく,ニンニク,ガーリック"
sonya_(fire_emblem_gaiden),ソニア(FE外伝)
android_17,"人造人間17号,17号"
chemistry,化学
cure_majesty,キュアマジェスティ
stick_figure,"火柴人,棒人間,柴,柴设,柴设oc"
soft_focus,
haiiro_teien,"灰色庭園,灰色庭园,tgg"
2k-tan,"2kたん,2000たん,2k"
lace-trimmed_eyepatch,
hoto_mocha,保登モカ
astgenne_(arknights),"星源,アステジーニ(アークナイツ),アステジーニ"
pink_streaks,
thour_(meme),レモンミーム
bakugou_mitsuki,"爆豪光己,爆豪ママ"
matou_shinji,間桐慎二
amou_kanade,天羽奏
sunshower_(e.g.o),
mole_(animal),
finn_the_human,フィン(アドベンチャータイム)
eve_santaclaus,イヴ・サンタクロース
lilim_(monster_girl_encyclopedia),"リリム,リリム(魔物娘図鑑)"
sara_(touhou),"サラ,사라"
print_coat,
scuba_tank,
ambriel_(arknights),"安比尔,アンブリエル,アンブリエル(アークナイツ)"
lightning_bolt_earrings,
aimaina,アイマイナ
premature_ejaculation,早漏
2014_fifa_world_cup,2014FIFAワールドカップ
holding_candy_cane,
green_blood,
shellder,シェルダー
watson_amelia_(party_dress),
kurohanya_(niliu_chahui),黒羽二ャ
shadow_(persona),"シャドウ,シャドウ(ペルソナ)"
kyoka_(halloween)_(princess_connect!),
shining_nikki,"闪耀暖暖,閃耀暖暖,シャイニングニキ,暖暖-Nikki,Shining_Nikki,ShiningNikki_SN,ShiningNikki"
star_panties,
thief_(final_fantasy),シーフ
kuriboh,"クリボー(遊戯王),クリボー"
holding_tennis_racket,
shiraitodai_school_uniform,
g-spot_stimulation,Gスポット
fire_hydrant,消火栓
crotchless_bikini,
shiritsu_justice_gakuen,私立ジャスティス学園
andreana_(arknights),"安哲拉,アンドレアナ(アークナイツ),アンドレアナ"
drednaw,カジリガメ
yagokoro,ヤゴコロ
kouhai-chan_(tawawa),後輩ちゃん
blacksmith,
flour,小麦粉
pholia,"フォリア,フォリア(グラブル)"
persona_4:_dancing_all_night,P4D
fn_five-seven,
tien_(granblue_fantasy),"エッセル,エッセル(グラブル)"
himura_kenshin,"緋村剣心,绯村剑心"
military_truck,軍用トラック
euphemism,
breath_of_fire_iii,"ブレスオブファイア3,bof3"
newtype_flash,
tsukimi_eiko,月見英子
tokarev_tt-33,"Tokarev,TT-33,ТТ,トカレフ"
vergilius_(project_moon),
choukou_sennin_haruka,超昂閃忍ハルカ
mihama_chiyo's_father,ちよ父
ungagged,
mitsukoshi_(department_store),三越
single_leg_warmer,
doupo_cangqiong,"斗破苍穹,Battle_through_the_Heavens,BTTH,Dou_Po_Cang_Qiong,鬥破蒼穹,สัประยุทธ์ทะลุฟ้า,Đấu_Phá_Thương_Khung,Doupo_Cangqiong"
karibuchi_hikari,雁淵ひかり
joshiraku,じょしらく
suzuka_gozen_(swimsuit_rider)_(fate),鈴鹿御前〔サマバケ〕
takatsuki_ichika,貴月イチカ
leg_focus,
striped_skin,
o-ring_legwear,
chameleon_tail,
nose_art,ノーズアート
tenshi_kaiwai,"天使界隈,水色界隈,tenshikaiwai,mizuiro,水色系,水色"
hinata_natsumi,日向夏美
quilted_clothes,
churro,チュロス
adjustable_wrench,"モンキーレンチ,活动扳手"
ys_viii_lacrimosa_of_dana,"イース8,イースVIII,YsVIII,ラクリモサ・オブ・ダーナ"
walfie_(style),
bokusatsu_tenshi_dokuro-chan,撲殺天使ドクロちゃん
pauline_(mario),ポリーン
kagune_(tokyo_ghoul),赫子
onsoku_no_sonic,音速のソニック
shirt_down,
dedf1sh,"Dedf1sh,ミズタ"
munetani_mashiro,宗谷ましろ
anchorage_water_oni,泊地水鬼
mg5_(girls'_frontline),"MG5(ドールズフロントライン),MG5(少女前線),MG5"
konori_mii,固法美偉
arabesque_(pose),アラベスク
laimu_(vtuber),"limealicious,laimulicious,laimuart"
cubone,"カラカラ,カラカラ(ポケモン)"
kyu-kurarin_(cevio),きゅうくらりん
lace-trimmed_camisole,
kamio_reiji_(yua),
rain_mikamura,レイン・ミカムラ
hoshina_tomoko,保科智子
dryad,"ドリアード,ドライアド"
vaggie,"HazbinHotelVaggie,Vaggie,Chaggie"
qiyana_(league_of_legends),"Qiyana,키아나,キヤナ"
gotou_moyoko,"ゴモヨ,後藤モヨ子,カモさんチーム"
gray_fullbuster,"グレイ・フルバスター,gruvia"
grabbed_breast_over_shoulder,肩を組んで乳揉み
china_(hetalia),"王耀,中国(ヘタリア),王春燕,わん,ちゅんいぇん"
frog_headband,
karen_(pokemon),"カリン,カリン(トレーナー)"
togruta,トグルータ
gawr_gura_(school_uniform),がうる・ぐら(制服)
pile_bunker,パイルバンカー
punch-out!!,"パンチアウト!!,パンチアウト,punchout"
blizzard,吹雪
blazblue_variable_heart,ヴァリアブルハート
velvet_(odin_sphere),ベルベット
helldivers_(series),"Helldivers,Helldivers2,helldivers2fanart,ヘルダイバー"
abyssal_admiral_(kancolle),"深海提督,提督,深海棲提督"
ouendan,応援団
dismemberment,"肢解,四肢切断"
matsuno_osomatsu,"松野おそ松,おそ松"
kirahoshi_ciel,キラ星シエル
makaino_ririmu_(5th_costume),魔界ノりりむ(メイド服)
sp//dr,SP//dr
kisaragi_shintarou,"如月シンタロー,如月伸太郎,シンタロー,シンアヤ"
nt-d,
studded_jacket,
indigo_(arknights),"深靛,インディゴ(アークナイツ)"
poliwag,ニョロモ
lucie_(millie_parfait),
artery_gear,"机动战姬,機動戰姬,機動戦姫,ArmorGirls,Armor_Girls,ArteryGear,アーテリーギア,アテギア"
dojikko_pose,
ishida_yamato,石田ヤマト
aeug,"反地球連邦組織,エゥーゴ,カラバ"
single-lens_reflex_camera,一眼レフ
sakurazaki_setsuna,桜咲刹那
riding_dragon,
doujima_ryoutarou,堂島遼太郎
single_sode,
pringles_can,
yurie_mouth,"ゆりえ口,れんちょん口"
katou_hazuki,加藤葉月
ribbon-trimmed_swimsuit,
alternate_body_hair,
gyari_(imagesdawn)_(style),GYARI
popukar_(arknights),"泡普卡,ポプカル,ポプカル(アークナイツ)"
google,"グーグル,구글"
arctic_fox_(kemono_friends),"ホッキョクキツネ(けものフレンズ),ホッキョクギツネ(けものフレンズ),ホッキョクギツネ"
zone_of_the_enders,Z.O.E
2.5_jigen_no_ririsa,"2.5次元の誘惑,2.5次元の誘惑(リリサ),にごリリ,nigoriri"
holding_id_card,
stake,
construction_site,"工事現場,建設現場"
violet_(ac8231),バイオレット
moon_stick_(sailor_moon),ムーンスティック
tongkkangi,통깡이
miyako_(princess_connect!),"ミヤコ(プリコネ),ミヤコ,出雲宮子"
tamanami_(kancolle),"玉波,玉波(艦隊これくしょん),玉波(艦これ)"
tongkkangi_(streamer),"통깡이,통깡"
histoire,"イストワール,いーすん,イストワール(ネプテューヌ)"
white_male_swimwear,
giratina_(altered),
skirt_cutout,
churchill_(tank),"チャーチル,チャーチル歩兵戦車"
joseph_joestar_(old),ジョセフ・ジョースター
chireiden,地霊殿
usami_(danganronpa),
bridgeless_bra,
sunrise_stance,"サンライズ立ち,勇者立ち,サンライズパース,勇者パース"
spongebob_squarepants,"スポンジボブ・スクエアパンツ,海绵宝宝,spongebob,spongebobsquarepants"
kenmochi_touko,"剣持刀子,菩薩刀子像"
kujou_hikari,九条ひかり
homestuck,"Homestuck,homestuck,ホームスタック"
koko_(kamitsubaki_studio),"幸祜,koko,幸祜美術部"
red_visor,
grimace_shake_(meme),GrimaceShake
hanami_kotoha,花海ことは
atelier_ayesha,"アーシャのアトリエ,A14"
houshin_engi,"封神演義,覇穹封神演義,超仙人万来"
nami_junior_high_school_uniform,
leather_shorts,
chou-10cm-hou-chan_(teruzuki's),
inflatable_shark,
science,"科学,理科"
nicola_(granblue_fantasy),
command_input,
junkrat_(overwatch),
calling,
richter_belmont,"リヒター・ベルモンド,ポンッポンッイヤァ,リヒコプター,滅びよ★"
c-ms_(girls'_frontline),"C-MS,C-MS(ドールズフロントライン),C-MS(少女前線),CMS"
grape_print,
microsoft,マイクロソフト
teaspoon,ティースプーン
capricorn_(constellation),"やぎ座,山羊座,摩羯座,염소자리"
ember_celica_(rwby),
sawatari_makoto,沢渡真琴
illumi_zoldyck,"イルミ,イルミ=ゾルディック,イルミゾルディック,伊尔迷"
oneshot_(game),"Oneshot,OneshotGame"
i-201_(kancolle),"伊201,伊201(艦隊これくしょん),伊201(艦これ)"
warhammer_fantasy,warhammer
willow,柳
ico,"イコ,ICO"
white_tiger_print,
aoyama_blue_mountain,"青山ブルーマウンテン,青山翠"
stationery,文房具
6koma,"6コマ,六コマ,六格漫画,6格漫画"
fakemon,"オリポケ,オリジナルポケモン,fakemon"
ikura_(food),イクラ
sweater_vest_lift,
illustrious_(morning_star_of_love_and_hope)_(azur_lane),"愛と希望の暁星,爱与希望的晨星"
anya_(mouthwashing),
licking_stomach,
kosode,小袖
vanillite,バニプッチ
vaporwave,"vaporwave,蒸汽波"
uesugi_u._kyouko,上杉・ウエバス・キョーコ
eria_(yu-gi-oh!),
shione_(niliu_chahui),
guinea_pig,"モルモット,天竺鼠,기니피그"
super_mario_3d_world,スーパーマリオ3Dワールド
add_(fate),
eel_hat,
roberta_(black_lagoon),ロベルタ
jean_pierre_polnareff,"ジャン=ピエール・ポルナレフ,J・P・ポルナレフ,ポルナレフ,5部ナレフ"
kazuno_leah,鹿角理亞
wacom,ワコム
waccha_primagi!,"ワッチャプリマジ!,ワッチャプリマジ,プリマジ,primagi,와츄프리매직!,プリマジファンアート,プリマジ大好き,腐リマジ,星光魔法,プリマジマイキャラ部"
half-life_(series),"ハーフライフ,Half-Life,half-life,HalfLife,はーふらいふ"
suzutsuki_(swimsuit_mode)_(kancolle),涼月(水着)
amano_nene_(vtuber),"天野寧々,AmaneneArt,寧々たん絵"
scale_print,
pokemon_on_back,
adapted_object,
implied_nudity,
nacchan_(ohisashiburi),
crab_on_head,
elven_forest_maker,"エルブン・フォレストメーカー,엘븐포레스트메이커,エルヴン・フォレストメーカー,엘븐"
sage_(sonic),"セージ,sage,セージ(ソニックフロンティア)"
agent_3_(splatoon_3),新3号
himeya_company_uniform,
seulbi_lee,"이슬비,ミコト=アマミヤ"
emiya_kiritsugu_(assassin),エミヤ(アサシン)
hakuo_school_uniform,
censored_profanity,
kome-kome_(precure),コメコメ
eyewear_around_neck,
seafloor,海底
inside_creature,
lava_the_purgatory_(arknights),"炎狱炎熔,炎獄ラヴァ(アークナイツ)"
fur_wrist_cuffs,
semi-transparent,
hyakkimaru_(dororo),百鬼丸
hut,
lantern_on_liquid,"灯籠流し,灯篭流し,とうろうながし,水燈,流燈"
blue-eyes_white_dragon,"青眼の白龍,ブルーアイズ・ホワイト・ドラゴン,ブルーアイズホワイトドラゴン,社長の嫁,BWD,BEWD"
lectern,"教卓,讲台"
misato_(princess_connect!),"ミサト先生,ミサト,ミサト(プリコネ),愛川美里"
frog_hood,
shiramine_rika,白峰莉花
colored_lineart,
shiraki_meiko,白木芽衣子
bird_hat,
kanbe_kotori,神戸小鳥
garage,
inda_karane,院田唐音
comic_hotmilk,コミックホットミルク
lifeguard_chair,
shuuniichido_classmate_wo_kau_hanashi,"週に一度クラスメイトを買う話,週に一度クラスメイトを買う話~ふたりの時間、言い訳の五千円~"
spell,
cross-laced_leotard,
heart_sticker,
dressing_room,"楽屋,化妆间"
octane_(apex_legends),"Octane,オクタン,オクタン(APEX),オクライ,动力小子"
block_heels,
argentina,アルゼンチン
french_cruller,フレンチクルーラー
putting_on_legwear,
gloved_sleeves,
webcam,
tackle,
ochikobore_fruit_tart,"おちこぼれフルーツタルト,おちフル,ochifuru"
master_ball,マスターボール
breastless_leotard,
kagome_misaki,籠目深沙希
paper_child,"PaperChild,ペーパーチャイルド"
slingshot_(weapon),"スリングショット,パチンコ"
drying_clothes,
cure_honey,キュアハニー
queen_draco_(third_ascension)_(fate),
1up,
yoo_joonghyuk,"유중혁,劉衆赫,刘众赫,yjh,joongdok,중독,众独"
unsinkable_sam,オスカー(不沈のサム)
mini_nobu_(fate),ちびノブ
wynn_(yu-gi-oh!),
pixiv-tan,"ピクシブたん,pixivたん"
azhdaha_(genshin_impact),若陀龍王
animedia,アニメディア
hisuian_growlithe,ヒスイガーディ
gwen_tennyson,gwendolyn_tennyson
super_sonic,スーパーソニック
nail_(hollow_knight),
spread_anus_under_clothes,
steam_(platform),Steam
the_legend_of_zelda_(nes),"初代ゼルダの伝説,ゼルダの伝説1,THEHYRULEFANTASY"
pink_helmet,
half_moon,半月
sada_(pokemon),"オーリム,オーリム博士"
afuro_terumi,"アフロディ,亜風炉,亜風炉照美,照美監督"
holding_cable,
nonowa,ののワ
voltorb,ビリリダマ
wolf_spirit_(touhou),オオカミ霊
hand_on_own_hat,
falkyrie_no_monshou,ファルキューレの紋章
sawatari_akane_(chainsaw_man),沢渡アカネ
sugimoto_reimi,杉本鈴美
alligator,アリゲーター
eye_beam,目からビーム
high_school_girls_posing_for_google_street_view_(meme),
mahjong_table,"雀卓,麻雀卓"
gamecube,"ニンテンドーゲームキューブ,ゲームキューブ"
kokoro_(darling_in_the_franxx),ココロ(ダリフラ)
ichigo_100_percent,いちご100%
kotoka_torahime,"虎姫コトカ,KotokaTorahime,kotosmetic,kotoxrated"
beast_boy_(dc),"ビーストボーイ,ガーフィールド・ローガン,beastboy"
hiraga_saito,平賀才人
sakamoto_days,"サカモトデイズ,SAKAMOTODAYS,SKMT【腐】"
gloom_(irys),
double_helix,
amane_kanata_(punk_rock),天音かなた(アタシは問題作)
sin_mal,"杏·玛尔,杏玛尔,シン・マール,シンマール"
bikini_bridge,
greco-roman_architecture,
urabe_mikoto,卜部美琴
rosemi_lovelock_(1st_costume),ロゼミ・ラブロック(通常)
suzuka_utako,"鈴鹿詩子,詩子あーと"
linhardt_von_hevring,リンハルト=フォン=ヘヴリング
avatar_2.0_project,"AVATAR2.0,A2P,にーてんぜろ,あう""ぁに,最強バーチャルタレントオーディション〜極〜,バーチャルタレント極,オーディション極"
fukiyose_seiri,吹寄制理
uchuu_patrol_luluco,宇宙パトロールルル子
tav_(baldur's_gate),bg3Tav
ass_worship,
kingdom_hearts_i,
seishou_elementary_school_uniform,
firewood,薪
lampent,ランプラー
sanaki_kirsch_altina,サナキ
fishing_net,渔网
irisviel_von_einzbern_(angel's_song),
pink_bloomers,
pepperoni,
tina_(closers),"티나,Tina,ティナ"
polka_dot_necktie,
king,"王,왕"
sword_of_dios,
bottle_cap,
neckerchief_between_breasts,
goku_black,"ゴクウブラック,悟空ブラック,黑悟空,오공블랙"
yui_(sao-alo),
cloud_focus,
bakusou_kyoudai_let's_&_go!!,"爆走兄弟レッツ&ゴー!!,爆走兄弟レッツ&ゴー,レツゴー,レッツ&ゴー"
balkenkreuz,バルケンクロイツ
orange_peel,
clothes_rack,ハンガーラック
wigglytuff,プクリン
implied_vibrator,
left-hand_drive,左ハンドル
curse_maker,カースメーカー
zoya_(path_to_nowhere),"卓娅,ゾーヤ"
blair_(soul_eater),ブレア
rogue_(x-men),ローグ
kushizaki_(vtuber),クシザキ
machita_chima,"町田ちま,描いてみまちた,だめだよちまちゃん"
shin_(dorohedoro),心(ドロヘドロ)
scarlet_(black_shadow)_(nikke),紅蓮:ブラックシャドウ
adult_baby,"赤ちゃんプレイ,幼児退行,幼児プレイ,ABDL"
gauze_over_eye,
spotted_hair,
overpass,"高架下,高架道路"
shoukaku_(sororal_wings)_(azur_lane),"疾翔の姉羽,疾速之鹤"
sayonara_wo_oshiete,"さよならを教えて,さよ教"
amatsuka_uto,"天使うと,utoart"
leather_suit,
comic_girls,こみっくがーるず
videocassette,"ビデオテープ,VHS"
black_gemstone,
lotus_land_story,東方幻想郷
sherlock_shellingford,"シャーロック・シェリンフォード,シャーロックシェリンフォード,シャロ"
kimberly_jackson,"キンバリー(ストリートファイター),キンバリー,キンバリー・ジャクソン"
niya_(blue_archive),"天地ニヤ,아마치니야"
checkered_wall,
tsujimoto_natsumi,辻本夏実
color_drain,
slavic_clothes,"スラヴ服,スラヴ風"
afk_(series),
illustrious_(maiden_lily's_radiance)_(azur_lane),"オトメユリの輝き,钟情春日"
detached_cape,
kanon_(umineko),嘉音
kendo,剣道
minamoto_no_raikou_(swimsuit_lancer)_(third_ascension)_(fate),
sakuragi_hanamichi,桜木花道
tsunomaki_watame_(street_casual),"角巻わため(私服おでかけ衣装),角巻わため(私服おでかけ)"
battlefield_(series),"バトルフィールド,BFあるある,BF"
love_train,ちんちん電車
serval,"薮猫,サーバルキャット"
furoshiki,風呂敷
spoken_light_bulb,
alternate_body_fluid,
donkey_kong_country,スーパードンキーコング
iwi_tavor,"タボール,TAR-21"
hebijo_academy_uniform,
accordion,"🪗,アコーディオン"
metal_crab_(arknights),"磐蟹,ハガネガニ"
raikou,ライコウ
sword_art_online_the_movie:_ordinal_scale,オーディナル・スケール
tobisawa_misaki,鳶沢みさき
outbreak_company,アウトブレイク・カンパニー
vulcan_salute,🖖
cross_ange,"クロスアンジュ天使と竜の輪舞,クロスアンジュ"
orange_sarong,
beaver_tail,
magic_kaito,まじっく快斗
tionishia,ティオニシア
dragon's_dogma_(series),
magolor,マホロア
gold_buttons,
tri_rod,
jeanne_d'arc_(summer)_(granblue_fantasy),
cursed_energy_(jujutsu_kaisen),
namekian,ナメック星人
mirror_image,
batgirl,"バットガール,Batgirl"
ibarazaki_emi,茨崎笑美
sekai_(cevio),"星界,星界(CeVIO),星界ファンアート,星界美術部"
mega_ring,メガリング
shirahoshi,"しらほし,しらほし姫,Shirahoshi"
can_(honkai_impact),缶ちゃん
elemental_(creature),
choice,
kingdom_hearts_358/2_days,358/2
yayoi_sakura,夜宵桜
idea,
komaru_(himouto!_umaru-chan),小埋
inumaki_toge,"狗巻棘,狗卷棘"
gajeel_redfox,ガジル・レッドフォックス
reflective_clothes,
mary_(medical_rabbit)_(nikke),メアリー:メディカルラビット
holding_utensil,
shared_bed,
formidable_(timeless_classics)_(azur_lane),"クラシック・ドレスアップ,梳妆的“大小姐”"
tsukumihara_academy_uniform_(fate/extra),
garden_of_the_sun,太陽の畑
multicolored_cloak,
plushmallow,
heart_antenna_hair,
grimmjow_jaegerjaquez,"グリムジョー・ジャガージャック,グリムジョー"
white_rope,
serizawa_chikaru,芹沢千香瑠
leaning_out_of_window,
striped_headband,
xenoblade_chronicles:_future_connected,つながる未来
sabotender,サボテンダー
hori-san_to_miyamura-kun,"堀さんと宮村くん,ホリミヤ"
ashe_(overwatch),"ashe,アッシュ"
kagami_sumika,鑑純夏
rita_rossweisse_(fallen_rosemary),"失落迷迭,ロストローズマリー,로스트로즈마리"
on_flower,
teleportation,
drayton_(pokemon),カキツバタ(トレーナー)
aurora_sya_lis_kaymin,"スヤリス姫,スヤリス"
equation,"方程式,ほうていしき"
hair_undone,
miyagi_shiori,宮城志緒理
painting_fingernails,
liliruca_arde,リリルカ・アーデ
yuigahama_yui's_mother,"ガハママ,結衣の母,由比ヶ浜マ,由比ヶ浜ママ"
food-themed_creature,
tsuzumi,"鼓,つづみ"
kodachi,小太刀
kirito_(sao-alo),
ushi_gozen_(fate),"ライダー(Fate/SamuraiRemnant),丑御前(Fate),丑御前(アヴェンジャー),牛午前"
fur-trimmed_armor,
multicolored_neckerchief,
yuki_aine,"友希あいね,友希ぱいね"
transformers_prime,"tfp,トランスフォーマープライム"
sengoku_otome,戦国乙女
electro_emilia,エレクトロエミリア
yajuu_senpai,"野獣先輩,YJSNPI"
strawberry_blossoms,
group_incest,
obi-wan_kenobi,"オビワン・ケノービ,オビ=ワン・ケノービ,オビ=ワン,オビワン"
futaba_rio,双葉理央
hanikami_kanojo,はにかみ彼女
bamboo_blade,バンブーブレード
lucia:_crimson_weave_(pgr),
inokuma_youko,猪熊陽子
exercise_machine,
justice_task_force_(blue_archive),"正義実現委員会,Justice_Realization_Committee"
yuujo,遊女
otto_apocalypse,"オットー・アポカリプス,奥托·阿波卡利斯"
artist's_hand_in_frame,
wallace_(pokemon),"ミクリ,ダイミク,ミクリ(トレーナー)"
lifeline_(apex_legends),"ライフライン,オクライ,命脉,Lifeline"
simoun,シムーン
mega_man_x4,ロックマンX4
ninja_gaiden,NINJAGAIDEN
kore_ga_watashi_no_goshujin-sama,これが私の御主人様
dead_or_alive_6,"デッドオアアライブ6,DOA6"
biting_own_thumb,
minami_kana,"南夏奈,夏奈"
witch_(puyopuyo),"ウィッチ,ウィッチ(ぷよぷよ)"
kinagase_tsumugu,黄長瀬紬
holding_boxcutter,
bust_(sculpture),
torn_necktie,
earth_federation_space_forces,
mole_on_chest,
m4_sopmod_ii_jr,"M4SOPMODIIJr.(ドールズフロントライン),M4SOPMODIIJr.(少女前線),M4SOPMODIIJr."
blanka,ブランカ
gundam_sentinel,"ガンダムセンチネル,ガンダム・センチネル"
hanafuda_earrings,
kogitsunemaru,"小狐丸,小狐三日"
transparent_bag,
ikebukuro_akiha,池袋晶葉
ichihime,"一姬,いちひめ,一姫,一姫(雀魂)"
yellow_pikmin,黄ピクミン
marine_nemo_(fate),ネモ・マリーン
smother,
horn_piercing,
corrin_(female)_(nohr_noble)_(fire_emblem),
fake_censor,
playing_with_hair,髪いじり
eruruu,"エルルゥ,艾露露"
apple_hair_ornament,
dire_wolf_(kemono_friends),"ダイアウルフ(けものフレンズ),ダイアウルフ(けもV),ダイアート展"
overman_king_gainer,"オーバーマンキングゲイナー,キングゲイナー,OVERMANキングゲイナー"
asuna_(stacia)_(sao),創世神ステイシア
mammon_(umineko),
mage_(dq3),女魔法使い(DQ3)
broken_arm,
ayin_(project_moon),
no_animal_ears,
scarlet_witch,"Scarlet_Witch,wanda_maximoff,WandaMaximoff,スカーレット・ウィッチ"
polteageist,ポットデス
fang_(arknights),"芬,フェン,フェン(アークナイツ)"
african_wild_dog_print,
marie_(persona_4),"マリー(ペルソナ4),瑪麗"
formula_racer,フォーミュラカー
ekubo_(mob_psycho_100),"エクボ,Dimple"
bald_eagle_(kemono_friends),ハクトウワシ(けものフレンズ)
heavy_object,ヘヴィーオブジェクト
volkswagen,"フォルクスワーゲン,VW"
kirino_ranmaru,"霧野蘭丸,霧野,蘭マサ,マサ蘭,蘭拓,拓蘭,蘭ジャン,蘭拓蘭,蘭マサ蘭,蘭茜"
magilou_(tales),マギルゥ
nasa_logo,
natalia_luzu_kimlasca_lanvaldear,"ナタリア・ルツ・キムラスカ・ランバルディア,ナタリア"
sports_sunglasses,
jing_ke_(fate),"荊軻(Fate),荊軻"
katou_keiko,加東圭子
after_insertion,
double_(skullgirls),ダブル
lost_universe,"ロストユニバース,ロスト・ユニバース"
gundam_mk_ii,"ガンダムMk-II,RX-178"
lounging,
scar_(wuthering_waves),
adapted_weapon,
artist_glove,
summer_wars,サマーウォーズ
hyakko,ヒャッコ
alternate_sleeve_length,
vault_suit,"Vaultスーツ,Vaultジャンプスーツ"
viral_(ttgl),ヴィラル
ardbert_hylfyst,アルバート(FF14)
ribbon-trimmed_hairband,
kale_(dragon_ball),"ケール,ブロ子,女ブロリー"
bicute_bunnies_miku,"BiCute_Bunnies_Figure,バニーミク"
good_breasts_day,いいおっぱいの日
frappuccino,フラペチーノ
snowsant_(arknights),"雪雉,スノーズント(アークナイツ)"
claire_francois,クレア=フランソワ
maki_oze,茉希尾瀬
turnip,"蕪,かぶ"
hapi_(fire_emblem),ハピ
unlikely_accident,"ハプニング,どうしてこうなった,どうしてそうなった,そうはならんやろ"
yokune_ruko,欲音ルコ
doseisan,"どせいさん,Mr._Saturn"
hamster_girl,
gallica_(metaphor:_refantazio),ガリカ
low_drills,
constanze_amalie_von_braunschbank-albrechtsberger,"コンスタンツェ・アマーリエ・フォン・ブラウンシュバンク=アルブレヒツベルガー,コンスタンツェ・ブラウンシュバンク・アルブレヒツベルガー"
winda_(yu-gi-oh!),ウィンダ
monocle_chain,
ferris_wheel_interior,
palmtop_tiger,手乗りタイガー
alma_armas,アルマ・アルマス
sphinx,"スフィンクス,スピンクス"
center_cross_lace,
back_muscles,
tina_armstrong,ティナ・アームストロング
unaware,
tsugumi_seishirou,鶫誠士郎
ironwork,
weapon_formation,
littorio_(azur_lane),"リットリオ(アズールレーン),リットリオ,利托里奥"
used_condom_in_clothes,
multiple_dogs,
grey_shawl,
single_sleeve_past_fingers,
mii_(nintendo),Mii
lunala,ルナアーラ
shinei_nouzen,シンエイ・ノウゼン
kurochijo,黒痴女様
calla_lily,"オランダカイウ,カラー(植物)"
the_seven_deadly_sins,"Sin七つの大罪,sin七つの大罪,七つの大罪(ホビージャパン),sin七つの大罪XTASY"
team_rocket_grunt,ロケットだんのしたっぱ
ashelia_b'nargin_dalmasca,"アーシェ・バナルガン・ダルマスカ,アーシェ"
shadow_(nerissa_ravencroft),
august_von_parseval_(the_conquered_unhulde)_(azur_lane),"御使い魔女,女仆魔女"
caenis_(swimsuit_rider)_(fate),カイニス(水着)
gramophone_miku,蓄音機ミク
kim_pine,"キム・パイン,kimpine,pineflower"
double_bass,"コントラバス,低音提琴"
downturned_eyes,
priite_hari_(torriet),ハリ(FourLights)
ha-class_destroyer,"駆逐ハ級,ハ級"
minami_chiaki,南千秋
age_switch,
frontbend,
ayame_(gundam_build_divers),"アヤメ(GBD),アヤメ"
itasha,"痛車,痛戦闘機"
konata_(kankin_jk),此方
nakai_(waitress),仲居
hundred_(light_novel),ハンドレッド
konan_(naruto),小南
rebellion_(sword),
mahoujin_guruguru,魔法陣グルグル
sewer_grate,
lisa_lisa,リサリサ
striped_belt,
deltoids,
bound_toes,
phantasy_star_portable_2,ファンタシースターポータブル2
meganium,メガニウム
hanae_(christmas)_(blue_archive),ハナエ(クリスマス)
tornado,"竜巻,トルネード"
hoshimiya_mukuro,星宮六喰
rin_(inuyasha),りん
red_tunic,
telnyashka,
moire,"モアレ,モワレ"
cinnamiku_hairstyle,
dildo_harness,
dot_pupils,
ashen_one_(dark_souls),
ema_skye,宝月茜
viper_(valorant),ヴァイパー
ragatha_(the_amazing_digital_circus),ragatha
light_persona,
elsa_granhilte,エルザ・グランヒルテ
fumi_(nijisanji),"フミ,恋フミ,不見絵,フミ(にじさんじ)"
medical_examination,"診察,身体検査,健康診断"
polka_dot_innertube,
kanchou,カンチョー
foot_massage,
drinking_pee,"飲尿,urophagia,アバ茶"
axel_syrios,"アクセル・シリオス,Axellart,Artxel,AxelSyrios"
archer_(fate/samurai_remnant),"アーチャー(Fate/SamuraiRemnant),周瑜(Fate),周瑜"
working,
black_cat_d.va,
smelling_ass,
cure_star,キュアスター
giving_birth,"出産,分娩,출산"
princess_ruto,ルト姫
on_truck,
janus_(azur_lane),"ジェーナス(アズールレーン),ジェーナス"
bijin_onna_joushi_takizawa-san,美人女上司滝沢さん
anal_fisting,アナルフィスト
nattou,納豆
nachi_kai_ni_(kancolle),那智改二
imminent_cunnilingus,
scorpion,"🦂,サソリ,さそり,蠍,蝎,サソリ類"
twinmyniad_(fate),
surcouf_(azur_lane),"シュルクーフ(アズールレーン),シュルクーフ,絮库夫"
hanazuki_(azur_lane),"花月,花月(駆逐艦),花月(アズールレーン),榵"
shadow_puppet,
yingxing_(honkai:_star_rail),应星
escha_malier,"エスカ・メーリエ,エスカ"
waffen-ss,"武装親衛隊,SS,Schutzstaffel"
yaopei,腰佩
podenco_(arknights),"波登可,ポデンコ,ポデンコ(アークナイツ)"
termichan_(not-a-bot),
kaibutsu_oujo,怪物王女
grabbing_another's_stomach,
nut_(food),ナッツ
bastard!!,"BASTARD!!,バスタード,BASTARD!!暗黒の破壊神,BASTARD!!-暗黒の破壊神-"
rance,ランス
rakuyo_(bloodborne),
anteater_ears,
m.o.m.o.,M.O.M.O.
tanaka_hime,"田中ヒメ,ヒメヒナ"
youmu_day,"8月6日は妖夢の日,4月6日は妖夢の日,妖夢の日"
breast_drop,
the_king_of_fighters_xiii,
matryoshka_(vocaloid),マトリョシカ
cheek_piercing,
prehistoric_animal,古生物
chitose_sana,千歳佐奈
c_(control),"control,C(アニメ)"
koyanskaya_(assassin)_(second_ascension)_(fate),
black_wetsuit,
precure_all_stars,プリキュアオールスターズ
takizawa_kyouko,滝沢京子
phrenapates_(blue_archive),"Phrenapates,プレナパテス,phrenapates"
vedal987,Vedal
asama_tomo,浅間・智
narberal_gamma,"ナーベラル・ガンマ,ナーベ"
zebstrika,ゼブライカ
firelight_ekko,
gundam_f91,"機動戦士ガンダムF91,ガンダムF91"
akagi_(warship_girls_r),"赤城,赤城(戦艦少女)"
hornet_(hollow_knight),
laby_(elsword),"ラビー,Laby,라비"
fender_mustang,"フェンダー・ムスタング,ムスタング(ギター)"
fukube_tamaki,複部環
su_(honkai_impact),"スウ,苏,Su"
dildo_reveal,
illyasviel_von_einzbern_(swimsuit_archer)_(second_ascension),
junk_gaming_maiden,じゃんげま
hammann_(retrofit)_(azur_lane),ハムマン改(アズールレーン)
taunting,
viper_(toxic_rabbit)_(nikke),バイパー:トキシックラビット
poring,ポリン
bandaged_tail,
mystical_high_collar,
human_(warcraft),
tiktok_logo,
harusaki_nodoka,"春先のどか,のどかあーと,のどかーと"
tooth_gap,
atelier_lydie_&_suelle,"リディー&スールのアトリエ,リディースール"
sponsor,"提供目,提供"
mahou_shoujo_madoka_magica_plus,"魔法少女まどか☆マギカPlus,魔法少女まどかマギカPlus"
spade_earrings,
fiz_(fizintine),
ooarai_volleyball_uniform,
rathalos,リオレウス
ice_cream_on_face,
broken_pillar,
princess_chain_chomp,"ワンワン姫,chompette"
hijab,"ヒジャーブ,ヒジャブ"
riesbyfe_stridberg,"リーズバイフェ・ストリンドヴァリ,リーズバイフェ"
sakuragi_hinako,桜木ひな子
jigsaw_puzzle,ジグソーパズル
tsukumogami,"つくも神,付喪神"
entoma_vasilissa_zeta,"エントマ・ヴァシリッサ・ゼータ,エントマ"
queen's_blade_white_triangle,"クイーンズブレイドWHITETRIANGLE,クイブレWT"
repair_bucket,高速修復材
zapdos,"サンダー,サンダー(ポケモン)"
whipping,鞭打ち
soukyuu_no_fafner,"蒼穹のファフナー,蒼穹のファ腐ナー"
hands_on_own_leg,
vertical_comic,
eris_(konosuba),"エリス,エリス(このすば)"
comic_bavel,コミックバベル
pestle,"乳棒,杵臼,杵,研杵,捣蒜器"
hand_on_another's_wrist,
crimson_avenger_(elsword),"緋紅復仇者,绯红复仇者,CrA,CrimsonAvenger,クリムゾンアベンジャー"
trapinch,ナックラー
ornate_clothes,
tasmanian_devil_tail,
apron_tug,
iron_bars,鉄格子
game_boy_color,ゲームボーイカラー
ahsoka_tano,アソーカ・タノ
omaru_polka_(street_casual),
no_more_heroes,"ノーモア★ヒーローズ,ノーモアヒーローズ"
upao_(amane_kanata),うぱお
isayama_yomi,"諫山黄泉,諌山黄泉"
seasons,"春夏秋冬,四季折々,춘하추동"
spiked_gauntlets,
lid,
subway_station,
naked_armor,
mito_ikumi,水戸郁魅
komainu_boy,
jingle_bell_earrings,
yuki_miku_(2014),"雪ミク2014,なまらちゃん"
monoe,モノ江
monk_(final_fantasy),モンク
looney_tunes,ルーニー・テューンズ
pieck_finger,"ピーク・フィンガー,ピーク"
alfonse_(fire_emblem),アルフォンス(ファイアーエムブレム)
yuragisou_no_yuuna-san,"ゆらぎ荘の幽奈さん,yuragi-sou_no_yuuna-san"
black_car,
saki_(the_atko),
viper_(shine_of_love)_(nikke),バイパー:シャイン・オブ・ラブ
nagatekkou,長手甲
azusa_(cookie),AZS姉貴
wadanohara,大海原
looking_through_scope,
kazami_mizuho,風見みずほ
blood_on_neck,
mariya_mikhailovna_kujou,マリヤ・ミハイロヴナ・九条
alia_(mega_man),"エイリア,エイリア(ロックマン)"
window_shutter,シャッター
blue_lightsaber,
fukube_satoshi,福部里志
green_suspenders,
iron_fence,"铁围栏,铁栅栏"
winged_unicorn,"アリコーン,天角兽,alicorn"
ibuki_(azur_lane),"伊吹(アズールレーン),伊吹,峦"
laplace_(nikke),"ラプラス(勝利の女神:NIKKE),ラプラス(NIKKE),라플라스(NIKKE),ラプラス,Laplace"
snot_trail,
pectoral_squeeze,
jaye_(arknights),"孑,ジェイ(アークナイツ),제이"
sanitized_(splatoon),
luvdia,LUVDIA
white_wolf,
anemo_symbol_(genshin_impact),
ice_shard,
horns_through_hood,
broken_moon,
black_jaguar_(kemono_friends),ブラックジャガー(けものフレンズ)
jibaku_shounen_hanako-kun,"地縛少年花子くん,地缚少年花子君,花子くん,지박소년_하나코군"
tojou_michiru,都条みちる
bite_mark_on_thigh,
dogoo,"スライヌ,slinu"
genius_invokation_tcg,"七圣召唤,七聖召喚,일곱성인의소환,Thất_Thánh_Triệu_Hồi,Invocación_de_los_Sabios,Invocation_des_Sept_:_JCC,Священный_призыв_семерых,เกมกลเจ็ดอัจฉริยะ,Geniale_Beschwörung,Chamado_Sagrado_dos_Sete,Dehanın_Yakarışı_Kart_Oyunu,GCC_Invokazione_del_genio"
isokaze_(azur_lane),"磯風(アズールレーン),柉"
akg_k-series_headphones,
morty_(pokemon),"マツバ,マツバ(トレーナー),マツハヤ"
owada_mondo,大和田紋土
cake_stand,
nissan_silvia,シルビア(日産)
soy_sauce_bottle,
yuri_seo,"서유리,ユリ=アスマ"
snow_boots,
swimsuit_tug,
dress_grab,
kukri,ククリナイフ
cheese_(sonic),"チーズ,Chīzu"
wii_remote,Wiiリモコン
implied_tail_plug,
solomon_(fate),ソロモン(Fate)
ushiromiya_eva,右代宮絵羽
beef,"牛肉,ビーフ,쇠고기"
mystic_square,東方怪綺談
lace_garter_belt,
niko_(oneshot),"Niko,Niko(Oneshot),ニコ"
diamond_necklace,
luna_snow,
corner,
bunny_ears_prank,
zhu_xian,"诛仙,jade_dynasty"
robot_dog,
meowstic,ニャオニクス
pattadol,パッタドル
mishiranu_joshikousei_ni_kankin_sareta_mangaka_no_hanashi,"見知らぬ女子高生に監禁された漫画家の話,mishiranu_joshikousei_ni_kankensareta_mangaka_no_hanashi"
luna-p,ルナp
djmax_respect,"DJMAXRespect,디제이맥스리스펙트"
rei_(guilty_gear),
nun_bora,"Bora_art,눈보라,ヌン・ボラ,ヌンボラ,Nunbo_live,Nunvoice,Sno_we"
wrong_hand,
thanatos_(persona),
ralsei,ラルセイ
coconut_cup,
little_mac,"リトル・マック,リトルマック,littlemac"
arash_(fate),"アーチャー(フラグメンツ),アーラシュ・カマンガー"
collar_chain_(jewelry),ピンホールカラー
kiryuuin_aoi,桐生院葵
june,
lokulo-chan_(lokulo_no_mawashimono),ろくろーん
pink_pillow,
right-hand_drive,右ハンドル
jiyan_(wuthering_waves),忌炎
july,
comiket_93,c93
hakase_fuyuki_(1st_costume),葉加瀬冬雪(通常)
touhou_hisoutensoku,
zipper_top,
treehouse,ツリーハウス
stuffed_dragon,
convenient_head,
yuzu-soft,ゆずソフト
hikawa_iona,氷川いおな
rumi_(small)_(blue_archive),朱城ルミ(幼女)
angol_mois,アンゴル=モア
no_scar,
andou_mahoro,安藤まほろ
smol_mumei,
fu_hua_(taixuan_impression),
squeeze_bottle,
rei_(princess_connect!),"レイ(プリコネ),レイ,士条怜"
chaos_online,"카오스온라인,カオスヒーローズオンライン,CHO"
squid_hat,
kinnikuman,キン肉マン
leopard_print_bikini,豹柄ビキニ
healing,
white_chocolate,"ホワイトチョコ,ホワイトチョコレート"
lungmen_dollar,"龍門幣,龙门币"
shishio_chris_(1st_costume),
enkidu_(weapon)_(fate),
kokeshi,こけし
ameth_(princess_connect!),"アメス,アメス(プリコネ)"
rita_rossweisse_(artemis),"蒼騎士・月魂,苍骑士月魂"
aladdin_(disney),アラジン(ディズニー)
burnt_food,
burning_building,
gambol_shroud,
biting_another's_tail,
alstroemeria_(idolmaster),ALSTROEMERIA
implied_erection,
homework,"宿題,숙제,作業,作业"
dp-12_(girls'_frontline),"DP-12,DP12,DP-12(ドールズフロントライン),DP-12(少女前線)"
animal_between_breasts,
kawamura_reo,川村玲緒
sakurada_yuuta,桜田ゆうた
skis,
kisaragi_momo,如月モモ
persicaria_(neural_cloud),"ペルシカリア(ニューラルクラウド),ペルシカ(ニューラルクラウド),帕斯卡莉亚(云图计划),帕斯卡(云图计划),帕斯卡莉亞(雲圖計劃),帕斯卡(雲圖計劃),페르시카리아(뉴럴클라우드),페르시카(뉴럴클라우드)"
yusa_(angel_beats!),遊佐
locke_cole,ロック・コール
raiden_shogun_(magatsu_mitake_narukami_no_mikoto),
golf,"ゴルフ,골프,高爾夫球"
darkest_dungeon,"ダーケストダンジョン,다키스트던전,darkestdungeon"
lambda-11,"Λ-11,ラムダ"
aida_rayhunton,アイーダ・スルガン
broken_condom,
black_crown,
ceobe_(unfettered)_(arknights),
purple_leggings,
moetan,もえたん
itsuka_shidou,五河士道
shikibe_mayu,式部茉優
blu-ray_cover,
squeezing_testicles,
blue_pikmin,青ピクミン
matsukai_mao_(1st_costume),魔使マオ(通常)
moai,"🗿,モアイ像,モアイ"
bewear,キテルグマ
akashiya_moka,赤夜萌香
utage_(disguise)_(arknights),
el_(girls_und_panzer),"エル,エル(GuP),青師団高校,エル隊長"
off-shoulder_coat,
ashe_ubert,"アッシュデュラン,アッシュ=デュラン"
bad_gun_anatomy,
percival_(granblue_fantasy),"パーシヴァル,パーシヴァル(グラブル)"
kuroda_kunika,黒田那佳
nekota_tsuna_(1st_costume),猫汰つな(通常)
illumination_stars_(idolmaster),イルミネーションスターズ
marina_ismail,マリナ・イスマイール
leather_vest,
diagonal-striped_skirt,
mikeneko_(vtuber),"みけねこ,みけねこch,みけねこ(配信者),みけねこアート,みけアート,ねここあーと,恋糸りあ"
super_sailor_mercury,スーパーセーラーマーキュリー
shimiko_(blue_archive),"円堂シミコ,시미코"
liv:_empyrea_(pgr),"极昼,丽芙极昼"
trample,踩踏
ak-74m,ak74m
flamebringer_(arknights),"炎客,エンカク,エンカク(アークナイツ)"
jumpluff,ワタッコ
osanai_(shashaki),小山内先輩
gattai,"合体,合体ロボ,グレート合体"
semi_truck,セミトレーラー
stg44,"StG44,MP44"
pixiv_fantasia_age_of_starlight,"pixivファンタジアAOS,ピクファンAOS,PFAOS,PFAOS人物名鑑"
taiwan,"台湾,臺灣,台灣,대만,타이완,中華民国,Formosa,ROC"
live_twin_ki-sikil,"Live☆Twinキスキル,キスキル,キスキル(遊戯王)"
geass,ギアス
purple_petals,
moe2021,
meme_(me!me!me!),
petilil,チュリネ
sorakado_ao,空門蒼
tiger_cub,
naked_costume,
sotheby,"苏芙比,サザビー(リバース:1999)"
canal_vorfeed,"キャナル,キャナル・ヴォルフィード,キャナル=ヴォルフィード"
team_plasma,
large_buttons,
high_school_dxd_hero,"ハイスクールDxDHERO,ハイスクールディーディー勇者"
ink_stamp,
strawberry_milk,
winter_schnee,"WinterSchnee,ウィンター・シュニー"
suzuki_hina,"鈴木ヒナ,ヒメヒナ"
alcryst_(fire_emblem),
on_cloud,
firewatch_(arknights),"守林人,ファイヤーウォッチ,ファイヤーウォッチ(アークナイツ)"
nevada_(kancolle),"ネバダ(艦隊これくしょん),ネバダ(艦これ),Nevada(艦隊これくしょん),Nevada(艦これ),ネバダ,Nevada,ネヴァダ(艦隊これくしょん),ネヴァダ(艦これ),ネヴァダ"
elincia_ridell_crimea,"エリンシア,エリンシア・リデル・クリミア"
maehara_shinobu,前原しのぶ
mekakucity_actors,メカクシティアクターズ
nana_(ice_climber),ナナ
teri_derp_(meme),
brown_sky,
mg_mg,"もぐもぐ,モグモグ,mgmg"
nami_(league_of_legends),"Nami,나미,ナミ,娜美"
chinese_lantern_(plant),"ホオズキ,ほおずき,鬼灯,酸漿,ほおづき,Alkekengi,Physalis,鬼燈"
caro_ru_lushe,キャロ・ル・ルシエ
atelier_yumia,"ユミアのアトリエ,AtelierYumia,ユミア"
nose_pads,
jupiter_(planet),木星
kanzaki_aoi_(kimetsu_no_yaiba),神崎アオイ
leisurely_otter_(genshin_impact),ノンビリラッコ
captain_america_(series),キャプテン・アメリカ
celestial_being_uniform,
orca_hair_ornament,
sendai_hazuki,仙台葉月
fuyuan_(honkai:_star_rail),
koseki_reina,小関麗奈
takei_junko,竹井醇子
lamia:_lost_lullaby_(pgr),
bandaid_on_foot,
holding_kettle,
trailer,トレーラー
minamoto_no_raikou_(swimsuit_lancer)_(second_ascension)_(fate),
kaidou_(one_piece),"カイドウ(ONEPIECE),凯多"
tezuka_rin,
wooden_staff,
iris_yuma,"イリス・ユマ,이리스유마"
isuzu_kai_ni_(kancolle),五十鈴改二
kerosene_lamp,
red_light,
on_food,
backrooms_(creepypasta),Backrooms
general_student_council_president_(blue_archive),"連邦生徒会長,총학생회장"
constriction,
naruse_mio,成瀬澪
swiss_flag,"🇨🇭,スイスの国旗"
virtua_fighter,バーチャファイター
animal_charm,
uboa,ウボァ
asics,
arm_markings,
scorpius_(constellation),"さそり座,蠍座,天蝎座,天蠍座,전갈자리"
enigmatic_recollection,ENreco
fur-trimmed_bra,
dialogue_options,
kanne_(sousou_no_frieren),"カンネ,カンネ(葬送のフリーレン)"
my_life_as_a_teenage_robot,"ジェニーはティーン☆ロボット,MLaaTR,mylifeasateenagerobot"
nightclub,
capsule_corp,カプセルコーポレーション
lust_(fma),ラスト
boku_dake_ga_inai_machi,"僕だけがいない街,僕街,【腐】ぼくまち"
matangomu-chan,またんごむちゃん
mahou_shoujo_lyrical_nanoha_a's_portable:_the_battle_of_aces,
see-through_coat,
rough_time_school_(idolmaster),
paparazzi,
shaka_sign,
shinigami_(rain_code),死に神ちゃん
ayase_honoka,綾瀬穂乃香
anise_tatlin,アニス・タトリン
alex_(minecraft),"アレックス,アレックス(Minecraft)"
wanda_maximoff,"WandaMaximoff,scarlet_witch"
she-hulk,シーハルク
inutade,"イヌタデ,イヌタデ(ダンジョン飯)"
palette_swap,
pringles,プリングルズ
kindergarten_teacher,"保育士,保母"
kimi_ga_shine,"キミガシネ,your_turn_to_die,yttd,네가죽어,키미가시네,你去死吧"
chigusa_asuha,千種明日葉
watercolor_background,
toaster,トースター
shiva_(final_fantasy),
mizusawa_mao,水澤摩央
togashi_yuuta,富樫勇太
gunsmith_cats,ガンスミスキャッツ
mouse_boy,
husband_and_husband,
shirt_behind_neck,
red_hood_(nonsense_red)_(nikke),レッドフード:ナンセンスレッド
p-chan_(p90),
hazuki_watora,"ワトラ,ワトラちゃん,葉月ワトラ"
special_week_(hopping_vitamin_heart)_(umamusume),"ほっぴん♪ビタミンハート,あの娘が水着に着替えたら_ウマ娘夏物語"
legendary_super_saiyan,"伝説の超サイヤ人,伝説のスーパーサイヤ人,超サイヤ人フルパワー,スーパーサイヤ人フルパワー,超サイヤ人(暴走),スーパーサイヤ人(暴走),ケール(暴走),ケール:暴走,制御不能なサイヤ人"
blurry_edges,
holding_another's_thighs,
holding_dice,
holding_heart_(organ),
two_soyjaks_pointing_(meme),
bloodstained:_ritual_of_the_night,Bloodstained
hitsugaya_toushirou,日番谷冬獅郎
cecil_harvey,セシル・ハーヴィ
grey_helmet,
august,
tangela,モンジャラ
the_terminator,"ターミネーター,Terminator,ターミネーター(映画)"
elaine_auclair,エレイン・オークレール
shingoku_no_valhalla_gate,"神獄のヴァルハラゲート,ヴァルハライラコン魔,ヴァルハライラコン人"
raft,"いかだ,筏"
carro_veloce_cv-33,"L3,CV33"
forced_lactation,
protagonist_(love_and_deepspace),
kiawe_(pokemon),カキ(トレーナー)
autocannon,オートキャノン
after_handjob,
ookami_ryouko,大神涼子
castlevania:_rondo_of_blood,"悪魔城ドラキュラX血の輪廻,血の輪廻,CastlevaniaRondoofBlood,RondoOfBlood"
wendy_(wendy's),
kaneshiya_sitara,兼志谷シタラ
stepping_stones,
spoken_sparkle,
boar_mask,
sims_(azur_lane),"シムス(アズールレーン),西姆斯"
vex_(league_of_legends),ヴェックス
aquaplus,
raiden_mei_(valkyrie_bladestrike),戦乙女・強襲
elina_(queen's_blade),"エリナ,近衛隊長エリナ,牙を統べる者エリナ,絶影の追跡者エリナ"
chicken_costume,
sakurasawa_sumi,桜沢墨
black_panther,
karina_lyle,カリーナ・ライル
spiritomb,ミカルゲ
moomoo_milk,モーモーミルク
gold_bar,"金の延べ棒,金の延棒,金塊"
prier,プリエ
kamikoshi_sorawo,紙越空魚
roblox,"ロブロックス,로블록스,robloxart,RobloxArtCommissions,robloxdev"
mori_calliope_(party_dress),CalliopElegant
shikibe_ayaka,色部彩夏
roulette,ルーレット
plachta,プラフタ
artoria_pendragon_(alter_swimsuit_rider)_(first_ascension)_(fate),
holding_lead_pipe,
rottytops,"ロッティ・トップス,Rottytops"
coat_lift,
gift_card,
quattro_bajeena,クワトロ・バジーナ
triangle_background,
carrot_pin,
awakened_miki,覚醒美希
origami_bird_(honkai:_star_rail),折り紙の小鳥
miwa_kasumi,三輪霞
koko_hekmatyar,ココ・ヘクマティアル
narciso_anasui,ナルシソ・アナスイ
chain_between_breasts,
nari_(cougar1404),
mona_lisa,"モナリザ,蒙娜丽莎"
micchan_(ohisashiburi),
sea_slug,"ウミウシ,海牛,アメフラシ,海蛞蝓"
bishoujo_senshi_sailor_moon_crystal,"美少女戦士セーラームーンクリスタル,美少女戦士セーラームーンCrystal,セーラームーンクリスタル,セーラームーンCrystal"
no_thank_you!_(k-on!),"NO,ThankYou!"
dragon_quest_ix,"ドラゴンクエスト9,ドラクエ9,DQ9"
alluka_zoldyck,"アルカ=ゾルディック,アルカ"
high-waist_sideboob,
tisshu_(karutamo),ティッシュちゃん
fate_testarossa_(lightning_form),ライトニングフォーム
crash_fever,"クラッシュフィーバー,クラフィ"
oreo,オレオ
tachihanabishi,
uniform_series_(idolmaster),
cicada,"セミ,蝉,ヒグラシ,蜩"
ereshkigal_(third_ascension)_(fate),
misha_(honkai:_star_rail),ミーシャ(スターレイル)
mandrake,"マンドラゴラ,曼德拉草"
alice_(sinoalice),"アリス(シノアリス),アリス"
kamishirasawa_keine_(hakutaku),
animation_paper,
wcdonald's,ワクドナルド
akari_(princess_connect!),"風宮あかり,アカリ(プリコネ),アカリ"
news,ニュース
horaki_hikari,洞木ヒカリ
yawata_maru_(kancolle),"八幡丸(艦隊これくしょん),八幡丸(艦これ),八幡丸"
w_(wanted)_(arknights),
subdermal_port,
tokimeki_memorial_2,"ときめきメモリアル2,ときメモ2"
floral_print_shirt,
me-tan,"WindowsME,MEたん,ME"
tied_sweater,
aggron,ボスゴドラ
azure_striker_gunvolt_2,蒼き雷霆ガンヴォルト爪
wallace_wells,"ウォレス・ウェルズ,wallacewells,scollace,toddallace,mobillace"
too_much_food,
yorra_villeneuve_(nyantcha),yorra_villeneuve
tom_and_jerry,"tomandjerry,トムとジェリー,猫和老鼠,湯姆貓與傑利鼠,톰과제리"
kitakoji_hisui,"北小路ヒスイ,ヒスイワークス,秘スイ"
darry_adai,"ダリー・アダイ,ダリー"
hoshimachi_suisei_(oriental_suit),星街すいせい(東洋風スーツ衣装)
two-tone_cloak,
rider-tan,"ライダー少女,rider-tan,ridertan"
blade_lineage_(identity)_(project_moon),
red_serafuku,
holding_wreath,
sora_no_woto,"ソ・ラ・ノ・ヲ・ト,ソラノヲト"
fairy_fencer_f,フェアリーフェンサーエフ
golden_retriever,
narusegawa_naru,成瀬川なる
white_mage_(fft),
step-sisters,
loran_cehack,"ロラン・セアック,ロラン"
mushroom_print,
miyamoto_musashi_(swimsuit_berserker)_(first_ascension)_(fate),
ashiyu,足湯
feather_collar,
jenny_wakeman,"ジェニーさん,XJ9"
blue_reflection_maboroshi_ni_mau_shoujo_no_ken,"ブルーリフレクション,BLUEREFLECTION,ブルリフ"
north_flight_(umamusume),ノースフライト(ウマ娘)
pia_carrot_(series),Piaキャロットへようこそ!!
final_fantasy_ii,"ファイナルファンタジーII,ファイナルファンタジー2,ff2"
jet_ski,"ジェットスキー,水上バイク"
tnt,"トリニトロトルエン,TNT"
hazuki_(tsukuyomi),葉月
rebecca_miyamoto,レベッカ宮本
delusion_(genshin_impact),
bae_minah_(chaesu),"Minah,Bae_Minah,민아"
sitting_on_torii,
mori_nagayoshi_(fate),"バーサーカー(帝都聖杯奇譚),森長可(Fate),森長可"
growlanser,"グローランサー,グロラン"
pile,
flower_censor,
flower-shaped_hair,
lion_head_(ornament),
light_cruiser_princess,軽巡棲姫
virgo_(constellation),"おとめ座,乙女座,室女座,处女座,處女座,처녀자리"
stun_gun,
yayaka,"ヤヤカ,ヤヤココ"
sesame_seeds,"胡麻,芝麻"
it_(stephen_king),"IT,It,イット,IT2017,IT1990,ITmovie,ITminiseries,IT/イット"
doro_(nikke),
kirby:_star_allies,"星のカービィスターアライズ,スターアライズ"
brief_(psg),"ブリーフ,ブリーフ(パンスト),ブリーファス・ロック"
rama_(fate),ラーマ(Fate)
tri_(zelda),
soleil_(fire_emblem),ソレイユ(FEif)
inkbrush_(splatoon),"パブロ,パブロ・ヒュー,パーマネント・パブロ"
comic_lo,COMICLO
tora_(xenoblade_2),トラ(ゼノブレイド2)
emboar,エンブオー
premier_ball,プレミアボール
soukou_kihei_votoms,"装甲騎兵ボトムズ,アーマードトルーパー"
hanya_(honkai:_star_rail),寒鴉
kujou_miyako,九條都
roy_(pokemon),ロイ(アニポケ)
zabaniyya_(housamo),ザバーニーヤ
kamura_(armor),
pussy_press,
comfey,キュワワー
apple_juice,
star_guardian_lux,魔法少女拉克丝
valkyrie_no_densetsu,ワルキューレの伝説
druvis_iii,"槲寄生,ドルーヴィスIII"
paper_hat,
no._21:_feral_scent_(pgr),
number_hair_ornament,
mirai_(kemono_friends),"ミライ(けものフレンズ),パークガイド(けものフレンズ)"
gondola,ゴンドラ
unworn_hairclip,
gm_(mobile_suit),"GM(機動戦士ガンダム),ジムシリーズ,ジム(機動戦士ガンダム)"
dragonaut,ドラゴノーツ
executive_mishiro,美城常務
plants_vs_zombies,"Plantsvs.Zombies,PlantsVsZombies,PvZ,プラントvsゾンビ,プラントvs.ゾンビ,植物対ゾンビ,植物大战僵尸"
licking_blood,
touyoko_momoko,東横桃子
oricorio,オドリドリ
vortex_vanquisher_(genshin_impact),贯虹之槊
ryoma_(fire_emblem),リョウマ(FEif)
hyougintou,"氷銀燈,氷ちゃん"
scarf_pull,
cecilia_schariac,"セシリア・シャニアテ,塞西莉亚·沙尼亚特"
bishie_sparkle,
kono_bijutsubu_niwa_mondai_ga_aru!,"この美術部には問題がある!,この美"
tantei_wa_mou_shindeiru,探偵はもう、死んでいる。
slime_boy,
hands_on_penis,
emma_(yakusoku_no_neverland),"エマ(約ネバ),エマ(約束のネバーランド),岛艾玛"
scraped_knee,
puffer_fish,"🐡,フグ,복어,河豚"
k/da_evelynn,
sakura_taisen_v,サクラ大戦V
ikusaba_daisuke,居草場ダイスケ
starpiece_memories_(idolmaster),スターピースメモリーズ
chevrolet,シボレー
sage_(valorant),"セージ,贤者,sage"
estinien_varlineau,エスティニアン
kama_(swimsuit_avenger)_(second_ascension)_(fate),
aruruu,アルルゥ
satou_sakie,佐藤早紀絵
smelling_underwear,
jaguarman_(fate),ジャガーマン
mma_gloves,
ribbon_bar,
strinova,"卡拉彼丘,칼라비야우,カラビヤウ,Strinova,스트리노바,ストリノヴァ,ストリノバ"
pillow_humping,
serving,
ice_cream_cone_spill,
red_bandage,
iced_tea,アイスティー
finger_cots,"指サック,指套,손가락_침대"
gyuudon,"牛丼,ぎゅうどん"
othinus,"オティヌス,Othinus,othinus"
blood_on_dress,
wailmer,ホエルコ
floral_print_skirt,
spoken_number,
shuumatsu_no_izetta,終末のイゼッタ
hirume_of_heavenly_incense,"히루메,천향의히루메,천향의_히루메,天香のヒルメ,ヒルメ,天香之希魯梅,Hirume,hirume"
fujimaru_ritsuka_(female)_(royal_brand),ロイヤルブランド
girlfriend_(houkago_play),彼女さん
priscilla_barielle,"プリシラ・バーリエル,プリシラバーリエル"
sumo,相撲
insect_cage,虫かご
gerwalk,ガウォーク
excalibur_(fate/prototype),
milk_churn,
mall,
chiikawa,"ちいかわ,吉伊卡哇,Nanka_Chiisakute_Kawaii_Yatsu,なんか小さくてかわいいやつ,먼작귀,ちいかわ擬人化"
x-shaped_eyewear,
grey_jumpsuit,
tube_top_lift,
cecilia_flower_(genshin_impact),塞西莉亚花
no_armor,
cure_gelato,キュアジェラート
squid_girl,
fruit_background,
counters_(nikke),
cosmic_heart_compact,
stern_the_destructor,"シュテル・ザ・デストラクター,星光の殲滅者,シュテル・スタークス"
fur_gloves,
kakita_(92m),
lala_(monster_musume),"ララ,ララ(モンスター娘のいる日常)"
mitsukasa_ayase,三司あやせ
greaseberries,
endministrator_(arknights),"管理員,管理人"
onjouji_toki,"園城寺怜,おんじょうじとき"
kanojo_x_kanojo_x_kanojo,彼女×彼女×彼女
super_sailor_venus,スーパーセーラーヴィーナス
see-through_sports_bra,
kojima_emi,"小島エミ,黒森峰女学園,履帯子,直下さん,JP-CHAN"
see-through_babydoll,
mikazuki_augus,三日月・オーガス
boys_anti_tank_rifle,
swallow_(bird),ツバメ
dvd_case,
laura_la_mer_(mermaid),
holstein_friesian_cattle_(kemono_friends),ホルスタイン(けものフレンズ)
hakugyokurou,白玉楼
ingrid_brandl_galatea_(summer),
memories_off,"MemoriesOff,メモリーズオフ,メモオフ"
integra_hellsing,"インテグラル・ファルブルケ・ウィンゲーツ・ヘルシング,インテグラ"
incredible_ecclesia_the_virtuous,"白の聖女エクレシア,ごはんはたくさんたべるタイプ,追放者エクレシア"
lipstick_mark_on_ass,
azki_(3rd_costume)_(hololive),AZKi(3rd衣装)
wonderful_rush,WonderfulRush
nanjo_hikaru,南条光
yorda,ヨルダ
arcana_heart_2,
print_camisole,
lilimon,リリモン
kongiku,紺菊
revealing_tanlines,
shotadom,ショタドム
centurii-chan,
sakura_nene,桜ねね
phantom_(arknights),"傀影,ファントム(アークナイツ)"
bakumatsu_rouman,月華の剣士
jupiter_symbol,♃
pop-up_headlights,
vent_(object),通風孔
cum_in_bowl,
gauge,"計量器,けいりょうき,計器,けいき"
yamato_(swimsuit_mode)_(kancolle),大和(水着)
himemiya_tori,"姫宮桃李,himemiyatori,tori_himemiya,torihimemiya"
improvised_umbrella,
suntory,サントリー
headwear_writing,
ump45_(agent_lop_rabbit)_(girls'_frontline),
orange_camisole,
moira_(nijisanji),"モイラ,モイラ(にじさんじ),もいもいらすと"
fallenshadow_(1st_costume),
ingrid_(taimanin_murasaki),"魔界騎士イングリッド,イングリッド"
milfeulle_sakuraba,"ミルフィーユ・桜葉,ミルフィーユ桜葉"
eevee_ears,
yamagishi_yukako,山岸由花子
m1_garand,"M1ガーランド,M1D"
raynare,"レイナーレ,雷娜蕾"
li_shuwen_(fate),
top-load_washing_machine,
vomiting_rainbows,
perfect_cell,"完全体セル,超完全体セル,復活セル,パーフェクトセル"
miramikaru_riran,"ミラミカルリラン,MRMKRRRN"
souryuu_kai_ni_(kancolle),蒼龍改二
geo_symbol_(genshin_impact),
takamachi_nanoha_(exceed_mode),エクシードモード
tic-tac-toe,"三目並べ,3目並べ,○×ゲーム"
x_anus,
holojustice,"holojustice,ホロライブEN4期生"
xatu,ネイティオ
print_male_underwear,
ishigami_nozomi_(1st_costume),石神のぞみ(通常)
ishigaki_(kancolle),"石垣(艦隊これくしょん),石垣(艦これ),石垣"
miyako_(young)_(blue_archive),
color_wheel_challenge,colorwheelchallenge
looking_past_viewer,
mega_man_volnutt,ロック・ヴォルナット
richelieu_(fleuron_of_the_waves)_(azur_lane),"潮風のフルーロン,潮风的Fleuron"
echidna_(queen's_blade),エキドナ
smear_frame,
smelling_armpit,
goron,
kyoko_(kunio-kun),"きょうこ,きょうこ(くにおくん)"
ascalon_(arknights),"阿斯卡纶,アスカロン(アークナイツ)"
umbrakinesis,
sneasler,オオニューラ
kizuato,痕
garfield,"ガーフィールド,加菲猫和他的朋友们,GarfieldAndFriends"
hatsune_miku_(noodle_stopper),
dandelion_(girls'_frontline),"ダンドリー(ドールズフロントライン),ダンデライオン(ドールズフロントライン),Dandley"
chibikko_(morihito),ちびっこちゃん
minami_kotori_(bird),
alien_(1979),エイリアン
kmnz,"KMNZ,kmnzart"
minami_mirei,"南みれぃ,南米蕾,そらみスマイル"
latex_panties,
ice_bucket,
olivier_mira_armstrong,オリヴィエ・ミラ・アームストロング
yoshizawa_sumire,
miyoushe_watermark,
lucid_(maplestory),"ルシード,루시드"
jett_(valorant),"ジェット,jett"
censored_anus,
sistine_fibel,システィーナ=フィーベル
arisa_bunnings,アリサ・バニングス
amemori_sayo,"雨森小夜,雨森と美術"
canaan_(character),カナン
bear_hat,
supreme_(brand),シュプリーム
chainsaw_devil,チェーンソーの悪魔
rail_wars!,RAILWARS!
angel_statue,
mahou_shoujo_lyrical_nanoha_innocent,"魔法少女リリカルなのはINNOCENT,魔法少女リリカルなのはINNOCENTS"
payila_(granblue_fantasy),"ハイラ,haira,ハイラ(グラブル)"
mischievous_straight_uniform_(blue_archive),"イタズラ☆ストレート,To_the_Shining_MiLie,キラメクMiLieヘ"
hands_on_eyewear,
corviknight,アーマーガア
toxtricity,ストリンダー
mu-12,μ-12
shez_(male)_(fire_emblem),
freezing_(series),"フリージング,freezing,FREEZING,Freezing"
yuuki_aoi,悠木碧
soren_(fire_emblem),セネリオ
lumen_(gunvolt),モルフォ(蒼き雷霆ガンヴォルト)
m37_(girls'_frontline),"ithaca37,M37,M37(ドールズフロントライン),M37(少女前線)"
fromsoftware,フロムソフトウェア
butter_knife,
graf_eisen,
nose_shade,
linkle,リンクル
meiko_(inuarashi),
meruru_(oreimo),
glowing_feather,
penis_sheath,
kawaii_dake_ja_nai_shikimori-san,"式守さん,式守さんアニメ化,可愛いだけじゃない式守さん"
nanael_(queen's_blade),ナナエル
gal_gamer_ni_homeraretai,ギャルゲーマーに褒められたい
percival_(fate),パーシヴァル(Fate)
langley_(kancolle),"Langley,Langley(艦隊これくしょん),Langley(艦これ),ラングレー,ラングレー(艦隊これくしょん),ラングレー(艦これ)"
vertical-striped_one-piece_swimsuit,
baggy_socks,
feather_necklace,
atra_mixta,アトラ・ミクスタ
shinn_asuka,"シン・アスカ,シン·アスカ"
carmilla_(swimsuit_rider)_(fate),カーミラ(水着)
model,プラモデル
desert_camouflage,
glowing_hands,
anton_ivanov,"AntonIvanov,アンドー・イワノフ,安东·伊万诺夫"
delibird,デリバード
pecjob,男パイズリ
final_fantasy_i,"ファイナルファンタジーI,ファイナルファンタジー1,FFI,FF1"
price_list,
hijikata-san_(m.m),ヒジカタさん
lace-up_sleeves,
izumi_koshiro,泉光子郎
pika_(pokemon),ピカ
orange_pajamas,
hip_attack,ヒップアタック
vanguard_princess,ヴァンガードプリンセス
golden_shower,
moe2019,MOE2019
bayonetta_3,"ベヨネッタ3,bayonetta3"
pisces_(constellation),"うお座,魚座,双鱼座,雙魚座,물고기자리"
spread_eagle_position,"spread_eagle,大の字"
shinano_(dreams_of_the_hazy_moon)_(azur_lane),"満ち欠ける朧月,胧月十夜"
digivice,"Digivice,デジヴァイス"
hoshimachi_suisei_(stellar_into_the_galaxy),
biohazard_symbol,☣
flipping_food,
sense_(sousou_no_frieren),ゼンゼ
intrepid_(azur_lane),"イントレピッド,イントレピッド(アズールレーン),无畏"
cure_finale,キュアフィナーレ
r_dorothy_wayneright,R・ドロシー・ウェインライト
covered_armpit,透け腋
x-23,X-23
removing_sock,靴下を脱ぐ
gimp_suit,
netorase,"ネトラセ,寝取らせ"
clarinet,クラリネット
kagurabachi,"カグラバチ,カグラバチFA,BachiArt"
alucard_(castlevania),"アルカード,アドリアン・ファーレンハイツ・ツェペシュ"
meerkat_ears,
suzuya_(azur_lane),"鈴谷(アズールレーン),狺"
lotad,ハスボー
kakumeiki_valvrave,革命機ヴァルヴレイヴ
woollen_cap,
saaya_(kirome),"サーヤ,サーヤ自撮り,サーヤ(VTuber),ちゃんねるサーヤ,sayamcup"
torkoal,コータス
green_apple,"青林檎,青りんご,青リンゴ,青苹果"
slave_brand,
shirayuki_(arknights),"白雪,シラユキ,シラユキ(アークナイツ)"
negai_wa_itsuka_asa_wo_koete_(project_sekai),願いは、いつか朝をこえて
first_aid,
snow_leopard_boy,
ranoa_magic_academy_school_uniform,
botan_(yu_yu_hakusho),"ぼたん,ぼたん(幽遊白書)"
fuyuki_minami,冬木美波
orbital_path,
kirasaka_sayaka,煌坂紗矢華
rabbit_ear_legwear,
ishimaru_kiyotaka,石丸清多夏
pink_bandana,
roberta_(arknights),"罗比菈塔,ロベルタ(アークナイツ),ロベルタ"
male_harem,逆后宫
matsuno_todomatsu,"トド松,松野トド松,TOTTY"
gold_anklet,
gundam_msv,"MSV,モビルスーツバリエーション"
multicolored_pantyhose,
octagram,八芒星
usagi-san,
kawasumi_mai,川澄舞
jason_(fate),イアソン(Fate)
solaire_of_astora,ソラール
gangut_dva_(kancolle),
magical_mirai_miku_(2021),マジカルミライ2021
touhou_lost_branch_of_legend,"东方光耀夜,東方光耀夜"
camisole_over_clothes,
keffiyeh,
gris_(vertigris),
scarecrow_(girls'_frontline),"稻草人,稻草人(少女前线),スケアクロウ(ドールズフロントライン),スケアクロウ(少女前线)"
faye_(fire_emblem),エフィ
groucho_glasses,"グルーチョ眼鏡,鼻メガネ,鼻眼鏡"
white_sandals,
shion_(tensei_shitara_slime_datta_ken),"シオン(転生したらスライムだった件),シオン,シオン(転スラ)"
chocolate_doughnut,
bra_over_clothes,
matsuri_(takayama_toshinori),
pov_dating,
queen_of_hearts_(playing_card),🂽
curved_horns,
kamihime_project,神姫PROJECT
spring_rider,スプリング遊具
qbz-95,"QBZ-95,95式自動歩槍"
marisa_(street_fighter),"マリーザ,マリーザ(ストリートファイター),marisa_rossetti"
makishima_saori,"槇島沙織,沙織・バジーナ"
silver_earrings,
kamishiro_rize,神代利世
shimeji_simulation,シメジシミュレーション
no_anus,
holding_drawing,
face_shield,
padoru_(meme),パドるパドる
baltimore_(black_ace)_(azur_lane),ブラックエース
year_of_the_monkey,"申年,猴年"
makoto_(summer)_(princess_connect!),
producer_(idolmaster_anime),"アニマスP,赤羽根P"
happy_sugar_life,ハッピーシュガーライフ
prussia_(hetalia),"ギルベルト・バイルシュミット,プロイセン(ヘタリア)"
monster_hunter_x,"monster_hunter_generations,MHX,モンスターハンタークロス"
super_mario_bros._wonder,"スーパーマリオブラザーズワンダー,スーパーマリオブラザーズ・ワンダー,SuperMarioBrosWonder"
mayu_(vocaloid),MAYU
watermelon_beachball,
kingdom_of_kazimierz_logo,
kaleido_star,カレイドスター
yu-gi-oh!_the_dark_side_of_dimensions,THE_DARKSIDE_OF_DIMENSIONS
yoo_mina,"유미나,劉米娜,刘米娜,ヤナギ・ミナ"
rosalinde_(unicorn_overlord),"ロザリンデ(ユニコーンオーバーロード),ロザリンデ"
dishwashing,
aries_(constellation),"おひつじ座,牡羊座,白羊座,양자리"
viktor_nikiforov,"ヴィクトル・ニキフォロフ,勇ヴィク"
olive,"木犀,もくせい,オリブ,オリーブ"
calamity_jane_(fate),カラミティ・ジェーン(Fate)
sparkle_(school_uniform)_(honkai:_star_rail),
weapon_in_mouth,
nightshirt,
fluffy_tail,
desire_driver,
reverse_paizuri,"逆パイズリ,アナル舐めパイズリ"
reverse_ryona,"逆リョナ,男リョナ"
alice_(wonderland_bunny)_(nikke),アリス:ワンダーランドバニー
animage,アニメージュ
lace-trimmed_capelet,
yakumo_mitama,"八雲みたま,ももみた"
kukui_(pokemon),ククイ博士
akashi_(swimsuit_mode)_(kancolle),明石(水着)
ashlock_(arknights),"灰毫,アッシュロック(アークナイツ)"
light-skinned_soles,
hachiroku_(maitetsu),"ハチロク,ハチロク(まいてつ)"
dengeki_hime,"電撃姫,DENGEKI_HIME"
huang_baoling,"ホァン・パオリン,黄宝鈴"
fire_emblem_gaiden,"ファイアーエムブレム外伝,FE外伝"
aria_gakuen_school_uniform,
gunner_2_(sekaiju),ガン子
sitting_between_lap,
obstagoon,タチフサグマ
orange_print,
seaport_summer_princess,港湾夏姫
real_drive,RD潜脳調査室
manaphy,マナフィ
bad_reflection,
needle_sword,
steve_rogers,"スティーブ・ロジャース,SteveRogers,steverogers"
drakeposting_(meme),
ushinawareta_mirai_wo_motomete,失われた未来を求めて
highly_responsive_to_prayers,"東方靈異伝,靈異伝,동방영이전"
flamenco_dress,
ginkgo_guild_uniform,
sonic_the_hedgehog_(idw),"IDWソニック,IDWSonic"
effects_pedal,エフェクター
print_umbrella,
suou_tatsuya,周防達哉
vepley_(girls'_frontline_2),"维普蕾,VEPLEY,베프리"
georgette_lemare,ジョーゼット・ルマール
shadaloo_dolls,"ベガ親衛隊,シャドルー"
food_as_clothes,
implied_death,
izayoi_miku,誘宵美九
tortoise,
kana_(female)_(fire_emblem),カンナ(FEif)
tribadism_through_clothes,
super_robot_wars_30,"スーパーロボット大戦30,スパロボ30"
eldar,
minimized,
ornate_weapon,
toy_airplane,
harley_quinn_(suicide_squad),
ape,"類人猿,ヒト上科"
vivid_bad_squad_miku,ビビバスミク
alchemist_(girls'_frontline),"炼金术士,鍊金術士,炼金术士(少女前线),鍊金術士(少女前線),アルケミスト(少女前线),アルケミスト(少女前線),アルケミスト(ドールズフロントライン),알케미스트,Alchemist"
play_button,
eyewear_view,
sasha_waybright,"SashaWaybright,サーシャ・ウェイブライト"
biting_finger,
sophia_valentine,"ソフィア・ヴァレンタイン,いらすたいん"
xbox_360,Xbox360
holding_laptop,
arrow_in_head,
maxwell_(nikke),"マクスウェル(勝利の女神:NIKKE),マクスウェル(NIKKE),맥스웰(NIKKE)"
chobi_(akchu),"チョビ,チョビちゃん"
blood_drop,
splat_charger_(splatoon),"スプラチャージャー,スプラチャージャーワカメ,スプラチャージャーベントー"
colored_bangs,
pink_slingshot_swimsuit,
matsumi_yuu,"松実宥,まつみゆう"
playstation_2,"プレイステーション2,PS2"
yuri_kuma_arashi,"ユリ熊嵐,百合熊岚"
sirin_(miracle_magical_girl),"西琳,シーリン"
gundam_narrative,"機動戦士ガンダムNT,ガンダムNT"
tachibana_marika,橘万里花
black_hanfu,
aqua_rose,
zom_100:_zombie_ni_naru_made_ni_shitai_100_no_koto,ゾン100
looking_at_hands,
wavy_eyebrows,
tianzi,"蒋麗華,天子(コードギアス)"
mismatched_socks,
breath_of_fire_v,"ブレスオブファイア5,bof5"
fierce_deity,鬼神リンク
twin_angel,ツインエンジェル
beatrix_(ff9),ベアトリクス
fantasy_earth,ファンタジーアース
print_hakama,
striped_towel,
cuora_(arknights),"蛇屠箱,クオーラ(アークナイツ),クオーラ"
indra_(arknights),"因陀罗,インドラ,インドラ(アークナイツ)"
old_maid,ババ抜き
chiba_mamoru,地場衛
ibuki_maya,伊吹マヤ
susato_mikotoba,御琴羽寿沙都
dangling,
tosa_(hometown_zest)_(azur_lane),"鳴子小夏,鸣子小夏"
bow_swimsuit,
axew,キバゴ
stance_(vehicle),スタンス
anakin_skywalker,"アナキン・スカイウォーカー,アナキンスカイウォーカー,アナキン,AnakinSkywalker,anakinskywalker"
star_wars:_return_of_the_jedi,ジェダイの帰還
rae_taylor,レイ=テイラー
d_(killer_wife)_(nikke),"D:キラーワイフ,キラーワイフ"
gensou_suikoden_v,"幻想水滸伝V,幻想水滸伝5,幻水V,幻水5"
live_twin_lil-la,"Live☆Twinリィラ,リィラ(遊戯王),Live☆Twinリィラ・トリート"
japanese_postal_mark,"〒,郵便記号,郵便マーク"
sakura_no_sekai,桜の世界
sakurada_hane,"桜田ハネ,ハネ絵,HaneArt"
muse_(amaburi),ミュース
parasite,寄生
ganbare_ganbare_(itou_life),がんばれ♥がんばれ♥
length_markings,
vietnamese_clothes,"越服,vietnamese_clothes"
queen_of_hearts_(alice_in_wonderland),ハートの女王
mika_melatika,"Melatikaart,mikawin,MikaMelatika,ミカ・メラティカ,Mika_Live,Mikayang,MusiKunti,MysMi"
ro-class_destroyer,"駆逐ロ級,ロ級"
orange_overalls,
akg,
bandage_on_hair,
nanami_mami,七海麻美
tenzin_(arknights),
on_rooftop,
bruce_lee's_jumpsuit,トラックスーツ
virtual_reality,
around_corner,
fig_sign,"女握り,フィグサイン"
beast_wars,"ビーストウォーズ,BeastWars"
wi-fi_symbol,
hatsuse_izuna,"初瀬いづな,いづな"
shimura_shinpachi,志村新八
bible_black,バイブルブラック
anubis_(monster_girl_encyclopedia),アヌビス(魔物娘図鑑)
mirror_selfie,
pui_pui_molcar,"モルカー,PUIPUIモルカー"
hai_to_gensou_no_grimgar,灰と幻想のグリムガル
ao_no_roku-gou,青の6号
yamcha,"ヤムチャ,ヤムチャ様"
banzoin_hakka,"万象院ハッカ,PIHAKKASSO"
cubicle,
northampton_(kancolle),"ノーザンプトン,ノーザンプトン(艦隊これくしょん),ノーザンプトン(艦これ),Northampton,Northampton(艦隊これくしょん),Northampton(艦これ)"
kobayakawa_miyuki,小早川美幸
execution,"処刑,死刑,エロ処刑"
fuuka_(new_year)_(blue_archive),愛清フウカ(正月)
performance_juxtaposition,日常見せつけ
shirayuki_mizore,白雪みぞれ
sakamata_chloe_(new_year),
commander_(nier:automata),ヨルハ部隊司令官
artery_gear:_fusion,"机动战姬:聚变,机动战姬聚变,ArteryGearFusion,アーテリーギア,アテギア"
donald_duck,"ドナルドダック,唐老鸭"
lincoro,
taroumaru_(genshin_impact),"太郎丸,太郎丸(原神)"
invisible_wall,
katsuki_yuuri,"勝生勇利,勇ヴィク"
ribbon-trimmed_kimono,
h&k_mp5k,"MP5K,SP89"
tatsuta_(swimsuit_mode)_(kancolle),龍田(水着)
holding_bow_(ornament),
two-tone_neckerchief,
licking_cum,
debi_tarou,"debitarou,デビ太郎"
ballet_boots,"バレエヒール,バレエブーツ"
dromarch_(xenoblade),"Dromarch,ビャッコ(ゼノブレイド2)"
freija_crescent,フライヤ・クレセント
wailord,ホエルオー
shuppet,カゲボウズ
bolverk,
persona_5_scramble:_the_phantom_strikers,"P5S,ペルソナ5スクランブル"
sonken,
ekko_(ejami),"EKKO,E子"
seikon_no_qwaser,聖痕のクェイサー
blue_whale,シロナガスクジラ
seiryuu_(kemono_friends),"セイリュウ,セイリュウ(けものフレンズ)"
hyottoko_mask,"ひょっとこ,火男"
security_camera,"防犯カメラ,監視カメラ,监控摄像头"
mahou_tsukai_no_yome,魔法使いの嫁
kumacy,
sotoba,"卒塔婆,板塔婆"
rakan_(league_of_legends),"Rakan,라칸,ラカン"
bimbofication,"ギャル化,bimbo"
yellow_hood,
sword_between_breasts,
kazemaru_ichirouta,"風丸,風丸一郎太,風宮"
just_as_planned_(meme),計画通り
shared_drink,
pink_cat,
bad_end_precure,バッドエンドプリキュア
ak-alfa_(girls'_frontline),"AK-Alfa(ドールズフロントライン),AK-Alfa(少女前線),AK-Alfa"
chinese_armor,
dvalin_(genshin_impact),"特瓦林,トワリン"
gradient_shirt,
wooden_shield,
anal_hook,アナルフック
moyashimon,もやしもん
mouth_focus,
penance_(occasionally_flushed)_(arknights),
javelin_(spear),"やり投げ,投げ槍"
shedinja,ヌケニン
bokoblin,ボコブリン
thea_(nekojira),テア
tachibana_makoto,橘真琴
sleeping_beauty,"眠れる森の美女,眠りの森の美女,茨姫,眠り姫"
heart_tail_duo,
hiita_(yu-gi-oh!),
morino_korisu,"杜乃こりす,ネロアリス"
giraffe_tail,
ham,ハム
life_vest,"救命胴衣,ライフジャケット,ライフベスト"
poochyena,ポチエナ
trim_brush,
theater,
kaniko_(tsukumo_sana),
sawaguchi_mai,沢口麻衣
digimon_adventure_tri.,デジモンアドベンチャーtri.
fox_print,
minori_(senran_kagura),"美野里,美野里(閃乱カグラ)"
f-15_eagle,"F-15,F-15C,F-15E,F-15J,F-15DJ,F-15SE,F-15S/MTD,F-15EX"
con_(fate),コン(Fate)
elira_pendora_(2nd_costume),エリーラ・ペンドラ(和風ドレス)
fortune_arterial,
pip_boy,
pirotess,ピロテース
bob-omb,ボム兵
kotori_photobomb,生えてくることり
shinoda_hajime,篠田はじめ
sora_no_method,天体のメソッド
palanquin_ship,聖輦船
hummy_(suite_precure),ハミィ
queue,"行列,列,排队"
sentient_stuffed_toy,
kars_(jojo),カーズ
infinity_nikki,"无限暖暖,インフィニティニキ"
purple_wrist_cuffs,
a_song_of_ice_and_fire,氷と炎の歌
rya_(elden_ring),"ラーヤ,ゾラーヤス,菈雅"
kenjaku,羂索
hunie_(series),ハニーポップ
hisui_(cookie),"HSI姉貴,緋翠姉貴"
hishimochi,菱餅
kyon's_sister,キョンの妹
mondaiji-tachi_ga_isekai_kara_kuru_sou_desu_yo?,問題児たちが異世界から来るそうですよ?
green_corset,
defy_(girls'_frontline),反逆小隊
yesod_(project_moon),"Yesod,イェソド"
cure_spicy,キュアスパイシー
charlotte_pudding,シャーロット・プリン
outer_senshi,外部太陽系戦士
shiroko_(young)_(blue_archive),
minami_koharu,"南小陽,南さん,キバ子,サチキバ,キバもこ"
akali_(legacy),
walkman_nw-s203f,
nanahyakuichi_middle_school_uniform,"公立七百一中学校制服,公立漆佰壱中学校制服"
lora_(xenoblade),ラウラ(ゼノブレイド2)
frilled_corset,
peg_leg,
osechi,おせち
neco_spirit,
suzunoki_rin,鈴乃木凜
mimi-chan,ミミちゃん
hanabishi_haruka,花菱はるか
electric_kettle,電気ケトル
ma_no_mono-tachi,魔のものたち
amy_(suisei_no_gargantia),エイミー
mercedes_(odin_sphere),メルセデス
towel_on_legs,
kamen_rider_blade_(series),仮面ライダー剣
forced_perspective,
audino,タブンネ
sachiel_(evangelion),"サキエル,使徒"
gibson_sg,
self_character_print,
transformed_ditto,
thigh_scrunchie,
pikachu_ears,ピカ耳
miyazaki_nodoka,宮崎のどか
valkyrie_(vnd),"ワルキューレ,ワルキューレ(ナムコ)"
dusknoir,ヨノワール
shinsougumi,深層組
lace-trimmed_kimono,
familymart,ファミリーマート
marvel_vs._capcom_3,"マブカプ3,MVC3,MARVELvsCAPCOM3"
ring_dream,"リング☆ドリーム,リングドリーム,リン☆ドリ,リンドリ"
yonic_symbol,
hirose_yasuho,広瀬康穂
kuja,
boxing_shorts,
sazabi,"サザビー,MSN-04"
minecraft_youtube,"mcyt,mcytfanart,mcyttwt,mcytblr,mcsr"
sazanami_kai_(kancolle),漣改
african_penguin_(kemono_friends),"ケープペンギン(けものフレンズ),けーぷあーと"
netsu_ijou_(utau),熱異常
extra_breasts,"複乳たん,複乳"
shipping_(fandom),
pixiv_fate/grand_order_contest_1,FGOイラコン
takao_(school_romanza)_(azur_lane),"学園ロマンチカ,校园浪漫曲"
canadian_flag,"🇨🇦,l'Unifolié,カナダの国旗,メイプルリーフ旗,一葉旗"
sawashiro_miyuki,沢城みゆき
encasement,
tasogare_otome_x_amnesia,黄昏乙女×アムネジア
side_sitting_split,
gretel_(sinoalice),グレーテル(シノアリス)
lunalu_(granblue_fantasy),"ルナール,ルナール(グラブル),lunalu_(granblue_fantasy)"
mabosstiff,マフィティフ
chain_chronicle,"ChainChronicle,チェインクロニクル,チェンクロ,チェンクロイラコン魔神,チェンクロイラコン副都,チェンクロイラコン九領"
hatenna,ミブリム
diao_ye_zong,凋叶棕
teen_titans_(tv_series),
tenbou,点棒
one_piece:_strong_world,STRONGWORLD
moe2018,MOE2018
convention_greeting,
venom_snake,ヴェノム・スネーク
dragoon_(dokibird),
torterra,ドダイトス
hand_guard,
sega_dreamcast,ドリームキャスト
kururun_(precure),くるるん
cure_whip,キュアホイップ
rebar,
skirt_grab,
finger_to_head,
parasite_eve_(series),"パラサイトイヴ,パラサイト・イヴ"
nishizono_mio,西園美魚
ichinose_honami_(youjitsu),"一之瀬帆波,一之瀬帆波(ようこそ実力至上主義の教室へ)"
crystal_shards,
hellagur_(arknights),"赫拉格,ヘラグ,ヘラグ(アークナイツ),Hellagur"
eri_(pokemon),"ビワ,ビワ(トレーナー),ビワ(ポケモン)"
planted_knife,
cake_hair_ornament,
chocolate_covered,
purple_boots,
shiroshouzoku,白装束
hera_(p&d),"ヘラ,ヘラ(パズドラ)"
matterhorn_(arknights),"角峰,マッターホルン,マッターホルン(アークナイツ)"
heavyrain_(arknights),"暴雨,ヘビーレイン(アークナイツ)"
mutation,
super_creek_(chiffon_ribbon_mummy)_(umamusume),"シフォンリボンマミー,Make_up_in_Halloween!"
mashiro_(swimsuit)_(blue_archive),マシロ(水着)
fujibayashi_sheena,藤林しいな
vikala_(blooming_summer_wallflower)_(granblue_fantasy),
smoliv,ミニーブ
matsubara_kaoru,松原かおる
kikuri_(touhou),"kikuri,キクリ"
pants_lift,
mori_calliope_(new_year),"森カリオペ(正月衣装),callikimono"
star_driver,"STAR_DRIVER_輝きのタクト,スタードライバー,STARDRIVER,スタドラ"
valkyrie_police_academy_student_(sg)_(blue_archive),
guy_tired_after_sex_(meme),
bb_(bb_shot!)_(fate),BBショット!
beautifly,アゲハント
kappa_mob_(touhou),モブ河童
silver_background,
death_the_kid,デス・ザ・キッド
chiester_sisters,
idol_heroes_(idolmaster),"出撃!アイドルヒーローズ,アイドルヒーローズ"
castor_(fate),"カストロ(Fate),カストロ,ディオスクロイ(Fate),ディオスクロイ"
johnny_(guilty_gear),ジョニー(ギルティギア)
fate_testarossa_(impulse_form),インパルスフォーム
hakamichi_shizune,
dsr-50_(highest_bid)_(girls'_frontline),
fan_speaking,"ワレワレハウチュウジンダ,ワレワレハウチュージンダ,ワレワレハ宇宙人ダ,ワレワレハウチュウジンデアル,我々は宇宙人だ"
duck_innertube,アヒルスイミングリング
tifa_lockhart_(cowgirl),
l'arachel_(fire_emblem),ラーチェル
kou_(granblue_fantasy),コウ(グラブル)
fumino_tamaki,"文野環,のらねっこあら,野良猫"
hands_on_table,
semi-circular_eyewear,
yuki_miku_(2021),雪ミク2021
lenneth_valkyrie,
holding_hair_ornament,
conveyor_belt,
jigen_daisuke,次元大介
anosillus_ii,"怪獣少女アノシラス,アノシラス,怪獣少女アノシラス(2代目),2代目(SSSS.DYNAZENON)"
tsumugi_wenders,紬ヴェンダース
rino_(princess_connect!),"衣之咲璃乃,リノ,リノ(プリコネ)"
risty_(queen's_blade),リスティ
layla_(mino),奴隷ちゃんシリーズ
christmas_star,
sunoharasou_no_kanrinin-san,すのはら荘の管理人さん
getting_over_it,"Getting_Over_It_with_Bennett_Foddy,GettingOverItwithBenettFoddy,Getting_Over_It,壺男,壺おじさん,壺おじ,壺ゲー"
vinland_saga,ヴィンランド・サガ
metal_gear_solid_2:_sons_of_liberty,"MGS2,メタルギアソリッド2"
lunch_(good)_(dragon_ball),"黒髪ランチ,青髪ランチ,GoodLaunch"
zoo,"動物園,动物园,동물원"
kimikage_yui,君影唯
gordie_(pokemon),"マクワ,マクワ(トレーナー)"
charisma_guard,カリスマガード
aku_no_meshitsukai_(vocaloid),悪ノ召使
enrico_pucci,エンリコ・プッチ
uzaki_yanagi,宇崎柳
splat_dualies_(splatoon),スプラマニューバー
belt_bow,
ga_geijutsuka_art_design_class,GA芸術科アートデザインクラス
purple_blood,
gasp,
nidai_nekomaru,弐大猫丸
captain_amari,
you_gonna_get_eaten,
astarotte_ygvar,
deemo,Deemo
thumb_in_pocket,
ulquiorra_cifer,"ウルキオラ・シファー,ウルキオラ"
holding_cleaver,
sango_(inuyasha),珊瑚
makina_nakajima,"マキナ・中島,マキナ中島"
ben-tou,ベン・トー
nino_(sunaba_suzume),
kanoe_yuuko,庚夕子
yagyuu_munenori_(fate),"柳生宗矩(Fate),柳生但馬守宗矩"
zenkoku_seifuku_bishoujo_grand_prix,全国制服美少女グランプリ
leotard_lift,
floating_fortress_(kancolle),浮遊要塞
flower_symbol,
corticarte_apa_lagranges,コーティカルテ・アパ・ラグランジェス
flying_boat,飛行艇
narumiya_yume,成宮由愛
yuki_miku_(2022),雪ミク2022
druaga_no_tou,ドルアーガの塔
stuffed_fox,
thigh_marking,
fatal_fury_cap,
fatal_fury:_city_of_the_wolves,"餓狼伝説CotW,餓狼CotW,餓狼伝説CityoftheWolves,餓狼CityoftheWolves,FatalFuryCotW,CotW,餓狼伝説City_of_the_Wolves"
safety_razor,安全剃刀
moltres,"ファイヤー,ファイヤー(ポケモン)"
senriyama_school_uniform,
post_and_rail_fence,
twitch.tv,Twitch
sonic_adventure,ソニックアドベンチャー
sabotaged_condom,
fennec_fox,フェネック
multi-lane_road,
nick_wilde,"ニック・ワイルド,ニック"
beedrill,スピアー
white_haori,
hookah,"水タバコ,水煙管,水ギセル,水パイプ,シーシャ"
tales_of_xillia_2,"テイルズ・オブ・エクシリア2,テイルズオブエクシリア2,エクシリア2,TOX2"
apron_pull,
lilith_(hazbin_hotel),"HazbinHotelLilith,ルシリリ,Lucilith,リリス"
eagle_spirit_(touhou),オオワシ霊
minerva_(fire_emblem),ミネルバ(ファイアーエムブレム)
ciri,"cirilla,シリ"
anne_boonchuy,"Anne_Boonchuy,AnneBoonchuy,アン・ブーンチョイ"
rurima_(cookie),"RRM姉貴,るりまさん,RRMさん"
folded_braid,
inverted_colors,"補色,補色残像,负片色"
shantae_and_the_pirate's_curse,
gurren-lagann,
glowing_pupils,
io_(princess_connect!),"支倉伊緒,イオ(プリコネ),イオ"
internet_yamero,
kinomoto_sakura_(crystal_feather_dress),
sherry_birkin,シェリー・バーキン
hina_(genshin_impact),"希娜小姐,ヒナさん(原神)"
clitoris_tweak,
harukawa_moe_(style),春河もえ
harukaze_doremi,"春風どれみ,ドリー・グッドウィン"
cat_paw,
cat_ornament,
heart_arms,
cardigan_partially_removed,
she-ra_and_the_princesses_of_power,"sheranetflix,sheraandtheprincessesofpower,sherareboot,シーラとプリンセス戦士"
kuroki_rei,黒騎れい
kimono_on_shoulders,
artist_progress,
erdtree_(elden_ring),
lwmmg_(girls'_frontline),"LWMMG,LWMMG(ドールズフロントライン),LWMMG(少女前線)"
kenny_mccormick,"ケニー・マコーミック,ケニー"
kamen_rider_ex-aid_(series),"仮面ライダーエグゼイド,エグゼイド"
code_geass:_boukoku_no_akito,"コードギアス亡国のアキト,亡国のアキト,AkitoTheExiled"
nyopu,
myrtle_(summer_flowers)_(arknights),
orange_shoes,
ukraine,"ウクライナ,Україна,Украина"
peplos,
kama_(weapon),鎌
ane_naru_mono,姉なるもの
borderlands_(series),ボーダーランズ
mettaton,
toy_block,"積み木,블록,積木"
fujimaru_ritsuka_(male)_(tropical_summer),トロピカルサマー
spreading,
pantograph,"パンタグラフ,集電装置"
ericht_samaya,エリクト・サマヤ
lace_thighhighs,
puyopuyo_quest,"ぷよクエ,ぷよぷよ!!クエスト"
yu-gi-oh!_go_rush!!,"遊戯王ゴーラッシュ!!,遊戯王ゴーラッシュ"
margaret_(persona),マーガレット
steyr_aug,"AUG,ステアーAUG,StG77"
blister_pack,ブリスターパック
dreamer_(girls'_frontline),"梦想家(少女前线),夢想家(少女前線),梦想家,夢想家,ドリーマー(ドールズフロントライン),Dreamer,드리머"
sylphy_(amaburi),"シルフィー,シルフィー(甘ブリ)"
rabu_(blue_archive),"ラブ(ブルーアーカイブ),河駒風ラブ,라브"
cyberbots,サイバーボッツ
forte_stollen,"フォルテ・シュトーレン,フォルテ"
super_sailor_mars,スーパーセーラーマーズ
competition,
adam_(honkai_impact),
m4_sopmod_ii_(mod3)_(girls'_frontline),
m249_saw,"M249,M249SAW,Minimi"
adagaki_aki,安達垣愛姫
bedroll,
magni_dezmond,"マグニ・デズモンド,MagginTime,MagniOpus,MAGNATION,Dezmemes,MagniDezmond,bjmaggin"
koukan_nikki,こうかんにっき
rin_(senran_kagura),"鈴音,鈴音(閃乱カグラ),凛(閃乱カグラ)"
holding_rock,
indivisible,"indivisible,Indivisible"
uta_no_prince-sama,"うたの☆プリンスさまっ♪,うたプリ"
clover_earrings,
energy_shield,
turtleneck_one-piece_swimsuit,
brown_tunic,
inui_toko_(1st_costume),戌亥とこ(通常)
requesting_internal_cumshot,
brown_one-piece_swimsuit,
dianna_soreil,ディアナ・ソレル
glorious_(azur_lane),"グロリアス(アズールレーン),グロリアス,光荣"
sitting_on_fence,
emerada_(xenogears),エメラダ
oboro_(fire_emblem),オボロ(FEif)
kiyal_bachika,"キヤル・バチカ,キヤル"
sdf-1,SDF-1
tome_of_the_night_sky,"闇の書,夜天の書,夜天の魔導書"
bunny_and_fox_world,
ferret_tail,
fender_musical_instruments_corporation,
female_footjob,足マン
matcha_(food),抹茶
ousama_ranking,"王様ランキング,Ranking_of_Kings,王ラン【BL】,王ラン"
bandaged_torso,
kokutou_mikiya,黒桐幹也
teto_(nausicaa),"テト(風の谷のナウシカ),テト(キツネリス),キツネリス,テト"
oda_nobunaga_(swimsuit_berserker)_(second_ascension)_(fate),
devil_survivor_2,"デビルサバイバー2,デビサバ2"
ink_wash_painting,"水墨畫,墨絵,水墨画,수묵화,幀水墨"
guimpe,
catfish,ナマズ
hots_(gundam_suisei_no_majo),
reunion_soldier_(arknights),整合运动士兵
horosho,ハラショー
holding_sickle,
baseball_stadium,"野球場,やきゅうじょう,球場,きゅうじょう"
lens_eye,レンズアイ
holding_tripod,
honjou_ruri,
akagi_kai_ni_(kancolle),
wakabayashi_tomoka,若林智香
roubai_academy_school_uniform_(old),
synthesizer,シンセサイザー
jason_todd,ジェイソン・トッド
kama_(swimsuit_avenger)_(first_ascension)_(fate),
dualsense,
allenby_beardsley,アレンビー・ビアズリー
monster_hunter_3,"モンスターハンター3,モンスターハンター3(トライ)"
yaoi_(object),
tail_under_clothes,
durin_(arknights),"杜林,ドゥリン,ドゥリン(アークナイツ)"
toes_up,
jam_(umamusume),"JAM(ウマ娘),JAMの誓い,JDAM(ウマ娘)"
sakura_(nikke),サクラ(勝利の女神:NIKKE)
afterburner,
sprite_art,
mega_man_x:_command_mission,"ロックマンXコマンドミッション,コマンドミッション,CommandMission,megamanxcommandmission,RockmanXcommandmission"
mohg_lord_of_blood,
winnie_the_pooh,"くまのプーさん,クマのプーさん"
zaku_ii_s_char_custom,シャア専用ザク
oversized_zipper,
loki_(fire_emblem),ロキ(FE)
twinbox_school,TwinBox学園
chain_bracelet,
massachusetts_(dressed_to_impress)_(azur_lane),"ドレッシービューティー,盛宴的准备"
yellow_robe,
hamster_costume,
rasis,レイシス
acog,
sekoshi_(some1else45),Sekoshi-chan
selector_wixoss,"selector_infected_WIXOSS,selector_spread_WIXOSS,selector_destructed_WIXOSS"
nekomiya_ryuu,猫宮柳
okada_akane,"岡田茜,ひなあか,岡もこ"
chiester410,シエスタ410
nishina_toriko,仁科鳥子
floor_lamp,
kissing_animal,
jessica_(granblue_fantasy),"ジェシカ(グラブル),ジェシカ"
sagittarius_(constellation),"いて座,射手座,人马座,人馬座,궁수자리"
tearju_lunatique,"ティアーユ,ティアーユ・ルナティーク"
manuela_casagranda,"マヌエラ=カザグランダ,マヌエラ,manuela_casagranda"
light-skinned_palms,
mechanical_boots,
imminent_netorare,
mk23_(girls'_frontline),"Mk23(少女前線),Mk23(ドールズフロントライン),MK23"
mayo_chiki!,"まよチキ!,迷える執事とチキンな俺と"
arisaka_mashiro,有坂真白
maple_(bofuri),"メイプル(防振り),本条楓,大天使メイプル,羊メイプル,暴虐メイプル,機械神メイプル"
kashima_yuu,鹿島遊
sitting_on_ball,
barbatos_(genshin_impact),
trung_nhi_(fate),"徴姉妹,徴姉妹(Fate)"
junk,
fuwawa_abyssgard_(new_year),フワワ・アビスガード(正月衣装)
galaxia_(sword),宝剣ギャラクシア
dead_space,"deadspace,デッドスペース"
paper_doll,
yorumi_rena_(1st_costume),夜見れな(通常)
sorcerer_(ragnarok_online),ソーサラー
ghetsis_(pokemon),"ゲーチス,Nゲー"
bremerton_(day-off_date)_(azur_lane),"ハッピーデーティング!,Happy_Dating!"
octopus_boy,
mahora_academy_middle_school_uniform,
blonde_girl_(popopoka),
manako,マナコ
used_artificial_vagina,
warming_hands,
hououji_fuu,鳳凰寺風
nessie_(respawn),ネッシー
alphys,
yasuhara_ema,安原絵麻
rosa_farrell,ローザ・ファレル
floorplan,箱庭
flower_shop,"花屋,フラワーショップ"
statue_of_liberty,"🗽,自由の女神,自由の女神像"
catwoman,"キャットウーマン,CATWOMAN,catwoman,Catwoman"
wing_censor,
ze_(phrase),
aoki_ume_(style),"蒼樹うめ,野生の蒼樹うめ,野生のうめてんてー"
shounen_jump,"少年ジャンプ,週刊少年ジャンプ,月刊少年ジャンプ,ジャンプSQ,ジャンプSQ.,Vジャンプ,最強ジャンプ,ジャンプLIVE,ジャンププラス,少年ジャンプ+,MANGAPlus"
pepper_shaker,
omega_strikers,"OmegaStrikers,オメガストライカーズ,オメスト"
marianne_von_edmund_(summer),
bad_vulva,
gravity_daze_2,
rice_(plant),
on_animal,
tomotake_yoshino,朝武芳乃
pokemon_card,
glass_teapot,
iori_sei,イオリ・セイ
tatsumi_koutarou,巽幸太郎
diving_helmet,ダイビングヘルメット
lobo_(fate),"ロボ(FGO),新宿のアヴェンジャー"
martha_(swimsuit_ruler)_(second_ascension)_(fate),
the_world,ザ・ワールド
panda_print,
trung_trac_(fate),"徴姉妹,徴姉妹(Fate)"
shokudaikiri_mitsutada,燭台切光忠
lisbeth_(sao-alo),
2022_fifa_world_cup,"FIFAワールドカップカタール2022,2022FIFAワールドカップ,qatar2022,QatarWorldCup2022,WCQatar2022"
harpy_boy,
grimsley_(pokemon),"ギーマ,レンギマ,ギマレン"
bloomers_around_one_leg,
ayase_yue,綾瀬夕映
glowing_headgear,
ji-yoon_(jourd4n),JiyoonArt
sailing_ship,
asanagi_yori,朝凪依
digimon_xros_wars,デジモンクロスウォーズ
resident_evil_3_(remake),
tweezers,ピンセット
pokegear,"ポケモンギア,ポケギア"
print_towel,
poppi_alpha_(xenoblade),ハナJS
tari_tari,TARITARI
gensou_suikoden_ii,"幻想水滸伝II,幻想水滸伝2,幻水II,幻水2"
void_princess_(elsword),ヴォイドプリンセス
phantump,ボクレー
pedestal,
ko~n,こーん
alzano_school_uniform,
mr._plantegg_(omori),
eblana_(arknights),"爱布拉娜,エブラナ(アークナイツ),エブラナ"
uzumaki_kushina,うずまきクシナ
soredemo_machi_wa_mawatteiru,"それでも町は廻っている,それ町"
metal_eyepatch,
maple_(nekopara),"メイプル,メイプル(ネコぱら)"
pickle,ピクルス
sweet_home,
fire_emblem_warriors,"ファイアーエムブレム無双,FE無双"
high_wizard_(ragnarok_online),"HighWizard,ハイウィザード,ハイウィズ,HW,HiWiz"
nobi_nobita,"野比のび太,のび太"
hanakuma_chifuyu,"花隈千冬,千冬ギャラリー"
galhound,
gooey_(kirby),グーイ
whisp,
goat-chan_(enarane),goat-chan
omegamon,オメガモン
snubnosed_revolver,"snubbie,snubby,스너비,スナブノーズ"
mining_helmet,
ultima_(fft),アルテマ
soviet_flag,
minoseki_gakuin_uniform,美濃関学院
medicine_bottle,
urethral_beads,
fubuki_(azur_lane),"吹雪(アズールレーン),吹雪,桐"
melusine_(ibuki_notsu),メルシナ
fake_antennae,触角カチューシャ
asanaka_yomogi,麻中蓬
mario_power_tennis,"MarioPowerTennis,Power_Tennis,マリオテニスGC"
lotus_print,
scarf_on_head,
yamashio_maru_(kancolle),"山汐丸,山汐丸(艦隊これくしょん),山汐丸(艦これ)"
pokemon_heroes:_latios_&_latias,水の都の護神
kurata_mashiro,倉田ましろ
tejina_senpai_(series),"手品先輩,tejima_sempai"
fujiko_f_fujio_(style),"藤子不二雄,ドラえもん風,藤子・F・不二雄"
arianna_the_labrynth_servant,白銀の城の召使いアリアンナ
chinstrap_beard,
lilya_(reverse:1999),"红弩箭,重返未来莉莉娅,リーリャ(リバース:1999)"
cheshire_(summery_date!)_(azur_lane),"デーティングサマー!,Dating_Summer!"
star_vs_the_forces_of_evil,"悪魔バスター★スター・バタフライ,スターバタフラStar_vs_the_Forces_of_Evil,star_vs_the_forces_of_evil,イ,悪魔バスター☆スター・バタフライ,svtfoe"
lily_print,
amane_kanata_(another_world),"天音かなた3D新衣装,天音かなた(堕天使)"
danball_senki,ダンボール戦機
ch'en_the_holungday_(elite_ii)_(arknights),
yakumo_ran_(fox),
ellin_meiji,
goldfish_print,
skirt_under_kimono,
demitri_maximoff,"デミトリ・マキシモフ,デミトリ"
cid_highwind,シド・ハイウインド
rebecca_chambers,レベッカ・チェンバース
cilan_(pokemon),"デント,デント(アニポケ)"
rainbow_flag,"🏳️‍🌈,レインボーフラッグ"
hoshi_ryoma,"星竜馬,星龙马"
yomako,"ヨマコ,ヨマコ先生"
shiitake,"シイタケ,しいたけ,椎茸,香蕈"
plaid_pillow,
misty_lake,霧の湖
air_defense_princess,"防空棲姫,防空棲姬"
cream_on_breasts,
piyotan_(girls_und_panzer),"ぴよたん,日吉葵,アリクイさんチーム"
scryed,スクライド
bandaid_on_clothes,
crown_earrings,
ak-12_(quiet_azure)_(girls'_frontline),青藍なる静寂
sitrus_berry,オボンのみ
montpelier_(azur_lane),"モントピリア(アズールレーン),モントピリア,蒙彼利埃"
kazama_akira,"風間あきら,風間アキラ"
nurse_dragonmaid,ドラゴンメイド・ナサリー
sakuragi_matsuri,桜木茉莉
orange_(touhou),"オレンジ,오렌지"
bat_tattoo,
mirage_farina_jenius,ミラージュ・ファリーナ・ジーナス
s-snake,S-スネーク
oshimizu_nako,押水菜子
pouring_onto_another,
hoshikawa_mafuyu,星川麻冬
idia_shroud,イデア・シュラウド
trailblazer_(trash_cake)_(honkai:_star_rail),
orion_(constellation),"オリオン座,猎户座,獵戶座,오리온자리"
bremerton_(relaxation_consultation)_(azur_lane),ゆったりリラックスタイム
hip_hop,"ヒップホップ,HipHop,Hip-Hop,힙합"
shioriha_ruri,"栞葉るり,栞葉書,さむねいるり"
ai-chan_(honkai_impact),爱酱
wing_hug,翼の抱擁
red_arm_warmers,
chiyo_(ane_naru_mono),
laevatein_(nanoha),レヴァンティン
shoulder_massage,"肩たたき,肩叩き"
pam-pam_(precure),パムパム
flyer,
rejected_kiss,
postcard,ポストカード
happy_holidays,
the_murder_of_sonic_the_hedgehog,
plaid_neckerchief,
imaizumin-chi_wa_douyara_gal_no_tamariba_ni_natteru_rashii,"今泉ん家はどうやらギャルの溜まり場になってるらしい,imaizumi_brings_all_the_gyarus_to_his_house,今泉ん家"
shinano_(moonlit_chrome)_(azur_lane),"寝待の銀輿,轰鸣的银轮"
saionji_kotoka,西園寺琴歌
yowai_totoko,"トト子,トト子ちゃん,弱井魚魚子,弱井トト子"
phoenix_wright:_ace_attorney,
relationship_graph,"相関図,人物相関図,関係図,人物关系图"
star_guardian_soraka,
triple_ryuunen,とりぷる留年
glance,
public_bondage,
chokutou,直刀
windows_10,Windows10
rumble_roses,"ランブルローズ,ランブルローズXX"
jinki,ジンキ
yumia_liessfeldt,"ユミア,ユミア・リースフェルト"
arianne_the_labrynth_servant,白銀の城の召使いアリアーヌ
colphne_(girls'_frontline_2),寇尔芙
tsana_(lansane),ツァナ
no_print,
pannacotta_fugo,パンナコッタ・フーゴ
majo_shuukai_de_aimashou,"魔女集会で会いましょう,魔法使い集会で会いましょう"
aozora_middle_school_uniform,あおぞら中学校
satou_sasara,さとうささら
shimamura_charlotte,"島村シャルロット,シャルピクチャ"
mazinger_z_(mecha),"マジンガーZ,Mazinger,マジンガー"
pile_of_corpses,
polka_dot_shorts,
kamippoina_(vocaloid),神っぽいな
holding_hairband,
holding_hair_tie,
dovahkiin,ドヴァキン
shelly_(pokemon),"イズミ,イズミ(トレーナー)"
yokoyama_ishimi,横山いしみ
harry_potter,"ハリー・ポッター,ハリーポッター,哈利波特"
pretzel_bikini,
ca_(maeda_koutarou),
snow_white_(innocent_days)_(nikke),スノーホワイト:イノセントデイズ
single_leg_bodysuit,
brown_sandals,
curse_maker_2,
cutie_honey_(character),キューティーハニー
storm_(x-men),"ストーム,Storm"
speedo_(company),
firis_mistlud,フィリス・ミストルート
bound_knees,
noel_(cookie),NEL姉貴
lord_knight_(ragnarok_online),"ロードナイト,LK"
portrait_of_exotic_girls,蓬莱少女繪幻想
batter,
compa,"コンパちゃん,コンパ"
super_mario_64,"スーパーマリオ64,SM64,ケツワープ,スーパーマリオ64DS,SM64DS"
fiora_(league_of_legends),Fiora
lolibaba,"ロリババア,ロリババァ,ロリババ,ろりばばあ,ろりばば"
bras_d'honneur,お姉ちゃんに任せなさい
bidoof,ビッパ
thor_(marvel),"マイティ・ソー,マイティソー,Thor"
aoi_kimi,葵・喜美
sakura_quest,"サクラクエスト,樱花任务"
m590_(girls'_frontline),"M590,M590(ドールズフロントライン),M590(少女前線),m590"
buggy_the_clown,"千両道化のバギー,バギー(ONEPIECE),道化のバギー"
nissan_skyline_gt-r,スカイラインGT-R
charlotte_(fire_emblem),"シャーロッテ,シャーロッテ(FEif)"
gundam_barbatos,ガンダムバルバトス
till_(alien_stage),"틸,Till"
brown_rose,
catherine_(fire_emblem),カトリーヌ(FE)
kuroeda_(elf-san_wa_yaserarenai.),"黒枝,kuroeda_(plus-sized_elf)"
bomberman,"爆弾男,ボンバーマン"
internet_explorer,IE
watanabe_no_tsuna_(fate),渡辺綱(Fate)
sengoku_taisen,"戦国大戦TCG,戦国大戦"
leizi_(arknights),"惊蛰,レイズ(アークナイツ),レイズ,Leizi"
mantine,マンタイン
rake,
neck_bobbles,
shiina_kokomi,椎名心実
rapidash,"ギャロップ,ギャロップ(ポケモン)"
prinz_eugen_(cordial_cornflower)_(azur_lane),"ヴァイン・コーンブルメ,Wein_Kornblume"
printer,
koopa_troopa,ノコノコ
nogi_wakaba_wa_yuusha_de_aru,"乃木若葉は勇者である,のわゆ"
calne_ca_(deino),骸音シーエ
chocolate_on_pussy,
marx_(kirby),"マルク,擬マル"
navy_cross,
year_of_the_goat,"未年,羊年"
irys_(gaming_casual)_(hololive),attireRyS
coiled,
felsi_rollo,フェルシー・ロロ
shiruko_(food),"汁粉,善哉,しるこ,おしるこ,ぜんざい,お汁粉"
sagat,"サガット,สกัด"
bucket_of_chicken,オリジナルチキン
mononobe_alice_(1st_costume),物述有栖(通常)
dezombification,
cuphead_(game),"cuphead,カップヘッド"
mizuki_(kutan),水葵
fir_tree,
catherine_(atlus_character),"キャサリン,キャサリン(CATHERINE)"
toucan,オオハシ
mail,
aqua_sash,
cloud_hair,
aqua_headband,
tiger_ii,"ティーガーII,キングタイガー,ケーニヒスティーガー"
museum,"博物館,博物馆,박물관"
bee_wings,
alca_(wakatanka4),"Alcander,阿尔坎德,アルカンダ"
whale_shark,ジンベエザメ
uber_eats,"UberEATS,ウーバーイーツ"
running_towards_viewer,
m1918_bar,M1918
polka_dot_scarf,
toudou_chise,ちせ(プリンセス・プリンシパル)
kumatora,クマトラ
reunion_logo_(arknights),
meiko_(vocaloid3),MEIKO_V3
w_tails_cat,
tickling_pussy,
turo_(pokemon),"フトゥー博士,フトゥー"
mimori_(swimsuit)_(blue_archive),ミモリ(水着)
deoxys_(normal),
lina_davis,リナ・デイヴィス
horikawa_kunihiro,"堀川国広,兼堀"
sexting,
genjii_(touhou),"玄爺,겐지"
eyes_visible_through_eyewear,
inukai_isuke,犬飼伊介
durga_(first_ascension)_(fate),
portuguese_text,"ポルトガル語,Português"
karuizawa_kei,軽井沢恵
kiss_chart,
2018_fifa_world_cup,2018FIFAワールドカップ
penis_and_testicles_touching,玉ズリ
asukagawa_chise,"飛鳥川ちせ,飞鸟川千濑"
charles_schulz_(style),
kao_no_nai_tsuki,顔のない月
zun,"太田順也,ZUN"
tenochtitlan_(first_ascension)_(fate),
ice_pack,"氷嚢,氷のう"
jackal_boy,
virtual_on,"電脳戦機バーチャロン,バーチャロン"
amiya_(newsgirl)_(arknights),
goliath_doll,ゴリアテ人形
m60_(machine_gun),M60
sakaki_yuya,榊遊矢
outlaw_star,"星方武侠アウトロースター,アウトロースター"
mascot_head,
licking_navel,へそ舐め
touyama_nao,東山奈央
plumeria_(fire_emblem),"プルメリア(FE),プルメリア"
red:_pride_of_eden,"伊甸园的骄傲,レッド:プライドオブエデン,プラエデ"
grilled_fish,
projectile_cumdrip,
impossible_jacket,
katara,"卡塔拉,カタラ,カタラ(アバター伝説の少年アン)"
gavel,
kotona_elegance,"コトナ・エレガンス,コトナ"
protagonist_4_(housamo),主4
k11_(girls'_frontline),"k11,K11(ドールズフロントライン),K11(少女前線)"
asashimo_kai_ni_(kancolle),朝霜改二
marching_band_baton,
kino_himari,木野ひまり
triangle_(instrument),
kankaku_shadan,"感覚遮断,感覚遮断落とし穴,感覚遮断穴"
li_meiling,李苺鈴
orange_shrug,
osage_(nukunuku_nigirimeshi),"おさげちゃん,osagechanFA"
tsumi_no_hahen_(debris),罪の破片(Debris)
prinz_rupprecht_(azur_lane),"プリンツ・ループレヒト(アズールレーン),プリンツ・ループレヒト,鲁普雷希特亲王"
"hime-sama_""goumon""_no_jikan_desu",姫様“拷問”の時間です
sebastian_michaelis,"セバスチャン・ミカエリス,塞巴斯蒂安·米卡利斯,塞巴斯蒂安米卡利斯"
bushidou_(sekaiju),"ブシ子,ブシドー(世界樹の迷宮)"
fa_yuiry,ファ・ユイリィ
eria_the_water_charmer,水霊使いエリア
predator_(1987),プレデター
narehate,"成れ果て,narehate"
feigning_sleep,"狸寝入り,寝たふり,嘘寝,うそ寝"
chaos;head,"カオスヘッド,CHAOS;HEAD"
saratoga_(warship_girls_r),"萨拉托加,サラトガ"
mari_(swimsuit)_(blue_archive),
dera_mochimazzui,デラ・モチマッヅィ
kohaku_(dr._stone),"コハク,コハク(Dr.STONE)"
aug_(girls'_frontline),"AUG(ドールズフロントライン),AUG(少女前線)"
mahou_shoujo_(raita),絶対純白魔法少女
maxie_(pokemon),"マツブサ,アオマツ"
superhero_landing,"スーパーヒーロー着地,三点着地"
puchiko,"プチ・キャラット,ぷちこ"
warupeach,"ワルピーチ,walupeach,walpeach,wapeach,ワピーチ,プリーチ"
kuchiku_i-kyuu,くちくいきゅう
knight_(yu-gi-oh!),騎士(遊戯王)
marcy_wu,"MarcyWu,マーシー・ウー"
grumpy,
hiryuu_(azur_lane),"龙(碧蓝航线),飛龍(アズールレーン),飛龍"
yellow_brooch,
pushing_face,
kingdra,キングドラ
turbo_byakuren,"深秘録白蓮,OL白蓮"
torn_bow,
wolf's_gravestone_(genshin_impact),狼的末路
selena_(fire_emblem_fates),ルーナ(FEif)
arima_miyako,有間都古
porygon,ポリゴン
tnt_block_(minecraft),TNT(Minecraft)
ganbare_goemon,がんばれゴエモン
mid-autumn_festival,"中秋,中秋節,中秋节,八月節"
zutto_mayonaka_de_ii_no_ni,"ずっと真夜中でいいのに。,ずとまよ,ずとまよファンアート,ZUTOMAYO"
necktie_between_pectorals,
tank_(container),
501st_joint_fighter_wing,"第501統合戦闘航空団,501JFW"
laura_s._arseid,ラウラ・S・アルゼイド
hand_on_blade,
butterfly_on_nose,
black_haori,
hida_ema,"飛騨エマ,マウ子,まう子,黒森峰女学園"
broken_cup,
orange_heart_(neptunia),"オレンジハート,orange_heart"
ryunosuke_naruhodo,"成歩堂龍ノ介,成步堂龙之介"
grandfather_and_grandson,
cuilein-anbar_(genshin_impact),
cum_in_throat,
waku_waku_7,わくわく7
mosaic_background,
imai_midori,今井みどり
umaibou,うまい棒
setanta_(fate),セタンタ(Fate)
k-project,"K(アニメ),K(腐)"
danganronpa_s:_ultimate_summer_camp,"ハッピーダンガンロンパS,超高校級の南国サイコロ合宿"
alternate_animal_ears,
leonmitchelli_galette_des_rois,レオンミシェリ・ガレット・デ・ロワ
steenee,アママイコ
yoshimoto_shizuka,好本静
garnish,
elysia_de_lute_ima,"エルシィ,エリュシア・デ・ルート・イーマ"
takagi_saya,高城沙耶
courtroom,法廷
master_dojo_uniform,
kashimoto_riko,"樫本理子,ミソジドクシンオー"
natsume_kyousuke,棗恭介
danua_(summer)_(granblue_fantasy),
setra,セトラ
model_w_(mega_man),"モデルV,model_v"
kumano_(azur_lane),"熊野(アズールレーン),熊野,猁"
shalon,シャロン
rum_(girls_und_panzer),"ラム(GuP),サメさんチーム"
palette_hair_ornament,
odaibako,お題箱
siesta_(tantei_wa_mou_shindeiru),"シエスタ,シエスタ(たんもし)"
thighhigh_gaiters,
houkago_no_pleiades,放課後のプレアデス
earth-chan,"アースちゃん,Earth-chan,earthchan,地球ちゃん,earth-chan_(felipecunhaeloi)"
shiranami_ramune,"白波らむね,らむね屋さん始めました,らむねはいか画,波ノリ隊"
ear_bell,
kamen_rider_1,仮面ライダー1号
advent_cirno,アドベントチルノ
broken_bottle,
milk_(cookie),"牛乳(クッキー☆),性癖を露見・共有するための道具,牛乳の牛乳"
guardians_of_the_galaxy,"guardiansofthegalaxy,GotG,ガーディアンズ・オブ・ザ・ギャラクシー,ガーディアンズ・オブ・ギャラクシー,ガーディアンズオブギャラクシー"
usuzumi_hatsumi,薄墨初美
queen_draco_(first_ascension)_(fate),
k/da_all_out_ahri,
innertube_with_ears,
stalker_(game),"S.T.A.L.K.E.R,S.T.A.L.K.E.R."
donquixote_rocinante,"ドンキホーテ・ロシナンテ,コラソン"
type_80_(girls'_frontline),"80式,80式(ドールズフロントライン),80式(少女前線)"
chloe_von_einzbern_(beast_style),
lucy_(elfen_lied),"ルーシー,楓,にゅう"
seolla_schweizer,ゼオラ・シュバイツァー
susuki_grass,ススキ
pikapikapop_(idolmaster),PikaPikaPoP
aia_amare,"アイア・アマレ,AiaAmARTe,AmareAtelier,AiaAmare,Aiaroused"
white_bustier,
ulpianus_(arknights),乌尔比安
galactic_empire_(star_wars),"銀河帝国(STARWARS),GalacticEmpire,ImperialWalker"
zero_(ff14),"ゼロ(FF14),零,ff14_0"
lute_(fire_emblem),ルーテ
helel_ben_shalem,"ヘレル・ベン・シャレム,シャレム,ヘレルベンシャレム"
shigoto_neko,"仕事猫,WorkCats"
bloodlight_(nyantcha),
mushroom_girl,
ein_(cowboy_bebop),
johnston_kai_(swimsuit_mode)_(kancolle),ジョンストン改(水着)
elpis_flower,エルピスの花
tsukimura_suzuka,月村すずか
kuzunoha_(blue_archive),"クズノハ,쿠즈노하,クズノハ(ブルーアーカイブ)"
toki_ayano,土岐綾乃
haagen-dazs,ハーゲンダッツ
frilled_bikini_bottom,
cu_chulainn_(fate/prototype),旧ランサー
minecraft_sword,"ダイヤの剣,ダイヤモンドの剣"
glowing_arm,
scorpio_(symbol),
philosopher's_stone,賢者の石
shockwave_(transformers),"レーザーウェーブ,ショックウェーブ"
bite_mark_on_arm,
anpan,あんパン
pidove,マメパト
bambinata_(pgr),"邦比娜塔,バンビナータ,밤비,琉璃"
purrloin,チョロネコ
vinsmoke_reiju,ヴィンスモーク・レイジュ
fujimaru_ritsuka_(female)_(tropical_summer),トロピカルサマー
black_jack_(series),"ブラック・ジャック,ブラックジャック"
100th_black_market,"バレットフィリア達の闇市場_〜_100th_Black_Market,バレットフィリア達の闇市場,100th_Black_Market"
miriam_(bloodstained),ミリアム
unicorn_(the_gift_of_spring)_(azur_lane),"春の贈り物,春之礼"
todoroki_yachiyo,轟八千代
godzilla:_king_of_the_monsters,キング・オブ・モンスターズ
cteno_(slugbox),
cum_on_gloves,
emelie_(cyancapsule),
nen_(hunter_x_hunter),"念,ネン"
marble_(stone),大理石
heart_ring_top,
maho_(princess_connect!),"マホ,マホ(プリコネ),姫宮真歩"
manhole,マンホール
floral_print_sash,
corrugated_galvanized_iron_sheet,トタン
alabama_(azur_lane),"阿拉巴马,アラバマ,アラバマ(アズールレーン)"
hayase_mitsuki,速瀬水月
hilda_valentine_goneril_(summer),
makino_yume,牧野夢芽
k/da_all_out_akali,
through_ground,
chiron_(fate),ケイローン(Fate)
garfield_(character),"ガーフィールド,Garfield,加菲猫"
japan-korea_yuri_(meme),日韓百合
hongryeon_(last_origin),"C-77홍련,C-77_홍련,C-77,홍련,C-77紅蓮"
cowl,
gith_(d&d),
striped_bodysuit,
bearhug,ベアハッグ
idolmaster_movie,輝きの向こう側へ!
cracked_egg,
vittorio_veneto_(warship_girls_r),"维内托,维托里奥·维内托,VV,ヴィットリオ・ヴェネト,VVいじめ,ヴィットリオ・ヴェネト(戦艦少女)"
pig_boy,
toyota_sprinter_trueno,"スプリンタートレノ,トレノ,AE86,ハチロク,Hachi-Roku,AE85,ハチゴー,Hachi-Go,カローラレビン,レビン"
clervie_(genshin_impact),"クリーヴ,克雷薇,크레이비"
connected_beard,
caiman_(dorohedoro),カイマン
power_pro_kun_pocket,"パワプロクンポケット,パワポケ"
comic_unreal,
foreground_text,
panda_tail,
amemiya_nazuna_(1st_costume),
kugimiya_rie,釘宮理恵
female_endministrator_(arknights),"管理員,管理人"
serving_dome,クロッシュ
white_rhinoceros_(kemono_friends),"シロサイ,シロサイ(けものフレンズ)"
connie_springer,コニー・スプリンガー
shego,シーゴー
minato_aqua_(aqua_iro_super_dream),
mummification_(bound),マミフィケーション
fatherly,
makoto_(dress)_(blue_archive),羽沼マコト(ドレス)
egyptian_art,
gunnthra_(fire_emblem),スリーズ
neck_pillow,
antarcticite,アンタークチサイト
kanokon,かのこん
ouran_high_school_host_club,桜蘭高校ホスト部
pix_(league_of_legends),
spring_(object),
ultraviolet_light,
vritra_(fate),"ヴリトラ(Fate),ヴリトラ"
frilled_necktie,
space_ishtar_(second_ascension)_(fate),
kirin_r_yato_(arknights),
matsuda_arisa,松田亜利沙
tiptoe_kiss,
kasamoto_eri,エリ・カサモト
holding_cigarette_pack,
gneisenau_(azur_lane),"グナイゼナウ(アズールレーン),グナイゼナウ,格奈森瑙"
golden_week,ゴールデンウィーク
aihara_enju,藍原延珠
miofa_(ookami_mio),
ravenclaw,レイブンクロー
layer_cake,レヤーケーキ
magical_mirai_miku_(2017),マジカルミライ2017
croagunk,グレッグル
toaru_majutsu_no_index:_imaginary_fest,"とあるIF,とある魔術の禁書目録幻想収束"
crossed_out,
shinano_(dreamy_white_sands)_(azur_lane),雅夢の白浜
burger_king,"バーガーキング,버거킹,漢堡王"
zipping,
gargoyle,
mitsukai_dokuro,"三塚井ドクロ,ドクロちゃん"
sitting_on_log,
irotoridori_no_sekai,いろとりどりのセカイ
kimi_to_boku_no_mirai,キミとボクのミライ
s-force_rappa_chiyomaru,S-Force乱破小夜丸
ryofu_housen,呂布奉先
ryuujou_kai_ni_(kancolle),
fire_helmet,消防ヘルメット
togame_momoko,"十咎ももこ,ももみた"
creepy_eyes,
shiny_eyes,
hydaelyn,"海德林,ハイデリン"
beowulf_(fate),ベオウルフ(Fate)
face_in_shadow,
izumi_(swimsuit)_(blue_archive),"イズミ(水着),獅子堂イズミ(水着)"
regensburg_(azur_lane),"レーゲンスブルク(アズールレーン),レーゲンスブルク"
doppelganger,
ivan_(alien_stage),"이반,Ivan"
vivian_(paper_mario),"ビビアン,ビビアン(ペーパーマリオRPG),vivian,vivian_ttyd"
reflex_sight,
douma_(kimetsu_no_yaiba),童磨
suride_miku,"須理出未来,ぷりん"
jasmine_(disney),"ジャスミン(アラジン),ジャスミン"
left_4_dead,"LEFT4DEAD,L4D"
sleeping_animal,
tsona_(nyantcha),
tasmanian_devil_(kemono_friends),タスマニアデビル(けものフレンズ)
kaonashi,"カオナシ,No-Face"
runway,"滑走路,飞机跑道,跑道(机场)"
tokino_sora_(casual),"ときのそら私服3D,ときのそら(私服衣装),ときのそら(私服)"
phantasmagoria_of_dim.dream,夢時空
electrostimulation,
hope's_dusk_(apex_legends),
cibo,"シボ,shibo"
noelle_holiday,ノエル
salama_(amaburi),サーラマ
sand_writing,
irisviel_von_einzbern_(caster),アイリスフィール(天の衣)
patricia_martin,パトリシア・マーティン
silent_hill_3,サイレントヒル3
nora_cat_channel,"のらきゃっと,nora_cat,のらきゃっと派生,ますきゃっと"
sunflower_seed,葵花籽
ishizu_ishtar,イシズ・イシュタール
transforming_clothes,
partially_immersed,
space_ereshkigal_(third_ascension)_(fate),
smol_gura,SmolGura
asbestos_(arknights),"石棉,アスベストス,アスベストス(アークナイツ)"
soviet_school_uniform,
holding_oar,
elf_(houtengeki),
kanade_izuru,"奏手イヅル,イヅル描いたぞ,イヅル見るなよ,Izuru_Art"
snoopy,スヌーピー
bulges_touching,兜合わせ
yellow_car,
hands_on_another's_arm,
otome_function,乙女ファンクション
high-low_dress,
adrien_agreste,アドリアン
dragon's_dogma,ドラゴンズドグマ
dark_willow,"dark_willow,darkwillow"
people's_republic_of_china_flag,"🇨🇳,五星紅旗,五星红旗"
sideboob_cutout,
kunou_kodachi,九能小太刀
suzuki_rion,鈴木莉音
aqua_sarong,
imouto_sae_ireba_ii,"妹さえいればいい。,妹さえいればいい,如果有妹妹就好了"
gladiator,剣闘士
nandemo_iu_koto_wo_kiite_kureru_akane-chan_(voiceroid),何でも言うことを聞いてくれるアカネチャン
boruto:_naruto_the_movie,"BORUTO,ボルト‐ナルト・ザ・ムービー‐"
action_figure,
akizuki_kanna,明月栞那
nanase_kureha,"紅葉さん,七瀬紅葉"
watermelon_seeds,
flat_sign,♭
robo_(chrono_trigger),ロボ(クロノトリガー)
shingyoku_(touhou),"SinGyoku,シンギョク,神玉,しんぎょく,신교쿠"
tashigi,たしぎ
hungary_(hetalia),"エリザベータ・ヘーデルヴァーリ,elizabeta_hedervary"
hyper_blossom,ハイパー・ブロッサム
sumeragi_kaguya,皇神楽耶
remington_870,M870
england,イングランド
quadruple_wielding,
i-26_(azur_lane),"伊26(アズールレーン),伊26"
monster_farm,モンスターファーム
kinoshita_hinata,木下ひなた
howling,
paprika_private_academy_school_uniform,"私立パプリカ学園,パプリカ学園"
super_mario_sunshine,スーパーマリオサンシャイン
undead_unluck,"アンデッドアンラック,あんでっどあんらっく"
yuna_(biya_(1024)),
shears,
sheeta,シータ
holding_dumbbell,
pew,
aqua_collar,
ruthenium77's_character,
guam_(azur_lane),"グアム(アズールレーン),グアム"
raphael_kirsten,"ラファエル=キルステン,ラファエル"
caenis_(swimsuit_rider)_(first_ascension)_(fate),
frilled_bracelet,
against_mirror,
kirisu_mafuyu,桐須真冬
falling_star,
arisugawa_himari,有栖川ひまり
aya_brea,アヤ・ブレア
karaoke_box,
watashi_(jintai),わたし
hokkaido_nippon-ham_fighters,北海道日本ハムファイターズ
yamai_kaguya,八舞耶倶矢
noir_vesper,"ノワール・ヴェスパー,ScholArt,vespART,NoirVesper"
katsushika_hokusai_(third_ascension)_(fate),
ribbed_tank_top,
caroline_(persona_5),カロリーヌ
charmeleon,リザード
lunatone,ルナトーン
persica_(girls'_frontline),"帕斯卡,帕斯卡莉亚,帕斯卡莉亞,ペルシカ,ペルシカ(ドールズフロントライン),ペルシカリア,ペルシカリア(ドールズフロントライン),페르시카,페르시카(소녀전선),페르시카리아,페르시카리아(소녀전선)"
inugami_korone_(dog),毛玉ころね
symonne_(tales),サイモン
action_taimanin,アクション対魔忍
deirdre_(fire_emblem),ディアドラ
miyoshi_sana,三好紗南
mahou_shoujo_madoka_magica:_walpurgis_no_kaiten,ワルプルギスの廻天
menstruation,生理
orange_tongue,
swirlix,ペロッパフ
bokujou_monogatari,牧場物語
autofellatio,"セルフフェラ,オートフェラ"
raboot,ラビフット
shy_guy,"ヘイホー,Heihō,Shyguys,Shy-Guys,ShyGuys"
vanilla_(eden_(shiroki_yuutsu)),
valkyrie_connect,"ヴァルキリーコネクト,ヴァルコネ"
dream_tiger_(govy9807),
merc_storia,"メルクストーリア,メルスト,梅露可物语"
mitsuki_felicia,深月フェリシア
flying_witch,ふらいんぐうぃっち
hoothoot,ホーホー
patamon,"파닥몬,巴达兽,パタモン"
long_mustache,
erwin_smith,エルヴィン・スミス
noragami,ノラガミ
veil_lift,
pink_corset,
pokemon:_the_electric_tale_of_pikachu,"電撃!ピカチュウ,電撃ピカチュウ,カスミ(電撃ピカチュウ)"
navel_insertion,
seviper,ハブネーク
leone_abbacchio,レオーネ・アバッキオ
soulcalibur_v,
marriage_certificate_(object),婚姻届
arena,
buruma_under_skirt,
namikaze_minato,"波風ミナト,四代目火影"
gradient_neckerchief,
game_&_watch,"ゲーム&ウオッチ,ゲーム&ウォッチ,ゲームウォッチ"
nakiri_ayame_(hololive_summer_2019),"百鬼あやめ(ホロライブ・サマー2019),百鬼あやめ(ホロサマ2019),百鬼あやめの水着"
green_mask,
professor_(neural_cloud),教授(ニューラルクラウド)
shimizudani_ryuuka,"清水谷竜華,しみずだにりゅうか"
kamichu!,かみちゅ!
minakami_yuki,"水上由岐,由岐柘榴"
tsuka-ito,柄糸
h_(letter),
metroid_fusion,メトロイドフュージョン
spiked_wings,
polygamy,"一夫多妻,一妻多夫"
urd_(aa_megami-sama),ウルド
blowing_in_ear,
95-tan,"95,95たん"
doom_(2016),
rennala_queen_of_the_full_moon,"満月の女王レナラ,レナラ,Rennala,满月女王"
kashihara_noa_(kindatsu),橿原希愛
flapper_shirt,
jacket_grab,
tokyo_necro,"凍京NECRO,トウキョウ・ネクロ"
liepard,レパルダス
sonic_the_hedgehog_(archie_comics),"アーチーソニック,archiesonic"
toono_mizuki,遠野みづき
unworn_collar,
maou_beluzel,魔王ベルゼル
evo_grim,エボルグリム
stuffed_wolf,
noumu_(boku_no_hero_academia),脳無
entei,エンテイ
jungle_gym,ジャングルジム
ryoubu_torii,"両部鳥居,四脚鳥居,稚児柱鳥居,権現鳥居,枠指鳥居"
kon_(bleach),コン
recharging,
you_can_eat_the_girl,食用系少女
senran_kagura_peach_beach_splash,閃乱カグラPBS
bloodhound_(apex_legends),"ブラッドハウンド(APEX),ブラッドハウンド,寻血猎犬,fusehound"
contender_(girls'_frontline),"竞争者,競爭者,Contender,百花侍从,コンテンダー(ドールズフロントライン),コンテンダー(少女前線),コンテンダー"
vienna_(vtuber),"viennart,C9Vienna,vienna,viennasus"
leggings_pull,
inne_sulistya_robin,innesensei
kujaku_mai,孔雀舞
keqing_(lantern_rite)_(genshin_impact),
birdy_cephon_altera,バーディー・シフォン・アルティラ
red_prison_magic_school_uniform,
axe_kick,"踵落とし,かかと落とし,내려차기,ネリチャギ,カカト落とし"
awestruck,
riselia_ray_crystalia,"リセリア・レイ・クリスタリア,リセリアレイクリスタリア"
matsuo_chizuru,松尾千鶴
dirty_talk,
florence_nightingale_(third_ascension)_(fate),
scathach_skadi_(third_ascension)_(fate),
faust_(guilty_gear),"ファウスト,Dr.ボルドヘッド"
banjo-kazooie,"バンジョーとカズーイの大冒険,バンジョーとカズーイ"
cz_75,CZ75
getou_suguru_(kenjaku),pseudo-geto
food_costume,
time_lapse,
gundam_00_a_wakening_of_the_trailblazer,
razor_blade,
aquarius_(constellation),"みずがめ座,水瓶座,宝瓶座,寶瓶座,물병자리"
kinjyou_(shashaki),難攻不落の金城さん
roboco-san_(1st_costume),
junketsu_duelion,純潔デュエリオン
leo/need_miku,レオニミク
restraints,
saeki_sayaka,佐伯沙弥香
wartortle,カメール
deviljho,イビルジョー
cocking_gun,
moeta_kaoruko,"萌田薫子,かおす"
artemis_of_the_blue,artoftheblue
kin'iro_ryotei_(umamusume),"キンイロリョテイ,キンイロリョテイ(ウマ娘)"
king_kong_(series),キングコング
meru_(blue_archive),姫木メル
torn_tank_top,
the_crawling_city,
laufen_(sousou_no_frieren),ラオフェン
uneven_bangs,
heart_pouch,
barbarian,
viktor_(league_of_legends),Viktor
akatsuki_records,暁Records
c.i.e.l_(fate),"謎の代行者C.I.E.L,シエル(水着)"
panty_mask,
melon-chan,"めろんちゃん,meron-chan"
pink_leg_warmers,
cockatiel,オカメインコ
gladiolus_amicitia,"グラディオラス・アミシティア,グラディオ,グラディオラス"
ludmilla_(nikke),"ルドミラ(勝利の女神:NIKKE),ルドミラ(NIKKE),루드밀라(NIKKE)"
genba_neko_(meme),現場猫
a-soul,"ASOUL,A_SOUL,A手"
fuwafuwa-chan_(kamiyoshi_rika),
eustass_kid,ユースタス・キッド
aegir_(housamo),エーギル
.flow,".flow,dotflow"
hero_(dq4),男勇者(DQ4)
kamen_rider_geats,仮面ライダーギーツ
splattershot_jr._(splatoon),"わかばシューター,もみじシューター"
alternate_element,
tricycle,三輪車
lost_robin_rondo,ロスト・ロビン・ロンド
kirche_augusta_frederica_von_anhalt_zerbst,"キュルケ・アウグスタ・フレデリカ・フォン・アンハルツ・ツェルプストー,キュルケ"
mars_(planet),火星
shantae:_half-genie_hero,
broken_ground,
kaga_(lawson)_(kancolle),"ローソン加賀,加賀(ローソン)"
maam,マァム
clockie_(honkai:_star_rail),
blonney,金蜜儿
higashikata_josuke_(jojolion),東方定助
mofurun_(mahou_girls_precure!),モフルン
mahou_shoujo_oriko_magica,魔法少女おりこ☆マギカ
trainer_(idolmaster),
panda_(jujutsu_kaisen),
day_and_night,
candy_(smile_precure!),"キャンディ,キャンディ(プリキュア)"
tailtiu_(fire_emblem),ティルテュ
b3_wingman,
primrose_azelhart,"プリムロゼ,プリムロゼ・エゼルアート"
spiked_cape,
bent_back,"rounded_back,弯背,C背,蜷缩"
genryuusai_maki,"源柳斉マキ,源柳斎真紀,源柳斎まき"
gekijouban_hibike!_euphonium,
pouncing,
hiyajou_maho,比屋定真帆
green_nipples,
helena_blavatsky_(swimsuit_archer)_(third_ascension)_(fate),
paper_chain,
sakuraba_rola,桜庭ローラ
heiwajima_shizuo,"平和島静雄,シズイザ,静臨"
upright_piano,アップライトピアノ
stormtrooper,ストームトルーパー
spiked_bat,
nukumizu_kaju,温水佳樹
oekaki_musume,"お絵描き娘,お絵描き娘2009,お絵描き娘2011,お絵描き娘2012"
hat_basket,
minowa_gin,三ノ輪銀
bullet_earrings,
transparent_innertube,
rickshaw_student_(blue_archive),人力車の生徒
gold_teeth,金歯
chixia_(wuthering_waves),"熾霞,炽霞,马小芳,치샤"
tamamo_no_mae_(sable_mage)_(fate),漆黒の魔術服
spotted_fur,
nakahara_mizuki,中原ミズキ
face_in_crotch,
misaki_(swimsuit)_(blue_archive),戒野ミサキ(水着)
aether_sage_(elsword),エーテルセイジ
tatsugiri_(curly),
disheveled,
arcana_heart_3,アルカナハート3
krolik_(girls'_frontline_2),"克罗丽科,클로리크"
adiane,アディーネ
hastur_(nyaruko-san),ハス太
biting_hair,
tejina_senpai,
bellows_(suisei_no_gargantia),ベローズ
siamese_cat,"シャム猫,暹罗猫"
emden_(azur_lane),"エムデン(アズールレーン),エムデン,埃姆登"
sports_bra_pull,
dororo_(character),どろろ(キャラクター)
laser_pointer_projection,
charybdis_(azur_lane),"カリブディス(アズールレーン),カリブディス,卡律布狄斯"
tsubasa_(kureha),
flower_to_mouth,
raisei_no_ryu_tsukai,"Thunder_Star_Dragon_Master,雷星の竜使い"
body_bridge,ブリッジ
kanzaki_h._aria,神崎・H・アリア
handheld_electric_fan,
construction,工事
matryoshka_doll,"マトリョーシカ,套娃,俄罗斯套娃"
gimai_seikatsu,義妹生活
stella_hoshii,ステラ・ホシイ
childhood_friend-chan_(ramchi),
ganyu_(china_merchants_bank)_(genshin_impact),
kamen_rider_kuuga,"仮面ライダークウガ,クウガ"
dinosaur_girl,
kyokou_suiri,"虚構推理,In/Spectre"
mary_cochran,メアリー・コクラン
lace-trimmed_veil,
huyan_zhuo_(fate),"呼延灼(Fate),呼延灼"
char's_counterattack_-_beltorchika's_children,"機動戦士ガンダム逆襲のシャア―ベルトーチカ・チルドレン,逆襲のシャア―ベルトーチカ・チルドレン"
hayami_saori,"早見沙織,松尾沙織,Matsuo_Saori,はやみん,Hayamin,みさお,Misao"
energy_arrow,
april,
alisha_diphda,アリーシャ
kokiri,コキリ族
panzerfaust,パンツァーファウスト
single_nipple_piercing,
dedue_molinaro,ドゥドゥー=モリナロ
love_ball,ラブラブボール
cherubi,チェリンボ
diamond_print,
tentacool,メノクラゲ
strawberry_earrings,
unworn_cardigan,
usaslug_(tsukumo_sana),
in_basket,
love_handles,
triela,トリエラ
car_crash,
transit_bus,
two-sided_capelet,
skorpion_(girls'_frontline),"Vz61,Scorpion,scorpion,スコーピオン(ドールズフロントライン),スコーピオン(少女前線),すこすこスコーピオン"
green_track_suit,
tank_interior,
bobobo-bo_bo-bobo,ボボボーボ・ボーボボ
skorpion_vz._61,Vz61
barbara_(dq6),"バーバラ,バーバラ(DQ6)"
kantoku_(style),"カントク,野生のカントク"
youtube_creator_award,"銀の盾,金の盾,銀盾,金盾"
zentreya_(cyborg),
refrigerator_interior,
emil_chronicle_online,"エミルクロニクルオンライン,ECO,埃米尔物语,艾米尔编年史,伊希歐之夢,埃米爾物語"
orange_armband,
tony_stark,トニー・スターク
stuffed_chicken,
poi_(goldfish_scoop),ポイ
wrestle_angels_survivor_2,レッスルエンジェルスサバイバー2
scarf_bow,
dinner,"夕飯,晩御飯,晩ご飯,晩ごはん"
turning_page,
asahi_(kancolle),"朝日(艦隊これくしょん),朝日(艦これ),朝日"
qi_maid,"華メイド,中華メイド,チャイナメイド,旗袍女仆,中式女仆"
psychic_hearts,サイキックハーツ
igglybuff,ププリン
chimecho,チリーン
park_dona,"박도나,DONART,DONA_ART,DONARTH,DONA_LIVE"
otoshidama,お年玉
ikuchan_kaoru_(character),
skin_suit_(stellar_blade),
youngster_(pokemon),"たんぱんこぞう,たんパンこぞう(剣盾)"
chocolate_on_foot,足チョコ
kalpas_(honkai_impact),千劫
kuramitsu_mihoshi,"九羅密美星,美星"
mole_on_forehead,
space_yoko,
drinking_fountain,水飲み場
gothic_wa_mahou_otome,"ゴシックは魔法乙女,ゴ魔乙,ごまおつ"
no_parking_sign,駐車禁止
meryl_stryfe,メリル・ストライフ
winged_bag,羽リュック
bear_position,
tank_cupola,
nut_(hardware),
bootjob,ブーツコキ
morgan_(male)_(fire_emblem),
1960s_(style),
touma_kazusa,冬馬かずさ
numako_(pizza_kanon),
kido_jo,城戸丈
henya_the_genius_(1st_costume),
arrow_cross,
miya_utsutsu,"うつつ,うつつ(ガッチャマンクラウズ),宮うつつ"
fruit_basket,
meroune_lorelei,"メロウヌ・ローレライ,メロウヌ"
shikishima_mirei,敷島魅零
gradient_bow,
deborah_(dq5),"デボラ,deborah_briscoletti,deborah_ludman,デボラ(DQ5)"
ryuu_ga_gotoku_0,龍が如く0
false_arm,
sayo_samonji,"小夜左文字,左文字三兄弟,歌小夜"
harusaruhi,"春猿火,春猿火美術部"
blood_writing,
tamaki_ui,環うい
pyroxene_(blue_archive),"青輝石,青辉石,청휘석,Pyroxene"
kazamatsuri_fuuka,風祭フーカ
chin_piercing,
la+_darknesss_(casual),"ラプラス・ダークネス(私服衣装),ラプラス・ダークネス(私服)"
stuffed_seal,
shi_huang_di_(fate),始皇帝(Fate)
holding_own_leash,
muffled,
kudou_shin'ichi,工藤新一
retaining_wall,
snow_leopard,雪豹
okonogi_yuuko,"小此木優子,ヤサコ"
huniepop,"ハニーポップ,Huniepop,HuniePop,huniepop"
muppo,"ムーミンほっぽ,むっぽちゃん"
nidoking,ニドキング
hose_nozzle,
sakae_general_school_uniform,栄総合学園
windows_95,Windows95
digging,
kurusu_natsume,"来栖夏芽,なつめぇ画,来ないなつめ"
koizumi_itsuki_(female),古泉一姫
koi_suru_kanojo_no_bukiyou_na_butai,恋する彼女の不器用な舞台
murder_drones,"无机杀手,マーダードローンズ,マーダードローン,Murder_Drones,murderdrones,murderdronesfanart"
pancham,ヤンチャム
wander_(shadow_of_the_colossus),ワンダ
fart,"屁,おなら,オナラ,放屁,방귀"
tsukuyomi_komoe,月詠小萌
yae_sakura_(flame_sakitama),真炎幸魂
karakusa_(pattern),"唐草,唐草模様"
iansan_(genshin_impact),"Iansan,伊安珊,イアンサ,얀사"
pineapple_slice,
asmodeus_(umineko),
hiei_(yu_yu_hakusho),飛影
high-cut_armor_(persona),ハイレグアーマー
andromeda_(fate),"アンドロメダ,アンドロメダ(Fate)"
colorado_(azur_lane),"コロラド(アズールレーン),コロラド,科罗拉多"
cd_player,
xiao_guan_(headdress),"小冠,束发冠"
hoederer_(arknights),"ヘドリー(アークナイツ),赫德雷"
anteater_tail,
seiken_no_blacksmith,聖剣の刀鍛冶
ginga_tetsudou_999,"銀河鉄道999,銀河鐵道999,银河铁道999,은하철도999"
too_many_belts,
handcuff_dangle,
konjiki_no_gash!!,"金色のガッシュベル!!,金色のガッシュ!!"
valve,バルブ
candy_bar,
audrey_burne,オードリー・バーン
convention,漫展
cum_bath,"精液風呂,ザーメン風呂,精子浴"
king_cobra_(kemono_friends),キングコブラ(けものフレンズ)
nishi_yuuko,西由宇子
torgal_(ff16),トルガル
kaji_ryouji,加持リョウジ
samuel_oak,"オーキド博士,オーキド・ユキナリ,オーキド・ユキナリ博士"
squat_(exercise),
mizuki_(vtuber),MizukiArt
andou_tazusa,安藤鶴紗
lao_jiu,
purple_hands,
fate/tiger_colosseum,ふぇいとたいがーころしあむ
kizuna_ai_(a.i._games),A.I.Games
rune_factory_3,"ルーンファクトリー3,ルーンファクトリー3SP,RF3S,RF3,ルンファク3"
crispin_(pokemon),アカマツ(トレーナー)
maria_traydor,マリア・トレイター
koufuku_graffiti,幸腹グラフィティ
ise_kai_ni_(kancolle),伊勢改二
coco_bandicoot,ココ・バンディクー
charon_(project_moon),
bloody_handprints,
winchester_model_1887,
glowing_tail,
propro_production,"プロプロ,プロプロプロダクション"
pelipper,ペリッパー
matsudaira_touko,松平瞳子
amuro_tooru,"安室透,降谷零,バーボン,バーボン(名探偵コナン)"
azurill,ルリリ
splendor_of_tranquil_waters_(genshin_impact),
miyamoto_rei,宮本麗
yu-gi-oh!_master_duel,"遊戯王マスターデュエル,マスターデュエル,YuGiOhMasterDuel,MasterDuel,MD"
hinamizawa_hinami_(tetto),雛見沢ヒナミ
clitoral_stimulation_through_clothing,
durandal_(palatinus_equinox)_(honkai_impact),"天元骑英,天元騎英,天元のパラディン"
hisau_maiya,久宇舞弥
cable_hair,
duolingo,"デュオリンゴ,Duolingo,GenshinXDuolingo"
shirayuri_sakura,シラユリ・サクラ
carry_me,"抱っこ,抱っこして,だっこ,だっこして"
gemini_(symbol),
kurusugawa_ayaka,来栖川綾香
lupusregina_beta,"ルプスレギナ・ベータ,ルプスレギナ,lupusregina"
tsunetsuki_matoi,常月まとい
grey_leg_warmers,
chameleon,"カメレオン,变色龙"
upside-down_kiss,
colosseum,"コロシアム,闘技場"
dinosaur_hood,
pawmot,パーモット
ethan_(arknights),"伊桑,イーサン,イーサン(アークナイツ),Ethan"
odds_&_ends_(vocaloid),ODDS&ENDS
juggling_club,
yamai_yuzuru,八舞夕弦
animal-shaped_pillow,
kamijo_haruna,上条春菜
jayce_(league_of_legends),
vietnam_war,ベトナム戦争
farmer,
scarlet_weather_rhapsody,
tentacruel,ドククラゲ
scarf_choker,
softboiled_egg,"半熟卵,半熟,ゆで卵,溏心蛋"
toki_(senran_kagura),"鴇(閃乱カグラ),鴇"
yaezawa_natori,"八重沢なとり,なとあーと"
cupitan_(granblue_fantasy),クピタン
sweden,"スウェーデン,Sverige"
i've_never_seen_a_guy_recreate_this_successfully_tbh_(meme),
shyvana,"Shyvana,쉬바나,シヴァーナ"
orange_armor,
rally_vincent,"アイリーン・ラリー・ビンセント,ラリー・ビンセント"
rowing,漕ぐ
melusine_(first_ascension)_(fate),
aether_foundation_uniform,
;|,
chloe_von_einzbern_(swimsuit_avenger),クロエ・フォン・アインツベルン(水着)
heart_on_cheek,
yokohama_kaidashi_kikou,ヨコハマ買い出し紀行
blue_light,
igaku_(utau),イガク
orimura_ichika,織斑一夏
scream_tail,サケブシッポ
arin,"아린,アリン"
ass_lift,
jonouchi_katsuya,城之内克也
mimi_houllier_von_schwarzlang,ミミ・ウリエ・フォン・シュヴァルツラング
chest_on_pillow,
altar,"祭壇,さいだん"
graf_zeppelin_(beachside_urd)_(azur_lane),"砂浜のウルズ,沙滩上的乌尔德"
blanca_(fate),ブランカ(Fate)
veteran_mercenary_echidna,"歴戦の傭兵エキドナ,歴戦の傭兵"
funeral,"葬式,葬儀"
narcissism,"自己愛,自己陶酔,自我陶醉,自恋,ナルシスト,ナルシシスト"
predator_(character),"プレデター,yautja"
naranja_academy_(emblem),
invisible_air_(fate),風王結界
chaos_space_marine,
object_in_swimsuit,
naruse_yuu,"成瀬優,ゆうもこ"
condom_on_nipples,used_condom_tied_on_nipples
miyoshi_karin,三好夏凜
shaymin_(sky),
swimsuit_costume,
grey_sash,
aerokinesis,
white_lips,
timido_cute,"ティミド・クード,Timido,缇米朵"
bollard,ボラード
mikado_shiina,御門椎名
snowflake_choker,
un-go,"アンゴ,un-go"
yukinoshita_haruno,雪ノ下陽乃
dramatical_murder,"DRAMAticalMurder,DMMD,ドラマダ"
rurudo_lion_(1st_costume),
aerodactyl,プテラ
cure_coral,キュアコーラル
aida_kensuke,相田ケンスケ
hiei_(azur_lane),"比叡,比叡(アズールレーン),鲟"
party_horn,"吹き戻し,ピロピロ,ピロピロ笛,ぴろぴろ笛"
object_insertion_from_behind,
grand_theft_auto_v,"GTA5,GTAV,グランドセフトオート5,グラセフ5,グランドセフトオートV,グラセフV,GTAO,GTAOnline,グランド・セフト・オート_オンライン,GTAオンライン"
agravain_(fate),アグラヴェイン(Fate)
bouncing_hair,
shiguma_rika,志熊理科
jeanne_(bayonetta),
double_cheek_kiss,
bladder,"膀胱,방광"
brown_sclera,
dartboard,
smug_nun_(diva),
france_(hetalia),"フランシス・ボヌフォワ,アサフラ,フランソワーズ・ボヌフォワ,フランソワーズ·ボヌフォワ"
komainu_tail,
stan_marsh,"スタン・マーシュ,スタン"
unwanted_creampie,
animal_on_back,
iced_coffee,アイスコーヒー
ohnuma_kurumi,大沼くるみ
chipmunk,"🐿,シマリス"
samurai_(7th_dragon_series),
samurai_champloo,サムライチャンプルー
bobby_pin,
shinjin-chan_(douki-chan),
hirako_shinji,平子真子
shinto,神道
oozora_subaru_(loungewear),大空スバル(お部屋着)
mouse_girl_(yuuki_(yuyuki000)),
pushing_down,
clefable,ピクシー
papa_no_iu_koto_wo_kikinasai!,"パパのいうことを聞きなさい!,パパのいうことを聞きなさい,パパ聞き!,パパ聞き"
chikuwa_(yurucamp),チクワ
komaniya_express_(genshin_impact),
narwhal_(kemono_friends),イッカク(けものフレンズ)
kyururu_(kemono_friends),キュルル(けものフレンズ)
monkey_mask,
monet_(one_piece),モネ(ONEPIECE)
tickling_nipples,
cum_swap,
fabarm_fp6,"FP-6,ファバームFP6"
rabbit_and_steel,"Rabbit&Steel,rabbitandsteel"
green_male_swimwear,
jake_the_dog,ジェイク(アドベンチャータイム)
straw_(stalk),藁
goldenglow_(maiden_for_the_bright_night)_(arknights),
okita_souji_alter_(swimsuit_saber)_(fate),沖田オルタ(水着)
packet,
ange_katrina_(2nd_costume),アンジュ・カトリーナ(夏衣装2019)
biting_another's_hand,
fox_costume,
bravern,ブレイバーン
nel_zelpher,ネル・ゼルファー
lonely_girl_ni_sakaraenai,"ロンリーガールに逆らえない,ロンガル"
revali,リーバル
kunugigaoka_middle_school_uniform,
cargo_net,
sakurai_shin'ichi,桜井真一
hanging_food,
akai_haato_(hololive_summer_2019),"赤井はあと(ホロライブ・サマー2019),赤井はあと(ホロサマ2019)"
daifuku,"大福,大福餅,だいふく"
sky_girls,スカイガールズ
lovely_x_cation_2,"ラブリケーション,ラブリケ,ラブリケーション2,LOVELY×CATION2"
torn_paper,
honolulu_(swimsuit_mode)_(kancolle),ホノルル(水着)
mewkledreamy,ミュークルドリーミー
pepe_the_frog,カエルのペペ
rainbow_skirt,
veiny_face,
blue_moon,
border_break,"ボーダーブレイク,边境保卫战"
momoyama_mirai,桃山みらい
explosion_gag,"爆発オチ,紅魔館爆発,紅魔館爆発リンク"
pedestrian_bridge,"歩道橋,天桥"
lace_dress,
outseal,アウトシール
kibutsuji_muzan,鬼舞辻無惨
nijou_noriko,"二条乃梨子,乃梨子"
matching_shanghai,
apocalypse,
amagami-san_chi_no_enmusubi,甘神さんちの縁結び
rosanna_(chic_ocean)_(nikke),ロザンナ:シックオーシャン
black_widow,"ブラック・ウィドウ,ブラックウィドウ,BlackWidow"
grabbing_another's_tail,
volumen_hydragyrum_(fate),
paras,パラス
bt-42,BT-42
astel_leda,"アステル・レダ,アステル,アステル絵ダ"
sigui_(queen's_blade),"シギィ,異端審問官シギィ,異端審問官"
moose_tail,
touhou_mystia's_izakaya,"东方夜雀食堂,東方夜雀食堂,夜雀食堂"
slap_mark_on_face,
kali_(fate),
nightwing,
yashiro_(kancolle),"屋代,屋代(艦隊これくしょん),屋代(艦これ)"
splatoonification,
agatsuma_kaede,吾妻楓
spoon_straw,スプーンストロー
mutsuki_face_(azur_lane),"睦月顔,(◔д◔),(◔౪◔)"
hilt,
etopen,
mole_on_areola,
tube_socks,
artstation_logo,
hazama,
hinata_shouyou,"日向翔陽,日研,日向翔阳"
duca_degli_abruzzi_(azur_lane),"ドゥーカ・デッリ・アブルッツィ(アズールレーン),ドゥーカ・デッリ・アブルッツィ,阿布鲁齐公爵"
amelia_wil_tesla_seyruun,アメリア=ウィル=テスラ=セイルーン
barred_window,
post_guild_war_celebration,"古戦場おつかれさまでした,古戦場お疲れさまでした"
bongo_cat_(meme),コンパス式いいねとリツイートをする奴ら
gema,ゲマ
peri_(fire_emblem),"ピエリ,ピエリ(FEif)"
musical_note_ornament,
kamisato_ayaka_(heytea),
watamate,わためいと
sinistcha,ヤバソチャ
pers_(genshin_impact),
roe,鱼子
lemon_earrings,
fruit_hair_ornament,
super_robot_wars_z,
sakura_megumi,"佐倉慈,めぐねえ"
type_95_(narcissus)_(girls'_frontline),
queen_of_hatred,"憎しみの女王,증오의여왕,thequeenofhatered"
hacksaw,
inaba_haneru_(animare),"因幡はねる,はねるあーと"
on_counter,
in_bathtub,
stuffed_pig,
justine_(persona_5),ジュスティーヌ
holding_ruler,
star!!_(idolmaster),"Star!!,マイファーストスター"
plug_gag,
petal_print,
zannen_onna-kanbu_black_general-san,残念女幹部ブラックジェネラルさん
leonardo_da_vinci_(swimsuit_ruler)_(fate),
elevator_door,
moe2017,MOE2017
holding_thermometer,
powered_ciel,完全武装シエル
grenville_(azur_lane),"グレンヴィル,グレンヴィル(アズールレーン),格伦维尔"
feena_fam_earthlight,"フィーナ・ファム・アーシュライト,フィーナ姫"
momose_natsuki_(momo_no_sukebe),
presea_combatir,"プレセア・コンバティール,プレセア"
mejiro_mcqueen_(end_of_sky)_(umamusume),"エンド・オブ・スカイ,Brand-new_Friend"
navel_peek,
cinq_association_(identity)_(project_moon),
aegir_(golden_dragon_among_auspicious_clouds)_(azur_lane),祥雲に昇る金龍
escape_from_tarkov,"eth,Побег_из_Тáркова"
airplane_wing,
dorothea_arnault_(summer),
koyuki_(bunny)_(blue_archive),黒崎コユキ(バニーガール)
magia_magenta,マジアマゼンタ
kosaka_yukiho,高坂雪穂
cherche_(fire_emblem),セルジュ
rajang,ラージャン
onitsuka_tomari,鬼塚冬毬
see-through_bridal_gauntlets,
osugaki,オスガキ
deck_chair,
hotel,ホテル
nejima_kitsune_(shirakami_fubuki),
momijiyama_teru,紅葉山テル
izetta,イゼッタ
chrome_dokuro,クローム髑髏
skunk_tail,
card_between_fingers,
heisei,"平成,平成時代"
tropius,トロピウス
more_more_jump!_miku,
taiwan_(hetalia),
linde_(fire_emblem),"リンダ,リンダ(FE暗黒竜)"
seihou,"西方,西方project"
crystal_flower,
puffy_dress,
angelica_rafa_redgrave,アンジェリカ・ラファ・レッドグレイブ
shirayuki_tomoe_(1st_costume),白雪巴(通常)
head_under_another's_clothes,
shiny_pantyhose,
blade_runner,ブレードランナー
antispiral_nia,"黒ニア,メッセンジャーニア"
arm_mounted_weapon,
garnet_rod,"ガーネット・ロッド,時空の杖"
alsace_(heat_beating_summer_sacrament)_(azur_lane),陽差しの秘蹟、過熱す
saegusa_wakaba,三枝わかば
sophie_(howl_no_ugoku_shiro),
cel_rendering,"トゥーンシェーディング,三渲二"
tied_dress,
boc'z_(umamusume),BoC'z
kayneth_el-melloi_archibald,"ケイネス・エルメロイ・アーチボルト,ケイネス,ケイネス先生"
kin-iro_loveriche,"金色ラブリッチェ,kin'iro_loveriche"
hong_meiling_(panda),
comic_rin,
madan_no_ou_to_vanadis,魔弾の王と戦姫
machi_komacine,"マチ,マチ=コマチネ"
tsunemori_akane,常守朱
kabedon_on_viewer,
camus_(dq11),カミュ(DQ11)
hand_on_animal,
swinging_legs,
terakomari_gandezblood,"テラコマリ・ガンデスブラッド,コマリ"
pixie_(megami_tensei),"妖精ピクシー,ピクシー"
tomoeda_middle_school_uniform,
takanashi_souta,小鳥遊宗太
jinno_megumi,神野めぐみ
barnaby_brooks_jr.,バーナビー・ブルックスJr.
jesus,"イエス,ナザレのイエス,イエス・キリスト,耶蘇,耶蘇基督,耶稣,耶稣基督,耶穌,耶穌基督,예수,예수그리스도,鿗鿖"
armpit_stubble,ジョリ腋
coffee_grinder,
sabi_(pokemon),"ワサビ(ポケモン),ワサビ(トレーナー)"
resident_evil_1,バイオハザード1
snow_white_(mahoiku),スノーホワイト
catheter,"カテーテル,尿道カテーテル"
akoya_matama,阿古屋真珠
dragon_ball_xenoverse,"ドラゴンボールゼノバース,ドラゴンボールゼノバース2,ゼノバース,ゼノバース2,DBXV,DBXV2,dragonballxenoverse,dragonballxenoverse2"
2003,
moonlight_greatsword,"月光の大剣,月光の聖剣,ムーンライトソード,暗月の大剣"
dustpan,"ちりとり,ちり取り"
ots-14_groza,"OTs-14,Groza,グローザ"
plumeria_(pokemon),"プルメリ(トレーナー),プルメリ"
shiraori,"白織,shirariel"
bugsy_(pokemon),"ツクシ,ツクシ(トレーナー),ツクビオ"
hibiki_dan,火引弾
pipkin_pippa_(1st_costume),
tail_around_another's_leg,
faust_(arknights),ファウスト(アークナイツ)
tengoku_daimakyou,"天国大魔境,HeavenlyDelusion"
ignatz_victor,"イグナーツ,イグナーツ=ヴィクター"
venus_flytrap,"ハエトリソウ,ハエトリグサ"
seams,
fenrir_(shingeki_no_bahamut),"フェンリル(神撃のバハムート),フェンリル(グラブル)"
half_crown_braid,
choukou_taisen_escalation_heroines,超昂大戦
zaft_uniform,
kiddy_grade,"キディ・グレイド,キディグレイド"
ophilia_clement,"オフィーリア・クレメント,オフィーリア"
yozakura_quartet,夜桜四重奏
canti,カンチ
penguin_hat,
warehouse,倉庫
hagakure_yasuhiro,葉隠康比呂
st._hermelin_school_uniform,
striped_choker,
face_of_the_people_who_sank_all_their_money_into_the_fx_(meme),"FXで有り金全部溶かす人の顔,FXで有り金全部溶かした人の顔"
sion_eltnam_sokaris,シオン・エルトナム・ソカリス
lethal_company,"LethalCompany,lethal_company,リーサルカンパニー"
clothes_gag,
vomiting_cum,ザーゲロ
houjou_satoshi,北条悟史
nekoma_karin,"猫羽かりん,かりにゃ~と,えちにゃ~と"
reaper_(final_fantasy),
houshou_marine_(new_year),宝鐘マリン(正月衣装)
tights_day,タイツの日
sokrates_(touhou),"ソクラテス,소크라테스"
imminent_bestiality,
pterosaur,翼竜
utsugi_kotoko,空木言子
m1918_(girls'_frontline),"M1918,M1918(ドールズフロントライン),M1918(少女前線)"
fuurin_asumi,風鈴アスミ
satin_dress,
sasasegawa_sasami,笹瀬川佐々美
lord_of_heroes,"로드오브히어로즈,로오히,LOH,LordofHeroes,ロードオブヒーローズ,ロドヒロ,英雄之王"
carro_pino,"カルロ・ピノ,ピノの自由帳"
titi_(babalilo),ティティ
dislyte,"众神派对,シンネオ"
hilda_(series),ヒルダの冒険
kuuhaku_to_catharsis,空白とカタルシス
fuka_reventon,フーカ・レヴェントン
stuffed_eggplant,
kamisama_ni_natta_hi,"神様になった日,成神之日"
susannah_manatt,"苏莎娜,スーサナ"
pleading_eyes,"ぴえん,訴えるような目"
kaitou_tenshi_twin_angel,"快盗天使ツインエンジェル,ツインエンジェル"
god_of_war,"ゴッドオブウォー,ゴッド・オブ・ウォー"
onii-chan_dakedo_ai_sae_areba_kankeinai_yo_ne,お兄ちゃんだけど愛さえあれば関係ないよねっ
aina_rive,
detached_legs,
tongue_tattoo,
crab_claw,
sumeragi_aika,皇藍華
black_bonnet,
coppelion,コッペリオン
single_flame,
pizza_delivery,宅配ピザ
coral_hair_ornament,
scorpion_tattoo,
skarmory,エアームド
isekai_tensei_shite_v_ni_narimashita,"異世界転生してVになりました。,いせぶい公式,isev,いせぶい"
zeraora,ゼラオラ
takt_op.,"タクトオーパス,taktop.,宿命回响,宿命回响_弦上巧思,タクオパ"
charles-henri_sanson_(fate),シャルル=アンリ・サンソン(Fate)
kurokawa_chiaki,黒川千秋
bandaid_on_breast,
judau_ashta,"ジュドー・アーシタ,ジュドー"
karaginu_mo,"唐衣裳,五衣唐衣裳,十二単"
shikai,
colossal_titan,超大型巨人
magic_circuit,魔術回路
mobile,モビール
kan'u_(koihime_musou),"関羽,愛紗"
pitfall,"落とし穴,陥穽"
yukihana_lamy_(new_year),雪花ラミィ(正月衣装)
aardwolf_print,
rapeseed_blossoms,菜の花
bunny_nun_(diva),
mr._game_&_watch,"Mr.ゲーム&ウォッチ,ゲムヲ"
floyd_leech,フロイド・リーチ
seofon_(granblue_fantasy),シエテ
covering_another's_breasts,
athena_(series),アテナ
range_finder,
vivy:_fluorite_eye's_song,Vivy-FluoriteEye'sSong-
pillbug,"ダンゴムシ,ワラジムシ"
pekora_(jashin-chan_dropkick),"ぺこら,ぺこら(邪神ちゃんドロップキック)"
shidou_mariya,"祇堂鞠也,衹堂鞠也"
curren_chan_(sakutsuki_ma_cherie)_(umamusume),"朔月のマ・シェリ,『刻限』~Silks&Three_Riddles~"
clemont_(pokemon),"シトロン(トレーナー),シトロン(アニポケ),シトロン"
shichiten_shichitou,
holding_chibi,
opening,
taoqi_(wuthering_waves),桃祈
food_fantasy,"フードファンタジー,フーファン,フードファンタジーイラコン,FoodFantasy,foodfantasy,食之契約,테이스티사가,TastySaga,食之契约"
anal_ball_wear,Aストリングス
a-chan_(2nd_costume)_(hololive),"友人A(OL衣装),友人A(通常)"
bronya_zaychik_(wolf's_dawn),
maria_(hayate_no_gotoku!),マリア
wynn_the_wind_charmer,風霊使いウィン
d-frag!,ディーふらぐ!
leorio_paladiknight,"レオリオ,レオリオ=パラディナイト"
dragon_quest_i,"ドラゴンクエスト1,ドラクエ1,DQ1"
infernape,ゴウカザル
omega_symbol,
upotte!!,うぽって!!
lillie_(anniversary_2021)_(pokemon),リーリエ(21アニバーサリー)
adjusting_headphones,
gakusen_toshi_asterisk,学戦都市アスタリスク
gae_dearg_(fate),
laura_kinney,ローラ・キニー
diagonal-striped_shirt,
feather-trimmed_dress,
galarian_ponyta,ガラルポニータ
portal_2,ポータル2
porsche_911,ポルシェ911
water_wheel,
dunkerque_(summer_sucre)_(azur_lane),"夏のスュクレ,“甜蜜”夏日"
battle_effectiveness_award,"battle_""e"",battle_efficiency_award"
okonomiyaki,お好み焼き
snow_white_(grimm),
chevron_(symbol),"シェブロン,シェブロン(紋章学),Cheveron"
chiester45,シエスタ45
chloe_(school_festival)_(princess_connect!),
april_(arknights),"四月,エイプリル(アークナイツ)"
hololive_china,"holoCN,hololive_CN,ホロライブCN,hololiveCN"
good_fortune_symbol,"福,福字"
nophica,ノフィカ
cigarette_kiss,シガーキス
kouzuki_momonosuke,"光月モモの助,モモの助"
serra_(fire_emblem),セーラ(ファイアーエムブレム)
nakahara_komugi,中原小麦
team_galactic_uniform,
twirl_baton,
striped_bike_shorts,
staraptor,ムクホーク
gundam_exia,"ガンダムエクシア,ガンダムエクシアリペア,ガンダムアメイジングエクシア,ガンダムアヴァランチエクシア,ガンダムアヴァランチエクシアダッシュ,ガンダムエクシアリペアII,ガンダムエクシアリペアIII,ガンダムエクシアリペアIV"
kimagure_orange_road,"きまぐれオレンジロード,きまぐれオレンジ☆ロード,オレンジロード"
yat_sen_(azur_lane),"逸仙(アズールレーン),逸仙"
shanoa_(castlevania),シャノア
hollow_body,
terebi-chan,ニコニコテレビちゃん
demon_pillar_(fate),魔神柱
poi_(last_origin),"포이,ポイ,ポイ(ラストオリジン),포이(라스트오리진)"
blue_track_suit,
vernier_thrusters,バーニアスラスタ
relena_peacecraft,"リリーナ・ドーリアン,リリーナ・ピースクラフト"
plant_on_head,
clothes_on_bed,
wakamiya_eve,若宮イヴ
an-94_(silent_rouge)_(girls'_frontline),
pretty_rhythm_rainbow_live,"プリティーリズム・レインボーライブ,レインボーライブ"
jack-o'-lantern_hat_ornament,
diamant_(fire_emblem),ディアマンド
ilyana_(fire_emblem),イレース
chucolala,ちゅこらら
tuxedo_shirt,
saya_(twrlare),
nirvana_(band),"ニルヴァーナ,nirvana"
clarice_(idolmaster),"クラリス,クラリス(シンデレラガールズ)"
skunk_ears,
women's_wallet,"筥迫,箱迫"
gazelle_ears,
garen_(league_of_legends),Garen
between_feet,
spy_kyoushitsu,"スパイ教室,spyroom,spyclassroom"
shijou_saikyou_no_deshi_ken'ichi,史上最強の弟子ケンイチ
cure_rosetta,キュアロゼッタ
frederica_baumann,フレデリカ・バウマン
frosmoth,モスノウ
weedle,ビードル
amano_maya,天野舞耶
saijaku_muhai_no_bahamut,最弱無敗の神装機竜
suzunami_(kancolle),"涼波,涼波(艦隊これくしょん),涼波(艦これ)"
jk_gumi_(nijisanji),"JK組,にじさんじJK組"
levi_(fear_&_hunger),
tug,
cocked_eyebrow,
degrees_of_lewdity,"dol,degrees_of_lewdity,degreesoflewdity"
hanamura_teruteru,花村輝々
aina_ardebit,"アイナ・アルデビット,艾娜"
mesprit,エムリット
carly_nagisa,カーリー渚
kuzunoha_raidou,葛葉ライドウ
merrin_(fire_emblem),メリン
burning_clothes,
usada_pekora_(new_year),兎田ぺこら(正月衣装)
arm_fins,
luke_skywalker,"ルーク・スカイウォーカー,ルークスカイウォーカー,LukeSkywalker,lukeskywalker"
mym_(dragalia_lost),ムム
tasting_plate,味見皿
f-14_tomcat,"F14,F-14,トムキャット"
sui_(isekai_ojisan),"ツンデレエルフ(異世界おじさん),ツンデレエルフ,スザイルギラーゼガルネルブゼギルレアグランゼルガ=エルガ,翠(異世界おじさん)"
flags_of_all_nations,万国旗
twintelle_(arms),ツインテーラ
celica_a._mercury,セリカ=A=マーキュリー
world_of_tanks,"wot,worldoftanks"
kamiko_kana,"神狐かな,kamikokana_art,KamikoKana,shrinefox"
brooklyn_(kancolle),"Brooklyn,ブルックリン,Brooklyn(艦隊これくしょん),ブルックリン(艦隊これくしょん),Brooklyn(艦これ),ブルックリン(艦これ),布鲁克林"
waterpark,"アクアパーク,ウォーターパーク"
gambling,"賭博,賭け,ギャンブル"
monster_hunter_4,モンスターハンター4
graves_(league_of_legends),"格雷福斯,graves"
oyster,"🦪,牡蠣,カキ,かき"
yashio_rui,八潮瑠唯
futaba_akane,双葉茜
wooden_cup,
collared_cloak,
.hack//g.u.,
sekomumasada_sensei,"セコムマサダ先生,センチメンタル小室マイケル坂本ダダ先生"
abdomen_tail,
american_flag_neckwear,
taser,
nanase_haruka_(free!),七瀬遙
banana_slice,
bioshock_infinite,バイオショックインフィニット
seminar_(blue_archive),セミナー
censer,"香炉,こうろ"
palmon,パルモン
sophia_(granblue_fantasy),"ソフィア(グラブル),ソフィア"
product_girl,
elden_ring_(object),
kotoura-san,琴浦さん
kosma,"Kosma,コズマ,科斯魔"
gine,ギネ
brown_pupils,
magical_mirai_miku_(2018),マジカルミライ2018
print_vest,
tenkawa_kaoruko,天川薫子
flare,フレア
the_king_of_fighters_2001,
menstrual_pad,"ナプキン,生理ナプキン"
golisopod,グソクムシャ
seraphim_(one_piece),セラフィム(ONEPIECE)
natsuiro_matsuri_(hololive_summer_2019),"夏色まつり(ホロライブ・サマー2019),夏色まつり(ホロサマ2019)"
barasuishou,薔薇水晶
march,
chiaroscuro,キアロスクーロ
star_wars:_the_clone_wars,"クローン・ウォーズ,スター・ウォーズ/クローン・ウォーズ(テレビアニメ),スター・ウォーズクローン・ウォーズ,クローンウォーズ"
anna_(sennen_sensou_aigis),政務官アンナ
natsugumo_(kancolle),"夏雲(艦隊これくしょん),夏雲(艦これ),夏雲"
feminization,メス男子
pedophile,
pillow_fight,枕投げ
chou-10cm-hou-chan_(suzutsuki's),
quinella,"クィネラ,アドミニストレータ"
standing_anilingus,
star_trek,"スタートレック,スター・トレック,startrek"
miku_(darling_in_the_franxx),ミク(ダリフラ)
sheep_boy,羊の少年
pokemon_sleep,ポケモンスリープ
tamura_hiyori,田村ひより
frog_(chrono_trigger),カエル(クロノトリガー)
molcar,モルカー
super_robot_wars_the_lord_of_elemental,スーパーロボット大戦魔装機神_THE_LORD_OF_ELEMENTAL
jade_leech,ジェイド・リーチ
writing_on_wall,
ushiromiya_kyrie,右代宮霧江
doqute_stuffed_doll,どきゅーと
nemesis_(girls'_frontline_2),纳美西丝
hakuryou_high_school_uniform,
cord_pull,
ro635_(mod3)_(girls'_frontline),
mixing_console,
stag_beetle,"クワガタムシ,クワガタ"
caption,
vertical-striped_sports_bra,
maple_syrup,"枫糖浆,メイプルシロップ"
mandragora_(arknights),"蔓德拉,マンドラゴラ,マンドラゴラ(アークナイツ)"
jet_engine,
s.w.a.t.,"SWAT,S.W.A.T,S.W.A.T."
drake_(azur_lane),"ドレイク(アズールレーン),德雷克"
aquarium_(visual_novel),あくありうむ。
gretel_(granblue_fantasy),グレーテル
unryuu_kai_(kancolle),雲龍改
soil,"土,つち,土壌,どじょう,地,ち"
angel_of_light_nanael,"光明の天使ナナエル,光明の天使"
miyano_shiho,宮野志保
fujimaru_ritsuka_(female)_(chaldea_combat_uniform),カルデア戦闘服
fujiyoshi_harumi,藤吉晴美
no_vest,
bernese_mountain_dog,
togetic,トゲチック
shindouji_school_uniform,
crystal_necklace,
noshiro_kai_ni_(kancolle),能代改二
sai_(weapon),釵
suzume_no_tojimari,"すずめの戸締まり,すずめの戸締り"
joker_(cookie),"JOKER姉貴,大根役者ちゃん"
head_on_knees,
spinning_top,独楽
knife_in_mouth,
implied_after_fellatio,
inaba_rinne,稲葉りんね
mechanical_hair,
tactical_playboy_bunny,重装バニーガール
taigong_wang_(fate),"太公望(Fate),太公望"
crusch_karsten,"クルシュ・カルステン,クルシュカルステン"
meal,食事
micha_jawkan,ミカ・ジャウカーン
hermes_(kino_no_tabi),エルメス(キノの旅)
koisuru_(otome)_no_tsukurikata,恋する(おとめ)の作り方
loose_bandages,
glalie,オニゴーリ
elucidator,
dhalsim,"ダルシム,धल्सिम"
diablo_(series),
fallopian_tubes,卵管
go_back!,カエレ!
kiryu_coco_(dragon),
tenshinhan,"天津飯(ドラゴンボール),天津飯"
female_priest_(dungeon_and_fighter),
minakata_hizuru,"南方ひづる,南雲竜之介"
kissing_nose,
sawatari_izumi,沢渡いずみ
miyamori_school_uniform,
race_flag,
bra_on_head,ブラミミモード
bow_print,
castlevania:_order_of_ecclesia,"奪われた刻印,悪魔城ドラキュラ奪われた刻印,CastlevaniaOrderOfEcclesia,OrderOfEcclesia"
kiana_kaslana_(knight_moonbeam),"白骑士月光,キアナ・カスラナ(白騎士月光)"
macross_frontier:_itsuwari_no_utahime,イツワリノウタヒメ
gundam_calibarn,"ガンダム・キャリバーン,キャリバーン,ガンダムキャリバーン"
dancer's_costume_(dq),踊り子の服
hand_over_heart,
hanayagi_kaoruko,"花柳香子,ふたかお"
minori_(blue_archive),安守ミノリ
kannagi_itsuki,
usami_mizuki,"宇佐美みずき,宇佐美瑞希"
exposed_internal_machinery,
lucio_(overwatch),
flower-trimmed_dress,
serika_(new_year)_(blue_archive),"セリカ(正月),黒見セリカ(正月)"
strange_creators_of_outer_world,東方外來韋編
no_earrings,
five_nights_at_freddy's:_security_breach,"프레디의_피자가게:_보안위반,セキュリティ侵害,FNAF:SB"
sugar_bowl,
sari,"サリー,サリー(民族衣装),سَارِي,শাৰী,শাড়ি,ဆာရီ,સાડી,साड़ी,ಸೀರೆ,സാരി,साडी,सारी,ଶାଢୀ,षाटी,शाटी,ساڙهيِ,புடவை,చీర,కొక,ساڑی"
diving_regulator,レギュレーター
ienaga_mugi,"家長むぎ,むぎあーと"
tenka_touitsu_chronicle,天下統一クロニクル
roman_empire,ローマ帝国
bad_neck,
crotch_stomping,
hata-tan_(rui_(hershe)),はたたん
gas_can,燃料容器
sparkling_sweat,
hisou_tensoku,核熱造神ヒソウテンソク
aiba_uiha,"相羽ういは,ういはぁーと"
kusunoki_yukimura,楠幸村
hatsutori_hajime,"初鳥創,初鸟创,하츠토리하지메,宇初,初宇,鸟亲子"
white_bonnet,
angelise_reiter,
shinjuku_(tokyo),"新宿,新宿区"
uma_summer_(umamusume),UMA_Summer
natasha_(sekai_seifuku),
fusion_dance,"フュージョン,フュージョン(ドラゴンボール)"
slimy,
javelin_(kancolle),"ジャベリン,ジャベリン(艦隊これくしょん),ジャベリン(艦これ),Javelin(艦隊これくしょん),Javelin(艦これ),Javelin,ジャヴェリン(艦隊これくしょん),ジャヴェリン(艦これ),ジャヴェリン"
pomeranian_(dog),"ポメラニアン,pomerania"
apple_rabbit,うさぎりんご
ultramarines,スペースマリーン
moriya_shrine,守矢神社
black_suit_(blue_archive),黒服(ブルーアーカイブ)
doormat,
haruka_karibu,HarukArt
judge,"裁判官,さいばんかん,法官,ほうかん"
nibbling,
cigarette_holder,シガレット・ホルダー
baobhan_sith_(third_ascension)_(fate),
hell,地獄
leather_choker,
shino_hajime,"紫之創,紫之创"
takamachi_nanoha_(movie_1st_mode),
lucifer_(shingeki_no_bahamut),"ルシフェル(神撃のバハムート),ルシフェル(グラブル)"
kazama_jin,風間仁
meowing,
super_famicom_gamepad,
pink_crown,
esia_mariveninne_(komone_ushio),エシアさん
tuba,
frilled_pajamas,
qubeley,"キュベレイ,AMX-004"
in_cell,
fake_box_art,
looking_inside,
chopping,
substitute_(pokemon),みがわり
stuffed_tiger,
october,
kakyouin_chieri,"花京院ちえり,ちぇり絵"
colt_single_action_army,コルトSAA
marie_antoinette_(third_ascension)_(fate),
areola_piercing,
arche_klein,"アーチェ・クライン,アーチェ"
bellossom,キレイハナ
henrietta_(gunslinger_girl),"ヘンリエッタ(ガンスリ),ヘンリエッタ(ガンスリンガーガール),ヘンリエッタ(ガンスリンガー・ガール),エッタ"
blackbuck_(kemono_friends),ブラックバック(けものフレンズ)
asahigaoka_school_uniform,
devil_summoner:_soul_hackers,ソウルハッカーズ
nira-chan,"にらちゃん,ニラちゃん,ニラチャン,ニラメイド"
ruukoto,"る~こと,るーこと,る〜こと"
grey_pajamas,
black_order_uniform,
kaori_(princess_connect!),"カオリ(プリコネ),喜屋武香織,カオリ"
vee_(vtuber),"VEE,はじまるぜVEE,アツいぜVEE,すすむぜVEE,ふみだすぜVEE,ひろがるぜVEE"
beastars,"BEASTARS,ビースターズ"
ichijou_ayaka,一条綾香
holding_picture_frame,
samurai_(final_fantasy),侍
fraux,"フラウ(グラブル),フラウ"
holding_turret,
peter_b_parker,ピーター・B・パーカー
commander_(last_origin),"사령관(라스트오리진),사령관,司令官"
snowboarding,
sisters_~natsu_no_saigo_no_hi~,
no_hands,
bridge_piercing,
ankle_gun,
forearms,
aurea_juniper,アララギ博士
raimon,"雷門中,雷門"
chloe_lemaire,クロエ・ルメール
trim_marks,
kibou_no_chikara_~otona_precure_'23~,"キボウノチカラ〜オトナプリキュア‘23〜,otonapre,オトナプリキュア"
oshioki_sweetie,"おねだりSweetie~恋のお色直しは何度でも~,Onedari_Sweetie"
selina_kyle,セリーナ・カイル
see-through_midriff,
brest_(azur_lane),"ブレスト(アズールレーン),ブレスト,布雷斯特"
yuma_(ebisujima_misato),
sword_in_head,
licking_blade,
sasaki_ran,佐々木藍
bunnystein_fantasy,"バニスタイン・ファンタジー,バニファン"
unbuttoned_sleeves,
goodbye_sengen_(vocaloid),グッバイ宣言
nora_cat,"のらきゃっと,nora_cat"
onix,イワーク
finnish_flag,"🇫🇮,フィンランドの国旗"
kongou_mitsuko,婚后光子
hansel_(granblue_fantasy),ヘンゼル
honda_super_cub,スーパーカブ
maboroshi_no_ginzuishou,幻の銀水晶
aek-999_(girls'_frontline),"AEK,AEK-999,AEK-999(ドールズフロントライン),AEK-999(少女前線)"
kearsarge_(all_night_charge)_(azur_lane),オールナイト・チャージ
amamiya_kokoro_(1st_costume),"天宮こころ(通常),天宮こころ(制服)"
sovetsky_soyuz_(azur_lane),"ソビエツキー・ソユーズ(アズールレーン),ソビエツキー・ソユーズ"
eternal_sailor_moon,エターナルセーラームーン
matsushima_michiru,松嶋みちる
erina_makina,"ErinaMakina,makinarchive,MakIncognito"
alicia_melchiott,アリシア・メルキオット
m203,M203
chop,
balancing_on_head,
barghest_(first_ascension)_(fate),
harusame_(maid)_(kancolle),春雨(メイド)
chihuahua,チワワ
hitbox,"当たり判定,くらい判定"
ayla_(pgr),"艾拉,アイラ,溢彩,艾拉溢彩,万华,艾拉万华"
masou_gakuen_hxh,魔装学園H×H
overflowing,
microphone_wand,
azul_ashengrotto,アズール・アーシェングロット
mapo_tofu,麻婆豆腐
l'antica_(idolmaster),"アンティーカ,L'Antica"
shirayuki_hina,"hinart,시라유키_히나,ShirayukiHina,시라유키히나,白雪ひな,hina"
yui_shousetsu_(first_ascension)_(fate),
gainax,ガイナックス
toe_sucking,
nanbu_kaguya,楠舞神夜
mylene_jenius,ミレーヌ・ジーナス
gourgeist,パンプジン
1-up_mushroom,"1UPキノコ,1UPきのこ"
karyl_(new_year)_(princess_connect!),
mosquito,"🦟,蚊,か,カ"
kazuma_asogi,"亜双義一真,亚双义一真"
energy_tank,E缶
jigoku_sensei_nube,"地獄先生ぬ〜べ〜,地獄先生ぬ~べ~"
kcco_(girls'_frontline),"正規軍(ドールズフロントライン),正規軍,정규군,KCCO"
arnval,アーンヴァル
aqua_ascot,
checkered_panties,
tanaka_the_wizard,"田中~年齢イコール彼女いない歴の魔法使い~,田中のアトリエ,~年齢イコール彼女いない歴の錬金術師~"
salamander,"有尾目,サラマンダー,도롱뇽목"
a_(xenoblade),"エイ(ゼノブレイド3),エイ"
sanallite_(tsukumo_sana),
barbara_parker,バーバラ・パーカー
repeating_crossbow,
dom_(mobile_suit),"ドム,MS-09B"
sitting_on_arm,
marcus_(reverse:1999),"马库斯,重返未来马库斯"
albert_wesker,"アルバート・ウェスカー,ウェスカー,wesker"
ouga_saki,"皇牙サキ,サキアート,夜のサキアート"
windsong_(reverse:1999),北方哨歌
satou_sei,佐藤聖
american_flag_pants,
winchester_model_1897,
fake_transparency,"透過,いわて応援ポケモン"
red_suspenders,
fantasista_doll,ファンタジスタドール
adrenaline!!!,
indonesian_flag,"🇮🇩,インドネシアの国旗,紅白旗"
striped_wrist_cuffs,
"implacable_(shepherd_of_the_""lost"")_(azur_lane)",迷える指揮官を導いて
diana_(league_of_legends),
conifer,"針葉樹,針葉樹林"
tales_of_destiny_2,"テイルズ・オブ・デスティニー2,テイルズオブデスティニー2,デスティニー2,TOD2"
ashe_(mega_man),アッシュ(ロックマン)
neneko_mashiro,"ねねこましろ,네네코마시로,NenekoMashiro,shiro,ShiroArt"
tomimi_(silent_night)_(arknights),
striped_innertube,
felarya,
koguma_(super_cub),小熊(スーパーカブ)
alice_(deemo),
raziel_(granblue_fantasy),"ラジエル(グラブル),ラジエル"
han'you_no_yashahime,"半妖の夜叉姫,Yashahime:_Princess_Half-Demon,yashahime"
sekine_shiori,関根しおり
nanami_lucia,七海るちあ
senpai-san_(douki-chan),"奥墨マイコ,先輩さん"
flint_(arknights),"燧石,フリント(アークナイツ)"
marvel_vs._capcom_2,"MARVELvsCAPCOM2,MVC2,マブカプ2"
royal_guard_set_(zelda),近衛兵の装備
yuuhi_(cookie),YUH姉貴
tetsuwan_birdy,鉄腕バーディー
ohno_kanako,"大野,加奈子,大野加奈子"
vasavi_shakti_(fate),
flower_bikini,
star_wars:_the_force_awakens,"フォースの覚醒,スターウォーズフォースの覚醒"
yakitate!!_japan,焼きたて!!ジャぱん
prospera_mercury,プロスペラ・マーキュリー
leopard,"豹,ヒョウ"
shameimaru_aya_(crow),
da_capo_i,
germany_(hetalia),ルートヴィッヒ
peter_pan_collar,"ピーターパンカラー,丸襟"
cat_feet,
footjob_from_behind,
class_of_09,"Classof09,co09"
waiting_for_kiss,
shikairo_days_dance_(meme),
hisako_(angel_beats!),"ひさ子,渕田ひさ子"
l'ecole_des_cinq_lumieres_school_uniform,サンクルミエール学園
utawarerumono:_lost_flag,ロスフラ
tohsaka_rin_(fate/extra),
himitsucalibur_(fate),
kyoumachi_seika,京町セイカ
shoulder_peek,
burger_hair_ornament,
labrys_(persona),"ラビリス,ラビリス(P4U)"
agnes_oblige,"アニエス・オブリージュ,アニエス"
he_wants_to_order_(meme),
heart_apron,
m1_garand_(girls'_frontline),"M1ガーランド(ドールズフロントライン),M1ガーランド(少女前線),M1ガーランド"
pokestar_studios,"ポケウッド,pokewood"
vice_(kof),"バイス,バイス(KOF)"
victory,
winter_gloves,
elizabeth_f._beurling,エリザベス・F・ビューリング
new_(lk),ニュー
ears_under_headwear,
earplugs,
ear_birthmark,
windows_7,"Windows7,ウィンドウズ7"
kagura_nana,"カグラナナ,かぐらーと,かぐらなな,神楽七奈,神乐七奈,狗妈"
kaii_to_otome_to_kamikakushi,怪異と乙女と神隠し
pecha_berry,モモンのみ
sankarea,さんかれあ
thancred_waters,"サンクレッド・ウォータース,サンクレッド"
grimm_(rwby),
skuld_(aa_megami-sama),スクルド
hug_and_suck,腰抱きフェラ
gridman_(ssss),グリッドマン(SSSS.GRIDMAN)
pentagon_(shape),ペンタゴン
kishuku_gakkou_no_juliet,寄宿学校のジュリエット
segment_display,
kaneko_lumi,"KanekoLumi,Lumillust,金子瑠美,Lewdmi"
wavecat_(blue_archive),ウェーブキャット
p14_enfield,
kessoku_band_logo,
reverse_prayer,背面合掌縛り
omanyte,オムナイト
false_limb,
takasugi_shinsaku_(fate),高杉晋作(Fate)
rebecca_bluegarden,"レベッカ・ブルーガーデン,レベッカ(EDENSZERO),レベッカ"
barking,
stheno_(third_ascension)_(fate),
strike_witches_1991,ストライクウィッチーズ1991
reina_prowler,レイナ・プラウラー
versailles_no_bara,"ベルサイユのばら,ベルばら,凡尔赛玫瑰"
;/,
pac-man_eyes,
finger_to_another's_cheek,
blue_garter_straps,
final_fantasy_tactics_advance,"ファイナルファンタジータクティクスアドバンス,FFTA"
paper_mario_64,"マリオストーリー,ペーパーマリオ64"
hands_on_own_neck,
wet_jacket,
souffle_pancake,"スフレパンケーキ,舒芙蕾松饼"
souryuu_(azur_lane),"蛟(碧蓝航线),蒼龍(アズールレーン),蒼龍"
cofagrigus,デスカーン
spicebush_(e.g.o),
pants_under_shorts,
lynx_landau,リンクス・ランドゥー
wamdus_(granblue_fantasy),ワムデュス
american_football_uniform,
orange_tulip,
buddhism,"仏教,佛教,불교"
looking_at_ass,
colonel_olcott_(fate),
porno_(dohna_dohna),"ポルノ,ポルノ(ドーナドーナ)"
codpiece,コッドピース
popo_(ice_climber),ポポ
lockon_stratos,ロックオン・ストラトス
menpoo,面頬
splat_bomb_(splatoon),スプラッシュボム
noel_(sora_no_method),"ノエル(天体のメソッド),ノエル"
todd_ingram,"トッド・イングラム,toddingram,toddallace,toddlee,wheelievegan"
yearning-mircalla_(e.g.o),
cupless_babydoll,
larva_tiamat_(first_ascension)_(fate),
sk8_the_infinity,"SK∞エスケーエイト,エスケーエイト,SK∞,sk8,无限滑板,エ腐ケーエイト"
meteorite_(arknights),"メテオリーテ(アークナイツ),陨星"
yandere_simulator,"Yandere_Simulator,ヤンデレシミュレーター"
sneaking_suit,
ogiue_chika,"荻上千佳,荻上,千佳"
bonk,
aura_bella_fiora,アウラ・ベラ・フィオーラ
quna_(pso2),"クーナ(PSO2),クーナ"
kuroi_mato,黒衣マト
r.o.d_the_tv,
kreide_(arknights),白垩
wash_cloth,ハンドタオル
cleffa,ピィ
shounan_(kancolle),"昭南(艦隊これくしょん),昭南,昭南(艦これ)"
playstation_3,"プレイステーション3,PS3"
plastic_memories,"プラスティック・メモリーズ,プラメモ"
sophia_f_shirring,ソフィア・F・シャーリング
mega_absol,メガアブソル
zui_zui_dance,ズイ(((ง_̆ω_̆)ว))ズイ
akiba_maid_sensou,"アキバ冥途戦争,akiba_maid_war,秋叶原冥途战争"
akiyama_yoshiko,秋山好子
half-timbered,"木骨造,ファッハヴェルクハウス,コロンバージュ"
patriot_(arknights),"爱国者,パトリオット(アークナイツ)"
warrior_of_light_(ff1),"ウォーリアオブライト,WOL,光の戦士"
tsuruki_shizuka,鶴姫しずか
hanasaki_miyabi,"花咲みやび,みやびじゅつ"
mito_(sao),"兎沢深澄,ミト,ミト(SAO),Misumi_Tozawa"
madame_ping_(genshin_impact),"ピンばあや,萍姥姥,MadamePing"
makaino_ririmu_(2nd_costume),"魔界ノりりむ(ゲームの日記念衣装),魔界ノりりむ(黒服)"
haruka_(dress)_(blue_archive),伊草ハルカ(ドレス)
nandaba_naota,ナンダバ・ナオ太
bird_nest,
hot_limit,"HOTLIMIT,コーラを振るだけ"
kongou_(azur_lane),"金剛(アズールレーン),鲤"
bullet_necklace,
stephanie_dora,"ステファニー・ドーラ,ステフ"
yuezheng_ling,"乐正绫,綾彩音,绫彩音"
dragon_radar,ドラゴンレーダー
drang_(granblue_fantasy),ドランク(グラブル)
blender_(object),
jitomi_monoe,"磁富モノエ,磁っとみて,磁っとみないで,マグnet"
swaddled,
kafuru_(senran_kagura),"華風流,華風流(閃乱カグラ)"
cafe_maid_(love_live!),カフェメイド
erebus_(azur_lane),"黑暗界(碧蓝航线),エレバス(アズールレーン),エレバス"
sailor_one-piece_swimsuit,
jin_kisaragi,ジン=キサラギ
super_mario_world,"スーパーマリオワールド,スーパーマリオワールド:スーパーマリオブラザーズ4"
red_babydoll,
multilingual,
diddy_kong,ディディーコング
nowareno_(azuma_shino),ノワレノ
final_fantasy_brave_exvius,FFBE
female_commander_(azur_lane),女性指揮官(アズールレーン)
golden_sword,
dido_(anxious_bisque_doll)_(azur_lane),"多感なるBIsqueDoll,多愁的BIsqueDoll"
scissors_hair_ornament,
aqua_border,
kazagumo_kai_ni_(kancolle),風雲改二
subsurface_scattering,
ear_sex,耳姦
nero_claudius_(modern_costume_of_crimson)_(fate),
sumia_(fire_emblem),スミア
kaga_kai_ni_(kancolle),
sword_in_front_of_face,
juuni_kokuki,"十二国記,十二国记"
stuffed_mouse,
mist_train_girls,"ミストトレインガールズ,ミストレ,MistTrainGirls,ミストトレインガールズ〜霧の世界の車窓から〜"
wagnaria_uniform,
latex_pants,
zetton,"ゼットン,ゼットンさん"
yamanami_keisuke_(fate),山南敬助(Fate)
fn_scar_17,"SCAR-H,Mk17"
dark_angel_olivia,ダークエンジェル・オリヴィエ
dango_milk_(genshin_impact),
hibiscus_the_purifier_(arknights),"濯塵ハイビスカス(アークナイツ),濯尘芙蓉"
whiskey_project,"WhiskeyDetails,NSFWhiskey,WhiskeyProject"
mephisto_(arknights),"梅菲斯特,メフィスト,メフィスト(アークナイツ)"
himura_kiseki_(style),比村奇石
little_girl_admiral_(kancolle),"幼女提督,女性提督,提督"
lion_costume,
princess_athena,アテナ姫
mushishi,蟲師
leo_(symbol),
toki_wo_kakeru_shoujo,時をかける少女
shimohira_reika,"下平玲花,レイカ"
paneled_background,
counting,
print_neckerchief,
bereal,"Bereal,bereal."
hinazuki_kayo,雛月加代
crisis_moon_compact,
shiina_(angel_beats!),椎名
flying_miku_(project_voltage),ひこうミク
foongus,タマゲタケ
snorunt,ユキワラシ
kyouno_natsumi,七罪
boroboro_no_elf-san_o_shiawaseni_suru_kusuri_uri-san,"ボロボロのエルフさんを幸せにする薬売りさん,エル薬"
ave_mujica_(bang_dream!),"Ave_Mujica,AveMujica"
lantern_(honkai_impact),"灯,アカリ"
holding_juice_box,
shiba_koen_middle_school_uniform,
award_ribbon,
merurulince_rede_arls,"メルルリンス・レーデ・アールズ,メルル"
ueno_(ueno-san_wa_bukiyou),"上野(上野さんは不器用),上野,上野(科学部部長),上野さん"
lycanroc_(midnight),まよなかのすがた
gangut_(azur_lane),"ガングート(アズールレーン),甘古特"
triceps,
yohane_(genjitsu_no_yohane),ヨハネ(幻日のヨハネ)
yohane_bonaventura,ヨハネ·ボナヴェントゥーラ
broken_screen,
hair_dye,
hatsuseno_alpha,初瀬野アルファ
chouun_shiryuu,趙雲子龍
akazawa_izumi,"赤沢泉美,赤沢さん"
gardevoir_(fashionable),
alear_(female)_(seaside_dragon)_(fire_emblem),
tree_of_savior,"TreeofSavior,ツリーオブセイヴァー"
lyn_(lady_of_the_beach)_(fire_emblem),
toy_packaging,"フィギュア箱,玩具包装"
melissabelle,メリッサベル
waltz_(dance),"ワルツ,华尔兹"
chrono_crusade,クロノクルセイド
maruyama_akane,丸山あかね
pink_stripes,
centipede_girl,"百足女,ムカデ娘"
albaz_(yu-gi-oh!),アルバス
mazda_rx-7_fd,"FD,FD3S"
chipmunk_girl,chipmunkgirl
pinstripe_thighhighs,
pinky_to_mouth,
pixiv_fantasia_3,"pixivファンタジアIII,PFIII,PF3,ピクファン3"
tsuyokiss,つよきす
matsuzaka_satou,松坂さとう
sonic_riders_(series),SonicRiders
checkered_apron,
chalkboard_sign,
zuikaku_(the_wind's_true_name)_(azur_lane),"瞬速の真名,飙速之鹤"
pavolia_reine_(street),
yuki_miku_(2018),雪ミク2018
ephnel,에프넬
butterfly_necklace,
lubrication,
noelle_(kfc)_(genshin_impact),
alm_(fire_emblem),アルム
photocopier,コピー機
sunburn,
falkner_(pokemon),"ハヤト(トレーナー),ハヤト,マツハヤ"
victreebel,ウツボット
eir_(fire_emblem),エイル(FE)
gorillaz,ゴリラズ
roselia_(pokemon),ロゼリア
rokka_no_yuusha,六花の勇者
aqua_pubic_hair,
kanzaki_hideri,"神崎ひでり,히데리,칸자키히데리"
namiuchigiwa_no_muromi-san,波打際のむろみさん
hacka_doll_1,ハッカドール1号
taihou_(muse)_(azur_lane),"大鳳(μ兵装),鹩(μ兵装)"
tsukumo_yuki_(jujutsu_kaisen),九十九由基
katou_marika,加藤茉莉香
silky_anteater_(kemono_friends),ヒメアリクイ(けものフレンズ)
dusty_(gravity_daze),
ronove_(umineko),ロノウェ
paper_kabuto,紙兜
mural,壁画
stellula_eques,
harpie_lady,ハーピィ・レディ
hoshino_(second_year)_(blue_archive),
the_beatles,
cerberus_(kemono_friends),ケルベロス(けものフレンズ)
mailman,
five_of_hearts,🂵
yae_kasumi,"八重霞,夜隐重霞,夜隠ノ霞"
ice_flower,
xi_gundam,"Ξガンダム,RX-105"
team_spica's_trainer,沖野T
huttslayer_leia,slave_leia_(cosplay)
shuttlecock,
kozume_kenma,"孤爪研磨,日研,黒研"
flattop,
komugi_(lee),
floette,フラエッテ
senjou_no_valkyria_3,戦場のヴァルキュリア3
blue_whale_(kemono_friends),シロナガスクジラ(けものフレンズ)
britomart_(fate),ブリトマート(Fate)
nagato_yuki-chan_no_shoushitsu,長門有希ちゃんの消失
yorktown_ii_(azur_lane),"ヨークタウンII(アズールレーン),约克城II,ヨークタウンII"
marshall_amplification,
single_letter,
bubble_wand,
panel_gag,
bedside,
aoyama_motoko,青山素子
orange_tunic,
mercury_symbol,☿
tsube_aika,津辺愛香
mustache_print,
fur-trimmed_robe,
conical_hat,
hinazuki_ririna,"雛月理々奈,理々奈,リリス"
cheshire_cat_(monster_girl_encyclopedia),"チェシャ猫(魔物娘図鑑),チェシャ猫"
sabitsuki,さびつき
held_up,
gynoid_talk,
clover-shaped_pupils,
qu_(pgr),"曲,雀翎"
holding_shoe,
kuwata_leon,桑田怜恩
cum_on_headwear,
simulated_bukkake,謎の白い液体
opposing_sides,
kurono_kurumu,黒乃胡夢
charlotte_corday_(third_ascension)_(fate),
heidi_(arknights),"海蒂,ハイディ(アークナイツ),舟海蒂"
yasuo_(league_of_legends),"亚索,yasuo"
crypto_(apex_legends),"クリプト(APEX),クリプト,クリワト,密客"
cryo_symbol_(genshin_impact),
kurama_(yu_yu_hakusho),蔵馬
daitoshokan_no_hitsujikai,大図書館の羊飼い
theresa_apocalypse_(celestial_hymn),神恩颂歌
billy_the_kid_(fate),ビリー・ザ・キッド(Fate)
kukuri_(mahoujin_guruguru),"ククリ,ククリ(魔法陣グルグル)"
togedemaru,トゲデマル
frilled_innertube,
skiing,スキー
bronya_zaychik_(valkyrie_chariot),
yubel,ユベル
gold_gloves,
konoe_konoka,近衛木乃香
korekara_no_someday,"これからのSomeday,これからのsomeday"
oinari-sama_(kemono_friends),"オイナリサマ,オイナリサマ(けものフレンズ)"
nissin_donbei,どん兵衛
ranpha_franboise,蘭花・フランボワーズ
joshua_bright,"ヨシュア・ブライト,ヨシュア・アストレイ"
suzuka_gozen_(swimsuit_rider)_(second_ascension)_(fate),
wolf_o'donnell,ウルフ・オドネル
business_card,名刺
ghost_earrings,
pokemon_ranger,ポケモンレンジャー
higanbana_no_saku_yoru_ni,彼岸花の咲く夜に
jean_bart_(kancolle),"ジャン・バール(艦隊これくしょん),ジャン・バール(艦これ),JeanBart(艦隊これくしょん),JeanBart(艦これ),JeanBart,ジャン・バール"
mr._mime,バリヤード
shirakumo_(kancolle),"白雲(艦隊これくしょん),白雲(艦これく),白雲"
tower_records,タワーレコード
ushigome_rimi,牛込りみ
mutsu_(azur_lane),"陸奥(アズールレーン),陸奥,鲛"
tooyama_rin,遠山りん
ursaring,リングマ
hand_in_another's_mouth,
wooden_stool,
irie_miyuki,"入江,入江みゆき"
meinya_(made_in_abyss),メイニャ
petra_gurin_(2nd_costume),"PetraHandArc,ペトラ・グリン(軍服)"
breast_sucking_through_clothes,
minior,メテノ
unworn_sarong,
melinoe_(hades),
argyle_scarf,
great_grey_wolf_sif,灰色の大狼シフ
nontraditional_wedding_dress,
video_thumbnail,
kampfer,けんぷファー
duijin_ruqun,对襟襦裙
kamen_rider_den-o_(series),仮面ライダー電王
arcade_sona,
ribbon-trimmed_hood,
dotera_(clothes),"どてら,褞袍,たんぜん,丹前"
reszurre,リズレさん
bloody_wings,
ashleigh_reid,リード博士
scavenger_(arknights),"清道夫,スカベンジャー,スカベンジャー(アークナイツ)"
rinnegan,"輪廻眼,輪迴眼,轮回眼,윤회안"
ine_(vtuber),아이네
imminent_irrumatio,
cancer_(symbol),
a_deer_of_nine_colors,九色鹿
hatsune_(summer)_(princess_connect!),
ten_of_hearts,🂺
firing_at_viewer,
hythlodaeus,"ヒュトロダエウス,希斯拉德"
onsen_symbol,
heart_bikini,
dirty_hands,
aozora_kyoka,"ソラさん,ダウナー研究者お姉さん,青空杏花"
bergman's_bear_(kemono_friends),カムチャッカオオヒグマ(けものフレンズ)
hebiyoi_tier,"蛇宵ティア,蛇世絵"
masaki_aeka_jurai,阿重霞
persona_eyes,"カッ,カッ!,ブチッ"
nine-colored_deer,九色鹿
piers_nivans,ピアーズ・ニヴァンス
chuchu_(pokemon),チュチュ
bandaid_on_ass,
gas_station,"ガソリンスタンド,加油站,주유소"
guillotine_(nikke),"ギロチン(NIKKE),ギロチン(勝利の女神:NIKKE),길로틴(NIKKE)"
shikabane_itsuka,鹿羽逸花
ayukawa_madoka,鮎川まどか
music_box,"オルゴール,八音盒"
raditz,ラディッツ
vei_(vtuber)_(4th_costume),
kolin,"コーリン,コーリン(ストリートファイター)"
hashimoto_nyaa,橋本にゃー
setsuna_(fire_emblem),
meyrin_hawke,メイリン・ホーク
le_malin_(sleepy_sunday)_(azur_lane),"ぐーだらディマンシュ,懒懒的星期天"
laundry_pole,"物干し竿,物干竿"
cardboard_cutout,
oarfish,リュウグウノツカイ
tetsuwan_birdy_decode,鉄腕バーディー
neeko_(aldehyde),"ニー子,新戸眠子"
following,
kuro_(neural_cloud),"卡萝,卡萝(云图计划),クロ(ニューラルクラウド)"
skeledirge,ラウドボーン
foch_(azur_lane),"フォッシュ(アズールレーン),フォッシュ,福煦"
croupier,"ディーラー,荷官"
behelit,"ベヘリット,異界への呼"
hashida_itaru,"ダル,橋田至"
playstation_logo,
triandra_(fire_emblem),スカビオサ
777_(nikke),777(勝利の女神:NIKKE)
cure_muse_(yellow),キュアミューズ
shampoo_hat,シャンプーハット
jakob_(fire_emblem),ジョーカー(FEif)
luna:_laurel_(pgr),
saliva_on_breasts,
nezha_(fate),哪吒(Fate)
jue_(wuthering_waves),"角,カク"
arima_senka,
jun_(princess_connect!),"白銀純,ジュン(プリコネ),ジュン"
2002,
mira-cra_park!,"みらくらぱーく!,みらぱ"
sagae_haruki,寒河江春紀
argyle_skirt,
electrode_(pokemon),マルマイン
brown_thoroughbred_(kemono_friends),"サラブレッドあおかげ(けものフレンズ),サラブレッドあおかげ"
click_(arknights),"卡达,カシャ(アークナイツ)"
mei_(honkai_impact),
engage_kiss,"エンゲージキス,engage_kill,エンゲージ・キス"
jenny_(pokemon),"ジュンサー,ジュンサーさん"
pectoral_lift,
nukumizu_kazuhiko,温水和彦
sakayanagi_arisu,坂柳有栖
shuckle,ツボツボ
makino_ruki,牧野留姫
three_section_staff,"三節棍,三节棍"
bookstore,"本屋,書店,书店,서점"
choujin_x,"超人X,ChoujinX"
crushed,压扁的
shera_l._greenwood,シェラ・L・グリーンウッド
group_pose,
ancestor_and_descendant,
frog_boy,
leaning_against_motorcycle,
auction,"奴隷市場,オークション"
hooman_(nanashi_mumei),"owl_pals,parliament_members"
giant_otter_(kemono_friends)_(kuro_(kurojill)),"オオカワウソ,オオカワウソ(けものフレンズ),オオカワウソ(オリフレ)"
maria_balthasar,マリア・バルタザール
recording_studio,
december,
astraea_(sora_no_otoshimono),アストレア(そらのおとしもの)
unworn_bow,
ibuki_douji_(second_ascension)_(fate),
team_yell_grunt,"エール団,エールだんのしたっぱ"
diamond_facial_mark,
red_leggings,
sekhmet_of_death,"세크메트,사멸의세크메트,사멸의_세크메트,死滅のセクメト,セクメト"
multiple_halos,
puckered_face,
guild_no_uketsukejou_desu_ga_zangyou_wa_iya_nanode_boss_wo_solo_toubatsu_shiyou_to_omoimasu,"ギルドの受付嬢ですが、残業は嫌なのでボスをソロ討伐しようと思います,ギルます"
dorayaki,"どら焼き,どらやき,銅鑼焼き,ドラ焼き,铜锣烧"
tsuki_ni_yorisou_otome_no_sahou,月に寄りそう乙女の作法
apple_print,
wet_fundoshi,
bug_miku_(project_voltage),むしミク
type_79_(girls'_frontline),"79式,79式(ドールズフロントライン),79式(少女前線)"
fugee_(granblue_fantasy),
coralie_(honkai_impact),科拉莉
linie_(sousou_no_frieren),"リーニエ,リーニエ(葬送のフリーレン)"
clay_(nikke),"クレイ(勝利の女神:NIKKE),クレイ"
machine-doll_wa_kizutsukanai,機巧少女は傷つかない
sophia_(reverse:1999),"苏菲亚,重返未来苏菲亚,ソフィア(リバース:1999)"
hand_gagged,"ハンドギャグ,捂嘴"
imminent_breast_grab,
ribbon_baton,
blonde_dog_girl_(ri-net),
talonflame,ファイアロー
reversible_couple,リバ
masters_of_the_universe,"He-Man,MOTU,マスターズ超空の覇者,マスターズ_超空の覇者,He-man,he-man,HE-MAN"
risky_boots,"リスキィ・ブーツ,リスキー・ブーツ"
stutter,
aquarius_(symbol),
aqua_tail,
warrior_(final_fantasy),戦士
hinamori_momo,雛森桃
too_many_hair_ornaments,
too_many_flowers,
amakano_2,アマカノ2
akagi_(paradise_amaryllis)_(azur_lane),"楽園の彼岸花,乐园的彼岸花"
cat_slippers,
hacka_doll_2,ハッカドール2号
kamen_america_(comic),"仮面アメリカ,カメンアメリカ,KamenAmerica"
omaru_polka_(school_uniform),"尾丸ポルカ(ギャル制服衣装),尾丸ポルカ(ギャル制服)"
drumming,
roadhog_(overwatch),
inoue_yurina,井上さん(かるたも)
excellen_browning,エクセレン・ブロウニング
artoria_pendragon_(alter_swimsuit_rider)_(third_ascension)_(fate),
partially_open_jacket,
tachibana_jun'ichi,橘純一
ears_back,耳を絞る
tsurumi_chiriko,鶴見知利子
maxim_tomato,マキシムトマト
porygon-z,ポリゴンZ
torrent_(elden_ring),霊馬トレント
lucina_(spring_exalt)_(fire_emblem),"spring_lucina,bunny_lucina,bunnycina,easter_lucina,lucina_(easter)_(fire_emblem)"
polka_dot_umbrella,
shiromiya_mimi,"白宮みみ,みみ描き"
brigid_(fire_emblem),ブリギッド(FE聖戦)
peach_panther_(kemono_friends),"ピーチパンサー,ピーチパンサー(けものフレンズ)"
zwei_association_(identity)_(project_moon),
yamashiro_(summer_offensive?)_(azur_lane),"夏の大作戦?,季夏攻势?"
kusakabe_wakaba,日下部若葉
cure_beat,キュアビート
white_headscarf,
food-themed_hat_ornament,
cutie_panther,Cutie_Panther
beaten,
charlotte_katakuri,シャーロット・カタクリ
norn_greyrat,ノルン・グレイラット
usalia_(disgaea),ウサリア
totoro_bus_stop,
rumia_tingel,"ルミア=ティンジェル,Лмия_Тинжелc"
isshiki_momo,一色もも
cross-laced_gloves,
gold_headband,
majo_to_hyakkihei,"魔女と百騎兵,魔女百"
binah_(blue_archive),ビナー
vulcan_(arknights),"ヴァルカン(アークナイツ),火神"
seven_sisters_high_school_uniform,
bokutachi_wa_hitotsu_no_hikari,僕たちはひとつの光
dango-chan_(4shi),"団子ちゃん,御手洗団子"
hapu_(pokemon),"ハプウ,ハプウ(ポケモン)"
gaap_(umineko),ガァプ
lovers_(game),ラブ・エスカレーター
greater_roadrunner_(kemono_friends),"オオミチバシリ(けものフレンズ),G・ロードランナー(けものフレンズ)"
ei_ei_mun!,えい、えい、むん!
raiden_mei_(striker_fulminata),"雷電芽衣(払暁強襲),払暁強襲"
kos-mos_re:,
ptsd,PTSD
pandora_hearts,"パンドラハーツ,PandoraHearts"
step-brother_and_step-sister,
hot_sauce,
mandragora,
kokutou_azaka,黒桐鮮花
hanna_england,ハンナ・イングランド
broom_surfing,立ち乗り
paintbrush_hair_ornament,
blue_nightgown,
mayoi_neko_overrun!,迷い猫オーバーラン!
tower_of_god,"신의탑,神之塔"
meliodas,メリオダス
object_behind_ear,
yellow_male_underwear,
kneeing,
ibaraki_douji_(swimsuit_lancer)_(first_ascension)_(fate),
bedwetting,おねしょ
battle_spirits:_shounen_toppa_bashin,
ashiharatsumori_koito,葦原津守こいと
doge,
remington_arms,"Remington,レミントン"
rena_lanford,レナ・ランフォード
bread_eating_race,"パン食い競争,パン食い競走"
fur-trimmed_sweater,
tying_another's_hair,
power_rangers,"パワーレンジャー,PowerRangers,パワレン"
bellsprout,マダツボミ
kamen_rider_gotchard_(series),仮面ライダーガッチャード
inubashiri_momiji_(wolf),
abby_(wuthering_waves),阿布
blade_to_throat,
doukyo's,同居ーず
walther_p38,ワルサーP38
shinmai_fukei_kiruko-san,新米婦警キルコさん
riddle_rosehearts,リドル・ローズハート
shiodome_miuna,潮留美海
shiori_(kamioka_shun'ya),
aquila_(azur_lane),"アクィラ(アズールレーン),アクィラ,天鹰"
stuffed_duck,
amarys_(pokemon),ネリネ(トレーナー)
amatsuka_mao,天使真央
common_vampire_bat_(kemono_friends),"ナミチスイコウモリ(けものフレンズ),ナミチスイコウモリ"
checkered_jacket,
arama_(genshin_impact),
blazblue_remix_heart,リミックスハート
kamijou_kyousuke,上条恭介
saitou_kaede_(yama_no_susume),"斉藤楓,斎藤楓,斎藤かえで"
zuo_le_(arknights),"左乐,ズオ・ラウ(アークナイツ)"
franky_franklin,"フランキー(SPY×FAMILY),フランキー・フランクリン"
ladybug_(character),レディバグ
murasaki_shion_(school_uniform),紫咲シオン(制服風衣装)
cloudy_(wuthering_waves),
herb_bundle,
gamecube_controller,
super_sailor_jupiter,スーパーセーラーヴィーナス
gotoh_michiyo,後藤美智代
goutokuji_miyako,豪徳寺みやこ
small_testicles,小美玉
super_orion_(fate),超人オリオン
emoji_censor,
cellphone_strap,
saber_marionette_j,"セイバーマリオネットJ,セイバーマリオネット"
advance_of_zeta,"AOZ,アドバンス・オブ・Z"
otonashi_yuzuru,音無結弦
arc_the_lad,アークザラッド
lahmu_(fate),ラフム
cum_on_object,
tressa_colzione,"トレサ,トレサ・コルツォーネ"
arakune,アラクネ(ブレイブルー)
vivy,ヴィヴィ
mary_stuart,メアリー·スチュアート
wiglett,ウミディグダ
hip_flask,
image_in_thought_bubble,
kayle_(league_of_legends),"Kayle,케일,ケイル,凯尔"
ribbon-trimmed_underwear,
aqua_tongue,
otomedius,オトメディウス
comiket_92,C92
studio,スタジオ
yukikaze_(swimsuit_mode)_(kancolle),雪風(水着)
bravely_second:_end_layer,ブレイブリーセカンド
comic_x-eros,
mash_kyrielight_(formal_dress),
dynamo_roller_(splatoon),"ダイナモローラー,ダイナモローラーテスラ,ダイナモローラーバーンド"
omocat_(style),
dough,パン生地
grey_hood,
scientific_name,
kitazawa_hagumi,北沢はぐみ
love_live!_sunshine!!_the_school_idol_movie_over_the_rainbow,劇場版ラブライブ!サンシャイン!!
hunter_(ragnarok_online),ハンター
vice_(alchemy_stars),"薇丝,バイス(白夜極光)"
ebihara_naho,海老原菜帆
chloroform,クロロホルム
blue_swim_trunks,
hans_christian_andersen_(adult)_(fate),大人アンデルセン
pink_(ohasi),
yumenosaki_school_uniform,夢ノ咲
pink_bandeau,
poem,
hatsune_miku_(vocaloid3),"初音ミクV3,VOCALOID3"
nao_(dream_c_club),ナオ
barbara_gordon,バーバラ・ゴードン
prinz_eugen_(symphonic_fate)_(azur_lane),"運命シンフォニック,命运交响曲"
digimon_world_re:digitize,"デジモンワールド,デジモンワールドリ:デジタイズ,リ:デジタイズ_デコード,リ:デジタイズ,Re:Digitize,Re:DigitizeDecode"
tokonome_mamori,処女まもり
chanchanko_(clothes),ちゃんちゃんこ
marley_(pokemon),マイ(トレーナー)
shingyoku_(female),SinGyoku
dog_nose,
ninin_ga_shinobuden,ニニンがシノブ伝
ass-to-ass_penetration,交尾結合
weezing,マタドガス
wubbaboo_(honkai:_star_rail),
opening_eyes,
belphegor_(umineko),ベルフェゴール
looking_at_creature,
gold_ribbon,
card_holster,
elizabeth_(bioshock_infinite),エリザベス
yuzuki_roa_(1st_costume),夢月ロア(通常)
crossbone_gundam,"機動戦士クロスボーンガンダム,クロスボーンガンダム"
fruits_basket,"フルーツバスケット,フルバ,フルバ)"
white_loincloth,
grand_archer_(elsword),
kusarigama,鎖鎌
quarter_rest,"四分休符,𝄽"
etna_(kuzuyu),エトナ
ogiso_setsuna,小木曽雪菜
carabiner,カラビナ
alolan_ninetales,アローラキュウコン
platform_shoes,
rosetta_(pgr),"罗塞塔,凜冽"
looking_at_bulge,
dango_hair_ornament,
leander_(azur_lane),"利安得(碧蓝航线),リアンダー(アズールレーン),リアンダー改(アズールレーン),リアンダー"
raccoon_hair_ornament,
wonderland_wars,ワンダーランドウォーズ
misako_(kunio-kun),みさこ(くにおくん)
fubuki_(senran_kagura),"雪不帰(閃乱カグラ),雪不帰"
orchis,"オーキス,オーキス(神撃のバハムート)"
saotome_genma_(panda),早乙女玄馬
fir_(fire_emblem),"フィル,フィル(ファイアーエムブレム)"
seggs_(meme),
dawn_(palentine's_2021)_(pokemon),
ohitome_kohane,小一孁こはね
geronimo_(fate),ジェロニモ(Fate)
ear_tufts,
abe_takakazu,"阿部高和,阿部さん,いい男"
sul-lin-a_(hurukku),"설린아,S_rina"
monster_musume_no_oisha-san,モンスター娘のお医者さん
milk_(yes!_precure_5),ミルク(プリキュア)
rinrinne,りんりんね
fare_gate,"改札口,改札機,自動改札機"
baccano!,"BACCANO!,BACCANO,バッカーノ!,バッカーノ"
kano_shuuya,"カノ,鹿野修哉,カノキド"
bitey_(arknights),
ginga_eiyuu_densetsu,"銀河英雄伝説,銀河英雄傳說,银河英雄传说,은하영웅전설,銀英伝,銀英傳,银英传,은영전,logh【腐】"
matsu_(kancolle),"松(艦隊これくしょん),松(艦これ),松"
amatsuka_megumi_(gj-bu),天使恵
uchuu_no_stellvia,"宇宙のステルヴィア,ステルヴィア"
tinker_bell_(disney),"tinkerbell,ティンカーベル"
mitsubishi_motors,"三菱自動車,三菱"
shia_flatpaddy,シア・フラットパディ
purple_overalls,
vila_(reverse:1999),维拉
bat_earrings,
surcouf_(loisirs_balneaires)_(azur_lane),Loisirs_balnéaires
heracross,ヘラクロス
gyro_zeppeli,"ジャイロ・ツェペリ,ユーリウス・カイザー・ツェペリ"
la_pucelle_(mahoiku),"ラ・ピュセル(魔法少女育成計画),ラ・ピュセル"
kamen_rider_decade,
holding_sandwich,
mofumofu_channel,
chanel,
kiritanpo_(food),きりたんぽ
glasses_day,"メガネの日,眼鏡の日"
breast_biting,
federica_n._doglio,フェデリカ・N・ドッリオ
chipmunk_ears,
mao-chan_(uramakaron),真桜ちゃん
pochimaru_(vtuber),"ぽちまるあーと,ぽちまる,pochimaruart"
piper_perri_surrounded_(meme),パイパー・ペリー
tuesday_(reverse:1999),蓝手帕
devola,"デボル,迪瓦菈"
koa_(phrase),
detached_horns,
amagi_(wending_waters_serene_lotus)_(azur_lane),"走水静蓮,走水静莲"
seitokai_no_ichizon,生徒会の一存
professor_nemo_(fate),ネモ・プロフェッサー
kissing_shoulder,
can_to_cheek,
matsurisu,"まつりす,まつリス"
eating_flower,
myoudou_gakuen_middle_school_uniform,私立明堂学園
idunn_(fire_emblem),"イドゥン(ファイアーエムブレム),イドゥン"
dokidoki_sister_aoi-chan,ドキドキしすたー♡葵ちゃん
martini,マティーニ
arf,アルフ
tatl,"チャット,チャット(ゼルダの伝説)"
skull_head,
grey_tube_top,
tarpaulin,
shinkon_gattai_godannar!!,"神魂合体ゴーダンナー!!,神魂合体ゴーダンナー"
see-through_headwear,
childhood_friend_(ominaeshi),幼馴染ちゃん
beelzebub_(umineko),
chikanoko,ちかのこ
marth_(fire_emblem_awakening),
round_bag,
black_tongue,
medli,メドリ
harukana_receive,はるかなレシーブ
shigure_ui_(vtuber)_(2nd_costume),
daiteikoku,大帝国
radio_tower,
ankle_belt,
german_army,
yakisobapan,焼きそばパン
collared_bodysuit,
water_tower,
sid_story,"sidstory,シドストーリー,시드이야기"
shikairo_days,シカ色デイズ
moe2015,MOE2015
edmond_honda,エドモンド本田
carbuncle_(final_fantasy),
bokura_no_live_kimi_to_no_life,"僕らのLIVE君とのLIFE,ぼららら"
sweethex,sweethex
neuroi,ネウロイ
jurassic_park,
adjusting_bow,
honest_axe,"金の斧,金の斧銀の斧"
oogai_daiichi_middle_school_uniform,大貝第一中学
yu_xuan_(yewang19),
aeiou_(yoako),
quiff,
broken_helmet,
black_snake,
yuugenmagan,"幽玄魔眼,ゆうげんまがん,ユウゲンマガン,YuugenMagan"
three_of_hearts,🂳
horizon_ariadust,ホライゾン・アリアダスト
forced_partners,
brushing_another's_teeth,歯磨きプレイ
camel,"ラクダ,駱駝"
magical_mirai_miku_(2019),マジカルミライ2019
mahou_shoujo_lyrical_nanoha_detonation,魔法少女リリカルなのはDetonation
digital_camera,
yamato_maya,大和麻弥
oomuro_nadeshiko,大室撫子
standing_on_three_legs,
purple_tube_top,
macaw,"コンゴウインコ,金剛鸚哥"
mecha-fiora,メカルン
fingerprint,指紋
beauty_and_the_beast,"美女と野獣(ディズニー),美女と野獣,beautyandthebeast"
akihabara_(tokyo),"秋葉原,アキバ"
xiangli_yao,"相里要,XiangliYao"
proto_man,ブルース
leo_(senran_kagura),"麗王(閃乱カグラ),麗王"
broken_egg,
knife_in_head,
hirose_koichi,広瀬康一
lich,
choukai_(azur_lane),"鳥海(アズールレーン),ちょうかい,猋"
3_3,"目が3,3の目"
kakizome,書き初め
sashou_mihiro_(infinote),佐紹ミヒロ
giraffe_girl,
gii,
castlevania:_symphony_of_the_night,"悪魔城ドラキュラX月下の夜想曲,月下の夜想曲,SymphonyOfTheNight"
mikan_box,
ntw-20,NTW-20
kii-kun_(agnes_tachyon)_(umamusume),キー君
dodge_(company),ダッジ
verina_(wuthering_waves),"ヴェリーナ,維里奈,维里奈"
blu_pyro_(tf2),
antler_ribbon,
plaid_hairband,
siberian_chipmunk_(kemono_friends),"シマリス(けものフレンズ),シマリスの頬袋"
paper_background,
fiat,フィアット
cecilia_(fire_emblem),セシリア(FE)
thinking_emoji,"🤔,thinking_face,thonk"
yuri_(girls_und_panzer),"ユリ,ユリ(GuP),継続高校"
id_photo,証明写真
conjoined,"結合双生児,シャム双生児"
fumizuki_kai_ni_(kancolle),文月改二
anthony_(madoka_magica),
akabane_youko,"赤羽葉子,赤羽絵葉書"
terminator_2:_judgment_day,ターミネーター2
teruyof,テルヨフ
ke-ta_(style),ke-ta
european_hare_(kemono_friends),ヤブノウサギ(けものフレンズ)
nail_clippers,爪切り
floral_dress,
amatsukaze_kai_ni_(kancolle),天津風改二
kaneda_shoutarou_(akira),"金田正太郎,金田正太郎(AKIRA)"
yamifuka-san_(hoshi_san_3),闇深OL
on_plate,
dr._mario_(game),ドクターマリオ
justia_(brown_dust),"ユースティア(ブラウンダスト),ユースティア"
fanta,"ファンタ,환타,芬达"
image_macro_(meme),
atlas_academy_school_uniform,アトラス院制服
white_negligee,
florida_bikini,"floridabikini,フロリダビキニ"
misteln_schariac,"羽兔,ミステル・シャニアテ"
green_light,
mk48_(girls'_frontline),"Mk48,MK48,Mk48(ドールズフロントライン),Mk48(少女前線)"
ano_ko_wa_toshi_densetsu,"あの娘は都市伝説。,あの娘は都市伝説"
lita_(kmnz),"リタ(KMNZ),KMNZリタ,kmnzlita"
back_to_the_future,"バック・トゥ・ザ・フューチャー,BTTF"
amane_(dream_c_club),亜麻音
pink_nose,
vigil_(arknights),"ヴィジル,伺夜,ヴィジェル(アークナイツ),ヴィジェル"
playstation_1,"プレイステーション,PS1"
no_ahoge,
no._21:_xxi_(pgr),
zinogre_(armor),ジンオウ装備
glacier,"氷河,冰川"
ishigami_yuu,石上優
t'au,"タウ・エンパイア,タウエンパイア"
borrowed_weapon,
pump,
lat_model_(mikumikudance),"Lat式,Lat式モデル,Lat式ミク"
frog_hat,
coaster,
polka_dot_neckerchief,
shirt_rolled_up,
polka_dot_apron,
emperor_of_mankind,"god_emperor_of_mankind,corpse_emperor"
towa_monaca,"モナカ,塔和モナカ,モナカ(ダンガンロンパ),塔和最中"
popola,"ポポル,波波菈"
millicent_(elden_ring),ミリセント
grape-kun,"グレープ君,グレープくん,とうぶどうぶつこうえんコンビ"
vinegar_doppio,ヴィネガー・ドッピオ
mini_chef_hat,
sleeping_on_desk,
saaya_(suisei_no_gargantia),サーヤ
akuta_hinako,芥ヒナコ
team_skull_uniform,
shenron_(dragon_ball),"神龍,神龍(ドラゴンボール),シェンロン"
food-themed_hat,
flutter_mane,ハバタクカミ
ump9_(mod3)_(girls'_frontline),
ganyu_(young)_(genshin_impact),
carcano_m1891_(girls'_frontline),"カルカノM1891,M1891,卡尔卡诺M1891,カルカノM1891(ドールズフロントライン),カルカノM1891(少女前線)"
honda_sora,本田空
hopping,
strohl_(metaphor:_refantazio),
warp_star,ワープスター
ursus_empire_logo,
quency_(nikke),クエンシー(勝利の女神:NIKKE)
kronshtadt_(azur_lane),"クロンシュタット(アズールレーン),クロンシュタット,喀琅施塔得"
taking_cover,
baymax,ベイマックス
ciel_alencon,シエル・アランソン
liliya_(kaetzchen),
hand_in_bikini,
rondel,
zangyaku-san,残虐さん
heather_mason,ヘザー・メイソン
himeji_mizuki,"姬路瑞希,姫路瑞希"
himejima_gyoumei,悲鳴嶼行冥
azelf,アグノム
nemone,ネモネ
scorpion_girl,"ギルタブリル,サソリ娘"
electro_cicin_mage_(genshin_impact),"雷蛍術師,雷莹术士,ファデュイ・雷蛍術師"
honchkrow,ドンカラス
kurusu_kimihito,来留主公人
rodney_(kancolle),"ロドニー(艦隊これくしょん),ロドニー(艦これ),ロドニー,Rodney(艦これ),Rodney(艦隊これくしょん)"
star_guardian_jinx,
akatsuki_no_goei,暁の護衛
yue_(arifureta),ユエ(ありふれ)
dugtrio,ダグトリオ
takamachi_nanoha_(aggressor_mode),アグレッサーモード
playboy_bunny_swimsuit,水着バニー
p7_(girls'_frontline),"P7,P7(ドールズフロントライン),P7(少女前線)"
est_(fire_emblem),"エスト(ファイアーエムブレム),エスト"
holding_finger,
sakurai_ayaka_(lonely_girl_ni_sakaraenai),桜井彩花
white_dragon_(kemono_friends),白龍(けものフレンズ)
ayaginu_temari,"綵てまり,てまーじゅ"
shenmue,シェンムー
northern_italy_(hetalia),"フェリシアーノ・ヴァルガス,くるん兄弟"
elira_pendora_(3rd_costume),エリーラ・ペンドラ(私服)
ka-class_submarine,"潜水カ級,カ級"
junko_(new_year)_(blue_archive),ジュンコ(正月)
february,
brown_headband,
captain_of_the_royal_guard_elina,"近衛隊長エリナ,近衛隊長"
seto_kousuke,"瀬戸幸助,セト,セトマリ"
hanna_rudel,"ハンナ・ルーデル,ハンナ・U・ルーデル"
storage_room,
hakodate_omiko,"函館臣子,はこだておみこ"
asteion,アスティオン
high_school_dxd_cross,"ハイスクールディーディークロス,ハイスクールD×DCross"
megastructure,メガストラクチャー
spiral-only_eyes,
2011_tohoku_earthquake_and_tsunami,"東北地方太平洋沖地震,東日本大震災,3.11"
knightmare_frame,"ナイトメアフレーム,KMF"
white_spider_lily,
fireball_(series),"ファイアボールチャーミング,ファイアボール"
see-through_shorts,
meowstic_(female),
kusunoki_shio,"楠栞桜,さくらのしおり"
celia_kumani_entory,"スィーリア・クマーニ・エイントリー,スィーリア"
social_network,
red-crowned_crane,"丹頂鶴,タンチョウヅル,japanese_crane,manchurian_crane"
denim_overalls,
inverted_cross_earrings,
character_select,
wooden_pencil,
eye_of_providence,プロビデンスの目
omnitrix,
ominous_shadow,
yonezawa_natsumi,米沢夏美
nishikata_chii,ちー
hulk,"ハルク,hulk"
receding_hairline,
antlers_through_hood,
kimi_ni_todoke,君に届け
shutter_shades,
manjoume_jun,万丈目準
tianguan_cifu,"天官赐福,天官賜福,천관사복,heaven_official's_blessing,TGCF"
toriyama_akira_(character),"トリヤマロボ,鳥山ロボ,tori-bot,toribot,トリボット,ろぼとりやま,ロボトリヤマ"
lamellar_armor,
vega_(street_fighter),"バルログ(ストリートファイター),バルログ(クッキー☆),爪(ストリートファイター)"
slime_taoshite_300_nen_shiranai_uchi_ni_level_max_ni_nattemashita,"スライム倒して300年、知らないうちにレベルMAXになってました,スライム倒して300年、知らないうちにレベルMAXになってま,スライム倒して300年"
yuki_miku_(2013),雪ミク2013
metal_slug_attack,"メタルスラッグアタック,MSA"
ss_insignia,
scholar_(final_fantasy),学者
farfetch'd,"カモネギ,farfetchd"
eiai_nano,栄逢凪乃
666,
juniper_actias,"junipart,Lewdiper,Lunapostles"
quincy_(bleach),滅却師
backflip,
biting_own_tail,
kaizuka_inaho,界塚伊奈帆
cardigan_on_shoulders,
minette_(skullgirls),"ミネット,Minette"
milkor_mgl,ダネルMGL
tachikoma,タチコマ
luna_(shadowverse),"ルナ(シャドウバース),ルナ"
sitting_on_hand,
bird_costume,
sakura_(usashiro_mani),
japanese_cylindrical_postbox,"丸型ポスト,丸ポスト"
girlycard,ロリカード
jet_black,ジェット・ブラック
arms_on_head,
shizuki_soujuurou,静希草十郎
miyamoto_musashi_(swimsuit_berserker)_(third_ascension)_(fate),仙女風水着
murrue_ramius,マリュー・ラミアス
osana_najimi_(komi-san_wa_komyushou_desu),長名なじみ
the_exit_8,"8番出口,8번출구,8號出口"
karenina:_scire_(pgr),辉晓
magnolia,"木蓮,モクレン"
kurokami_medaka,黒神めだか
cardboard_box_gundam,"箱ガンダム,ダンボールガンダム"
raccoon_boy,
yamaha_trb,
pig_nose,
wrist_extended,
lindy_harlaown,リンディ・ハラオウン
netoge_no_yome_wa_onna_no_ko_janai_to_omotta?,"ネトゲの嫁は女の子じゃないと思った?,ネトゲ嫁"
holding_vial,
light_valkyrie_(p&d),"ヴァルキリー,グレイスヴァルキリー,薔薇戦姫・グレイスヴァルキリー,白盾の女神・ヴァルキリー,戦乙女・プリンセスヴァルキリー,神命姫神・ヴァルキリーローズ"
queen_of_sunlight_gwynevere,"太陽の王女グウィネヴィア,グウィネヴィア"
aang,"安昂,アン(アバター伝説の少年アン)"
malyna_(malberrybush),"mal,Malyna"
samba,サンバ
elma_(xenoblade_x),"エルマ,エルマ(ゼノブレイド)"
uozumi_kurumi,魚住くるみ
ima-no-tsurugi,今剣
theresa_apocalypse_(schicksal's_imperative),
monster_musume_td,"Monmusu_TD,モンスター娘TD"
dragon:_marked_for_death,"ドラゴン・マークト・フォー・デス,ドラゴンMFD,Dragon_Marked_for_Death,DragonMarkedForDeath"
sabina_fardin,サビーナ・ファルディン
arsene_(persona_5),"アルセーヌ,Arsène"
gibbous_moon,
south_dakota_kai_(kancolle),SouthDakota改
blooper_(mario),"ゲッソー,gesso,bloober"
female_slayer_(dungeon_and_fighter),女鬼剣士
konparu_nozomi,"パゾ美,金春希美,カモさんチーム"
silver_bracelet,
guncannon,"ガンキャノン,RX-77,Guncannon"
two_of_spades,🂢
cure_friendy,キュアフレンディ
privacy_screen,
xueyi_(honkai:_star_rail),雪衣
sasa_kazamori,佐々風守
snake_boy,ナーガ
eve_(chihuri),"イヴ,エーヴァ,Ева"
removing_bra_under_shirt,
anti_(ssss.gridman),"アンチ(SSSS.GRIDMAN),アンチ"
nakatsukasa_tsubaki,中務椿
mutio,ミューティオ
asimov_(spindle_(aidenr0)),
domyoji_karin,道明寺歌鈴
see-through_cape,
komiyama_kotomi,"小宮山琴美,こみちゃん,こみもこ,いとこみ"
noel_(tsukihime),ノエル先生
shaving_crotch,
laharl-chan,ラハールちゃん
bougainvillea_(flower),ブーゲンビリア
golbat,ゴルバット
shorts_lift,
clematis_(flower),"クレマチス,テッセン,カザグルマ"
legless_amputee,足なし
pocket_square,ポケットスクエア
projector,"プロジェクタ,映写機"
type_95_(summer_cicada)_(girls'_frontline),夏の蝉の声
hyoudou_michiru,氷堂美智留
knights_of_the_round_uniform,
grabbing_own_hair,
passenger_pigeon_(kemono_friends),リョコウバト(けものフレンズ)
bastet_(houtengeki),
sina_(pokemon),"ジーナ(ポケモン),ジーナ,デクジナ"
pearl_clan_outfit,
calculator,電卓
11eyes,11eyes
yae_(ganbare_goemon),ヤエちゃん
medic_(tf2),"メディック,メディック(TF2)"
mg34,MG34
nyarlathotep,"ナイアーラトテップ,ニャルラトホテプ"
aircraft_catapult,
li_(rob_ishi),
modakawa_dress,
mococo_abyssgard_(new_year),モココ・アビスガード(正月衣装)
diancie,ディアンシー
kuzuki_souichirou,葛木宗一郎
brown_arm_warmers,
osmanthus_blade,
mexican_standoff,
legs_behind_head,
leon_the_professional,"LEON(映画),レオン,leon,这个杀手不太冷"
mai_(pokemon),"ヨネ(ポケモン),ヨネ(トレーナー),ヨネ"
fernandia_malvezzi,フェルナンディア・マルヴェッツィ
final_fantasy_iv:_the_after_years,"月の帰還,ff4ta,ffivta"
label,
kv-2,kv-2
breloom,キノガッサ
ivy_(sparrowl),
london,"ロンドン,倫敦"
two_of_hearts,🂲
son_gohan_(future),"未来悟飯,未来の孫悟飯"
hoof_shoes,
although_she_hurriedly_put_on_clothes_(meme),実はさっきまでセックスしてた
curled_tail,
picket_fence,
ibaraki_douji_(touhou),奸佞邪智の鬼
togame,とがめ
gangster,ギャングスター
ring_(sonic),
scarlett_(unicorn_overlord),"スカーレット,スカーレット(ユニコーンオーバーロード)"
takitsubo_rikou,滝壺理后
dragon_slayer_ornstein,竜狩りオーンスタイン
lisa_(a_sobriquet_under_shade)_(genshin_impact),葉に隠れし芳名
swinub,ウリムー
martha_(swimsuit_ruler)_(first_ascension)_(fate),
volkner_(pokemon),"デンジ(トレーナー),オデン"
yuyusu_(cookie),"YYS姉貴,FMRIM"
exia_(nikke),"エクシア(勝利の女神:NIKKE),エクシア(NIKKE),엑시아(NIKKE)"
kazamaki_matsuri,風巻祭里
ijimeka_(meme),船堀パロ
switch,スイッチ
fu_hua_(rustic_noir),
creature_as_food,
floating_castle,
hinata_hideki,日向
backless_bodysuit,
back_ribbon,
sand_cat_print,
algae,"藻,藻類,藻类"
green_shawl,
cool_&_sexy_(idolmaster),
tomoe_(qipao)_(blue_archive),佐城トモエ(チーパオ)
mexican_clothes,
leila_malcal,レイラ・マルカル
vaseraga,バザラガ
pug,パグ
papyrus_(arknights),"莎草,パピルス(アークナイツ)"
lilia_vanrouge,"リリア・ヴァンルージュ,リリ監"
nightmare_(arknights),ナイトメア(アークナイツ)
nurse_nemo_(fate),ネモ・ナース
doghouse,"犬小屋,kennel"
kinon_bachika,"キノン・バチカ,キノン"
inui_shinju,乾心寿
kurosaki_honoka,黒崎ほのか
kurusu_kanako,来栖加奈子
yume_no_tobira,ユメノトビラ
cross_(weapon),
capsule_servant,カプセルさーばんと
chocolate_on_legs,
ghostbusters,ゴーストバスターズ
cantaloupe,"カンタロープ,カンタループ,キャンタロープ,メロン,マスクメロン,哈密瓜"
gotcha!,"GOTCHA!,GOTCHA"
baselard,バーゼラルド
highleg_buruma,
character_hat,
jon_talbain,ガロン
itou_kaiji,"伊藤開司,坊カイ,アカカイ,佐カイ"
jigen_(cookie),"JGN,TRS姉貴"
tina_sprout,ティナ・スプラウト
knit_sweater,
miyasaka_ryou,"宮坂了,宮坂,風宮"
black_bulls_(emblem),
september,
isaac_foster,"アイザック・フォスター,アイザックフォスター,ザック(殺戮の天使),ザック"
robotech,"ロボテック,ROBOTECH"
peter_pan_(disney),ピーターパン
snake_armband,
volume_(nikke),"ボリューム(NIKKE),ボリューム(勝利の女神:NIKKE),볼륨(NIKKE)"
receipt,"領収書,りょうしゅうしょ,レシート,受領書,じゅりょうしょ"
mushroom_cloud,キノコ雲
orange_clouds,
rogue_titan,
mitarashi_anko,みたらしアンコ
team_yell,エール団
bruise_on_arm,
noire_(fire_emblem),"ノワール,ノワール(ファイアーエムブレム)"
crowded,員電車
tokimeki_memorial_1,"ときめきメモリアル,ときメモ無印,純愛手札"
mermaid_dress,マーメイドドレス
hands_under_legs,
january,
unworn_shoe,
buttoning,
yukihira_souma,幸平創真
saint_seiya_omega,聖闘士星矢Ω
goldenglow_(summer_flowers)_(arknights),
mikazuki_shizuka,三日月閑
hover_vehicle,
yumi_(nt00),
character_snowman,
kirby_super_star,星のカービィスーパーデラックス
tb_(azur_lane),"TB(アズールレーン),TB"
egawa_kusumi,江川樟美
benelli_m4,"ベネリM4,M1014"
satan_(umineko),
tokyo_skytree,"東京スカイツリー,スカイツリー"
girlfriend_(friday_night_funkin'),
united_states_marine_corps,"アメリカ海兵隊,USMC"
gouf,"グフ,MS-07B"
30_minutes_sisters,"30ミニッツシスターズ,30MINUTESSISTERS,30MS"
skipping,
pinstripe_camisole,
digital_hazard,"デジタルハザード,デジタルハザードマーク"
anglerfish_costume,あんこうスーツ
plant_monster,
marlene_wallace,
isagi_yoichi,"潔世一,洁世一"
elfnein,エルフナイン
xbox_controller,
kosegawa_shiromi,小瀬川白望
princess_luna,"プリンセス・ルナ,princessluna,月亮公主,露娜,luna,露娜公主,宇宙公主和月亮公主,皇家姐妹组"
anastasia_(swimsuit_archer)_(third_ascension)_(fate),
cerise_bouquet,"スリーズブーケ,スリブ"
rilliona_(yu-gi-oh!),
wilderness_bandit_risty,"荒野の義賊リスティ,荒野の義賊"
otonashi_kiruko,音無キルコ
unworn_neckerchief,
schierke_(berserk),シールケ
jungle_cat_(kemono_friends),"ジャングルキャット(けものフレンズ),ぐるの冒険書"
pink_moon,
lily_(granblue_fantasy),"クリスタリア・リリィ,リリィ(グラブル),リリィ"
fighter_(7th_dragon),ファイター
wargreymon,ウォーグレイモン
amanogawa_shiina,"天ノ川しいな,shiillustration"
hiiro_(alchemy_stars),"緋,ヒイロ,ヒイロ(白夜極光)"
water_tank,
branded,
double_arm_hug,
ashitaka,アシタカ
seraphina_(disgaea),セラフィーヌ
grey_tongue,
nina_williams,ニーナ・ウィリアムズ
blue_angel_(yu-gi-oh!),"ブルーエンジェル(遊戯王VRAINS),ブルーエンジェル"
rock_lee,ロック・リー
applying_bandages,
abyss_mage_(genshin_impact),アビスの魔術師
insect_hair_ornament,
amatori_chika,雨取千佳
ayanami_(niconico)_(azur_lane),ニコニコ
freddy_fazbear,"フレディ・ファズベア,프레디_파즈베어"
roseate_desire_(e.g.o),
hatori_chise,"羽鳥チセ,羽鳥智世"
mage_(disgaea),"魔法使い(女),ぽこん"
karigurashi_no_arrietty,借りぐらしのアリエッティ
flour_(cookie),"小麦粉(クッキー☆),小麦粉"
pure_white_memories_(idolmaster),ピュアホワイトメモリーズ
shigure_asa,時雨亜沙
yakui,"ヤクい,ヤクいさん"
iris_(takunomi),アイリス
^q^,
sigurd_(fire_emblem),シグルド
ant_girl,蟻娘
electronic_cigarette,"ベイプ,vape,電子たばこ"
cereal,"コーンフレーク,シリアル食品,시리얼,穀物片"
radar_dish,
train_(clothing),拖地裙摆
computer_chip,
nipple_flick,
kissing_ear,
on_mecha,
sazanami_(swimsuit_mode)_(kancolle),漣(水着)
fake_whiskers,
too_many_butterflies,
harmonica,ハーモニカ
indonesian_clothes,indonesian_style
yanase_mai,柳瀬舞衣
landing_gear,
red_lightning,
white_tiger_(kemono_friends),"ホワイトタイガー(けものフレンズ),ホワイトタイガー"
kitchen_hood,
holding_snowman,
lahti-saloranta_m/26,"LS26,LS/26,M/26,サロランタ軽機関銃,ラハティ/サロランタM1926軽機関銃"
sakura_miko_(flower_fantasista!),
tougou_hifumi,"東郷一二三,神算鬼謀の女棋士,hifumitogo,togohifumi"
shiromanta_(character),
g3_(girls'_frontline),"G3(ドールズフロントライン),G3(少女前線)"
claw_hair_clip,
meandros_border,
m16a2,
spiral_background,
holding_stomach,
langley_(path_to_nowhere),"兰利,ラングリー,랭글리"
ninomae_ina'nis_(pastry_chef),
nintendo_64,ニンテンドウ64
helldiver_(helldivers),
date_a_live:_spirit_pledge,デート・ア・ライブ精霊クライシス
cream_lemon,"くりいむレモン,くりぃむレモン"
kurenai_no_buta,紅の豚
too_many_rabbits,
furnace,かまど
yogurt,"ヨーグルト,요구르트,酸奶"
harpy_(closers),하피
haqua_d'rot_herminium,ハクア・ド・ロット・ヘルミニウム
makihara_arina,牧原アリーナ
grey_leggings,
bardiche_(standby_form)_(nanoha),"スタンバイフォーム,待機形態"
legs_on_table,
le_malin_(mercredi_at_the_secret_base)_(azur_lane),"隠れ家のマルコディ,秘密基地的Mercredi"
ayatsuno_yuni,"純角ユニ,아야츠노유니,yunyart,ユニ"
t.m.revolution,"TMRごっこ,HOTLIMIT,T.M.Revolution,TMRevolution,西川貴教"
iris_mysteria!,"あいりすミスティリア!〜少女のつむぐ夢の秘跡〜,あいりすミスティリア!,あいミス,あいミス!"
dark_precure,ダークプリキュア
daewoo_k2,"K2,K2突擊步槍,K2소총"
dance_studio,
kud_wafter,クドわふたー
oboro_(taimanin_asagi),朧
sentai_red_ga_isekai_de_boukensha_ni_naru,戦隊レッド異世界で冒険者になる
playerunknown's_battlegrounds,"PLAYERUNKNOWN'SBATTLEGROUNDS,PUBG,PlayerUnknownsBattlegrounds"
pokemon_battle,ポケモンバトル
alina_clover,
prince_of_lorasia,"ローレシアの王子,lorasia_no_ouji,prince_of_midenhall"
mogador_(locker_room_lechery)_(azur_lane),悶々ロッカーシークレット
soybean,大豆
belfast_(iridescent_rosa)_(azur_lane),"彩雲の薔薇,彩云之玫瑰"
war_fan,"軍配,鉄扇,軍扇"
little_boy_commander_(azur_lane),ショタ指揮官(アズールレーン)
futami_eriko,二見瑛理子
king_ghidorah,キングギドラ
aldra_(queen's_blade),アルドラ
yuri_plisetsky,"ユーリ・プリセツキー,ユリオ"
kettle_helm,
key_frame,"キーフレーム,关键帧"
kazamaki_matsuri_(female),風巻祭里
joshua_rosfield,ジョシュア・ロズフィールド
big_sister_(navigavi),
gipsy_danger,ジプシー・デンジャー
rivier_(kuzuyu),リヴィ
fake_ad,"広告詐欺,クソ広告"
tsubaki_(kunoichi_tsubaki_no_mune_no_uchi),"ツバキ,ツバキ(くノ一ツバキの胸の内)"
asymmetrical_skirt,
flight_goggles,
terriermon,テリアモン
the_bible,"聖書,旧約聖書,舊約聖書,旧约圣经,구약성경,新約聖書,新约圣经,신약성경,聖經,圣经,성경,Bible"
bicute_bunnies_miku_(white_bunny),
coomer_(meme),
pinky_pop_hepburn,"ピンキーポップヘップバーン,ピンキー・ポップ・ヘップバーン,PPH"
niimi_sora,新海天
german_shepherd,
distracted_boyfriend_(meme),
november,
takanashi_kiara_(party_dress),phoenixfashion
valerie_(pokemon),"マーシュ(トレーナー),マーシュ"
kuze_masachika,"久世,政近,久世政近,久世_政近,久世•政近"
dynamax,ダイマックス
fish-shaped_pupils,
urn,
tenochtitlan_(swimsuit_mooncancer)_(third_ascension)_(fate),
humboldt_penguin,フンボルトペンギン
note-chan,ノートちゃん
micro_uzi_(girls'_frontline),"Uzi,UZI,MicroUzi(ドールズフロントライン),MicroUzi(少女前線),MicroUzi"
beach_house,
padparadscha_(houseki_no_kuni),パパラチア
musical_staff_print,
norea_du_noc,ノレア・デュノク
winged_fusiliers,
hakos_baelz_(steel_rose),WitnessME
akira_slide,
medama_oyaji,目玉おやじ
hito_mania_(utau),人マニア
levi_the_slasher,"雷刃の襲撃者,レヴィ・ザ・スラッシャー,レヴィ・ラッセル"
hiita_the_fire_charmer,火霊使いヒータ
sasaki_fuuka,佐々木風夏
latex_skirt,
akaza_akane,赤座あかね
yamashiro_kai_ni_(kancolle),
boonie_hat,ブーニーハット
alice_(megami_tensei),魔人アリス
ibaraki_douji's_arm,茨木童子の腕
regice,レジアイス
aoba_tsugumi,青葉つぐみ
tuxedo_kamen,タキシード仮面
tv_show,エロバラエティ
pikachu_tail,
lace_hairband,
brown_outline,
hair_wagging,
tenjou_tenge,天上天下
flaming_head,
metroid:_zero_mission,メトロイドゼロミッション
black_jack_(character),"ブラック・ジャック,ブラックジャック,間黒男,はざまくろお,キリジャ,マクジャ"
bandaged_ankle,
group_profile,
avicebron_(fate),"アヴィケブロン(Fate),黒のキャスター"
slip_showing,
jeff_the_land_shark,
minamoto_chizuru,源ちずる
smash_ball,
mountain_dew,
movie_reference,
hallessena,ハレゼナ
suzuhara_touji,鈴原トウジ
eris_(asobi_ni_iku_yo!),エリス
slimification,スライム化
slowbro,ヤドラン
shiroi_suna_no_aquatope,白い砂のアクアトープ
pork,"豚肉,ポーク"
m870_(girls'_frontline),"M870,M870(ドールズフロントライン),M870(少女前線)"
inubouzaki_fuu,犬吠埼風
ardor_blossom_star_(e.g.o),
zenos_yae_galvus,"ゼノス・イェー・ガルヴァス,ゼノス"
nina_kosaka_(1st_costume),狐坂ニナ(通常)
dusclops,サマヨール
durandal_(valkyrie_gloria)_(honkai_impact),"女武神·荣光,女武神·榮光,戦乙女・栄光"
mass_effect_3,
takamachi_nanoha_(sacred_mode),セイクリッドモード
taishou,"大正,大正時代,大正浪漫,大正ロマン"
admiral_graf_spee_(peaceful_daily_life)_(azur_lane),"平穏な毎日,平和的每一天"
kaneda_shoutarou's_bike,金田のバイク
edinburgh_(azur_lane),"エディンバラ(アズールレーン),エディンバラ,爱丁堡"
kage_no_jitsuryokusha_ni_naritakute!_master_of_garden,陰の実力者になりたくて!マスターオブガーデン
rinne_(rinrinne),りんりんね美術館
inari_konkon_koi_iroha.,いなり、こんこん、恋いろは。
inarizushi,稲荷寿司
falco_lombardi,ファルコ・ランバルディ
dragon_nest,"DragonNest,ドラゴンネスト,DN,龍之谷,龙之谷"
scary_sex,
aa-12,"AA-12,AA12"
pacific_racing_team,"パシレー,pacificracingteam"
adol_christin,"アドル,アドル・クリスティン"
clawed_feet,
commander_shepard,
shining_blade,"シャイニング・ブレイド,シャイニングブレイド"
princess_tutu_(character),"プリンセスチュチュ,彩夢芭蕾,彩梦芭蕾,princesstutu"
lilpa,"릴파,lilpaaaaaa"
mienshao,コジョンド
samurott,ダイケンキ
eucliwood_hellscythe,ユークリウッド・ヘルサイズ
nightingale_(path_to_nowhere),
yveltal,イベルタル
z1_leberecht_maass_(oktoberfest_mode)_(kancolle),
hiroshimaben,広島弁
leviathan_(umineko),
regigigas,レジギガス
strapless_kimono,
tayutama,タユタマ
courier_(arknights),"讯使,クーリエ(アークナイツ)"
transverse_flute,
hatsune_mikuo,"初音ミクオ,ミクオ"
okita_sawa,沖田紗羽
lycanroc_(midday),まひるのすがた
hero_(dq8),主人公(DQ8)
gabumon,"ガブモン,加布兽"
pomudachi_(pomu_rainpuff),ぽむ達
hands_on_own_shoulders,
tekken_6,"鉄拳6,鉄漫,tekken_comic"
assisted_masturbation,
peter_strasser_(azur_lane),"ペーター・シュトラッサー(アズールレーン),ペーター・シュトラッサー,彼得·史特拉塞"
cramped,
pisces_(symbol),
midriff_tattoo,
naked_bowtie,
grimmsnarl,オーロンゲ
tera_orb,テラスタルオーブ
hot_drink,
kotama_(camp)_(blue_archive),
ledge,
squeezing_cheeks,
nakai_hisao,中井久夫
winged_hair_tie,
happy_chaos,ハッピーケイオス
souya_agb_(kancolle),
male_spitroast,
frillish,プルリル
fn_fnc,FNC
squirting_liquid,
ogawa_sumireko,緒川菫子
chopstick_rest,"箸置き,箸枕,箸休め,筷托,筷架,筷枕"
space_dandy,"スペース☆ダンディ,スペースダンディ"
sovetskaya_belorussiya_(azur_lane),"ソビエツカヤ・ベラルーシア(アズールレーン),ソビエツカヤ・ベラルーシア,苏维埃贝拉罗斯"
chopsticks_in_mouth,
juna_crawford,ユウナ・クロフォード
black_rock_shooter_(game),ブラック★ロックシューターTHEGAME
emerald_sustrai,EmeraldSustrai
salazzle,エンニュート
itsuwa,五和
s-head_commander,Sヘッド
tita_russell,ティータ・ラッセル
cure_aqua,キュアアクア
palette_suit,パレットスーツ
curly_(mouthwashing),
octarian_(enemy),
celestial_globe,天球儀
gloire_(kancolle),"グロワール,グロワール(艦隊これくしょん),グロワール(艦これ)"
ground_miku_(project_voltage),じめんミク
crown_print,
frenulum_piercing,
alma_(monster_hunter_wilds),
cloaca,泄殖腔
luke_sullivan,"ルーク・サリバン,ルーク(ストリートファイター)"
wasp,"スズメバチ,雀蜂,胡蜂"
motto!_haramase!_honoo_no_oppai_isekai_chou_ero_succubus_gakuen!,"もっと!孕ませ!炎のおっぱい異世界超エロサキュバス学園!,超エロサキュバス学園"
suzuran_(lostlands_flowering)_(arknights),スズラン「荒地に咲く花」
enterprise_(wind_catcher)_(azur_lane),ウィンド・キャッチャー
burn_the_witch,BURNTHEWITCH
yuki_miku_(2015),雪ミク2015
misaki_high_school_uniform,
takahashi_rie,高橋李依
coquelic_(path_to_nowhere),"コクリコ,可可莉克,业师,코쿠리코"
impossible_vest,
admiral_graf_spee_(girl's_sunday)_(azur_lane),"少女の日曜日,少女的星期日"
prinz_eugen_(profusion_of_flowers)_(azur_lane),"百花繚乱(アズールレーン),百花缭乱"
fujimaru_ritsuka_(male)_(summer_street),サマー・ストリート
peaked_lapels,戗驳领
peeing_in_cup,
drossel_von_flugel,ドロッセル
nate_mitotsudaira,ネイト・ミトツダイラ
hikaru_no_go,ヒカルの碁
bleach:_brave_souls,ブレソル
rime_(cevio),"裏命,裏命美術部"
aymr_(fire_emblem),
fault!!,フォルト!!
future_style_(module),"大人リン,Adult_Rin,Future_Rin"
powder_(arcane),"パウダー,powder"
power_drill,
hodaka_natsumi,帆高夏海
beanstalk_(gift_uncompleted)_(arknights),
jack_atlas,ジャック・アトラス
sailor_moon_pose,
grey_umbrella,
midorikawa_hana,緑川花
green_bandeau,
japan_racing_association,"JRA,日本中央競馬会"
smith_&_wesson,
octopus_hair_ornament,
nogi_sonoko,乃木園子
purple_bandana,
zigzagoon,ジグザグマ
toad_(animal),"ヒキガエル,蝦蟇,蟾蜍,蛤蟆,癞蛤蟆"
mysterious_ranmaru_x_(fate),"謎の蘭丸X,森蘭丸,謎の蘭丸X(Fate)"
whismur,ゴニョニョ
dewgong,"ジュゴン,ジュゴン(ポケモン)"
imouto-chan_(monaka_curl),
volkswagen_beetle,
saren_(christmas)_(princess_connect!),
touran-sai,【闘乱祭】
kawasaki_(company),"川崎重工業,川崎重工,KAWASAKI,川崎"
alina_(girls_und_panzer),"アリーナ,アリーナ(GuP),プラウダ高校"
sapporo_beer,サッポロビール
open_cockpit,
purple_mask,
evolution_championship_series,"EVO,EVO2024,EVO24"
circus,サーカス
stapled,
feather_coat,
mainz_(azur_lane),"マインツ(アズールレーン),マインツ"
wicker_basket,
moped,
methode_(sousou_no_frieren),メトーデ(葬送のフリーレン)
carleen_(alchemy_stars),"卡莲,カレン・ド・ソルラド"
barbie_(character),"バービー,Barbie"
emma_(nikke),エマ(勝利の女神:NIKKE)
arm_around_leg,
saihate_(vocaloid),サイハテ
jade_(azur_lane),"ヤーデ(アズールレーン),ヤーデ"
tickling_breasts,
geodude,イシツブテ
urameshi_yusuke,浦飯幽助
gem_(azur_lane),
black_sister,ブラックシスター
kettenkrad,ケッテンクラート
thors_military_academy_class_vii_uniform,
izumo_no_okuni_(fate),"出雲阿国(Fate),出雲阿国"
sita_vilosa,
namine_ritsu,波音リツ
kino_makoto's_school_uniform,
venus_(planet),金星
elbowing,
marisa_(fire_emblem),マリカ(聖魔の光石)
shaddiq_zenelli,シャディク・ゼネリ
rabbit_bag,
rpk-16,РПК-16
ruan,"阮,阮咸"
kagami_kuro,鏡黒
scyther,ストライク
zero_two_(kirby),"02,ゼロツー(星のカービィ),ゼロツー"
yamada_asaemon_sagiri,"山田浅ェ門佐切,佐切"
sonic_(live_action),"sonicmovie,sonic_movie"
rowan,"ローワン,jarzębina"
cheetah_(kemono_friends),"チーター(けものフレンズ),チーター"
remoraid,テッポウオ
ragnell,
the_last_of_us_(series),
akami_karubi,"karunyart,赤見かるび"
sinistea,ヤバチャ
disco_elysium,"DiscoElysium,ディスコエリジウム,ディスコ・エリジウム,ディスコ・エリシウム,ディスコエリシウム,极乐迪斯科"
konomori_kanon,小之森夏音
multishot_rocket_launcher,
winged_animal,
chatot,ペラップ
king_k._rool,キングクルール
king_of_spades,🂮
the_amazing_world_of_gumball,"おかしなガムボール,TheAmazingWorldofGumball,tawog"
pina_(blue_archive),"朝比奈フィーナ,pina,フィーナ"
zafira,ザフィーラ
nakabayashi_yoshitaka's_maid_uniform,
wasabi,"山葵,わさび,绿芥末,日本芥末"
julia_chang,ジュリア・チャン
tuye_(arknights),"图耶,トゥイエ(アークナイツ),Tuye"
nissin,日清食品
floating_city,
sinon_(solus),太陽神ソルス
minfilia_warde,"ミンフィリア,ミンフィリア・ウォード"
namco_x_capcom,ナムコクロスカプコン
assassin_cross_(ragnarok_online),"アサシンクロス,AX,アサクロ"
selen_tatsuki_(2nd_costume),"SelenLaundry,セレン・龍月(軍服)"
seizon_honnou_valkyria_(idolmaster),"生存本能ヴァルキュリア,アインフェリア,戦乙女制服,ヴァルキュリア・オース"
fire_axe,
kiyama_harumi,木山春生
sein_(sousou_no_frieren),ザイン
spot_(arknights),"斑点,スポット(アークナイツ)"
jerry_can,ジェリカン
nvidia,"NVIDIA,エヌビディア"
hk416_(herbal-flavored_hard_candy)_(girls'_frontline),
surge_concerto,シェルノサージュ
hilda_(under_night_in-birth),ヒルダ(UNI)
dream_hunter_rem,ドリームハンター麗夢
shiraishi_minoru,
little_blue_(guin_guin),
asagiri_asagi,"朝霧アサギ,アサギ"
stuffed_dinosaur,
richelieu_(warship_girls_r),黎塞留
high_priest_(arknights),
walkway,
spiked_thigh_strap,
g28_(girls'_frontline),"G28(ドールズフロントライン),G28(少女前線),G28"
kamen_rider_zi-o_(series),仮面ライダージオウ
mousse_(ranma_1/2),"沐絲,ムース(らんま1/2)"
enraku_tsubakura,"燕楽玄鳥,玄鳥,やぶつば,燕乐玄鸟,玄鹤,神社组"
wax_play,"ろうそくプレイ,蝋燭プレイ,蠟燭プレイ,蝋燭責め,滴蠟,滴蜡,촛농플레이"
sutera_(granblue_fantasy),スーテラ
back_hair,
totsuka_saika,戸塚彩加
channel_(caststation)_(style),
maya_(azur_lane),"摩耶(碧蓝航线),摩耶(アズールレーン),摩耶,犮"
pimp,
adjusting_shorts,
hamburger-chan_(hundredburger),ハンバーガーちゃん
clothes_shop,
poliwhirl,ニョロゾ
holding_belt,
f-22_raptor,"F-22,F22,らぷたん"
hibino_kafka,日比野カフカ
momogaa_(girls_und_panzer),"ももがー,百瀬多希,アリクイさんチーム"
virgo_(symbol),
raiden_mei_(rainy_springtide),
mumei_(song)_(hololive),
kinukawa_chinatsu,"絹川千夏,ナス子,なすこ,ナスコ"
see-through_pants,
watabe_koharu,渡辺小春
newcastle_(azur_lane),"ニューカッスル(アズールレーン),ニューカッスル,纽卡斯尔"
mona_(warioware),"モナ,モナ(メイドインワリオ)"
uesaka_sumire,上坂すみれ
namco,ナムコ
perfect_blue,"パーフェクトブルー,PERFECTBLUE,PerfectBlue,未麻的部屋"
yellow_visor,
lanz_(xenoblade),
holding_manga,
bismarck_zwei_(azur_lane),ビスマルクZwei(アズールレーン)
tales_of_legendia,"テイルズ・オブ・レジェンディア,テイルズオブレジェンディア,レジェンディア,TOL"
anna_nishikinomiya,アンナ・錦ノ宮
radagon_of_the_golden_order,"radagon,黄金律のラダゴン,拉达冈"
mitsuboshi_colors,三ツ星カラーズ
kaga_(everlasting_killing_stone)_(azur_lane),"常夏の殺生石,常夏的杀生石"
son_of_droid_(mechanical_buddy_universe),"雨男,レイニー,あるドロイドの息子"
thick_neck,
zebra_girl,
tumblr_logo,
miyawaki_sana,宮脇さな
lagann,
tikoh,"ティコ,ティコ(グラブル)"
tamamo_no_mae_(swimsuit_lancer)_(first_ascension)_(fate),
poli_(nikke),"ポリ(勝利の女神:NIKKE),ポリ(NIKKE)"
toy_sword,
christmas_cake,クリスマスケーキ
hasegawa_kodaka,羽瀬川小鷹
animal_cutout,
scraggy,ズルッグ
sunflora,"キマワリ,sunflora"
eevee_tail,
star_pin,
food-themed_pillow,
kihel_heim,キエル・ハイム
reno_(ff7),レノ
osana_reimu,東方幼霊夢
cardigan_under_jacket,
koi_ni_naritai_aquarium,恋になりたいAQUARIUM
rebecca_(one_piece),"レベッカ(ONEPIECE),蕾贝卡"
kurosaki_kazui,黒崎一勇
manticore_(under_a_veil)_(arknights),
kagetsu_tooya,歌月十夜
manaka_laala_(normal),
kinu_(azur_lane),"鬼怒(アズールレーン),鬼怒,猤"
sonshoukou,"小蓮(恋姫†無双),孫尚香(恋姫†無双),小蓮(恋姫無双),孫尚香(恋姫無双)"
kjerag_logo,
tell_your_world_(vocaloid),"Tell_Your_World,tell_your_world"
yukijirushi,"雪印,雪印コーヒー擬人化イラコン,雪印コーヒー擬人化イラコン入賞作品"
mireyu,ミレーユ
nekomura_iroha,猫村いろは
segawa_onpu,"瀬川おんぷ,濑川音符"
digimoji,デジ文字
yuki_anju,優木あんじゅ
winona_(pokemon),"ナギ(トレーナー),ナギ,ナギぱい"
aizen_sousuke,藍染惣右介
mighty_no._9,マイティーナンバーナイン
kitajima_kaede,北嶋楓
graphics_card,ビデオカード
paul_bunyan_(third_ascension)_(fate),
captain_earth,キャプテン・アース
aisha_greyrat,アイシャ・グレイラット
armored_trooper,"アーマードトルーパー,AT"
camilla_(tropical_beauty)_(fire_emblem),
yuitsuka_inori,結束いのり
millennium_science_school_student_(blue_archive),"ミレニアムモブ,ミレニアム生徒"
pedestrian_lights,
wavy_ends,
prishe,プリッシュ
carrot_in_pocket,
ophelia_(bigrbear),
file_cabinet,
object_in_panties,
royal_navy,"RoyalNAVY,イギリス海軍,英国海軍,RN"
automail,"機械鎧,オートメイル"
nagara_(azur_lane),"長良(アズールレーン),貊"
kittan_bachika,"キタン,キタン・バチカ"
wa2000_(date_in_the_snow)_(girls'_frontline),雪の日の約束
sunohara_ayaka,春原彩花
rouge_(makeup),"頬紅,胭脂,블러셔,腮红"
ookurikara,"大倶利伽羅,大倶梨伽羅"
makino_yuna,牧野夢菜
imai_kana,今井加奈
igarashi_kyou_(eroe),五十嵐京
yamano_remon,山乃檸檬
flandre_day,"7月4日はフランの日,7月4日はフランドールの日"
planet_earrings,
bikini_bottom_lift,
aurora_(league_of_legends),aurora
pachira,パキラ
hands_on_another's_ass,
chinese_peony,
xxxholic,
mr._nothing_(arknights),"乌有,ウユウ(アークナイツ)"
kaifuku_jutsushi_no_yarinaoshi_~sokushi_mahou_to_skill_copy_no_chouetsu_heal~,回復術士のやり直し
double-sided_axe,
kurukuru_(sekai_seifuku),
ogami_shirou,大神士郎
tearlaments_scheiren,ティアラメンツ・シェイレーン
ots-12_(girls'_frontline),"OTs-12,OTs-12(ドールズフロントライン),OTs-12(少女前線)"
musubi,
tashkent_(the_bound_cruiser)_(azur_lane),"解かされし巡洋艦,受缚的巡洋舰"
palm-fist_greeting,"拱手礼,抱拳礼"
testicles_on_face,
daughter_(yoru_mac),
vibrator_on_clitoris,
aida_taketo,会田タケト
sofia_valmer,ソフィア・ヴェルマー
glowing_gem,
cow_print_sleeves,
zacian,ザシアン
ibuki_douji_(swimsuit_berserker)_(first_ascension)_(fate),
vatista_(under_night_in-birth),バティスタ
painttool_sai,
pequod_(identity)_(project_moon),
stone_free,"ストーン・フリー,ストーンフリー"
venalita,ヴェナリータ
toadette,キノピコ
arunira,アルニラ
antelope_horns,
matsumoto_sarina,松本沙理奈
leaf_wings,
senadina_(honkai_impact),"希娜狄雅,Senadina,セナディア"
strider_(video_game),"ストライダー飛竜,ストライダー"
ribbed_gloves,
transformers_unicron_trilogy,
macross_plus,マクロスプラス
devilot_de_deathsatan_ix,"デビロット,デビロット・ド・デスサタンIX世,デビロット姫"
shedding,
alphen_(tales),アルフェン
ganmo_(takane_lui),がんも
frankenstein's_monster_(swimsuit_saber)_(second_ascension)_(fate),
mizuki_nana,"水樹奈々,水树奈奈"
sewer,下水道
matsumoto_yoriko,松本頼子
radiator,
master_artoria,"マスターアルトリア,master_arturia"
raiden_mei_(crimson_impulse),雷脈装・緋紅
mofu-mofu_after_school,もふもふな放課後
laguz_(fire_emblem),
shishou_(cookie),死相姉貴
beyond_the_nobles_(idolmaster),ビヨンドザノーブルス
bhima_(fate),
ayanokouji_rem,綾小路麗夢
organization_xiii,"XIII機関,13機関"
amakano_~second_season~,
lloyd_irving,ロイド・アーヴィング
himation,
pretty_waitress_(idolmaster),プリティウェイトレス
takahashi_maya,高橋麻耶
arc_system_works,アークシステムワークス
extra_teeth,
yellow_bird,
envy,
amemiya_sekira,"雨宮せきら,せきらちゃん"
yellow_bandeau,
blade_runner_2049,ブレードランナー2049
erio_mondial,エリオ・モンディアル
buratei_marii,蕪羅亭魔梨威
seragaki_aoba,"蒼葉,苍叶"
suiheisen_made_nan_mile?,水平線まで何マイル?
admiral_(warship_girls_r),"指揮官(戦艦少女R),提督(戦艦少女R)"
aegis_(takunomi),イージス
bald_spot,
sengoku_saga,戦国SAGA
no_brand_girls,No_brand_girls
golden_generation_(umamusume),黄金世代(ウマ娘)
chinchilla_girl,
aqua_apron,
zodiac_wheel,
sangoku_infinity,"三国INFINITY,三国インフィニティ"
yamato_iori,"ヤマトイオリ,イオリの森美術館"
qinghua_(porcelain),"青花瓷,青花,有田焼,肥前焼"
eunhwa_(nikke),ウンファ(勝利の女神:NIKKE)
akane-iro_ni_somaru_saka,あかね色に染まる坂
weather_vane,風見鶏
kitajima_sara,北嶋紗良
bat_tail,
sazae-san,サザエさん
drowzee,"スリープ,スリープ(ポケモン)"
multi_(to_heart),"マルチ,HMX-12マルチ,HMX-12"
libra_(symbol),
gradient_footwear,
smeargle,ドーブル
arika_yumemiya,アリカ・ユメミヤ
maria_renard,"マリア・ラーネッド,マリア兵器だもん!"
domino_high_school_uniform,
x-men_film_series,
kuroo_tetsurou,"黒尾鉄朗,黒研,黑尾"
golden_hind_(azur_lane),"ゴールデン・ハインド,ゴールデン・ハインド(アズールレーン)"
buffering,
gundam_aerial_rebuild,ガンダム・エアリアル(改修型)
ty_lee,"泰丽,タイリー,タイリー(アバター伝説の少年アン)"
tao_blu_(splatoon),兵頭タオ
fork_hair_ornament,
executor_the_ex_foedere_(arknights),聖約イグゼキュター
childhood_friend_(liya),
maria_(fire_emblem),マリア(ファイアーエムブレム)
sour_(taste),"酸っぱい,すっぱい"
sansha_san'you,三者三葉
manhattan_cafe_(verdant_night)_(umamusume),
tamatoys,Tamatoys
tanaka_(chainsaw_man),"田中,田中(チェンソーマン),田中脊髄剣"
yuri_leclerc,ユーリス=ルクレール
akira_movie_poster,
kotoura_haruka,琴浦春香
simon_belmont,シモン・ベルモンド
grappling_hook,
grave_(nikke),
pearl_anklet,
moorish_idol,ツノダシ
bousouzoku,"暴走族,ぼうそうぞく"
suguri_(orange_juice),"スグリ,スグリ(橙汁)"
nijimura_okuyasu,"虹村億泰,億泰,虹村兄弟,仗億"
otomachi_una_(talkex),
tayuya_(naruto),多由也
akame_(akame_ga_kill!),"アカメ,赤目"
finger_touching,
two-tone_beard,
asymmetrical_shirt,
atelier_shallie,シャリーのアトリエ
mettaton_ex,
wolf-chan_(wataame27),ちいさな森のオオカミちゃん
jurassic_world,ジュラシックワールド
murata_himeko_(battle_storm),"战场疾风,戦場疾風"
standing_restraints,
heart_arrow,
kako_kai_ni_(kancolle),加古改二
sandrone_(genshin_impact),"Sandrone,桑多涅,サントローネ,산드로네,サンドローネ(原神),傀儡(原神)"
hatsune_miku_expo,"MIKUEXPO,mikuexpoR+,mikuexpo2024"
scout_(tf2),"スカウト,スカウト(TF2)"
aloe_(quiz_magic_academy),アロエ
laevatein_(fire_emblem),"レーヴァテイン,レーヴァテイン(FE)"
romulus_(fate),ロムルス(Fate)
holding_hands_is_lewd,
kasumi_(azur_lane),"霞(アズールレーン),霞,蕸"
buizel,ブイゼル
kuramochi_meruto_(1st_costume),倉持めると(通常)
hipa_(some1else45),
criss-cross_strings,
leavanny,"ハハコモリ,ははこもり,Manternel,Matrifol,Ливанни,ฮาฮาโคโมริ,모아머,保姆虫,保母蟲"
shiratama_mikan,"白玉みかん,白玉蜜柑,あろみか,アロマゲドン,ガァルマゲドン,ガァルマゲドン・ミ"
tail_around_arm,
medb_(swimsuit_saber)_(fate),メイヴ(水着)
scat,"うんこ,スカトロ"
crow_armbrust,クロウ・アームブラスト
galarian_zigzagoon,ガラルジグザグマ
umi_monogatari,海物語
miku_(lee),
moon_uniform_(houseki_no_kuni),
yellow_leaves,
satin_bikini,
medicine_pocket,"兔毛手袋,メディスンポケット,MedicinePocket"
palace,宮殿
paladin,パラディン
juujou_hiyori,十条姫和
monk_(fft),
lexington_(cv-16)_(warship_girls_r),レキシントン(CV-16)
comic_party,こみっくパーティー
ppsh-41_(girls'_frontline),"PPSh-41,PPSh-41(ドールズフロントライン),PPSh-41(少女前線)"
rocket_ship,
leo_(mafuyu),
epona,エポナ
kita_hinako,喜多日菜子
azusa_mifuyu,"梓みふゆ,アリみふ"
z1_leberecht_maass_(azur_lane),Z1(アズールレーン)
furen_e_lustario_(1st_costume),フレン・E・ルスタリオ(通常)
nakiri_ayame_(shrine_maiden),
hyuuga_neji,日向ネジ
kiruko_(tengoku_daimakyou),"キルコ,キルコ(天国大魔境)"
capricorn_(symbol),
barioth_(armor),ベリオ装備
greythroat_(arknights),"灰喉,グレースロート,グレースロート(アークナイツ)"
jibanyan,"ジバニャン,じばにゃん,ジバウィス"
gumi_(v3_megpoid),
uesugi_kenshin_(second_ascension)_(fate),
y_shaped_butt_crack,
amano_ririsa,天乃リリサ
dropped_food,
countdown_timer,"カウントダウンタイマー,キッチンタイマー"
gweon_sua,
sketching,
komahime_(fate),駒姫(Fate)
kira-kira_sensation!,KiRa-KiRa_Sensation!
kono_yuusha_ga_ore_tueee_kuse_ni_shinchou_sugiru,"この勇者が俺TUEEEくせに慎重すぎる,慎重勇者"
beard_over_mouth,
gypsy_(ragnarok_online),ジプシー
rapid_punches,"北斗百裂拳,百裂拳,百裂脚,オラオララッシュ"
solar_system,太陽系
ryou_sakazaki,リョウ・サカザキ
varium,
favonius_sword_(genshin_impact),西风剑
long_toes,
lesbian_flag,
living_weapon,
aragami_oga,"荒咬オウガ,オウ画,オウガ済ム"
distortion_(project_moon),
fergus_mac_roich_(fate),フェルグス・マック・ロイ(Fate)
matsubara_yuuna,松原優菜
simulated_facial,
dab_(dance),"dabbing,dab"
brown_jumpsuit,
swiss_cheese,
womb_massage,体外式ポルチオマッサージ
kuroi_nanako,黒井ななこ
abra,ケーシィ
seaside,
le_triomphant_(azur_lane),"ル・トリオンファン,ル・トリオンファン(アズールレーン),凯旋"
togami_byakuya_(danganronpa_2),
otomore_(shashaki),音漏れちゃん
cheryl_(pokemon),"モミ,モミ(トレーナー)"
animal_legs,
horizontal-striped_bikini,
domination,
tropical_kiss,トロピカルKISS
mariah_(jojo),"マライア,マライア(ジョジョの奇妙な冒険),マライヤ"
handbell,
chijo,"痴女,逆痴漢"
cure_yum-yum,キュアヤムヤム
kiana_kaslana_(divine_prayer),"キアナ・カスラナ(聖女祈祷),聖女祈祷"
plastic_wrap,"食品用ラップフィルム,サランラップ"
troll_(homestuck),
purple_eyeliner,
ribbon-trimmed_socks,
holding_feet,
kamen_rider_fourze_(series),仮面ライダーフォーゼ
uxie,ユクシー
chipmunk_tail,
beldum,ダンバル
pyro_symbol_(genshin_impact),
sdorica,"Sdorica,萬象物語,スドリカ,스도리카,万象物语,スドリカイラコン"
zipper_panties,
shunga_youkyu,"春画要求姉貴,しゅんしゅん"
mad_max,マッドマックス
sparkle_(doll)_(honkai:_star_rail),
cryska_barchenowa,クリスカ・ビャーチェノワ
aventurine_(anan)_(honkai:_star_rail),
m134_minigun,M134ミニガン
machine_(nier),
zara_due_(kancolle),
bellezza_felutia,"Bellezza_Felutia,ベレッツァ_フェルティア"
ash_crimson,アッシュ・クリムゾン
lambda_(arknights),
heavy_(tf2),"ヘビー,ヘビー(TF2)"
black_tunic,
taiga_(ookami_mio),
anvil,"金床,金敷き,アンビル"
carcano_m91/38_(girls'_frontline),"カルカノM91/38,M91/38,卡尔卡诺M91/38,カルカノm91/38(ドールズフロントライン),カルカノm91/38(少女前線)"
fujioka_haruhi,藤岡ハルヒ
dripping_eye,
minos_(jashin-chan_dropkick),"ミノス,ミノス(邪神ちゃんドロップキック)"
butterfly_swords,
ice_cream_crepe,
kiznaiver,"キズナイーバー公式,キズナイーバー"
cafe_(cafe-chan_to_break_time),
unraveling,
nintendo_64_controller,
nyubara_reona,"パレオ,PAREO,鳰原れおな"
mochi_(ebihara_beniko),
kayn_(league_of_legends),Kayn
smoothie,"冰沙,スムージー"
unlight,"Unlight,アンライト"
tekken_tag_tournament_2,鉄拳タッグトーナメント2
stone_tablet,石版
lan_hikari_(mega_man),光熱斗
rhythm_tengoku,リズム天国
av-98_ingram,"AV-98,イングラム(レイバー)"
ios_(os),
eyewear_switch,
nina_(breath_of_fire_v),
iris_wilson,"アイリス・ワトソン,爱丽丝华生"
haruka_(suit)_(blue_archive),伊草ハルカ(スーツ)
noa-senpai_wa_tomodachi.,"のあ先輩はともだち。,のあ先輩はともだち,のあ先輩アートチーム"
are_you_my_master,"あなたがわたしのマスターか,月球名画,型月名画"
kageyama_shien,"影山シエン,シ絵ン,シ絵ッン"
ayesha_altugle,"アーシャ・アルトゥール,キスアシャ"
kamen_rider_faiz,仮面ライダーファイズ
lap_pov,
hermes_(ff14),ヘルメス(ff14)
hessian_(fate),
marigold,マリーゴールド
cupid,
iron_valiant,テツノブジン
tibbers,
ball_bra,玉ブラ
sea_spray,
cure_lemonade,キュアレモネード
octo_shot_(splatoon),"オクタシューター,オクタシューターレプリカ"
kyle_broflovski,"カイル・ブロフロフスキー,カイル,spkyle"
shredded_muscles,
chuugoku_usagi,中国うさぎ
maetel,"メーテル,Maetel"
aviator_goggles,パイロットゴーグル
m3_lee,M3中戦車
m1_helmet,M1ヘルメット
ronye_arabel,ロニエ・アラベル
mango,"芒果,マンゴー"
hanebado!,はねバド!
pixiv_fantasia_4,"pixivファンタジアIV,PFIV,PF4"
waist_brooch,
food_on_hair,
harukara_(7th_dragon),ハルカラ
queen_(band),
cure_lillian,キュアリリアン
gentiana_(flower),"竜胆,リンドウ"
broken_heart_hair_ornament,
t-800,"T-800,T-850,T-101,CSM-101"
viktoriya_ivanovna_serebryakov,"ヴィーシャ,ヴィクトーリヤ・イヴァーノヴナ・セレブリャコーフ"
megami_magazine_deluxe,
sinsekai_studio,"深脊界計画,sinsekai_city_project,SINSEKAI,深脊界,SINSEKAI_STUDIO"
vegapunk_lilith,"PUNK_02,リリス(猫・ベガパンク),リリス(ONEPIECE)"
hagimura_suzu,萩村スズ
u-official_(arknights),"尤里卡,エウレカ(アークナイツ),U-Official,エウレカ"
skirt_in_mouth,
bayleef,ベイリーフ
passionlip_(third_ascension)_(fate),
super_saiyan_rose,"超サイヤ人ロゼ,スーパーサイヤ人ロゼ,超サイヤ人ロゼ2,超サイヤ人ロゼ3"
nameless_king,無名の王
air_gear,"エア・ギア,エアギア"
arm_on_thigh,
metapod,トランセル
koikishi_purely_kiss,"恋騎士PurelyKiss,恋騎士"
inia_sestina,イーニァ・シェスチナ
blue_pussy,
himekawa_(shashaki),ひめかわいい姫川さん
shirai_hinako,白井日菜子
shiraishi_yoshitake,"白石由竹,脱獄王,Escape_King"
little_cocon_(umamusume),"リトルココン,リトルココン(ウマ娘)"
aigis_(persona),
hakui_koyori_(school_uniform),
momo-chan_(dagasi),
cheek-to-breast,
k5_(girls'_frontline),"K5,K5(ドールズフロントライン),K5(少女前線)"
championship_belt,チャンピオンベルト
fetus,
mega_charizard_x,メガリザードンX
nail_biting,
ping_hai_(summer_vacation)_(azur_lane),"遊興の夏?,游兴之夏"
koto_(instrument),
sequins,
stuffed_horse,
sawai_natsuha,沢井夏葉
me!me!me!_dance_(meme),
master_nemesis,ネメシス(ToLOVEる)
gale_(baldur's_gate),
romancing_saga,ゼラチナスマター
moomintroll,
holding_cue_stick,
seaport_water_oni,"港湾水鬼,超乳大要塞"
silver_choker,
yamada_hifumi,山田一二三
cutter_(arknights),"刻刀,カッター(アークナイツ)"
cherrim,チェリム
in_bubble,泡の中
hobble_dress,
scene_fashion,"scene_kid,scenekid,scenecore,Scene,シーン,シーンの子供,Scemo"
marnie_(summer_2021)_(pokemon),マリィ(21シーズン)
giacomo_(pokemon),"ピーニャ,ピーニャ(トレーナー),ピーニャ(ポケモン)"
honeypot,
kimagure_temptation,"きまぐれテンプテーション,きまテン,KimaTen"
ski_pole,
photo_bashing,フォトバッシュ
hands_on_own_crotch,
chie_(ishikei),
galarian_rapidash,"ガラルギャロップ,ギャロップ(ガラルのすがた)"
tamandua_ears,
dojo,道場
purple_bandeau,
alex_(street_fighter),"アレックス,アレックス(ストリートファイター)"
triage_x,トリアージX
ikuno_(darling_in_the_franxx),イクノ(ダリフラ)
revenant_(apex_legends),"レヴナント,レヴナント(APEX)"
na'el_(xenoblade),"ナエル(ゼノブレイド3),ナエル"
trench,"塹壕,战壕"
mako_(azuumori),
double_\n/,
natsume_yuujinchou,夏目友人帳
clamp_(circle)_(style),野生のCLAMP
eat_me,
ursula_(takunomi),ウルスラ
murasaki_shion_(magical_girl_maid),
luis_cammy,"ルイス・キャミー,ルイスキャミー,ルイスのコレクション,ルイスの盗品庫"
x-ray_film,
oribe_tsubasa,織部つばさ
shylily_(1st_costume),
holographic_touchscreen,
kusakabe_satsuki,草壁サツキ
shoebill,"ハシビロコウ,whalehead,whale-headed_stork,shoe-billed_stork"
talulah_the_fighter_(arknights),
tilted_hat,
holding_sewing_needle,
specialite_(company),
lanturn,ランターン
cruiser,巡洋艦
skull_and_crossed_swords,
mifune_fumiko,三船フミコ
noshiro_(swimsuit_mode)_(kancolle),能代(水着)
sagara_sousuke,相良宗介
yukico-tan,"ゆきこたん,雪印コーヒー擬人化イラコン"
naked_snake,
panther_chameleon_(kemono_friends),パンサーカメレオン(けものフレンズ)
shingyoku_(male),SinGyoku
wilted_ahoge,
ajiro_shinpei,"網代慎平,あじろしんぺい"
momotarou_densetsu,"桃太郎伝説,桃伝"
knuckle_hair,
multiple_animal_ears,
ichigo_(mignon),
holding_mistletoe,
luna_(konosuba),ルナ(このすば)
lyza_(made_in_abyss),"ライザ,殲滅のライザ"
iori_shirou,伊織糸郎
aizono_manami,"愛園愛美,愛美術館,画んばれ画んばれ,愛園愛美新衣装"
freesia_(flower),フリージア
cucco,コッコ
oda_nanami,織田七海
tsuruga_school_uniform,
horn_hair_ornament,
seascape,
ole_tower,俺タワー
breeding_mount,擬牝台
todoroki_touya,轟燈矢
tsukamoto_yakumo,塚本八雲
studs,
seo_yuzuki,瀬尾結月
elma_leivonen,エルマ・レイヴォネン
gakkou_de_seishun!,
coefont,"CoeFont,CoeFontSTUDIO"
louise_halevy,ルイス・ハレヴィ
mizuno_(brand),"MIZUNO,ミズノ"
colorful_background,
data_(mega_man),データ(ロックマンDASH)
cosmos_(wuthering_waves),
cosmo_(chainsaw_man),"コスモ(チェンソーマン),宇宙の魔人,宇宙の悪魔,コスモ"
ksvk_(girls'_frontline),"KSVK,KSVK(ドールズフロントライン),KSVK(少女前線)"
kotonomiya_yuki,琴乃宮雪
vanilla_the_rabbit,ヴァニラ・ザ・ラビット
girlish_number,"ガーリッシュナンバー,Girlish_Number"
ushiromiya_lion,右代宮理御
liv:_eclipse_(pgr),蚀暗
dan_feng_(honkai:_star_rail),
hand_on_goggles,
securityboo_(zenless_zone_zero),
viridi,"自然王ナチュレ,ナチュレ"
zippo_lighter,
brown_dust,"브라운더스트,ブラウンダスト,ブラダス,browndust,bravenine,Brave_Nine"
sanka_rea,散華礼弥
orange_hood,
tanigawa_yuzu,"ソデコ,谷川柚子"
hitori_bocchi,一里ぼっち
ryugasaki_rene_(2nd_costume),
mega_man_2,"ロックマン2Dr.ワイリーの謎,ロックマン2,Dr.ワイリーの謎"
antelope_ears,
yotsubato!_pose,
bruise_on_leg,
chaperon_hat,
ots-14_(sangria_succulent)_(girls'_frontline),
tom_nook_(animal_crossing),たぬきち
mochizuki_momiji,望月紅葉
rebecca_(fire_emblem),"レベッカ,レベッカ(烈火の剣)"
file,
how_to_train_your_dragon_(series),"ヒックとドラゴン,驯龙高手,HTTYD"
reality_arc_(sinoalice),
phantom_kingdom,ファントムキングダム
normin_(tales),
rathalos_(armor),"レウス装備,レウス,リオレウス装備"
caveman,原始人
hourou_musuko,放浪息子
needle_knight_leda,針の騎士レダ
necrophilia,"屍姦,死姦"
abarai_renji,阿散井恋次
noble_phantasm_(fate),宝具
swadloon,"クルマユ,くるまゆ,Couverdure,Folikon,Свадлун,คูรูมายุ,두르쿤,宝包茧,寶包繭"
iwato_suzume,岩戸鈴芽
gullveig_(fire_emblem),"グルヴェイグ(ファイアーエムブレム),グルヴェイグ"
blue_rose_(tiger_&_bunny),ブルーローズ
kamisaki_hikaru,
vf-25,
natasha_(honkai:_star_rail),"娜塔莎,natasha"
lip_ring,
sadamori_himeka,定盛姫歌
aesc_(savior)_(fate),
type_100_smg,"一〇〇式機関短銃,100式機関短銃"
super_robot_wars_x-omega,スーパーロボット大戦X-Ω
yukari_(princess_connect!),"ユカリ(プリコネ),ユカリ,綾瀬ゆかり"
armored_core:_for_answer,アーマード・コアフォーアンサー
paseri_(cookie),"PSR姉貴,おっぱい保育士"
dial,"指針面,文字盤,目盛盤"
bath_of_blood,血風呂
burmecian,
clapperboard,"🎬,カチンコ"
tank_destroyer,架空戦車
sagittarius_(symbol),
snail_girl,カタツムリ娘
jiraiya_(naruto),"自来也,自来也(NARUTO)"
javelin_(beach_picnic!)_(azur_lane),"ビーチピクニック!,沙滩野餐会"
mewo,
orange_buruma,オレンジブルマ
shin_kamen_rider,シン・仮面ライダー
tachibana_kimika,橘希実香
tayelle_ebonclaw,tayelle_ar'mendin
republic_of_china_flag,"🇹🇼,青天白日満地紅,青天白日滿地紅,青天白日满地红"
imageboard_colors,
itou_nobue,伊藤伸恵
lilique_kadoka_lipati,リリッケ・カドカ・リパティ
ink_on_face,
yuusha_no_kuse_ni_namaiki_da,"勇者のくせになまいきだ,ゆうなま"
print_capelet,
chuchu_(show_by_rock!!),"チュチュ(SHOWBYROCK!!),チュチュ"
tobacco,"たばこ,煙草,莨,담배,烟叶"
hatsuyume,"初夢,一富士二鷹三茄子"
kiana_kaslana_(valkyrie_ranger),
momone_momo,桃音モモ
oscar_francois_de_jarjayes,"オスカル・フランソワ・ド・ジャルジェ,奥斯卡,凡尔赛玫瑰奥斯卡"
murakumo_(senran_kagura),"叢(閃乱カグラ),叢"
diluc_(red_dead_of_night)_(genshin_impact),
red_carnation,
kuraki_suzuna,倉木鈴菜
cynthia_(fire_emblem),シンシア(ファイアーエムブレム)
marching,
joukamachi_no_dandelion,城下町のダンデライオン
hu-li_the_jewel_mikanko,珠の御巫フゥリ
black_negligee,
takamori_haruka,鷹守ハルカ
izumi_reina,和泉玲奈
marco_polo_(azur_lane),"マルコ・ポーロ,马可波罗,マルコ・ポーロ(アズールレーン)"
mankanshoku_sukuyo,満艦飾好代
educational,"教育,教育的,교육,교육적"
titanic_(movie),"Titanic,タイタニック"
hippogriff_(fate),
impasto,厚涂
megami_tensei,"デジタル・デビル物語女神転生,デジタルデビル物語,デジタル・デビル・ストーリー,デジタルデビルストーリー,新デジタル・デビル・ストーリー,新デジタルデビルストーリー,魔都の戦士,転生の終焉"
zeri_(league_of_legends),"Zeri,zeri,ゼリ"
koimonogatari,恋物語
team_flare,フレア団
security_guard,警備員
politician,
bug_bite,
dimension_w,"DimensionW,ディメンションW"
snowflake_pendant,
snowflake_hat_ornament,
snow_sculpture,雪像
sitting_on_wall,
justice_league,"ジャスティスリーグ,ジャスティス・リーグ,JusticeLeague,justiceleague"
futaba_riho,"ヴァリホ,双葉理保"
kawai_rie,河合理恵
fourragere,fourragère
star_guardian_ahri,
e-liter_4k_(splatoon),リッター4K
owari_(shimmering_forsythia)_(azur_lane),波閃かすサマーサン
shiro_(mignon),
flower_(vocaloid3),v_flower
acolyte_(ragnarok_online),"アコライト,アコ"
roasting,
colt_9mm_smg,
florence_nightingale_(santa)_(fate),ナイチンゲール〔サンタ〕
ashikaga_chachamaru,足利茶々丸
iguana,イグアナ
reverse_princess_carry,
oda_eiichirou_(style),"尾田栄一郎,野生の尾田,野生の尾田栄一郎"
van_gogh_(second_ascension)_(fate),
kaede_to_suzu,楓と鈴
danganronpa_10th_anniversary_costume,
elena_olegovna_owen,エリナ・オレゴヴナ・アヴェーン
evil_eye_sigma,"イビルアイ∑,이블아이Σ"
rico_(mega_man),"RiCO,リコ,RiCO(ロックマン),リコ(ロックマン)"
aikawa_megumi,逢川めぐみ
enomoto_takane,"榎本貴音,遥貴"
selesia_upitiria,"セレジア・ユピティリア,賽蕾嘉·尤比緹利亞"
ayumu_(blue_archive),"岩櫃アユム,이와비츠아유무"
millium_orion,ミリアム・オライオン
stuck_in_a_box,
frozen_lake,
kamikaze_kaitou_jeanne,神風怪盗ジャンヌ
kamen_rider_double,
airplane_arms,ブーン
sheaf,
yamato_suzuran,大和鈴蘭
kamen_rider_build,"仮面ライダービルド,ビルド"
suicide_boy,"자살소년,自殺少年"
green_boots,
anneliese,アンネリーゼ
yama_raja_(elsword),
ange_katrina_(5th_costume),アンジュ・カトリーナ(普段着)
zen'in_mai,禪院真依
summon_night_5,サモンナイト5
sidecar,
pov_legs,
holding_drawing_tablet,
kingu_(fate),キングゥ
asagao_to_kase-san,"あさがおと加瀬さん,あさがおと加瀬さん。,Kase-san"
floral_print_sleeves,
politoed,ニョロトノ
rellana_twin_moon_knight,双月の騎士レラーナ
dogfight,
rally_car,"ラリーカー,ラリー"
nel_(fire_emblem),エル(ファイアーエムブレム)
molten_metal,
izanagi_(persona_4),
ushiromiya_george,右代宮譲治
blindfold_slip,
grovyle,ジュプトル
guilty_gear_strive_x_tower_records,
pulling_own_ear,
stroller,ベビーカー
koi_to_senkyo_to_chocolate,恋と選挙とチョコレート
kaname_madoka_(sexy_madoka),セクシーまどか
neet_de_otaku_na_kunoichi_to_naze_ka_dousei_hajimemashita,"Somehow,_I_Started_Living_With_a_NEET_Otaku_Kunoichi,ニートくノ一,ニートでオタクなくノ一となぜか同棲はじめました,neet_kunoichi"
zaraki_kenpachi,更木剣八
romulus_quirinus_(fate),ロムルス=クィリヌス
skunk_girl,
kanojo_mo_kanojo,"カノジョも彼女,kanokano"
graviton_beam_emitter,重力子放射線射出装置
nina_(thief)_(fire_emblem),
nina_(breath_of_fire_iv),ニーナ(BOF4)
shuumatsu_no_valkyrie,終末のワルキューレ
making_faces,
kirara_(arknights),"绮良,キララ(アークナイツ)"
san-x,サンエックス
chamomile,カモミール
akebono_(swimsuit_mode)_(kancolle),曙(水着)
individuals_(idolmaster),インディヴィジュアルズ
flinch,
akatsuki_miho,暁光穂
lavenza_(persona_5),ラヴェンツァ
andira_(summer)_(granblue_fantasy),
500_dollar_four_foot_tall_mareep_(meme),
cross_pendant,
listening,
ryuk,
mega_mawile,メガクチート
go-kart,ゴーカート
bow_camisole,
mega_milk,
snow_on_tree,
unworn_cloak,
ak-15,АК-15
carving,
howe_(azur_lane),"ハウ(アズールレーン),豪"
earthworm,
bracelet_girls,ブレスレットの子
mother_1,MOTHER
nissan_fairlady_z,"nissan_z,fairlady_z,フェアレディz"
kokoro_connect,ココロコネクト
taurus_(symbol),
skadi_(the_next_afternoon_tea)_(arknights),
windshield,フロントガラス
star_wars:_revenge_of_the_sith,シスの復讐
multiple_style_parody,
striped_cardigan,
curtain_call_challenge_(meme),curtaincallChallenge
professor_layton,"レイトン教授,雷顿教授,LYTN腐"
erica_fontaine,エリカ・フォンティーヌ
anubis_(houtengeki),
zuko,"祖寇,ズーコ王子,ズーコ,ズーコ(アバター伝説の少年アン)"
arm_out_of_frame,
sleeveless_jumpsuit,
sakenomi_(cookie),サケノミ
c2_kikan,"C2機関,株式会社C2プレパラート"
star_ocean_integrity_and_faithlessness,"スターオーシャン5,SO5"
alia's_carnival!,
pokemon_center,"ポケモンセンター,ポケセン"
pokemon_cafe_remix,ポケモンカフェミックス
omake,"御負け,おまけ"
quistis_trepe,キスティス・トゥリープ
blue_gakuran,"青ラン,青学ラン"
aron,ココドラ
cresselia,クレセリア
maaryan_(to_heart),"まーりゃん先輩,まーりゃん"
lillia_(league_of_legends),"リリア,lillia"
super_mario_bros._3,スーパーマリオブラザーズ3
mareanie,ヒドイデ
horseshoe_print,
split-color_clothes,
droid,ドロイド
anpanman,"アンパンマン,それいけ!アンパンマン,擬人化アンパンマン"
yamask,デスマス
yurizaki_mira,"百合崎ミラ,百合崎・ミラ"
ash_(fire_emblem),"アシュ,アシュ(ファイアーエムブレム),アシュ(FE)"
pussy_sandwich,おまんこサンドイッチ
kimono_dress,
the_lovers_(tarot),
bandaid_on_ear,
rukawa_kaede,流川楓
tetsuwan_atom,"鉄腕アトム,铁臂阿童木"
parakeet,インコ
dazai_osamu_(bungou_stray_dogs),"太宰治,太宰治(文豪ストレイドッグス),Dazai"
sonic_the_hedgehog_(2006),新ソニ
reindeer_hood,
aneros,エネマグラ
amahane_madoka,天羽まどか
crystal_tail,
reki_(haibane),"礫,レキ"
rapi_(classic_vacation)_(nikke),ラピ:クラシックバカンス
isla_(plastic_memories),"アイラ,アイラ(プラメモ)"
vira_(summer)_(granblue_fantasy),
warwick,
finger_under_clothes,
kusunoki_midori,楠木みどり
chat_noir,"シャノワ,シャノワール(レディバグ)"
mogeko_castle,"モゲコキャッスル,Mogeko_Castle,MogekoCastle"
ouro_kronii_(new_year),オーロ・クロニー(正月衣装)
ushimi_ichigo,"宇志海いちご,いちごのあとりえ"
hammerhead_shark,シュモクザメ
blood+,BLOOD+
heian,平安時代
shisui_kiki,"紫水キキ,絵描キキ"
agemasen!_(meme),あげません!
hanazono_hahari,花園羽々里
yellow_serafuku,
gae_buidhe_(fate),
cnoc_na_riabh_(fate),"ノクナレア,ノクナレア(Fate)"
cloud_background,
giant_mushroom,大きな茸
anne_bonny_(swimsuit_archer)_(fate),アン・ボニー&メアリー・リード(水着)
balloon_animal,
seal_script,"篆書,篆书,篆書体,大篆,小篆,전서"
marine_day,海の日
mixed_gender_duel,
mary_skelter,"メアリスケルター,神獄塔メアリスケルター"
ako_(track)_(blue_archive),
2nd_popularity_poll_(boku_no_hero_academia),U.A.QUEST
fuyou_kaede,芙蓉楓
the_great_ace_attorney_2:_resolve,大逆転裁判2
osakabehime_(swimsuit_archer)_(second_ascension)_(fate),
helena_douglas,"エレナ・ダグラス,エレナ(DOA)"
pool_party_(league_of_legends),poolparty
lakitu,ジュゲム
oda_kippoushi_(fate),織田吉法師(Fate)
taiko_no_tatsujin,太鼓の達人
camazotz_(fate),"カマソッソ(Fate),勇者王カマソッソ"
surge_(pokemon),"マチス,マチス(トレーナー)"
suppository,
firion,フリオニール
dim_sum,"廣式點心,广式点心,點心,点心,딤섬"
ayasaki_hayate,綾崎ハヤテ
cow_girl_(goblin_slayer!),"牛飼娘,牛飼娘(ゴブリンスレイヤー)"
hiyori_(princess_connect!),"春咲ひより,ヒヨリ(プリコネ),ヒヨリ"
an-an_lee,"泥鯭的士,リー・アンアン"
hiuchidani_mei,火打谷愛衣
biblically_accurate_angel,
creepypasta,
hitou_nami,日塔奈美
sleep_talking,
red_innertube,
hydrapple,カミツオロチ
entrails,
fan_over_face,
imminent_fingering,
can't_show_this_(meme),"自主規制君,見せられないよ,見せられないよ!"
aisha_clanclan,エイシャ・クランクラン
passenger_(arknights),"异客,パッセンジャー(アークナイツ)"
lowered_eyelids,
angry_sex,
raiden_mei_(lightning_empress),雷電女王の鬼鎧
kazooie_(banjo-kazooie),"カズーイ(バンジョーとカズーイの大冒険),カズーイ,ドラゴンカズーイ"
blood_sword,
gager_(girls'_frontline),"ゲーガー(ドールズフロントライン),计量官(少女前线),計量官(少女前線),计量官,計量官"
marikawa_shizuka,鞠川静香
hoshizora_e_kakaru_hashi,星空へ架かる橋
shiranui_kensetsu,"不知火建設,しらけん"
purple_liquid,
double_bikini,
tamagotchi_(classic),たまごっち
dorothea_arnault_(plegian),
kagamine_rin_(append),"鏡音リンappend,鏡音リンアペンド"
tsukishima_shijima,月島しじま
raimon_natsumi,"雷門夏未,夏未,円堂夏未"
spiked_shoes,
reinhardt_(fire_emblem),ラインハルト
ichinose_uruha_(6th_costume),
flower_focus,
paper_mario_(character),
masanori_sato_(style),"佐藤正徳,野生の佐藤正徳"
combee,ミツハニー
sugamo_mutsuki,巣鴨睦月
sudowoodo,ウソッキー
monokini,モノキニ
miyake_hinata,三宅日向
reminiscence,レミニセンス
dog_on_head,
serena_(sygna_suit)_(pokemon),マジコスセレナ
on_banana,
sonia_(zelda),"ソニア,ソニア(ティアーズオブザキングダム)"
tsurugi_minko,鶴来民子
elfilin,エフィリン
kotetsu_isane,虎徹勇音
hijikata_toushirou,土方十四郎
bend,
page_tear,
padisarah_flower,Padisarah
theater_seating,
pixels,
kafka_(arknights),"卡夫卡,カフカ,カフカ(アークナイツ)"
wa2000_(ballroom_interlude)_(girls'_frontline),舞踏会の休止符
cutout_below_navel,
summoner_(final_fantasy),召喚士
piyomon,ピヨモン
ganesha_(fate),"ジナコ,ガネーシャ,ジナコ=カリギリ,大いなる石像神"
comiket_88,c88
solosis,ユニラン
houshou_marine_(8th_costume),
terror_(azur_lane),"恐怖(碧蓝航线),テラー(アズールレーン),テラー"
swimsuit_over_clothes,
katou_umi,加藤うみ
avrora_(azur_lane),"阿芙乐尔(碧蓝航线),アヴローラ(アズールレーン),アウロラ(アズールレーン)"
matsuoka_rin,"松岡凛,宗凛"
meerkat_tail,
ruri_dragon,ルリドラゴン
vibrator_bulge,
holohoneygaoka_high_school_uniform,
behind_tree,
shroomish,キノココ
mankanshoku_matarou,満艦飾又郎
glass_wall,
piggy_bank,
single_loose_sock,
anemo_nemo,姉母ネモ
hadouken,波動拳
tenko_shibuki,"shibuki_art,텐코시부키,天狐紫吹"
jk-chan_(oouso),
blue_shrug,
fukumoto_nobuyuki_(style),福本伸行
opal_(pokemon),"ポプラ,ポプラ(トレーナー)"
admiral_nakhimov_(azur_lane),"アドミラル・ナヒーモフ(アズールレーン),アドミラル・ナヒーモフ,纳希莫夫海军上将"
haruru_minamo_ni!,はるるみなもに!
space_shuttle,
idol_time_pripara,"アイドルタイムプリパラ,아이돌타임프리파라"
fold-over_collar,
saotome_mary,早乙女芽亜里
sumaga,
shishiro_botan_(new_year),獅白ぼたん(正月衣装)
nagatsuki_sanae,長月早苗
gold_panties,
super_gt,"SUPERGT,スーパーGT,全日本GT選手権,JGTC,GT500,GT300"
buddha,"仏,仏様,仏陀,如来"
arabian_oryx_(kemono_friends),アラビアオリックス(けものフレンズ)
purikura,"プリクラ,プリント倶楽部,大头贴"
cool_(gundam_suisei_no_majo),
advance_wars,ファミコンウォーズ
reno_(biggest_little_cheerleader)_(azur_lane),"波濤のチアリーダー,波涛的啦啦队长!"
9a-91,9А-91
toyota_supra,スープラ
panzer_waltz,"钢铁华尔兹,鋼鐵華爾茲,鋼鉄のワルツ,강철의왈츠,panzer_waltz,metalwaltz"
haruna_(aoki_hagane_no_arpeggio),ハルナ(蒼き鋼のアルペジオ)
no_neckwear,
no-show_socks,
golden_egg_(splatoon),"金イクラ,金鲑鱼卵"
momo_(kancolle),"桃,桃(艦隊これくしょん),桃(艦これ)"
stone_pillar,石柱
diola_(granblue_fantasy),ジオラ
jeff_andonuts,"ジェフ・ドーナッツ,ジェフ(MOTHER)"
xenosaga_episode_i,
red_fundoshi,
family_computer_robot,"ファミリーコンピュータロボット,奇跡のカーニバル"
orange_umbrella,
spotted_tail,
musume_(yuunama),"ムスメ,魔王のムスメ,ムスメ(勇者のくせになまいきだ),badmella"
kuronuma_sawako,"黒沼爽子,黑沼爽子"
food_truck,
hawaiian_clothes,
room_you_can't_get_out_of_unless_you_x_(meme),"○○しないと出られない部屋,〇〇しないと出られない部屋,セックスしないと出られない部屋,不xx就不能出去的房间"
cure_parfait,キュアパルフェ
kushida_kikyou,櫛田桔梗
unicorn_horn,
slurping,
motto!_haramase!_honoo_no_oppai_isekai_oppai_maid_gakuen!,もっと!孕ませ!炎のおっぱい異世界おっぱいメイド学園!
super_saiyan_god,"超サイヤ人ゴッド,スーパーサイヤ人ゴッド"
bus_stop_sign,
nyoro~n,にょろーん
mini_cooper,"ミニ,ミニ・クーパー,ミニクーパー"
ninjutsu_research_club_(blue_archive),忍術研究部
iceberg,"氷山,冰山"
tohsaka_aoi,遠坂葵
cabin,
ore_no_kanojo_to_osananajimi_ga_shuraba_sugiru,"俺の彼女と幼なじみが修羅場すぎる,俺修羅"
kaleina_(ricegnat),
star_butterfly,"StarButterfly,スター・バタフライ,スターバタフライ"
speech_stab,
cinnamon_roll,"cinnamon_bun,肉桂卷"
sapling,
thompson/center_contender,"トンプソン・コンテンダー,コンテンダー"
garou_(one-punch_man),"ガロウ(ワンパンマン),饿狼"
noivern,オンバーン
blackletter,ブラックレター
ebony_&_ivory,
bakuretsu_hunters,"爆れつハンター,ばくれつハンター"
no_nut_november,NNN
kuroe_(madoka_magica),"黒江(マギアレコード),黒江,黒江(魔法少女まどか☆マギカ外伝),黑江"
planetarian,planetarian
clare_(claymore),クレア
apple_tree,
pokemon_rgby_(prototype),
geisha,芸者
koyoi_(iroha_(iroha_matsurika)),
tamade_chiyu,"チュチュ,玉出ちゆ,珠手ちゆ,CHU2"
ghost_sweeper_mikami,"GS美神,GS美神極楽大作戦!!"
falinks,タイレーツ
agarest_senki,アガレスト戦記
kumai_natsu,
serving_cart,
chigiri_hyoma,千切豹馬
plaid_blanket,
ezio_auditore_da_firenze,"エツィオ,エツィオアウディトーレ,Ezio"
striped_sash,
sharing,
the_monkey,モンキーダンス
hands_on_own_feet,
ballroom,
sideless_leotard,
rabbit_earmuffs,
cz75_(girls'_frontline),"CZ75(ドールズフロントライン),Cz75,CZ75(少女前線)"
iris_(asteroid_ill),
qian_renxue_(douluo_dalu),"千人雪,千仞雪"
nihilister_(nikke),"ニヒリスター(勝利の女神:NIKKE),ニヒリスター"
suiten_nikkou_amaterasu_yanoshisu_ishi,水天日光天照八野鎮石
tabitha_(dq5),
chocolate_print,
elbow_spikes,
eiserne_jungfrau,
dark_matter_(kirby),"ダークマター(カービィ),リアルダークマター"
flying_car,
wu_zetian_(swimsuit_caster)_(fate),武則天(水着)
marley_military_uniform,
tsukiumi,月海
cherino_(hot_spring)_(blue_archive),チェリノ(温泉)
warlock_(granblue_fantasy),ウォーロック
yuudachi_(halloween_mode)_(kancolle),夕立(ハロウィン)
flower_ring,
ayase_saki,綾瀬沙季
ethyria,Ethyria
carmilla_(swimsuit_rider)_(third_ascension)_(fate),
wink_star,
night_angel_(last_origin),"나이트엔젤,B-11,ナイトエンジェル,나이트앤젤,B-11_나이트_앤젤"
kase_tomoka,加瀬友香
grizzly_win_mag,"LARグリズリー,グリズリー・ウィンマグ"
teekyuu,てーきゅう
jellicent,ブルンゲル
pt_imp_group,PT小鬼群
shikimori_miyako,"式守さん,式守みっちょん,式守みっちょん(可愛いだけじゃない式守さん),式守都"
shikai_no_sumi_kuchiru_oto,"視界の隅_朽ちる音,What_to_raise"
legs_grab,
onegai_twins,"おねがいツインズ,おねがい☆ツインズ"
unworn_apron,
nyx_(fire_emblem),ニュクス(FEif)
a_certain_high_school_gym_uniform,
erina_pendleton,エリナ・ペンドルトン
beam_(chainsaw_man),"ビーム(チェンソーマン),サメの魔人"
snorkel_in_mouth,
gold_saint,黄金聖闘士
kamiyama_shiki,神山識
stretched_limb,
multicolored_armor,
submarine_sandwich,
kaalaa_baunaa,"伽菈波那,カーラ・ボナー"
new_jersey_(midsummer_leisure)_(azur_lane),盛夏のレジャータイム
discord,ディスコード
double_insertion,
scallop,
brushing_tail,
youkan_(food),"羊羹,ようかん"
cetoddle,アルクジラ
ilya_kuvshinov_(style),
mega_lucario,メガルカリオ
frederica_nikola_tesla,"フレデリカ・ニコラ・テスラ,芙蕾德莉卡·尼古拉·特斯拉,尼古拉·特斯拉,特斯拉"
elizabeth_bathory_(halloween_caster)_(fate),ハロウィンエリザ
lobotomy_corporation_(identity)_(project_moon),
woman_yelling_at_cat_(meme),Woman_Yelling_at_a_Cat
tetrapod,テトラポッド
nikaidou_shinku,二階堂真紅
crystal_star_(sailor_moon),
girly_running,女の子走り
takabushi_kengo,高伏ケンゴ
ikezawa_kazuma,池沢佳主馬
girl_(mokufuu),
mashu_(control),"真朱,真朱(C)"
accessory_tan,
pink_rope,
kimura_kaere,木村カエレ
lord_raptor,"ザベル・ザロック,ザベル"
fortune_(last_origin),"포츈,フォーチュン,フォーチュン(ラストオリジン)"
avery_(pokemon),"セイボリー(トレーナー),セイボリー"
ooto_ai,大戸アイ
suou_amane,"周防天音,あまねぇ"
guillotine,"ギロチン,断頭台,斷頭台,断头台"
nana_(kemono_friends),菜々(けものフレンズ)
weapon_between_legs,
lich_(granblue_fantasy),リッチ(グラブル)
phoenix_(tales),フェニックス(TOZ)
fairy_(jintai),妖精さん
gibson_flying_v,
munakata_hinano,宗方雛乃
tsukino_mito_(3rd_costume),"月ノ美兎(夏服),月ノ美兎(夏制服)"
ekans,アーボ
athena_(granblue_fantasy),"アテナ(神撃のバハムート),アテナ(グラブル)"
elbow_cutout,
horizon_(apex_legends),"Horizon,ホライゾン,ホライゾン(APEX),地平线,brokengravity"
dancing_stars_on_me!,Dancing_stars_on_me!
ear_fondling,
western_parotia_(kemono_friends),"カンザシフウチョウ(けものフレンズ),Gothic×Luck,ゴクラク"
removing_coat,
soup_ladle,
pyotr_(madoka_magica),
pooh,プーさん
duck_hair_ornament,
cult_of_the_lamb,カルトオブザラム
trony_(nikke),"トロニー(勝利の女神:NIKKE),トロニー"
gabriel_(granblue_fantasy),"ガブリエル,ガブリエル(グラブル)"
tifa_lockhart_(lifeguard),
royal_fortune_(azur_lane),"ロイヤル・フォーチュン(アズールレーン),ロイヤル・フォーチュン,皇家财富号"
boiling,
aegir_(iron_blood's_dragon_maid)_(azur_lane),"鉄血母港のメイドラッへ,港区的龙女仆"
trieste_(azur_lane),"トリエステ(アズールレーン),的里雅斯特"
genmu_senki_leda,幻夢戦記レダ
head_arms,
maison_ikkoku,めぞん一刻
healslime,ホイミスライム
shortcake,
heart_out_of_chest,胸から心臓
hook_(honkai:_star_rail),"虎克,フック,Hook,후크"
rosia_(show_by_rock!!),ロージア
gastrodon,トリトドン
shangri-la_(azur_lane),"シャングリラ,シャングリラ(アズールレーン),香格里拉,샹그릴라"
macross_frontier:_sayonara_no_tsubasa,サヨナラノツバサ
magia_sulfur,マジアサルファ
order_of_the_black_knights_uniform,
firefly_(jepella_rebellion)_(honkai:_star_rail),
thorn_(elizabeth_rose_bloodflame),
yin_yang_earrings,
naraka_(nijisanji),"奈羅花,奈羅ート,見ないで奈羅花"
machop,ワンリキー
tri-stringer_(splatoon),トライストリンガー
n-zap_(splatoon),"N-ZAP85,N-ZAP89,N-ZAP83"
heat_hawk,
argentinian_flag,"🇦🇷,アルゼンチンの国旗"
hanying_(pgr),"含英,清商,檀心,含英清商,含英檀心"
bill_cipher,ビル・サイファー
towel_on_arm,
seaplane_tender_princess,水母棲姫
toudou_shion,"東堂シオン,东堂诗音,ドレッシングパフェ"
shizuru_(summer)_(princess_connect!),
cum_on_tail,
char-siu,"チャーシュー,叉烧,叉焼,叉燒"
yorumi_rena_(7th_costume),"夜見れな(水着),夜見れな(踊り子)"
silk_(marvel),シルク(スパイダーマン)
love_lab_(manga),恋愛ラボ
hair_blush,
itoshiki_rin,糸色倫
vigna_(casual_vacation)_(arknights),
akino_(princess_connect!),"アキノ(プリコネ),アキノ・ウィスタリア,アキノウィスタリア,アキノ,藤堂秋乃"
yukizome_chisa,雪染ちさ
scottish_fold,
anti-eyebrow_piercing,
senjou_no_valkyria_2,戦場のヴァルキュリア2
laplace_(kamitsubaki_studio),らぷらす
holding_pitchfork,
little_sister_(navigavi),
pile_of_money,
chajinbou,
sunkern,ヒマナッツ
communism,"共産,共産趣味,共产主义,康米主义,赤いpixiv,communist"
staccato_2011,
tama_kai_ni_(kancolle),多摩改二
hanayamata,ハナヤマタ
nanashi_(ganesagi),奈々仔
raisa_pottgen,ライーサ・ペットゲン
torn_footwear,
moa_(show_by_rock!!),"モア(SHOWBYROCK!!),モア"
torn_apron,
sophia_esteed,ソフィア・エスティード
autopaizuri,セルフパイズリ
ruin_guard_(genshin_impact),
niimi_kaoru,新見薫
molotov_cocktail,火炎瓶
neck_blush,
hair_rollers,
ogre_(dq10),"オーガ,オーガ(DQ10)"
siscon,"シスコン,シスターコンプレックス,コンプレックス,だめだこのお姉ちゃん早くなんとかしないと"
volley-bu-chan_(tawawa),
crew_neck,クルーネック
skiploom,ポポッコ
st._feles_gakuen_uniform,
layer_(mega_man),"レイヤー(ロックマン),レイヤー"
lilith-soft,LiLiTH
anubis_(surio),アヌビス
sivir,希维尔
condom_in_hair,コンドーム髪留め
gloria_(summer_2021)_(pokemon),ユウリ(21シーズン)
takanashi_touka,小鳥遊十花
larvitar,ヨーギラス
koala_(one_piece),コアラ(ONEPIECE)
knight's_&_magic,"ナイツ&マジック,Knight's&Magic,骑士&魔法,ナイツマ"
cottonee,モンメン
fujimaru_ritsuka_(male)_(true_ether_chaldea_uniform),第五真説要素環境用カルデア制服
jeanne_d'arc_(azur_lane),"ジャンヌ・ダルク(アズールレーン),圣女贞德"
enforcer_(arknights),"见行者,エンフォーサー(アークナイツ)"
golden_sun,黄金の太陽
ak74m_(girls'_frontline),"AK-74M(ドールズフロントライン),AK74M(ドールズフロントライン)"
mr._koiwai,"とーちゃん,小岩井,小岩井葉介"
project_x_zone,"プロジェクトクロスゾーン,PXZ"
batou_(gits),バトー
pengy_(granblue_fantasy),"ペンギー,ペンギー(グラブル)"
shigure_kira,"时雨绮罗,時雨綺羅"
crazy_ones,"奇点时代,奇點物語,シンギュラリティ×ラブストーリー,シンギュラリティxラブストーリー,シンラブ"
unknown_mother_goose_(vocaloid),アンノウン・マザーグース
grand_sphere,グランスフィア
zone-tan,"ゾーンたん,ぞーんたん,zonetan"
bat_brooch,
zz_gundam,"ZZガンダム,MSZ-010"
zone_of_the_enders_2,アヌビスゾーンオブエンダーズ
bisharp,キリキザン
multicolored_shoes,
kitsune_udon,きつねうどん
pencil_as_mustache,
ump9_(shiba_investigator)_(girls'_frontline),
sky:_children_of_the_light,"Sky星を紡ぐ子どもたち,thatskygame,光遇,sky光遇"
cap'n_cuttlefish,"アタリメ司令,craig_cuttlefish"
microscope,"🔬,显微镜,顕微鏡,けんびきょう,マイクロスコープ"
beagle_(arknights),"米格鲁,ビーグル,ビーグル(アークナイツ)"
xerneas,ゼルネアス
eriko_(summer)_(princess_connect!),
pensive,
saga_frontier_2,"サガフロンティア2,サガフロ2"
sai_(naruto),"サイ(NARUTO),サイ,山中サイ"
klin_(girls'_frontline),"KLIN(ドールズフロントライン),KLIN(少女前線),KLIN"
detective_pikachu_(series),名探偵ピカチュウ
ichinose_hajime,一ノ瀬はじめ
finneon,ケイコウオ
capybara_(kemono_friends),カピバラ(けものフレンズ)
iwanaga_kotoko,岩永琴子
kobuchizawa_shirase,小淵沢報瀬
kohinata_aoi_(dokidoki_sister_aoi-chan),小日向葵
suzuna_(princess_connect!),"スズナ(プリコネ),スズナ,美波鈴奈"
flamme_(sousou_no_frieren),フランメ
nidoran,ニドラン
catra,
phantom_(gavis_bettel),
sallet,
deerling,シキジカ
unworn_hoodie,
akechi_kokoro,明智小衣
yostar,"上海悠星,Yostar,yostar"
field_ration,レーション
otonashi_meru,音無芽留
konoha_(kagerou_project),コノハ
covered_pectorals,
elize_lutus,エリーゼ・ルタス
mohammed_avdol,"モハメド・アヴドゥル,アヴドゥル"
deathsmiles,デススマイルズ
hair_straightener,
yakin_byoutou,"夜勤病棟,夜勤病栋,야근병동"
ttgl_eyecatch,
tsunomaki_watame_(loungewear),
sonic_rush,"ソニック・ラッシュ,ソニックラッシュ"
nao_(kuzuyu),ナオ
fia_the_deathbed_companion,"死衾の乙女フィア,死衾の乙女、フィア"
fidough,パピモッチ
tsukuyo_(gintama),月詠
the_dark_urge_(baldur's_gate),"邪念,ダークアージ,the_dark_urge"
off_(game),OFF
isurugi_futaba,"石動双葉,ふたかお"
ishikawa_goemon_xiii,"十三代目石川五ェ門,石川五ェ門,五ェ門"
viego_(league_of_legends),
yuubari_kai_ni_(swimsuit_mode)_(kancolle),夕張改二(水着)
vietnam,"ベトナム,Việt_Nam,越南,베트남"
atlantic_puffin_(kemono_friends),"ニシツノメドリ(けものフレンズ),パフィン(けものフレンズ)"
steam_delivery_girl,Steamセールちゃん
flyable_heart,FlyableHeart
marina_(qipao)_(blue_archive),池倉マリナ(チーパオ)
hand_on_sheath,
marin_(zelda),マリン(夢をみる島)
maria_campbell,マリア・キャンベル
thief,
dollhouse_view,
edamame,枝豆
kajiki_yumi,
shylily_(bikini),
vittorio_veneto_(the_flower_of_la_spezia)_(azur_lane),"ラスペツィアの花,拉斯佩齐亚之花"
cross-laced_shoes,
striped_hat,
hat_horns,
age_conscious,
mixing,
gawr_gura_(new_year),がうる・ぐら(正月衣装)
eavesdropping,盗み聞き
thors_military_academy_branch_campus_uniform,
hooded_kimono,
tanuki_(kemono_friends),"タヌキ,タヌキ(けものフレンズ)"
domon_kasshu,"ドモン,ドモン・カッシュ"
headlight_beam,
magnetism,
frilled_pants,
lie_ren,
ursula_(fire_emblem),"ウルスラ,ウルスラ(FE)"
cure_sky_(dark),ダークキュアスカイ
saru_(style),
nerine,ネリネ
walter_white,"ウォルター・ホワイト,WalterWhite"
clockwork_rabbit,CLOCKWORK_RABBIT
luo_xiaohei_(human),
blackberry_(fruit),ブラックベリー
tamura_yukari,"田村ゆかり,たむらゆかり"
wa2000_(op._manta_ray)_(girls'_frontline),熱帯魚のいたずら
uryuu_ryuunosuke,雨生龍之介
polka_dot_trim,
kyurem,キュレム
spiked,
gaius_julius_caesar_(fate),ガイウス・ユリウス・カエサル(Fate)
toudou_naoya,"ピアスの少年,藤堂尚也,鳴海優也,朱雀院慈平,boy_with_earring"
lucia:_dawn_(pgr),"露西亚,黎明"
cooperative_buttjob,W尻コキ
scopedog,スコープドッグ
puss_in_boots:_the_last_wish,"長ぐつをはいたネコと9つの命,ながぐつをはいたネコと9つのいのち"
yellow_scales,
nora_to_oujo_to_noraneko_heart,"ノラと皇女と野良猫ハート,ノラとと,nora_to_koujo_to_noraneko_heart"
yamato_(uchuu_senkan_yamato),"宇宙戦艦ヤマト,ヤマト"
rockrock_(arknights),"洛洛,舟洛洛,ロックロック(アークナイツ)"
arcana_(reverse:1999),阿尔卡纳
words_worth,"ワーズ・ワース,ワーズワース"
shirogane_noel_(7th_costume),
sheffy_(princess_connect!),"シェフィ(プリコネ),シェフィ,阿賀斗紫布菜"
ben_tennyson,ben_tennyson
duck_hunt,ダックハント
prattkeeping_(meme),ジュラシックポーズ
locked_slide,
kamiya_kaoru,神谷薫
crosscore,"交错战线,交错核心,ダイブロスコア,daiblos_core"
crow_(gravity_daze),クロウ
kampfer_(mobile_suit),"ケンプファー,MS-18E"
futagawa_fumi,二川二水
draculina_(last_origin),"드라큐리나,ドラキュリーナ,ドラキュリナ"
dragon_dildo,
calling_card,
eremite_(faction),"エルマイト旅団,镀金旅团"
bataan_(azur_lane),"バターン(アズールレーン),バターン,巴丹"
adjusting_collar,
shining_star,"샤이닝스타,シャイニングスター"
untied_ribbon,
sleeve_tied_shut,
nameless_bard_(genshin_impact),venti's_friend
kitt_(yu-gi-oh!),
ibuki_(dress)_(blue_archive),丹花イブキ(ドレス)
jelly_hoshiumi,"星海ジェリー,JellyHoshiumi,JellyDoodle,notsafeforjelly"
mismatched_irises,
schwarz_(skyline)_(arknights),
john_wick,ジョン・ウィック
destiny_(game),"Destiny,Destiny(ビデオゲーム),デスティニー"
cross_cutout,
bubble_head_nurse,バブルヘッドナース
hurdle,
okawaii_koto,お可愛いこと
joint_(drug),
fairey_swordfish,"フェアリーソードフィッシュ,フェアリー・ソードフィッシュ"
yang_nari,"양나리,Nari_Art,ヤン・ナリ"
bit_(gundam),
vivillon,ビビヨン
yozora_mel_(1st_costume),夜空メル(通常)
cat_breakdancing_(meme),
komori_kinoko,小森希乃子
yachi_hitoka,谷地仁花
izumi_noa,泉野明
koborii_(amaburi),コボリー
ichijou_hikaru,一条輝
venus_blade,"ヴィーナス†ブレイド,ヴィーナスブレイド"
hoshino_yumemi,ほしのゆめみ
hakubi_washuu,"鷲羽,白眉鷲羽"
mature_(kof),"マチュア,マチュア(KOF)"
rampart_(apex_legends),"ランパート,Rampart,兰伯特"
tartaglia_(delusion)_(genshin_impact),
tarutaru,"タルタル(FF11),タルタル"
reindeer_(kemono_friends),トナカイ(けものフレンズ)
g-taste,ジィ・テイスト
lu_xueqi_(zhu_xian),陆雪琪
luca_(yu-gi-oh!),龍可
intertwined_fate,"纠缠之缘,糾纏之緣,紡がれた運命,뒤얽힌_인연,Mối_Duyên_Vương_Vấn,Destino_entrelazado,Pierre_de_la_fatalité,Переплетающиеся_судьбы,Verwobenes_Schicksal,Destino_Entrelaçado,Yazgı_Taşı,Destino_intrecciato"
kamen_rider_kabuto_(series),仮面ライダーカブト
checkered_vest,
orange_innertube,
gingham_skirt,
sentimental_graffiti,センチメンタルグラフティ
family_guy_death_pose_(meme),
shiroko_(reku),しろ子
hakama_pull,
colored_armpit_hair,
in_pocket,
dragoon_(selen_tatsuki),Drawgoons
rillaboom,ゴリランダー
regal_blue_tang,ナンヨウハギ
deathlock-san,デスロックさん
giselle_gewelle,ジゼル・ジュエル
hi-nu_gundam,"Hi-νガンダム,Hiνガンダム,Hi-ν"
humagear_headphones,
red_veil,
nose_picking,鼻ほじり
layered_swimsuit,
nintendo_switch_pro_controller,プロコン
sextuplets,"六つ子,6つ子,六胞胎"
yamashiro_(swimsuit_mode)_(kancolle),山城(水着)
kemono_friends_kingdom,
sardegna_empire_(emblem),サディア帝国
very_long_sidelocks,
yashiro_nene,"八尋寧々,八尋寧寧,八寻宁宁"
gangsta_hold,
octillery,オクタン
ofuro,
throwing_person,
trembling_legs,
makura_(granblue_fantasy),マコラ
genny_(fire_emblem),ジェニー(FE外伝)
argyle_footwear,
doduo,ドードー
horizontal-striped_clothes,
repulse_(azur_lane),"反击(碧蓝航线),レパルス(アズールレーン),レパルス"
choukou_tenshi_escalayer,"超昂天使エスカレイヤー,エスカレイヤー"
fallen_of_albaz,"アルバスの落胤,灰燼のアルバス"
kurosaki_ruri,黒咲瑠璃
mirai_akari's_new_virtual_youtuber_illustration_contest,ミライアカリイラコン新VTuber
gradient_cape,
aoki_ruri,青木ルリ
magic_school_uniform_(mahou_girls_precure!),
baiheng_(honkai:_star_rail),白珩
bianca_(pokemon_heroes),"カノン,カノン(ポケモン)"
evolution_stone,
hole_in_head,
domestic_na_kanojo,"dome_x_kano,dome_kano,ドメスティックな彼女,家有女友,도메스틱한그녀,Dome×Kano,Domestic_Lover,ドメカノ,Love_Dilemma"
kaitou_kid,怪盗キッド
urahara_kisuke,浦原喜助
kelp,昆布
yonah,
siduri_(fate),"シドゥリ,シドゥリ(Fate)"
gamers!,ゲーマーズ!
chii_aruel,"チイ・アルエル,ChiiAruel"
shizune_(naruto),シズネ
helping,
lineage,"리니지,ネージュ"
alpha_(kage_no_jitsuryokusha_ni_naritakute!),"アルファ(陰の実力者になりたくて!),アルファ"
is_(kamen_rider_01),"イズ(仮面ライダーゼロワン),イズ"
belted_skirt,
tonami_yuma,"十波由真,長瀬由真"
chingling,リーシャン
allelujah_haptism,
feower_(granblue_fantasy),カトル
pixie_(ff14),
sethos_(genshin_impact),"セトス(原神),セトス,Sethos"
mysterious_heroine_x_alter_(third_ascension)_(fate),
tsuka_(handle),
elbing_(azur_lane),"エルビング(アズールレーン),エルビング,埃尔宾"
wurmple,ケムッソ
wwe,"WWE,WorldWrestlingEntertainment,ワールド・レスリング・エンターテイ,ワールドレスリングエンターテイ,ワールド・レスリング・フェデレーション,ワールドレスリングフェデレーション"
licking_leg,
lilithmon,リリスモン
lilith_(yamibou),
mars_(pokemon),マーズ(ポケモン)
v_(devil_may_cry),
lal'c_mellk_mal,ラルク・メルク・マール
yakudo_trio,躍動トリオ
nonstop_nut_november,RisuNNN
observer_alpha_(azur_lane),オブザーバー(アズールレーン)
string_tie,
ashita_no_nadja,明日のナージャ
vichya_dominion_(emblem),
makigumo_kai_ni_(kancolle),巻雲改二
adelbert_steiner,
rainbow_text,
body_control,"肉体操作,操り,強制ダンス"
houlen_yabusame,"鳳聯藪雨,藪雨,凤联薮雨,やぶつば,神社组"
nadeko_(cookie),"NDK姉貴,RMA"
on_branch,
may,
checkmark,
who_framed_roger_rabbit,ロジャー・ラビット
hakos_baelz_(casual),"ハコス・ベールズ(私服衣装),ハコス・ベールズ(私服)"
akira_ferrari,晃・E・フェラーリ
monica_von_ochs,モニカ=フォン=オックス
alyssa_(specktech),
soccer_field,
pov_bullying,
single_sleeve_past_wrist,
iihara_nao,飯井原なお
powered_buttercup,パワード・バターカップ
nemes,
angelic_angel,Angelic_Angel
ryugasaki_rene_(1st_costume),
aries_(symbol),
deidara_(naruto),デイダラ
eliza_(tekken),"エリザ,エリザ(鉄拳)"
medusa_(rider)_(third_ascension)_(fate),
sticky,"ネバネバ,粘着拘束"
panties_under_swimsuit,
counter-strike_(series),"カウンターストライク,CounterStrike"
rin_(yu-gi-oh!),リン(遊戯王ARC-V)
progress_bar,
tenochtitlan_(swimsuit_mooncancer)_(first_ascension)_(fate),
golden_delmo,ゴールデンデルモ
sailor_moon_narikiri_bra_set,セーラームーンなりきりブラセット
comiket_90,C90
devilman_crybaby,DEVILMANcrybaby
babydoll_lift,
caper_(arknights),"ケッパー(アークナイツ),ケイパー(アークナイツ),跃跃"
penis_chart,
hyuuga_hanabi,日向ハナビ
mikudayo,ミクダヨー
canyne,"ガルク,オトモがルク"
aiba_asagi,藍羽浅葱
i-504_(kancolle),
comiket_91,C91
sakaki_yumiko,榊由美子
airi_(ogami_kazuki),
camerupt,バクーダ
carmelina_(granblue_fantasy),"カルメリーナ,karmelina"
super_metroid,スーパーメトロイド
red_(sygna_suit)_(pokemon),
frost,
holding_nunchaku,
double_finger_heart,
kay_faraday,一条美雲
oshi-katsu,"推し活,oshikatsu"
desert_tech_mdr,
yaya_(machine-doll),夜々
kokkoro_(ceremonial)_(princess_connect!),
gulpin,ゴクリン
saber_lion,セイバーライオン
humpback_whale,ザトウクジラ
kamura_(rain_prophet),
1980s_fashion,
arm_on_another's_head,
holding_razor,
ookiku_furikabutte,"おおきく振りかぶって,おお振り"
florakinesis,
bilingual_text,
mare_bello_fiore,"マーレ・ベロ・フィオーレ,马雷"
on_tree,
female_fighter_(morino_donguri),戦士♀
giant_robo,ジャイアントロボ
marie_antoinette_(swimsuit_caster)_(third_ascension)_(fate),
pinstripe_pantyhose,
oversized_hat,
full-body_blush,
usa_mimi,宇佐美々
kusuriuri-san,
white_buruma,白ブルマ
fujikura_uruka,"藤倉ウルカ,fujikuLIVE,urufugang,urukart"
laffey_(retrofit)_(azur_lane),
suika_game,"スイカゲーム,合成大西瓜"
dumpster,
kamen_rider_gaim_(series),仮面ライダー鎧武
li_dailin,"Lidailin,리다이린,ダイリン"
ludvico_private_girls'_academy_school_uniform,"私立ルドビコ女学院,ルド女"
irizaki_mei,西崎芽依
italian_flag_print,
raiden_mei_(danzai_spectramancer),"雷電芽衣(断罪影舞),断罪影舞,斷罪影舞"
b-komachi_(new),新生B小町
libeccio_(swimsuit_mode)_(kancolle),リベッチオ(水着)
tokunaga_(tales),
cum_on_skirt,
rain_poncho,
sewaddle,"クルミル,くるみる,Larveyette,Strawickl,Севаддл,คูรูมีรุ,두르보,虫宝包,蟲寶包"
dollchestra,"ドルケストラ,ドルケ"
trish_(devil_may_cry),トリッシュ
zhuang_hat,
berserker_(granblue_fantasy),
holding_computer_mouse,
ecstasy,
make_a_contract,僕と契約して、魔法少女になってよ
claw_mark,
march_7th_(future_market)_(honkai:_star_rail),三月なのか(フューチャーズマーケット)
edgar_roni_figaro,"エドガー・ロニ・フィガロ,フィガロ兄弟"
muji-muji_daruma_(genshin_impact),
argus_(reverse:1999),阿尔古斯
olga_discordia,オリガ・ディスコルディア
aqua_capelet,
edging_underwear,
april_o'neil,エイプリル・オニール
baggy_shorts,
saren_(real)_(princess_connect!),"佐々木咲恋,佐々木咲恋(プリコネ)"
ford_mustang,"フォード・マスタング,フォード・ムスタング,マスタング(乗用車),マスタング"
aurora_e._juutilainen,アウロラ・E・ユーティライネン
animal_(vocaloid),"アニマル(DECO*27),アニマル"
gauze_on_face,
nahia_(some1else45),
kitagou_fumika,北郷章香
thunder,雷鳴
mae_(fire_emblem),メイ(FE外伝)
print_mask,
tears_from_one_eye,
james_moriarty_(ruler)_(fate),ジェームズ・モリアーティ(ルーラー)
buttercup_redraw_challenge_(meme),buttercupchallenge
miria_marigold_mackenzie,ミリア・マリーゴールド・マッケンジー
kiyoh_bachika,キヨウ
engineer_(tf2),"エンジニア,エンジニア(TF2)"
jessica_rabbit,ジェシカ・ラビット
green_hanfu,
wavy_sidelocks,
mini_durin_(genshin_impact),ちびドゥリン
sakra_devanam_(elsword),
seele_vollerei_(mirrored_flourishes),
magneton,レアコイル
mouth_beam,
leaf_nun_(diva),
stone_mask_(jojo),石仮面
venice,"ベニス,ベネチア,venezia,ヴェネツィア"
jack_krauser,ジャック・クラウザー
aizawa_eiko,相沢栄子
yamaha_vino,
presenting_bra,
hilda_(hilda),
extended_upskirt,
irisu_shoukougun!,いりす症候群!
trailblazer's_hat_(honkai:_star_rail),
skort,
spear_of_cassius,"カシウスの槍,cassius_no_yari"
gas_cylinder,"ボンベ,ガスボンベ"
animal_on_chest,
suzume_(princess_connect!),"スズメ,スズメ(プリコネ),天野すずめ"
padded_cloak,
karulau,"カルラ(うたわれるもの),カルラ"
registeel,レジスチル
carole_peppers,"卡萝尔,キャロル・ペッパー"
heero_yuy,ヒイロ・ユイ
stitching,
stylized_blood,
mitama_(fire_emblem),ミタマ
saotome_noa,早乙女望愛
guilty_(nikke),ギルティ(勝利の女神:NIKKE)
uryuu_minene,雨流みねね
shooting_star_hair_ornament,
team_plasma_grunt,
hojo_sophy,"北条そふぃ,そふぃ,北条索菲,そらみスマイル"
jackal_(nikke),ジャッカル(勝利の女神:NIKKE)
ymir_(queen's_blade),ユーミル
myucel_foalan,"ミュセル・フォアラン,ミュセル"
thomas_edison_(fate),トーマス・エジソン(Fate)
animegao,"アニメ顔,着ぐるみ,人偶扮演"
shurou,シュロー
all-out_attack,総攻撃チャンス
screwllum_(honkai:_star_rail),"Screwllum,スクリューガム"
ak-12_(lucia)_(girls'_frontline),
persian_(pokemon),ペルシアン
udder,
ukraine_(hetalia),とばっちり子
capybara_girl,
jagdpanzer_38(t),ヘッツァー
merchant_(dq3),
sumi-e,墨絵
guide,
red_bonnet,
rinwell_(tales),リンウェル
raven_(tales),"レイヴン,レイヴン(TOV)"
no_choker,
on_weapon,
tiese_schtrinen,ティーゼ・シュトリーネン
fur-trimmed_panties,
hand_in_pantyhose,
aerith_gainsborough_(pink_mermaid),"ピンキーマーメイド,pinky_mermaid"
kagamine_rin_(roshin_yuukai/hard_rkmix),炉心暴走
tama_project,たまぷろじぇくと
lotus_pedestal,
kinniku_buster,キン肉バスター
lotus_pod,莲蓬
double_entendre,
tsukune_(takane_lui),
kamen_rider_ooo,タトバコンボ
wisdom_cube_(azur_lane),メンタルキューブ
studded,
front_braid,
fudou_akira,不動明
pon_de_lion,"ポン・デ・ライオン,ポンデライオン"
ookami_mio_(new_year),大神ミオ(正月衣装)
lachesis_(fire_emblem),"ラケシス,ラケシス(ファイアーエムブレム)"
shin_koihime_musou,真・恋姫†無双
shimura_nana,志村菜奈
cucumber_slice,
agnes_digital_(lovely_jiangshi)_(umamusume),"愛麗♡キョンシー,デイズ・イン・ア・フラッシュ"
popotan,ぽぽたん
atem,アテム
haks,
kunimi_tama,國見タマ
brushing,
solar_panel,
bandaid_on_horn,
baphomet_(monster_girl_encyclopedia),バフォメット(魔物娘図鑑)
tuxedo_cat,
dobrynya_nikitich_(second_ascension)_(fate),
strider_hiryuu,ストライダー飛竜
cortana,コルタナ
rin_(honkai_impact),
coelacanth,シーラカンス
dobrynya_nikitich_(swimsuit_lancer)_(fate),ドブルイニャ・ニキチッチ(水着)
baphomet_(grizz),
luchador_mask,
arahashi_tabi,"아라하시_타비,아라하시타비,Tabiart,tabiclip,荒波子タビ,tabi"
shared_coat,
oversized_insect,
argyle_sweater_vest,
re_mii,レ・ミィ
elsword_(character),
rebreather,
starry_skin,
black_rope,
fuyusaka_iori,冬坂五百里
ikeda_kana,池田華菜
ryoumen_sukuna_(true_form)_(jujutsu_kaisen),
muginami,ムギナミ
edan_(sparrowl),
geoffroy's_cat_(kemono_friends),"ジョフロイネコ(けものフレンズ),ジョフのお絵かきちょう"
cyllene_(pokemon),シマボシ
twice_(boku_no_hero_academia),"分倍河原仁,トゥワイス"
mayonnaise_bottle,
holding_pill,
bow_bloomers,
crosscounter,クロスカウンター
gwenpool,"グウェンプール,グウェン・プール,格温侍,關侍"
haru_estia,ハル・エスティア
mem-mem_(precure),メンメン
eighth_rest,"八分休符,𝄾"
suomi_(korvatunturi_pixie)_(girls'_frontline),"兔耳朵山的雪妖精,兔耳朵山的雪精靈,スノウエルフ"
carp,鲤鱼
taisui_xingjun_(fate),"太歳星君(Fate),太歳星君"
missing_poster,
sharkry_(girls'_frontline_2),"夏克里,Sharkry"
huion,
kokkoro_(real)_(princess_connect!),棗こころ
kako_(kemono_friends),"カコ(けものフレンズ),カコ博士"
space_channel_5,スペースチャンネル5
red_headphones,
quercus_(arknights),"夏栎,クエルクス(アークナイツ)"
yatsu_murasaki,八津紫
insane_black_rock_shooter,インセインブラック★ロックシューター
romero_(zombie_land_saga),ロメロ(ゾンビランドサガ)
bell_tower,
funada_ui,船田初
shining_tears,"シャイニング・ティアーズ,シャイニングティアーズ"
leg_wings,
on_piano,
fila,
pumpkin_on_head,
anchor_(nikke),アンカー(勝利の女神:NIKKE)
dinosaur_boy,
three_of_diamonds,🃃
kisaragi_honey,如月ハニー
shirakawa_yuina,白河ユイナ
fur_skirt,
pendulum_clock,振り子時計
milk_tea,ミルクティー
japanese_saw,"nokogiri,鋸,胴付鋸,胴突鋸,両刃,横挽き,片刃,畦挽,あぜびき,回し引き"
caine_(the_amazing_digital_circus),caine
zyra,
nyan_cat,
hyoudou_issei,兵藤一誠
dima_(girls'_frontline),"ディーマ(ドールズフロントライン),dima"
mouth_insertion,
kanan-sama_wa_akumade_choroi,"カナン様はあくまでチョロい,カナチョロ"
mirror_maiden_(genshin_impact),ミラーメイデン
ume_(kancolle),"梅,梅(艦隊これくしょん),梅(艦これ)"
diantha_(granblue_fantasy),ディアンサ
ship_deck,
bachira_meguru,蜂楽廻
foot_wraps,
umbrella_octopus,メンダコ
nerthuz_(fire_emblem),"ネルトゥス,ネルトゥス(FEH)"
bai_winchester,파이윈체스터
khezu,フルフル
suzuka_gozen_(santa)_(fate),"鈴鹿御前(サンタ),鈴鹿サンタ"
saiki_kusuo_no_psi_nan,"斉木楠雄のΨ難,斉Ψ【腐】,齐木楠雄的灾难"
essex_(warship_girls_r),"エセックス,埃塞克斯"
tallinn_(azur_lane),"タリン(アズールレーン),タリン,塔林"
frutiger_metro,"frutigermetro,frutiger"
hori_kyouko,堀京子
ikkitousen_great_guardians,
ikeda_chizuru,池田千鶴
kinomoto_sakura_(winged_egg_crown_costume),
dining_room,
torn_neckerchief,
fuutou_shizune,風冬しずね
torn_hakama,
lilith_(fire_emblem),リリス(FEif)
iri_flina,
verniy_(saury_festival)_(kancolle),ヴェールヌイ(秋刀魚祭り)
blue_apple,
almeida_(granblue_fantasy),アルメイダ
getter-1,ゲッター1
harlequin,ハーレクイン
therion_(octopath_traveler),テリオン
piercing_hole,ピアス穴
juni_(street_fighter),"ユーニ,ユーニ(ストリートファイター)"
alternate_ears,
hanzou_academy_uniform,
paris,"パリ,巴黎"
cu_chulainn_alter_(third_ascension)_(fate),
sale,
withered,"枯れる,枯れ"
tenshi_no_3p!,天使の3P!
gunkanmaki,軍艦巻
gym_leader_badge,
death_momoi_(meme),デスモモイ
antonina_(neural_cloud),"安冬妮娜,安冬妮娜(云图计划),アントニーナ(ニューラルクラウド)"
single_tooth,
soap_dispenser,
cavall_the_2nd,カヴァスII世
hair_tuft,
boku_no_risou_no_isekai_seikatsu,ボクの理想の異世界生活
charlotte_izoard,"シャルロット・イゾアール,シャルロット"
reinhard_van_astrea,"ラインハルト・ヴァン・アストレア,ラインハルトヴァンアストレア"
apple_on_head,
sandshrew,サンド
flowers_(innocent_grey),FLOWERS
sword_mastery_academy_school_uniform,
flower_skirt,
matsumoto_rise,松本りせ
sonic_and_the_black_knight,ソニックと暗黒の騎士
chikuma_(azur_lane),"筑摩(アズールレーン),筑摩"
itabag,痛バッグ
kuma_kai_ni_(kancolle),球磨改二
hot_pants_(sbr),"ホット・パンツ,hot_pants"
beast_wars:_transformers,"ビーストウォーズ,ビーストウォーズ_超生命体トランスフォーマー"
chen_qianyu_(arknights),陈千语
thai_school_uniform,タイ学生服
chen_hai_(vestibule_of_wonders)_(azur_lane),"奇響華殿,奇奢华苑"
king_(nadia),キング
raised_fists,
koshimizu_ami,小清水亜美
sonny_brisko,"SonnyBrisko,briskart,FriskyBrisky,サニー・ブリスコー"
cherrim_(sunshine),ポジフォルム
culture_japan,
mary_jane_watson,"maryjanewatson,maryjane,MaryJane,メリー・ジェーン・ワトソン,MJWatson,mary_jane_watson,maryjanewatsonmarvel"
koyanskaya_(lostbelt_beast:iv)_(fate),"闇のコヤンスカヤ,愛玩の獣,ビーストIV:L,火皇野比売神"
susie_(kirby),秘書スージー
pecharunt,モモワロウ
calves,
bowl_stack,
bowling,ボウリング
jamie_siu,"ジェイミー(ストリートファイター),ジェイミー・シウ"
cafeteria,食堂
oneechanbara,お姉チャンバラ
improvised_weapon,
aoi_sora_(pairan),
militaria_(nikke),
grey_scales,
irisu_kyouko,入巣京子
yakuzen_kusuri,薬膳楠莉
the_king_of_fighters_'97,ザ・キング・オブ・ファイターズ'97
the_fool_(tarot),
licking_own_nipple,
mysterious_heroine_x_(third_ascension)_(fate),
cracked_mask,
arts_shirt,
nagant_m1895,"ナガンM1895,M1895"
mai_(dragon_ball),マイ(ドラゴンボール)
podium,
magical_halloween,マジカルハロウィン
dewott,フタチマル
aphelios,
asagiri_youko,朝霧陽子
open_leotard,
mashle,"マッシュル-MASHLE-,mashle:_magic_and_muscles,マッシュル"
amano_soraha,天野天葉
kallen_kaslana_(sixth_serenade),"第六夜想曲,黒羽の夜想曲"
tachibana_hinano_(1st_costume),
yamamoto_akira,山本玲
ren_kougyoku,練紅玉
natasha_romanoff,"ナターシャ・ロマノフ,NatashaRomanoff,natasharomanoff"
wrist_blades,
aoi_(princess_connect!),"アオイ(プリコネ),双葉碧,アオイ"
black_lilith_(last_origin),"블랙리리스,리리스,ブラックリリス,ブラックリリス(ラストオリジン)"
bumping,
sabrith_ebonclaw,
throwing_poke_ball,
kemono_jihen,怪物事変
quinzhee,かまくら
makaimura,魔界村
official_alternate_design,
wario_land,ワリオランド
hanamaru_youchien,はなまる幼稚園
zangoose,ザングース
panty_tag,
space_ishtar_(first_ascension)_(fate),
sovereign_(sekaiju),
mole_on_nose,
denim_vest,
hyakuya_yuuichirou,百夜優一郎
fionna_campbell,"Fionna,フィオナ"
team_magma_grunt,
tokino_sora_(streetwear),"ときのそら生誕祭ライブ,ときのそら(パーカー新衣装)"
yato_(fire_emblem),夜刀神(FEif)
model_ship,
model_tank,
cross_edge,クロスエッジ
lamia_boy,ナーガ
tall_male,
leona_kingscholar,レオナ・キングスカラー
tokai_teio_(beyond_the_horizon)_(umamusume),"ビヨンド・ザ・ホライズン,Brand-new_Friend"
emma_sheen,エマ・シーン
gokotai's_tigers,五虎退の虎
musujime_awaki,"結標淡希,むすじめあわき"
adjusting_strap,
severed_leg,
metal_gear_solid:_peace_walker,"ピースウォーカー,メタルギアソリッドピースウォーカー"
metis_(persona),メティス
carlos_oliveira,カルロス・オリヴェイラ
namari_(dungeon_meshi),ナマリ
estelle_(arknights),"艾丝黛尔,エステル,エステル(アークナイツ)"
sung_jin-woo,성진우
elephant_ears,
ohdo_yuamu,王道遊歩
tsuruta_himeko,"鶴田姫子,つるたひめこ"
love_wing_bell,Love_wing_bell
josuiji_shinri,"定水寺シンリ,JosuijiArt,shinrisque"
kyokutei_bakin_(fate),"曲亭馬琴(Fate),曲亭馬琴(FGO),曲亭馬琴,曲亭马琴(fate),曲亭马琴"
lysandre_(pokemon),フラダリ
edmond_(nu_carnival),"エドモンド,艾德蒙特,에드몬드"
syringe_gun,
shuumatsu_nani_shitemasu_ka?,"終末なにしてますか?忙しいですか?救ってもらっていいですか?,終末なにしてますか?もう一度だけ、会えますか?,終末なにしてますか?,すかすか,すかもか"
nicole_(class_of_09),
crown_bow,
meowstic_(male),
castform,ポワルン
tentacle_around_neck,
dots,
marshtomp,ヌマクロー
mario_kart_8,"マリオカート8,マリオカート8デラックス"
van_arkride,ヴァン・アークライド
beelzebumon,ベルゼブモン
glameow,ニャルマー
measuring_cup,"計量カップ,量杯"
pilot_(titanfall_2),
trinity_seven,トリニティセブン
planted_arrow,
souvenir_doll_(blue_archive),"お土産の人形,kisaki_ball"
geralt_of_rivia,"Geralt_of_Rivia,Geralt,gwynbleidd"
blade_(sesame_cake)_(honkai:_star_rail),
ifrit_(sunburn)_(arknights),
rasputin_(fate),
kanzarin_(vtuber),"カンザリン,画ンザリン,FANZAリン"
scaramouche_(shouki_no_kami)_(genshin_impact),正机之神
leonidas_(fate),レオニダス一世(Fate)
ivy_(summer)_(fire_emblem),
black_delmo,黒デルモ
tan_tan_pou,
severed_torso,
houkago_climax_girls_(idolmaster),放課後クライマックスガールズ
senri_akane,千里朱音
black_dragon_(kemono_friends),黒龍(けものフレンズ)
san-chan,サンちゃん
sano_manjirou,佐野万次郎
seven_association_(identity)_(project_moon),
vueko,"ヴエコ,ヴエロエルコ"
egg_implantation,
ryou-ouki,魎皇鬼
lilith_(evangelion),リリス
geometry,幾何学
shiranui_(azur_lane),"不知火(アズールレーン),蒲"
belt_around_waist,
patricia_thompson,"パティ・トンプソン,パトリシア・トンプソン"
holding_another's_wrists,
wild_arms_2,"ワイルドアームズ2,WA2"
enma-chan,"ENMArt,ENma"
enterprise_(warship_girls_r),"企业,エンタープライズ,エンタープライズ(戦艦少女)"
black_garter,
aciddrop_(arknights),"酸糖,アシッドドロップ(アークナイツ),Aciddrop,アシドロ"
poison_miku_(project_voltage),どくミク
leather_bikini,
maiden_in_black,"黒衣の火防女,かぼたん,火防女"
baker_nemo_(fate),ネモ・ベーカリー
ai_the_somnium_files,"AI:ソムニウムファイル,AI:ソムニウム,ファイル,AITSF"
astesia_(starseeker)_(arknights),
xiang_yu_(fate),項羽(Fate)
hand_mouth,
hand_on_mirror,
marie_antoinette_(swimsuit_caster)_(second_ascension)_(fate),
lost_ark,"로스트아크,lostark,命运方舟"
shiratama_kitsune,白玉きつね
butterfly_mask,
slither_wing,チヲハウハネ
aijou_rentarou,愛城恋太郎
ermine,
minamoto_no_raikou_(swimsuit_lancer)_(first_ascension)_(fate),
airy_(bravely_default),エアリー
argyle_shirt,
bandeau_lift,
elizabeth_thompson,"リズ・トンプソン,エリザベス・トンプソン"
porygon2,ポリゴン2
luetzow_(azur_lane),"リュッツォウ(アズールレーン),リュッツォウ,吕佐夫"
nasu_no_yoichi_(drifters),那須与一
hisabisa_ni_atta_osananajimi_ga_iroiro_to_seichou_shiteirunoni_nounai_dake_seichou_shiteinakute_douyou_shiteiru,"久々に会った幼馴染が色々と成長しているのに脳内だけ成長していなくて動揺している,幼馴染ちゃんシリーズ"
kumano_maru_(kancolle),"熊野丸(艦隊これくしょん),熊野丸(艦これ),熊野丸"
coco_(eogks),
satin_underwear,
duryodhana_(fate),ドゥリーヨダナ(Fate)
northern_parliament_(emblem),
fuuto_tantei,"風都探偵,fuuto_pi,fuutopi"
kama_(beast_iii/l)_(fate),"カーマ/マーラ,ビーストIII/L"
kiichi_hougen_(fate),"鬼一法眼(Fate),鬼一法眼"
cure_fortune,キュアフォーチュン
star_ocean_first_departure,"スターオーシャン1,so1"
kinu_kai_ni_(kancolle),
cygnus_(constellation),"はくちょう座,白鳥座,天鵝座,天鹅座,백조자리"
hachiko_of_castling,"城壁のハチコ,ハチコ,성벽의하치코,하치코"
bubblegum_crisis,バブルガムクライシス
newhalf_with_newhalf,
sakura_no_uta,"サクラノ詩-櫻の森の上を舞う-,サクラノ詩"
skull-shaped_hat,
venipede,フシデ
official_cosplay,
rolled_up_paper,
v4mirai,V4Mirai
nohara_shinnosuke,野原しんのすけ
baby_carrier,
kaga_ai,加賀愛
hoshizora_no_memoria,星空のメモリア
doll_(ib),
kurousagi_(mondaiji),黒ウサギ
lollipop_chainsaw,ロリポップチェーンソー
phrolova_(wuthering_waves),
phyllis_(little_witch_nobeta),
komaki_ikuno,小牧郁乃
lunacub_(arknights),ルナカブ(アークナイツ)
iggy_(jojo),
vayne_(league_of_legends),"Vayne,베인,ヴェイン"
blue_poison_(elite_ii)_(arknights),
zinogre,ジンオウガ
wilted_flower,
kawashiro_mitori,"河城みとり,かわしろみとり"
kawazoe_tamaki,川添珠姫
pansage,ヤナップ
hex_nail_(e.g.o),
fox_statue,
standing_leg_lock,
warzard,ウォーザード
chipp_zanuff,チップ=ザナフ
mamonomusume_to_no_seikatsu_~ramia_no_baai~,魔物娘との性活~アルラウネの場合~
southern_ocean_oni,南方棲鬼
goggles_around_breasts,
megami_device,メガミデバイス
futsuu_no_joshikousei_ga_locodol_yattemita,"普通の女子校生が【ろこどる】やってみた。,ろこどる"
lamia_hygieia,
alternate_uniform,
nijihub_(meme),Nijihub
vanilla_h,ヴァニラ・H
blazblue:_cross_tag_battle,"ブレイブルークロスタッグバトル,bbtag,BLAZBLUE_CROSS_TAG_BATTLE"
st._hilde_academy_of_magic_uniform,
toki_kureha,土岐紅巴
kochikame,"こち亀,こちら葛飾区亀有公園前派出所"
opening_another's_clothes,
live_a_live,"LIVEALIVE,ライブアライブ,ライブ・ア・ライブ"
photographer,
reactive_armor,ERA
tensa_zangetsu_(bankai),天鎖斬月
hs2000_(girls'_frontline),"HS2000,HS2000(ドールズフロントライン),HS2000(少女前線)"
seteth_(fire_emblem),セテス
sienna_(henken),
holding_clover,
kashiwa_mochi_(food),"柏餅,かしわ餅,かしわもち"
idol_(yoasobi),アイドル(YOASOBI)
zero_kara_hajimeru_mahou_no_sho,"ゼロから始める魔法の書,從零開始的魔法書,从零开始的魔法书,grimoire_of_zero"
sword_art_online:_hollow_fragment,"SAOHF,ホロウ・フラグメント"
swimwear_(module),
terastallization,テラスタル
kagaminomachi_no_kaguya,"鏡野町のカグヤ,鏡野町のカグヤ~約束の祭姫~"
steeple,尖塔
the_lion_king,"ライオンキング,超実写ライオンキング"
eiyuu_senki_ww,英雄戦姫WW
biko_pegasus_(umamusume),"ビコーペガサス(ウマ娘),ビコーペガサス"
okajima_rokuro,岡島緑郎
cat_loaf,香箱座り
cat_o-ring,
magical_mirai_miku_(2022),マジカルミライ2022
nintendo_switch_lite,NintendoSwitchLite
kirishima_(aoki_hagane_no_arpeggio),"キリシマ(蒼き鋼のアルペジオ),キリシマ"
klavier_gavin,"牙琉響也,牙琉响也"
sky_above_me_(vtuber),artaboveme
leysritt_(fate),リーゼリット
li'l_judd_(splatoon),コジャッジくん
yusuf_dikec_(meme),
capsule,
yuusha_ou_gaogaigar_final,勇者王ガオガイガーFINAL
holding_bandages,
leaning_on_weapon,
takenoko_no_sato,"たけのこの里,蘑古力"
buro_(muse_dash),"布若,ブロウ,Buro"
commander_shepard_(female),
busou_renkin,武装錬金
box_body,
arrietty,"arietty_clock,アリエッティ"
jammers,
hiyama_kiyoteru,氷山キヨテル
gourmet_research_society_(blue_archive),美食研究会
i_want_you,
frilled_cape,
susannah_manatt_(valkyrie_quicksand),スーサナ「戦乙女・熱砂」
stellar_loussier,ステラ・ルーシェ
darius_(league_of_legends),"ダリウス,다리우스"
daphne_blake,"ダフネ・ブレイク,Daphne_Ann_Blake"
objection,"異議あり!,異議あり"
shaula_(re:zero),"シャウラ,シャウラ(リゼロ)"
slay_the_princess,"殺戮公主,杀死公主,slaytheprincess,スレイ・ザ・プリンセス"
grem_(gigi_murin),
kirin_(kemono_friends),麒麟(けものフレンズ)
phanpy,ゴマゾウ
komatsu_ibuki,小松伊吹
ta_girls_school_uniform,
biker_peach,
tamiya_incorporated,タミヤ
sv001_(metal_slug),Sv-001
nagare_ryoma,流竜馬
yoshinaga_koi,吉永恋
k/da_kai'sa,
wing_tattoo,
glycine_bleumer,グリシーヌ・ブルーメール
glue,接着剤
severed_finger,
shakunetsu_no_takkyuu_musume,灼熱の卓球娘
mugen_senshi_valis,"夢幻戦士ヴァリス,ヴァリス"
riot_music,RIOTMUSIC
aquila_(symbol),
dodonpachi,怒首領蜂
zac_(league_of_legends),
double_chin,"二重アゴ,二重あご,二重顎"
mantyke,タマンタ
phantasy_star_online_2_new_genesis,"ホロ旅NGS,PSO2NGS"
drying_body,
arurandeisu,"アルランディス,アランの画廊,Rナンディス"
takahashi_keita_(yakitomato),
carnelian_(shimmering_dew)_(arknights),"卡涅利安(灿阳朝露),灿阳朝露"
gold_buckle,
red_clouds,
kokkoro_(new_year)_(princess_connect!),
annoying_dog,
after_(game),
monica_(little_witch_nobeta),モニカ
tiki_(adult)_(summering_scion)_(fire_emblem),
dipplin,カミッチュ
kirara_(phantom_in_boots)_(genshin_impact),
kinoko_no_yama,きのこの山
alchemist_(ragnarok_online),"アルケミスト,アルケミ"
choco-chan,ちょこちゃん
mankanshoku_barazou,
marblehead_(azur_lane),"マーブルヘッド(アズールレーン),マーブルヘッド,马布尔黑德"
brown_pajamas,
invincible_dragon_(last_origin),"무적의용,無敵の龍,無敵之龍"
avengers:_infinity_war,アベンジャーズ/インフィニティ・ウォー
furfrou,"トリミアン,trimmien"
pino_(jashin-chan_dropkick),"ぴの,ぴの(邪神ちゃんドロップキック)"
holding_donut,
no_reason_(umamusume),"ノーリーズン,ノーリーズン(ウマ娘)"
gold_border,
team_aqua_grunt,
finger_wagging,
konig_(call_of_duty),
archer_(disgaea),アーチャー(女)
gamer_supps,GamerSupps
holding_water,
cure_bloom,キュアブルーム
deepcolor_(arknights),"深海色,ディピカ,ディピカ(アークナイツ)"
purple_helmet,
fuu_(samurai_champloo),"フウ,香澄フウ"
mg4_(girls'_frontline),"MG4,MG4(ドールズフロントライン),MG4(少女前線)"
bonfire_(dark_souls),
cleaning_windows,
hecate_(path_to_nowhere),"赫卡蒂,ヘカテー,헤카테"
wheel_o_feet,
food_on_legs,
space_ishtar_(third_ascension)_(fate),
argyle_bow,
masquerain,アメモース
issun,
sangoku_musou_1,三國無双
tsukioka_(40hara),
fujii_tomo,藤居朋
hitmontop,カポエラー
naegino_sora,苗木野そら
98-tan,"98,はっちゃん,98たん"
sakura_ritsuki,"桜凛月,リツキあーと"
kirika_(peach88),
large_belt,
dr._mario,"Dr.マリオ,ドクターマリオ"
sweater_under_jacket,
guyrys,
fliegerhammer,フリーガーハマー
boku_no_kanojo_sensei,僕のカノジョ先生
valkyrie_drive_-siren-,ヴァルキリードライヴセイレーン
hori_masayuki,堀政行
sweetheart_(omori),SWEETHEART(OMORI)
prosthetic_weapon,
bleachers,
kara_(vertigris),
konnyaku_(food),"蒟蒻,菎蒻,こんにゃく,こんにゃく芋,コンニャクイモ"
staff_(ff10),
cure_mint,キュアミント
unworn_sleeves,
open_magazine,
hoshino_ruby_dance,
fake_blood,
facial_recognition,
justin_(grandia),ジャスティン
agria_(tales),アグリア
vulcanus_(disgaea_4),
cyphers,"Cyphers,사이퍼즈"
kuro_the_divine_heir,"九郎,御子"
mori_calliope_(sheriff),
side-tie_shorts,
juli_(street_fighter),"ユーリ,ユーリ(ストリートファイター)"
gravel_(modeling_night)_(arknights),
armored_shoes,
musunde_hiraite_rasetsu_to_mukuro_(vocaloid),結ンデ開イテ羅刹ト骸
higokumaru,绯玉丸
love_live!_days:_love_live!_general_magazine,LoveLive!Days
maribelle_(fire_emblem),"マリアベル(ファイアーエムブレム),マリアベル"
yamaba_yume,山葉由芽
ponyta,ポニータ
poncirus_(arknights),"青枳,ポンシラス(アークナイツ)"
red_fire,
middle_eastern_architecture,
head_on_another's_stomach,
nero_alice,ネロアリス
shiki_(samurai_spirits),"色(侍魂),色"
lekku_(anatomy),lekku
zookeeper,
button_prompt,
franken_fran,"フランケン・ふらん,フランケンふらん"
oda_nobunaga_(sengoku_collection),小悪魔王・織田信長
bending,
not_present,
fujimaru_ritsuka_(male)_(mage's_association_uniform),魔術協会制服
wakaouji_ichigo,若王子いちご
omega_alpha,"オメガ・アルファ,オメガα,Omegaα,omegallery"
ogata_rizu,緒方理珠
octotrooper,タコトルーパー
sophie_pulone,ソフィ・プロネ
sophocles_(pokemon),"マーマネ,マーマネ(トレーナー)"
stick_grenade,
yuzuki_choco_(maid),"癒月ちょこ(メイド衣装),癒月ちょこ(メイド)"
murenase!_shiiton_gakuen,"群れなせ!シートン学園,シートン学園,シートン"
caren_hortensia_(amor_caren)_(third_ascension),
mutsu_(snail),り陸奥たか
multicolored_boots,
leg_holster,
lene_(fire_emblem),"リーン,リーン(FE聖戦)"
leonardo_watch,レオナルド・ウォッチ
kirigoe_mima,霧越未麻
knee_brace,
re:lief_~shin'ai_naru_anata_e~,"Re:LieF~親愛なるあなたへ~,Re:LieF"
kriemhild_gretchen,"クリームヒルト・グレートヒェン,Kriemhild_Gretchen"
cavalry,"騎兵,骑兵,기병"
multicolored_scrunchie,
giving_food,
sock_on_penis,"靴下コキ,靴下オナホ"
fixed-point_camera,定点カメラ
binder_clip,バインダークリップ
gold_one-piece_swimsuit,
golf_ball,"ゴルフボール,골프공,高爾夫球"
karin_(fear_&_hunger),
crunchyroll,クランチロール
crushed_can,
borderlands_2,
amelie_planchard,アメリー・プランシャール
kazami_kazuki,風見一姫
king_(one-punch_man),キング(ワンパンマン)
leaking,
mokuren_(kunoichi_tsubaki_no_mune_no_uchi),"モクレン,モクレン(くノ一ツバキの胸の内)"
momo_(nikki),大喵
momobami_kirari,桃喰綺羅莉
chameleon_girl,カメレオン娘
twerking,
motteke!_serafuku,もってけ!セーラーふく
mostima_(spellbreaker)_(arknights),
mourning,
goshoguruma,
battle_athletes,バトルアスリーテス大運動会
blood_on_shoes,
amaretto_(girls_und_panzer),"アマレット,アマレット(GuP),Si子,アンツィオ高校"
bound_leg,
loading_icon,
kamen_rider_saber_(series),仮面ライダーセイバー
dog_(duck_hunt),
robotics;notes,"ロボティクス・ノーツ,Robotics;Notes"
wrapped_in_blanket,毛布で巻く
wreck-it_ralph,"シュガー・ラッシュ,シュガーラッシュ"
rin_(kemurikusa),りん(ケムリクサ)
charlotte_hazellink,"シャルロット・ヘイゼルリンク,シャルロット=ヘイゼルリンク"
chevalier_d'eon_(maid_knight)_(fate),正義のメイド服ナイト
green_slingshot_swimsuit,
skull_kid,スタルキッド
yuki_miku_(2020),雪ミク2020
amano_megumi,天野めぐみ
amano_megumi_wa_suki_darake!,天野めぐみはスキだらけ!
lordgenome,"ロージェノム,螺旋王"
joker_(2019),"ジョーカー,ジョーカー(映画)"
ryuu_ga_gotoku_1,龍が如く
doorbell,
paw_sleeves,
chi-hatan_(emblem),
hanako_(jibaku_shounen_hanako-kun),"花子くん,柚木普,花子君"
sightseer_(pokemon),"かんこうきゃく,かんこうきゃく(トレーナー)"
signal_flag,国際信号旗
vivid_bad_squad_(project_sekai),"VividBADSQUAD,ビビバスミク,ビビバスメイコ,ビビバス"
lumine_(hot_springs)_(genshin_impact),
macintosh,
tongari_boushi_no_atelier,"とんがり帽子のアトリエ,witch_hat_atelier,Δ帽子,witchhatatelier"
magus_(chrono_trigger),魔王(クロノトリガー)
windblade,"ウインドブレード,ウィンドブレード"
investigator_(amelia_watson),
takanashi_rei,小鳥遊怜
sakuragi_mai,桜木舞
arms_note,"ARMSNOTE,アームズノート"
takeout_container,
takigawa_miu,滝川みう
jellyfish_girl,
chisaka_airi,"Airirkgk,Ecchisaka,千坂アイリ"
british_army,"イギリス陸軍,英国陸軍"
minami_haruka,南春香
harada_miyo,原田美世
haze_(arknights),"夜烟,ヘイズ(アークナイツ)"
heart-shaped_cake,
shockwave,衝撃波
backstage,
estelle_(cieluscian),
ho'olheyak_(carriage_of_the_winds_of_time)_(arknights),
hokma_(project_moon),"Hokma,ホクマー"
eric_cartman,"エリック・カートマン,カートマン"
transparent_footwear,
broken_door,
mikoshiba_mikoto,御子柴実琴
holohoneygaoka_koukou,"ほろはにヶ丘高校,ほろはにヶ丘高校の日常,ほろはに,ホロハニ"
endou_araya,遠藤亜羅椰
tora_tentei,
inconvenient_tail,
ear_wreath,
ponyo,ポニョ
pink_mercy,
coat_rack,
meat_day,肉の日
segway,
idola_avorn,イドラ・アーヴォルン
eclair_martinozzi,エクレール・マルティノッジ
yokosuka_girls_marine_high_school_swimsuit,
endou_mamoru,"円堂守,円堂"
enid_sinclair,"enid,イーニッド・シンクレア"
medical_scrubs,
philia_(sao),"フィリア(SAO),竹宮琴音,フィリア誕生祭"
akashi_(live_a_hero),"アカシ,魂群アカシ"
toy_story,"トイ・ストーリー,トイストーリー,トイ・ストーリー2,トイストーリー2,トイ・ストーリー3,トイストーリー3,トイ・ストーリー4,トイストーリー4"
merii_(mazohaha),メリー
servant_card_(fate/grand_order),
elena_trafalgar,エレトラ
free_hugs,フリーハグ
freedom_gundam,フリーダムガンダム
nagi_(akito),
waddle_doo,ワドルドゥ
gemini_sunrise,ジェミニ・サンライズ
gensou_suikoden_i,"幻想水滸伝i,幻想水滸伝1,幻水i,幻水1"
yandere-chan_(ramchi),ヤンデレちゃん
leaf_(sygna_suit)_(pokemon),
puni_(atelier),
racing_miku_(2014),レーシングミク2014
yamada_maya_(infinite_stratos),山田真耶
kusakabe_mei,草壁メイ
lafter_frankland,ラフタ・フランクランド
lady_bat,レディバット
cutting_mat,
lalah_sune,ララァ・スン
yamato_(battleship),"戦艦大和,大和"
qinshi_mingyue,"秦时明月,天行九歌,the_legend_of_qin,qin's_moon"
kuroba_kaito,黒羽快斗
latex_bikini,
lancelot_(granblue_fantasy),"ランスロット,ランスロット(グラブル),lancelot_gbf"
lap,
sorceress_sellen,"魔術師セレン,セレン,Sellen"
southern_ocean_war_princess,南方棲戦姫
space_invaders,スペースインベーダー
fox_devil_(chainsaw_man),狐の悪魔
forehead_flick,デコピン
spiked_horns,
candela_(pokemon),"キャンデラ,キャンデラ(ポケモンGO)"
nademonogatari,撫物語
gaara_(naruto),"Gaara,我愛羅,ガアラ"
spinda,パッチール
sweet_devil_(vocaloid),"Sweet_Devil,スィートデビル"
swimmer_(pokemon),"かいパンやろう,ビキニのおねえさん"
hoopa,フーパ
honda_civic,シビック
claire_harvey,クレア・ハーヴェイ
mclaren,"McLaren,迈凯伦,マクラーレン,麦克拉伦"
susanna_hopkins,スザンナ・ホプキンス
makarov_pm,"Makarov,マカロフPM,マカロフ,ПМ,Макаров"
inagi_(kancolle),"稲木(艦隊これくしょん),稲木(艦これく),稲木"
sylvanas_windrunner,"希尔瓦娜斯,Sylvanas,SylvanasWindrunner,windrunner"
asanagi_(style),
huadian,"花钿,花子,面花"
astrologian_(final_fantasy),
pineapple_print,
cloyster,パルシェン
marui_futaba,丸井ふたば
lucy_maria_misora,ルーシー・マリア・ミソラ
satori_day,3月10日はさとりの日
satomi_touka,里見灯花
sawachika_eri,沢近愛理
inkblot,
incoming_letter,
marlboro,マルボロ
comic_megastore,
collarbone_piercing,
pixiv_fantasia_scepter_of_zeraldia,"pixivファンタジアSOZ,ピクファンSOZ,PFSOZ,PFSOZ人物名鑑"
manila_envelope,档案袋
malva_(pokemon),"パキラ,パキラ(トレーナー)"
embroidered_dress,
australian_flag,"🇦🇺,オーストラリアの国旗"
holding_vase,
mie_ai,"三重あい,mie_ai"
mid-stride,
ciel_sacred,シエル・セイクリッド
tree_print,
tri_drills,
black_gauntlets,
holding_charm,
shin_sakura_taisen,新サクラ大戦
hercule_barton,エルキュール・バートン
heart_ornament,
expandable_baton,
short_socks,
dragon_ball_minus,"ドラゴンボールマイナス,dragonballminus"
isis_(p&d),"イシス,イシス(パズドラ),パズドラ学園,特待生イシス,煌命聖海神・イシス,聖海神・イシス,蒼月聖海神・イシス"
artoria_pendragon_(swimsuit_ruler)_(second_ascension)_(fate),
alphard_(canaan),アルファルド
milsiril_(dungeon_meshi),
milinda_brantini,"ミリンダ,ミリンダ=ブランティーニ"
hannah_(mahjong_soul),ハンナ(雀魂)
sukinako_ga_megane_wo_wasureta,好きな子がめがねを忘れた
bandage_on_leg,
silver_nails,
half-soles,
chinese_spoon,"散蓮華,调羹,調羹,レンゲ(食器)"
miriel_(fire_emblem),ミリエル
paw_print_palms,
woobat,コロモリ
rossiu_adai,"ロシウ,ロシウ・アダイ"
vertical-striped_sweater,
tall_hat,
jukebox,ジュークボックス
safety_(zenless_zone_zero),
ark_survival_evolved,"ARK,ARK:Survival_Evolved"
corona_timir,コロナ・ティミル
alvida_(peach88),
loki_(marvel),
gundam_thunderbolt,"機動戦士ガンダムサンダーボルト,ガンダムサンダーボルト"
stuffed_cow,
fan_la_norne,"カスミ(ゼノブレイド2),haze"
sketchbook_full_colors,"スケッチブックFULLcolor's,スケッチブック"
grey_corset,
mobile_armor,モビルアーマー
paperwork,
charlotte_corday_(swimsuit_caster)_(fate),
character_sticker,
aife_(zana),
misawa_maho,三沢真帆
kamihira_mao,上平真生
tapu_lele,カプ・テテフ
loen_(brown_dust_2),
little_goody_two_shoes,LittleGoodyTwoShoes
prefect_team_member_(blue_archive),風紀委員会のモブ
prince_of_samantoria,"サマルトリアの王子,sumaltria_no_ouji,prince_of_cannock"
fishing_lure,ルアー
goofy,グーフィー
snake_on_shoulder,
tweyen_(eternal's_summer_vacation)_(granblue_fantasy),
two-sided_sleeves,
african_rock_python_(kemono_friends),アフリカニシキヘビ(けものフレンズ)
yasaka_mahiro,八坂真尋
ten'inkou_korin,天院紅呼鈴
venomoth,モルフォン
x-cross_(bdsm),"X字拘束,X字架"
reporter,記者
wuxian_(the_legend_of_luoxiaohei),无限
leotard_tug,
ricotta_elmar,リコッタ・エルマール
biometal,
flanged_mace,
washing_hands,
ghost_trick,"ゴーストトリック,幽灵诡计"
unworn_headband,
two-tone_tank_top,
cat_on_person,
otome_wa_boku_ni_koishiteru,処女はお姉さまに恋してる
krabby,クラブ
deck_of_cards,
blue_unitard,
bluesona_(bluethebone),bluesona
red_panda_(kemono_friends),レッサーパンダ(けものフレンズ)
tia-chan,ティアちゃん
cure_flamingo,キュアフラミンゴ
protagonist_(crave_saga),
leilan_(p&d),"レイラン,朱雀の化身・レイラン"
oval_image,
castanets,
cassandra_cain,カサンドラ・ケイン
unworn_earring,
mustard_seeds,
adjusting_mask,
flower_underskirt,
sticker_on_leg,
standing_on_chair,
oerba_dia_vanille,"ヴァニラ,ヲルバ=ダイア・ヴァニラ"
no_ai_logo,
new_submarine_princess,潜水新棲姫
fumino_tamaki_(1st_costume),文野環(通常)
bf_109,Bf109
spy_(tf2),"スパイ,スパイ(TF2)"
squiggle_eyes,
zookeepers_(diva),zookeepers
butterfly_ring,
fox_girl_(togutogu),
6_9,
bunny_girl_(yuuhagi_(amaretto-no-natsu)),
standard_manufacturing_dp-12,DP-12
four_murasame,フォウ・ムラサメ
noblesse_(elsword),"noblesse,ノーブレス,Nobless"
forced_kiss,強制キス
bikini_bottom_around_leg,
staple,
spain,"スペイン,España"
bilibili_logo,
kratos_(god_of_war),クレイトス
dangling_eye,
vanilla_(arknights),"香草,バニラ,バニラ(アークナイツ)"
type_89_i-gou,"八九式中戦車,八九式中戦車_イ号,89式中戦車"
bulge_lift,
otosaka_yuu,乙坂有宇
otomo_(cecilia_immergreen),
caved_(touhou),
solrock,ソルロック
solgaleo,ソルガレオ
monai-chan_(nii_manabu),もないちゃん
monster_hunter_frontier,
gomamon,ゴマモン
field_cap,パトロールキャップ
rakudai_ninja_rantarou,"落第忍者乱太郎,忍たま乱太郎,忍たま,忍たま-腐,忍玉-腐,ninjaboy_rantaro,nin_draw"
rainbow_wings,
krile_baldesion_(ff14),クルル・マイア・バルデシオン
purple_bridal_gauntlets,
law-chan,
finger_writing,
fish_grill,
small_pupils,
missouri_(warship_girls_r),"密苏里,ミズーリ,ミズーリ(戦艦少女)"
tsumire_(takane_lui),
mm!,えむえむっ!
granado_espada,"グラナドエスパダ,グラナド・エスパダ,GranadoEspada"
grenade_pin_in_mouth,
sky_mirage,スカイミラージュ
grey_car,
weapon_on_floor,
farrah_(granblue_fantasy),"ファラ,ファラ(グラブル)"
patrick_star,パトリック・スター
yukikaze_(summer_mode)_(kancolle),
tsubomioka_happa,蕾丘はっぱ
aohada_bocchi,青肌巨乳とクソボッチ
red_ocean,
deep_one_kyomu_to_mugen_no_fragment,"DeepOne虚無と夢幻のフラグメント,とのフラ"
red_hood_(dc),レッドフード
wet_bra,
fail_(djmax),"エル・フェイル,El_Fail"
fake_nose,
pencil_behind_ear,
mimosa_(flower),ミモザ
harley_quinn_(classic),
haru_(kuzuyu),ハル
shouryuuken,昇龍拳
shouhou_(azur_lane),"祥鳳(アズールレーン),祥鳳改(アズールレーン),鹞"
hazard_stripes,
sukeban_(mg)_(blue_archive),スケバン(MG)
hero's_son_(dq5),"グランバニア王子,青髪王子,黒髪王子"
heshikiri_hasebe,"へし切長谷部(刀剣乱舞),へし切長谷部,HSB兄貴"
keikenchi_(style),"経験値風,ちびノブ"
kemono_friends_pavilion,けものフレンズぱびりおん
reset_kalar,リセット・カラー
puka_puka,Puka-Puka
anal_prolapse,
cure_macherie,キュアマシェリ
protagonist_(doki_doki_literature_club),MC(DDLC)
sunny_day_song,SUNNY_DAY_SONG
himedanshi,姫男子
himegami_aisa,姫神秋沙
azure_(armor),
hisho_collection,秘書コレクション
wrist_tattoo,
kasia_mikolajczyk_(silverfox442),"カシア(オリトレ),kasia,kasia_mikolajczyk"
crow_(nikke),クロウ(勝利の女神:NIKKE)
crown_(symbol),
crusader_(tank),"クルセーダー,クルセーダー巡航戦車,クルセイダー"
cubchoo,クマシュン
holding_crystal,
perrault_(last_origin),"ペロー,perrault,페로,CSペロー,CS페로,CSペロ"
transparent_seat,
mexican_dress,
holding_scalpel,
suzumi_nemo,"涼海ネモ,ネモたーと"
medb_(alluring_chief_warden_look)_(fate),魅惑の獄長ルック
pigeon_pose,"鳩のポーズ,ピジョン・ポーズ,ハトのポーズ"
youkai_hyakki-tan!,妖怪百姫たん!
phoenix_wright:_ace_attorney_-_justice_for_all,逆転裁判2
mejiro_palmer_(devil_in_the_moonlight)_(umamusume),"月下の悪魔ちゃん♪,デイズ・イン・ア・フラッシュ"
atsuko's_grin_(meme),
sero_hanta,瀬呂範太
djmax_portable,
vertical-striped_bow,
blue_leg_warmers,
tauros,ケンタロス
eldegoss,ワタシラガ
elinalise_dragonroad,エリナリーゼ・ドラゴンロード
atelier_marie,"マリーのアトリエ,マリーリメイク"
masaki_gaillard,真咲・ガイヤール
pink_slippers,
cloud_strife_(blue_dress),
cocked_hammer,
tamasaka_makoto,玉坂マコト
credits_page,
ash_blossom_&_joyous_spring,灰流うらら
iijima_renka,飯島恋花
male_prostitution,男娼
alder_(pokemon),"アデク,アデハチ"
alarm_siren,
incoming_headpat,
yellow_slingshot_swimsuit,
braided_sidelocks,
sara_(gundam_build_divers),サラ(GBD)
irma_(queen's_blade),イルマ
drinking_blood,
takanashi_hikari,小鳥遊ひかり
izumi_masamune,和泉正宗
arondight_(fate),
armarouge,グレンアルマ
saegusa_kii,冴草きい
joffre_(azur_lane),"ジョッフル(アズールレーン),ジョッフル,霞飞"
talim,タリム
dr._voir_(nanosheep),
julius_pringles,mr._p
rune_factory_5,"ルーンファクトリー5,RF5,ルンファク5"
rudy_(ikeuchi_tanuma),
jean_bart_(private_apres_midi)_(azur_lane),"秘密のAprès_midi,秘密的Après_midi"
drawstring_bag,
saint-louis_(holy_knight's_resplendence)_(azur_lane),"華麗なる聖騎士,华服的圣骑士"
amajiki_tamaki,"天喰環,サンイーター"
tokiwa_midori,常盤みどり
box_stack,
lucy_(reverse:1999),重返未来露西
ace_combat_7,エースコンバット7
onion_rings,
onion_knight,オニオンナイト
dance_dance_revolution,"ダンスダンスレボリューション,DDR"
nosepass,ノズパス
zonai,"ゾナウ,ゾナウ族"
one_piece:_stampede,STAMPEDE(ONEPIECEの映画)
neroli_(pokemon),ネロリ博士
fuufu_ijou_koibito_miman.,"夫婦以上、恋人未満。,夫婦以上恋人未満,ふうこいアニメ,ふうこい"
spinarak,イトマル
fukumoto_mahjong,fkmt
call_of_cthulhu,"クトゥルフの呼び声,CallOfCthulhu,CoC,COCシナリオ,CoCTRPG,CoCTTRPG,クトゥルフ神話TRPG,新クトゥルフ神話TRPG,克苏鲁的呼唤"
butler_(zenless_zone_zero),
game_of_thrones,"ゲーム・オブ・スローンズ,GameofThrones"
nursing_fingering,授乳手マン
the_count_of_monte_cristo_(fate),"モンテ・クリスト伯(Fate),巌窟王モンテ・クリスト"
the_distortion_detective,"뒤틀림탐정,distortion_detective,ねじれ探偵,扭曲侦探"
quote_(doukutsu_monogatari),"クォート,クォート(洞窟物語)"
kusajishi_yachiru,草鹿やちる
kyokugen_dasshutsu,極限脱出
animal_background,
mozilla_firefox,
yuuki_kei,結城蛍
tamaki_ako,玉置亜子
rupee_(zelda),ルピー
ariados,アリアドス
drayden_(pokemon),"シャガ,シャガ(トレーナー)"
bloated,
jenga,ジェンガ
love_live!_nijigasaki_high_school_idol_club_kanketsu-hen,"ラブライブ!虹ヶ咲学園スクールアイドル同好会_完結編,えいがさき"
lotus_eaters,東方酔蝶華
convenient_breasts,
nitocris_(third_ascension)_(fate),
luminous_arc,"ルミナスアーク,弧光之源"
confessional,告解室
alibaba_saluja,"アリババ・サルージャ,アリババ"
ipod_nano,
sandwich_cookie,夹心饼干
winged_hairband,
dreamcatcher,
jacques_de_molay_(foreigner)_(second_ascension)_(fate),
japan_air_self-defense_force,"航空自衛隊,空自"
sad_cat_dance_(meme),SadCatDance
otona_no_moeoh,"おとなの萌王,電撃おとなの萌王"
multicolored_umbrella,
god_gundam,ゴッドガンダム
birch_tree,白樺
painting_toenails,
watase_kiui,渡瀬キウイ
watashi_no_tame_ni_nuginasai!,"わたしのために脱ぎなさいっ!,わたぬぎ"
gourai,"轟雷(フレームアームズ・ガール),轟雷・改"
konno_makoto,紺野真琴
swordsman_(ragnarok_online),"剣士,ソードマン"
marl_kingdom,"マール王国の人形姫,マール王国"
scarf_grab,
earflap_beanie,
taigei_(swimsuit_mode)_(kancolle),大鯨(水着)
tachikawa_ayaka,立川絢香
sawada_manami,沢田愛美
interlocked_venus_symbols,⚢
luknight_(himemori_luna),
large_teddy_bear,
lantern_earrings,
cure_mermaid,キュアマーメイド
bonanus_(genshin_impact),伐难
grace_(sound_voltex),"グレイス,グレイス(SDVX)"
small_dragon,
kaiki_deishuu,貝木泥舟
kamen_rider_drive_(series),仮面ライダードライブ
toilet_symbol,
crop_top_lift,
lol_comics,
lofi_girl_(youtube),
lobelia_(flower),
houzouin_oniwaka,"宝蔵院オニワカ,オニワカ"
white_unitard,
ico_(character),"イコ,ICO"
imperial_aquila,
bartholomew_roberts_(fate),"サラザール(Fate),バーソロミュー・ロバーツ(Fate)"
yuki_setsuna_(afterschool_school_idol),
tsukimonogatari,憑物語
chinese_knot_border,
aperture_science_handheld_portal_device,
aoi_ch.,富士葵
arawi_keiichi_(style),"あらゐけいいち,野生のあらゐけいいち"
kangoku_senkan,監獄戦艦
kani_nayuta,"可児那由多,可儿那由多"
tenchuu,天誅
elemental_master_(elsword),
sword_earrings,
asymmetrical_jacket,
mashiro_meme_(1st_costume),ましろ(通常)
matoimaru_(arknights),"マトイマル(アークナイツ),缠丸"
touqi_guaitan,"头七怪谈,頭七怪谈,頭七怪談,头七,頭七"
mazda_mx-5,"ロードスター,MX-5"
kodama,"木霊,木魂,木魅"
xu_fu_(swimsuit_avenger)_(fate),
yadomi_jinta,宿海仁太
kojo_anna_(1st_costume),
misato_(summer)_(princess_connect!),
sister_almonde_(nyantcha),
single_bracer,
hammann_(rebellious_summer)_(azur_lane),"ひねくれサマー,小小的夏日战争"
mikuma_(2016_swimsuit_mode)_(kancolle),三隈(2016水着)
pen_to_mouth,
milky_rose,ミルキィローズ
chinese_white_dolphin_(kemono_friends),シナウスイロイルカ(けものフレンズ)
honjou_nia,本条二亜
youtube_username,
mega_rayquaza,メガレックウザ
phara_suyuf,ファラ・スユーフ
horizon_(counter:side),호라이즌
attack_trail,
kamen_rider_ryuki,"仮面ライダー龍騎,龍騎"
kamen_rider_wizard_(series),仮面ライダーウィザード
prisoner_(elden_ring),
liliweiss_(nikke),"リリーバイス,リリーバイス(勝利の女神:NIKKE)"
revolver_ocelot,リボルバー・オセロット
super_tama_musume,すーぱーたま娘
shez_(female)_(summer)_(fire_emblem),"summer_shez,swimsuit_shez"
metallica_(majo_to_hyakkihei),"メタリカ(魔女と百騎兵),メタリカ様,メタリカ"
pepperbox_revolver,
ajna_(indivisible),
holding_with_chopsticks,
chloris_garden,クロリス・ガーデン
minase_inori,水瀬いのり
hayase_misa,"早瀬未沙,はやせ,みさ,はやせみさ"
bakuman,"バクマン。,バクマン"
shiranui_flare_(new_year),不知火フレア(正月衣装)
kenshiro,ケンシロウ
republic_of_korea_army,韓国軍
legends_of_runeterra,
kinomoto_sakura_(pink_kitty_costume),
hilda_ware,
hip_gear,
shinji_in_a_chair_(meme),
shin_megami_tensei_v:_vengeance,"真・女神転生VV,SMTVV"
white_coif,
hitomi_sensei_no_hokenshitsu,"ヒトミ先生の保健室,ヒトミ先生"
shiki_haruomi,志木春臣
kangaskhan,ガルーラ
karakuri_pierrot_(vocaloid),からくりピエロ
prometheus_(honkai_impact),"普罗米修斯,プロメテウス,プロメテウス17号"
lexington_(kancolle),"Lexington,レキシントン,Lexington(艦隊これくしょん),レキシントン(艦隊これくしょん),Lexington(艦これ),レキシントン(艦これ)"
star_and_crescent,
wanderer_(ragnarok_online),ワンダラー
war_flag,
geo_stelar_(mega_man),星河スバル
sorami_kanata,"空深彼方,けいおんちゃん"
yamada_vanhouten_(mato_tsuyoi),
nagant_revolver_(mod3)_(girls'_frontline),
nanna_(fire_emblem),"ナンナ,ナンナ(ファイアーエムブレム)"
nanashi_mumei_(owl),
oozora_subaru_(starlight),"大空スバル4周年,大空スバル新アイドル衣装"
absolute_duo,"アブソリュート・デュオ,アブソリュート·デュオ"
umbral_knight_(ender_lilies),黒衣の騎士
umbrella_stand,
gakuen_utopia_manabi_straight!,がくえんゆーとぴあまなびストレート!
daibouken!_yukeyuke_osawari_island,"大冒険!ゆけゆけ☆おさわりアイランド,超大冒険!ゆけゆけ☆おさわりアイランド"
laffey_ii_(azur_lane),ラフィーII(アズールレーン)
puttee,脚絆
yamanbagiri_kunihiro,"山姥切国広,山姥切国広極"
nekoha_shizuku,猫羽雫
zener_card,"ゼナーカード,ゼナー・カード,ESPカード"
orange_male_underwear,
bibi_(love_live!),BiBi
annelotte_(queen's_blade),"アンネロッテ,叛乱の騎士姫アンネロッテ"
raiden_mei_(orochi_cuirass),
raiden_mei_(aeterna_purum),
kriemhild_(first_ascension)_(fate),
florence_nightingale_(chaldea_lifesavers)_(fate),カルデア・ライフセーバーズ
florence_(neural_cloud),"フローレンス(ニューラルクラウド),芙洛伦(云图计划),芙洛伦"
sounan_desuka?,"ソウナンですか?,ソウナンですか"
belfast_(blissful_service)_(azur_lane),至福の奉仕
sphinx_(toaru_majutsu_no_index),
danganronpa/zero,ダンガンロンパ/ゼロ
axl_low,アクセル=ロウ
white_devil,"管理局の白い悪魔,白い悪魔"
hitchhiking,"ヒッチハイク,ビッチハイク"
ship's_wheel_ornament,
tied_nipples,
leafa_(terraria)_(sao),"地母神テラリア,地神テラリア"
kinomoto_touya,木之本桃矢
delta_(kage_no_jitsuryokusha_ni_naritakute!),"デルタ,デルタ(陰の実力者になりたくて!)"
tenkuu_no_craft_fleet,"天空のクラフトフリート,天クライラコン空賊,天クライラコン共和国軍,天クライラコン帝国軍"
hathaway_noa,ハサウェイ・ノア
happy_tree_friends,"HappyTreeFriends,HTF,HTF擬人化,欢乐树朋友"
chipped_tooth,
sherlock_holmes,"シャーロック・ホームズ,シャーロックホームズ"
shibafu_(glock23)_(style),"しばふ村,野生のしばふ"
aizawa_sakuya,愛沢咲夜
transparent_leotard,
liechtenstein_(hetalia),"リヒテンシュタイン,リヒテン"
tino_ashberry,
amulet_heart,アミュレットハート
kamisama_no_you_na_kimi_e,"神様のような君へ,神君,かみきみ"
tassets,
tatsumi_kon,巽紺
discord_logo,
rocking_horse,"木馬,木马"
chupacabra,チュパカブラ
svarog_(honkai:_star_rail),"スヴァローグ,スヴァローグ(スターレイル)"
aussa_(yu-gi-oh!),
minagi_koharu,海凪小春
mima_sachi,"サチ(わたモテ),サチ,美馬サチ,サチキバ"
happy_(fairy_tail),"ハッピー(FAIRYTAIL),哈比"
dekomegane,でこメガネちゃん
double_dakimakura_(medium),
argo_the_rat,"アルゴ,アルゴ(sao),帆坂朋"
clitoris_chain,
masturbating_while_watching,
arancia,
xiao_dianshi,"小电视,MiniTV"
aoandon,"青行灯,青行燈"
red_pepper,
kissing_back,
aoi_nagisa,蒼井渚砂
aikawa_chiho,相川千穂
miniature_ranni,小さなラニ
peach_ornament,
guilty_challenge_(meme),"GuiltyChallenge,ギルティチャレンジ,길티챌린지"
granblue_fantasy_versus:_rising,GBVSR
world_masterpiece_theater,世界名作劇場
rokurou_rangetsu,"ロクロウ,ロクロウ・ランゲツ"
loincloth_lift,
cross_hat_ornament,
pretzel_pose,
ahagon_umiko,阿波根うみこ
panty_gag,パンツで口塞ぎ
brown_male_underwear,
parasect,パラセクト
aibo_(gorgeous_mushroom),
strawberry_bra,
throne_room,
lavolpe_(yagisaka_seto),ラヴォルペ
purple_garter_straps,
purple_scales,
aloupeep_(enna_alouette),
winda_priestess_of_gusto,"ガスタの巫女ウィンダ,ウィンダ,가스타의무녀윈다"
ear_focus,
pixiv_fantasia_revenge_of_the_darkness,"pixivファンタジアRD,PFRD"
plains_zebra_(kemono_friends),サバンナシマウマ(けものフレンズ)
malleus_draconia,マレウス・ドラコニア
swordfish,"カジキ,梶木"
terapagos,テラパゴス
raymond_(animal_crossing),"ジャック(どうぶつの森),raymond,animal_crossing_raymond,raymond_animal_crossing"
yuni_(nikke),"ユニ(NIKKE),ユニ(勝利の女神:NIKKE),유니(NIKKE)"
mogami_kai_ni_(kancolle),最上改二
five_of_spades,🂥
wasteland,
mugen_gakuen_school_uniform,
jimihen,ジミヘン
jervis_(azur_lane),"ジャーヴィス(アズールレーン),ジャーヴィス,贾维斯"
jabberwock_(monster_girl_encyclopedia),"ジャバウォック(魔物娘図鑑),ジャバウォック"
isonade_orca,"磯撫おるか,スバゑ,天原パークすばる秘宝館"
magnezone,ジバコイル
too_many_scoops,
luciana_mazzei,ルチアナ・マッツェイ
poppi_(reimu_endou),ポッピー
lord's_blade_ciaran,王の刃キアラン
kagura_suzu_(.live),"神楽すず,すずすず,すずあーと"
junkyard,
juliet_starling,ロリポップチェーンソー
two_(tsu_(lovesick1964)),
tympole,オタマロ
carnivorous_plant,"食虫植物,식충식물"
musubime_yui,"結目ユイ,ユイアート,エチメユイ"
adjusting_bowtie,
sora_no_iro_mizu_no_iro,"そらのいろ、みずのいろ,,color_of_the_sky,_color_of_the_water"
dark_haired_kappa,
the_end_(phrase),終わり
zoomer_slang,
under_night_in-birth_2_sys:celes,
fortress,"要塞,城塞"
fuji_aoi,"富士葵,葵の絵"
okino_tsukasa,"沖野司,堂路桐子"
futakuchi-onna,二口女
fur_armlet,
frilled_underwear,
noble_works,のーぶる☆わーくす
theresa_apocalypse_(twilight_paladin),"暮光骑士·月煌,暮光騎士・月煌"
breathing_tube,
ishida_uryuu,石田雨竜
isaac_clarke,"アイザック・クラーク,(三),(圭)"
tensei_shitara_dai_nana_oji_datta_no_de:_kimama_ni_majutsu_o_kiwamemasu,転生したら第七王子だったので、気ままに魔術を極めます
inou-battle_wa_nichijou-kei_no_naka_de,異能バトルは日常系のなかで
instant_ramen,"インスタントラーメン,インスタント拉麺,即席ラーメン,即席拉麺,インスタント麺,即席麺,ノンフライ麺,方便面,라면,즉석라면,인스턴트라면"
kosei_high_school_uniform,
yotarou_(aoki_hagane_no_arpeggio),ヨタロウ
akemi_(blue_archive),栗浜アケミ
medb_(swimsuit_saber)_(second_ascension)_(fate),
pidgeotto,ピジョン
implied_netorare,
ascii_art,"アスキーアート,AA"
sylus_(love_and_deepspace),"Sylus,秦彻,シン,진"
politics,政治
cum_on_sheets,
sea_anemone,イソギンチャク
isuzu_ren,五十鈴れん
breath_of_fire_i,"ブレスオブファイア1,bof1"
footjob_under_table,
unworn_armband,
neko_musume_michikusa_nikki,ねこむすめ道草日記
beyond_the_bluesky_(idolmaster),ビヨンドザブルースカイ
okita_souji_alter_(swimsuit_saber)_(first_ascension)_(fate),
scrafty,ズルズキン
ichigo_hitofuri,"一期一振,つるいち,いちみか,一兄,いち兄"
sega_mega_drive,メガドライブ
brionne,オシャマリ
ventilation_shaft,
princess_celestia,"プリンセス・セレスティア,セレスティア,princesscelestia,celestia,宇宙公主,宇宙公主和月亮公主,皇家姐妹组"
hoverboard,
micro_uzi,"MicroUzi,マイクロUZI"
peppy_(honkai:_star_rail),
yari,
gauna,奇居子
geiru_toneido,"旋風亭風子,旋风亭风子"
ventus_(kingdom_hearts),ヴェントゥス
christie_(doa),クリスティ
mikumo_squad's_uniform,
atelier_sophie_2,"ソフィーのアトリエ2,ソフィー2"
senjou_no_valkyria_4,戦場のヴァルキュリア4
suruga_(azur_lane),"駿河,駿河(アズールレーン),鲪"
mighty_morphin_power_rangers,"マイティ・モーフィン・パワーレンジャー,マイティモーフィンパワーレンジャー,MightyMorphinPowerRangers,MightyMorphin,MMPR"
sheva_alomar,"シェバ・アローマ,シェバ"
violence_fiend_(chainsaw_man),"暴力の魔人,ガルガリ"
energy_spear,
servine,ジャノビー
winter_soldier,ウィンターソルジャー
masturbation_day,"0721の日,オナニーの日"
sonic_generations,ソニックジェネレーションズ
nancy_lee,ナンシー・リー
umeboshi,"梅干,梅干し"
poliwrath,ニョロボン
risotto_nero,リゾット・ネエロ
kamen_rider_kiva_(series),仮面ライダーキバ
shigure_(lawson)_(kancolle),"ローソン時雨,時雨(ローソン)"
tsab_naval_military_uniform,
animate_object,
holding_tera_orb,
hiratsuka_shizuka,平塚静
partial_bodysuit,
misaki_(princess_connect!),"ミサキ(プリコネ),ミサキ,玉泉美咲"
shikoku_metan,四国めたん
ponto_nei,"先斗寧,ぽんとれーと"
luca_kaneshiro_(1st_costume),ルカ・カネシロ(通常)
soldier_(tf2),"ソルジャー,ソルジャー(TF2)"
presenting_tanlines,
worker_(squid_game),○
kamen_rider_agito_(series),仮面ライダーアギト
majin_tantei_nougami_neuro,"魔人探偵脳噛ネウロ,ネウロ,neuro:_supernatural_detective"
mahou_no_tenshi_creamy_mami,魔法の天使クリィミーマミ
maeda_shiori,前田栞
etotama,えとたま
black_dog,
coffret_(heartcatch_precure!),コフレ
marmyadose_(fate),マルミアドワーズ
command_&_conquer,"c&c,cnc,Command&Conquer,コマンド&コンカー,命令與征服"
shinada_takumi,品田拓海
herlock_sholmes,"シャーロック・ホームズ(大逆転裁判),大逆转裁判福尔摩斯,1月6日アノシャロ生誕祭"
shoe_belt,
quency_(escape_queen)_(nikke),クエンシー:エスケープクイーン
cyclops_(x-men),"サイクロップス,Cyclops"
tanba_akari,丹羽灯莉
downtown_no_gaki_no_tsukai_ya_arahende!!,"ダウンタウンのガキの使いやあらへんで!!,絶対に笑ってはいけない,笑ってはいけないシリーズ,笑ってはいけない,ガキ使"
liquid_weapon,
kiran_(female)_(fire_emblem),
musashi_(the_purple_rabbit's_marksmanship)_(azur_lane),"菫兎のスナイピングゲーム,堇色兔的狙击游戏"
muscular_child,"筋ショタ,筋ロリ"
two_of_diamonds,🃂
snake_wrapped_around_body,
binbougami_ga!,貧乏神が!
blissey,ハピナス
tamaki_mari,玉木マリ
cutlery,
thighs_together,
curling_iron,
chai_xianghua,"チャイ・シャンファ,シャンファ,柴香華"
monster_hunter_stories_2,"モンハンストーリーズ2,モンスターハンターストーリーズ2"
mori_calliope_(9th_costume),rockalliope
afk_arena,"剑与远征,AFKアリーナ"
rock_'n'_rock_'n'_beat,
kami-sama_no_memo-chou,神様のメモ帳
bird_of_paradise_flower,"極楽鳥花,ストレリチア,鹤望兰,天堂鸟"
type_97_chi-ha,"九七式中戦車,97式中戦車"
uchiha_symbol,
submarine_princess,潜水棲姫
facebook,
f6f_hellcat,"F6F,F6Fヘルキャット,HELLCAT"
wet_dream,夢精
twintail-chan_(white-stew),
renton_thurston,レントン・サーストン
reno_(reno_bunnino)_(azur_lane),"バニーリノ!,bunny·reno!"
corrin_(female)_(halloween)_(fire_emblem),
chaos;child,"chaos;child,カオスチャイルド"
silence_the_paradigmatic_(arknights),淬羽サイレンス
wendy_corduroy,"ウェンディ・コーデュロイ,ウェンディ(グラビティフォールズ),Wendy-Corduroy,WendyCorduroy"
otoshiro_seira,音城セイラ
apple_core,
manannan_mac_lir_(fate),"マナナン・マク・リール(Fate),マナナンマクリール(Fate)"
mandalorian,
mamianqun,"马面裙,馬面裙,马面褶裙,馬面褶裙,mamianzhequn"
mamarissa,
amethio_(pokemon),"アメジオ(アニポケ),アメジオ"
american_football,"アメリカンフットボール,アメフト"
kaburagi_kaede,鏑木楓
structure,
fat_joke,
king_of_hearts_(playing_card),🂾
kimi_ga_aruji_de_shitsuji_ga_ore_de,君が主で執事が俺で
kisara_(yu-gi-oh!),キサラ
yamiyono_moruru,"闇夜乃モルル,モルルアート"
uncle_and_nephew,叔父甥
north_carolina_(the_heart's_desire)_(azur_lane),
nodoka_(hot_spring)_(blue_archive),ノドカ(温泉)
omnic,
angelic_buster,"エンジェリックバスター,엔젤릭버스터,엔버,티어"
lancet-2_(arknights),"Lancet-2,Lancet-2(アークナイツ)"
nekoyashiki_yuki_(cat),
tangrowth,モジャンボ
dana_iclucia,"ダーナ,ダーナ=イクルシア"
sprout_on_head,
lace-trimmed_shorts,
nogami_aoi,野上葵
purple_nightgown,
sounds_of_earth_(umamusume),"サウンズオブアース(ウマ娘),サウンズオブアース"
space_adventure_cobra,"COBRA,コブラ,スペースコブラ"
stalagmite,
callisto_(greyeth),
demento,DEMENTO
kissing_stomach,
one_-_kagayaku_kisetsu_e,"ONE,ONE~輝く季節へ~"
neon_genesis_evangelion_gakuen_datenroku,学園堕天禄
weather_report,ウェザー・リポート
lace-trimmed_leotard,
grass_skirt,"腰みの,腰蓑"
batman_symbol,
granblue_fantasy_(style),グラブル風
gradient_thighhighs,
theresa_apocalypse_(sakuno_rondo),
cafe_sourire,"カフェ・スーリル,カフェ・ソーリル"
bushidou_2_(sekaiju),
slam_dunk_(basketball),
green_arm_warmers,
rein_(futagohime),"レイン,レイン(ふたご姫)"
removing_hat,
tail_fondling,しっぽいじり
inuzuka_kiba,犬塚キバ
m2hb_(girls'_frontline),"M2HB(ドールズフロントライン),M2HB(少女前線),M2HB"
lyse_hext,"リセ,リセ・ヘクスト"
black_star,"ブラックスター,ブラック☆スター"
coco_adel,"CocoAdel,Coco_Adel"
gauze_on_leg,
bikkuriman_(style),ビックリマン風
ume-sensei,
pink_jumpsuit,
mating_(animal),
matara_kan_(1st_costume),
phantom_thief_(kkmomo67),
trainer_wants_to_battle,"勝負をしかけてきた!,しょうぶをしかけてきた"
akari_(new_year)_(blue_archive),鰐渕アカリ(正月)
kagami_kira,"鏡見キラ,キラ絵,キラ見ろ"
donbei_kitsune_udon,どん兵衛きつねうどん
ortega_(pokemon),"オルティガ,オルティガ(トレーナー),オルティガ(ポケモン)"
bismarck_(beacon_of_the_iron_blood)_(azur_lane),"鉄血の威光,铁血的辉光"
singing!_(k-on!),
lever,
closing_door,
kujou_riu,九条璃雨
bremerton_(pillowed_counseling)_(azur_lane),ピロー・コンサルテーション
city_hunter,シティーハンター
classy-black-haired_girl_(hayabusa),
imminent_vore,
philena_ivy,ウチキド博士
kissuisou_uniform,
denial,
persona_2_batsu,ペルソナ2罰
petra_ral,
meltryllis_(swimsuit_lancer)_(third_ascension)_(fate),
ptilopsis_(elite_ii)_(arknights),
left_4_dead_1,
yashiro_kizuku,"社築,社築納品物,社築フィードバック"
kono_naka_ni_hitori_imouto_ga_iru!,この中に1人、妹がいる!
adobe_photoshop,フォトショップ
otta_(dungeon_meshi),"Otta,オッタ"
creature_focus,
komachi_panko,"komachipanko,paintko,pankomanko,小町ぱんこ"
stitched_eye,
fleurdelis_(yu-gi-oh!),
bebe-tan,
sola-ui_nuada-re_sophia-ri,ソラウ・ヌァザレ・ソフィアリ
seox_(granblue_fantasy),"シス,シス(グラブル)"
riko_(machikado_mazoku),リコ(まちカドまぞく)
hands_on_stomach,
bandaged_ear,
kaori_(azumanga_daioh),"かおりん,かおり"
kanzaki_sumire,神崎すみれ
sakuya_(p&d),"サクヤ,極光の麒麟・サクヤ,聖煌天の麒麟・サクヤ"
dragoon,
white_rock_shooter,"WRS,ホワイト☆ロックシューター"
raimon_soccer_uniform,雷門イレブン
chocolate_on_clothes,
chocolate_milk,
urianger_augurelt,"ウリエンジェ・オギュレ,ウリエンジェ"
hoshi_ori_yume_mirai,星織ユメミライ
saionji_sekai,西園寺世界
grey_scrunchie,
small_lady_serenity,"プリンセス・レディ・セレニティ,レディ・セレニティ,スモール・レディ,スモールレディ"
bauxite,ボーキサイト
good_morning_my_brother!_(meme),"グッドモーニ〜ン、マイブラザ〜,Good_morning,_my_brother!"
bullet_bill,キラー(マリオシリーズ)
eye_hair_ornament,
biting_shoulder,
wet_bikini,
romancing_saga_3,"ロマンシングサガ3,ロマサガ3"
rope_necklace,
campo_flicker_(kemono_friends),アリツカゲラ(けものフレンズ)
luna_(epic_seven),"luna(epic7),ルナ,루나,露娜"
kamioka_senri,上岡千璃
tsugumi_(guilty_crown),ツグミ(ギルティクラウン)
kujo_jotaro's_pose_(jojo),
holding_telescope,
minazuki_kyouko,水無月響子
hayasaka_akira,早坂晶
biting_tongue,
unzen_(sojourn_through_clear_seas)_(azur_lane),晴海水遊
brown_haired_glasses_elf_(houtengeki),
wrist_wings,
somersault,宙返り
liter_(nikke),リター(勝利の女神:NIKKE)
majo_no_ie,"魔女の家,魔女之家"
usseewa,うっせぇわ
highmore_(arknights),"海沫,ハイモア(アークナイツ)"
high_score_girl,"ハイスコアガール,ハイスコ"
palette_knife,パレットナイフ
pantalone_(genshin_impact),"Pantalone,潘塔罗涅,潘塔羅涅,パンタローネ,판탈로네"
mochida_arisa,持田亜里沙
arita_haruyuki,有田春雪
sailor_v,セーラーV
gold_ship_(racehorse),"ゴールドシップ,ゴールドシップ(競走馬),ゴールドシップ(馬),ゴルシ,シップ,ブモ,芦毛の暴君,シロイアレ"
sochie_heim,
tamamura_gunzo,"グンゾウ,魂群グンゾウ"
bois_de_justice,
the_weaker_sex_1_(gibson),どっちの女の子にするか迷っている110年前の絵
durandal_(bright_knight:_excelsis)_(honkai_impact),"辉骑士·月魄,輝騎士·月魄,輝騎士・月魄"
ironmouse_(1st_costume),
vibrator_on_penis,
nina_(breath_of_fire_iii),
better_call_saul,ベター・コール・ソウル
kaito_(vocaloid3),KAITO_V3
waking_another,
donkey,"ロバ,驢馬,ろば"
kyouyama_anna,恐山アンナ
cathead,
cat_tower,"キャットタワー,猫爬架,cat_house,cat_condo,cat_tree,cat_stand,kitty_condo"
medusa_(jashin-chan_dropkick),"メデューサ,メデューサ(邪神ちゃんドロップキック)"
edie_crop_hoodie,"filahoodie,filacrophoodie,fila_crop_top"
schezo_wegey,"シェゾ・ウィグィィ,シェゾ,シェアル"
tamaki_(princess_connect!),"タマキ,タマキ(プリコネ),宮坂たまき"
cure_rouge,キュアルージュ
three_monkeys,"三猿,見ざる聞かざる言わざる,見ざる言わざる聞かざる"
heavy_splatling_(splatoon),"バレルスピナー,バレルスピナーデコ,バレルスピナーリミックス"
zombina_(monster_musume),ゾンビーナ
bolin,
dance_in_the_vampire_bund,ダンスインザヴァンパイアバンド
satellizer_el_bridget,サテライザー・エル・ブリジット
vf-1s,
dukemon,デュークモン
indonesia,インドネシア
scary_monsters_(stand),スケアリー・モンスターズ
eclair_(food),
touri_sei,"橙里セイ,セイッ画"
kawaikereba_hentai_demo_suki_ni_natte_kuremasu_ka?,"可愛ければ変態でも好きになってくれますか?,変好き,hensuki"
paladin_(sekaiju),"ししょー,パラディン"
quincy_(nu_carnival),"ケシー,케시,崑西"
quick_shirt,
darumaka,ダルマッカ
moe2016,MOE2016
tamoto_(genshin_impact),
musse_egret,ミュゼ・イーグレット
may_(spring_2021)_(pokemon),
uma_(magipoka),ゆうま
fujimaru_ritsuka_(female)_(mage's_association_uniform),魔術協会制服
fujiki_maka,藤城真香
wakaba_hinata,若葉ひなた
rozaliya_olenyeva_(fervent_tempo),"睡美人之梦,狂热蓝调,狂热蓝调Δ,德尔塔,フィーバーブルースΔ"
bismarck_(coat_of_arms),ビスマルク(紋)
company_logo,
madarame_harunobu,斑目晴信
algerie_(white_sand_paradise)_(azur_lane),"白浜ヘヴンズフィール,白沙天堂"
pinsir,カイロス
jiu_niangzi,曲娘
witchcrafter_madame_verre,ウィッチクラフトマスター・ヴェール
shiratsuyu_(azur_lane),"白露(アズールレーン),白露"
shishido_akari,"獅子堂あかり,獅子どろーいんぐ,あかめる"
fallout_3,"Fallout3,フォールアウト3"
gum_(jsr),"ガム(ジェットセットラジオ),ガム"
american_flag_panties,
lichtenberg_figure,"Lichtenberg-Figuren,リヒテンベルク図形"
krt_girls,高捷少女
whitesmith_(ragnarok_online),"ホワイトスミス,WS"
asobi_asobase,あそびあそばせ
ai_yori_aoshi,藍より青し
lucia:_pyroath_(pgr),
lumera_(fire_emblem),"ルミエル,ルミエル(ファイアーエムブレム)"
lisa_silverman,リサ・シルバーマン
lion_mane,
rodney_(warship_girls_r),"罗德尼,ロドニー"
mahou_shoujo_lyrical_nanoha_reflection,"リリカルなのはReflection,魔法少女リリカルなのはReflection"
karibuchi_takami,雁淵孝美
princess_(slay_the_princess),
red_circle,
stare_down,
konohana_lucia,此花ルチア
lessar,レッサー
vaan_(ff12),
nargacuga,ナルガクルガ
flower_panties,
geomancer_(fft),
four_of_clubs,🃔
futo-inu,
yufine_(epic_seven),"유피네,yufine(epic7),yufine,ユピネ"
repede_(tales),ラピード
oura_rukako,"大浦るかこ,絵ーじぇんと"
morgan_le_fay_(chaldea_satellite_station)_(fate),
heart_attack,
hassu,"はっす,莲"
wet_pants,
gold_bowtie,
straw_hats_jolly_roger,
holding_boombox,
muk,ベトベトン
motoori_shiro,本居シロウ
motion_slit,モーションスリット
small_hands,
bound_feet,
cross-laced_pants,
vei_(vtuber)_(sky_empress),
winged_wand,
saliva_trail_between_teeth,
the_grim_adventures_of_billy_&_mandy,"ビリー&マンディ,邪悪なコンカルネ,TheGrimAdventuresofBillyandMandy,GrimAdventures,billyandmandy,billy&mandy,Grim&Evil,ヘクター・コンカルネ編,EvilConCarne"
yamada_yui,山田結衣
tulip_(pokemon),"リップ,リップ(トレーナー),リップ(ポケモン)"
parasite_eve_i,
paris_(fate),パリス(Fate)
patriotism,愛国心
supportasse,
erection_in_panties,
drop_trap,
dribbling_(basketball),ドリブル
transformers_animated,"tfa,トランスフォーマーアニメイテッド,アニメイテッド,transformersanimated"
hyodo_rena,兵藤レナ
serpo_(dandadan),
hoshikuzu_telepath,"星屑テレパス,星テレ"
raito-kun_(uenomigi),
testicles_touching,
hollow_mouth,
broken_handcuffs,
hajimete_no_gal,"はじめてのギャル,はじギャル"
biting_penis,
centurion_(tank),センチュリオン
rengoku_(fate),煉獄(Fate)
rorisakyubasu-chan_(mochiyuki),"ロリサキュバスちゃん,Loli_succubus-chan"
ginyu_force_pose,スペシャルファイティングポーズ
open_happi,
namori_(style),"なもり,野生のなもり"
foot_kabedon,
wrapping,
shed,
shiba_tomoshibi,司馬燈
black_knight_(granblue_fantasy),"アポロニア,アポロニア・ヴァール"
hololive_error,"ホロライブエラー,hololive_ERROR,hololiveerror,美空時乃,白雪稲穂,夏乃華火,茨咲希,雪原冬花,杏鈴音,古河七星,銀鏡八重,深見獅那,尾森歩香,四宮桜,猫宮友架,戌飼茜,鵜飼薫,如月星夜,神代美玖,水田兎月,赤鐘まり,常盤香菜,雨乃奏,白鳥火樽,姫川美月,械塚幸"
aurora_(elite_ii)_(arknights),
horse_mask,馬マスク
alain_(unicorn_overlord),
xiaomu,小牟
abduction,アブダクション
saturn_symbol,♄
annie_mei_project,
bladed_tonfa,
multiple_fusions,
cerberus_(last_origin),"켈베로스,cerberus,ケルベロス(ラストオリジン)"
ancient_destroyer_oni,"駆逐古鬼,驱逐古鬼"
larvesta,メラルバ
wind_sneaker_(elsword),"ウィンドスニーカー,レナウィンドスニーカー(エルソード),ウィンドスニーカー(エルソード)"
gagraphic,
target_practice,射撃練習
rosa_(masterpiece)_(arknights),
rose_(pokemon),"ローズ,ローズ(ポケモン)"
fujimaru_ritsuka_(female)_(summer_street),サマー・ストリート
nemu_(ceres_fauna),
angel_dust,"HazbinHotelAngelDust,Angel_Dust,huskerdust,ハスエン,猫蛛"
stable,"厩舎,馬房"
nila_(telepurte),
nogizaka_haruka_no_himitsu,乃木坂春香の秘密
odysseus_(fate),オデュッセウス(Fate)
buttjob_under_clothes,
game_boy_advance_sp,ゲームボーイアドバンスSP
bellona_(azur_lane),"ベローナ(アズールレーン),司战女神"
satou_hina_(kamisama_ni_natta_hi),"佐藤ひな,佐藤雏"
gunvolt_chronicles_luminous_avenger_ix,白き鋼鉄のX
gunxsword,ガン×ソード
yami_sukehiro,ヤミ・スケヒロ
kuwabara_kazuma,桑原和真
adjusting_skirt,
tactical_maid,
ni-class_destroyer,"駆逐ニ級,ニ級"
nanu_(pokemon),"クチナシ(ポケモン),クチナシ,クチグズ"
finger_cannon,
rookidee,ココガラ
leash_in_mouth,
seto_miyako,"瀬戸美夜子,せとあーと,みないでみやこ"
shanna_(fire_emblem),シャニー
shepherd's_crook,
engineer_nemo_(fate),ネモ・エンジン
triple_horizontal_stripe,
abomasnow,ユキノオー
zapfish,デンチナマズ
narumi_tsuyu,"ツユちゃん提督,鳴海露,鳴海ツユ"
glados,GLaDOS
desco_(disgaea),"デスコ,デスコ(魔界戦記ディスガイア4)"
venonat,コンパン
honjoji_akira,
seyana_(meme),"せやな,何でも言うことを聞いてくれるアカネチャン"
puni_(miku_plus),
black_rock_shooter:_dawn_fall,"ブラック★★ロックシューターDAWN_FALL,BRSDFイラコン,BRSDF"
milcery,マホミル
blazing_cartesia_the_virtuous,赫の聖女カルテシア
morgan_le_fay_(fate/apocrypha),
monogatari_series_puc_puc,"〈物語〉シリーズぷくぷく,Monogatari_Shiriizu_Pukupuku"
heles_(summer)_(granblue_fantasy),
ai_hyperion_lambda,
black_general,
pathfinder_(apex_legends),"パスファインダー,パスファインダー(APEX)"
viper_v16,
yuma_kokohead,"ユーマ=ココヘッド,ユーマココヘッド"
blanket_veil,
duck_print,
wings_through_clothes,
winston_(overwatch),
pink_garter_straps,
toaster_oven,オーブントースター
adora_(she-ra),
pantheon_(league_of_legends),
brown_kemomimi-chan_(krr),
brown_leggings,
mitsuzuri_ayako,美綴綾子
taut_shorts,
dissidia_012_final_fantasy,
bite_mark_on_ass,
haori_himo,羽織紐
hashiri_nio,走り鳰
sirius_(rabbit_of_paradise)_(azur_lane),パラダイス・コニー
silvally,シルヴァディ
tokoyami_towa_(new_year),常闇トワ(正月衣装)
akagi:_yami_ni_oritatta_tensai,"アカギ~闇に降り立った天才~,アカギ"
spanish_flag,"🇪🇸,スペインの国旗"
solemn_lament_(e.g.o),
narutaru,"なるたる,骸なる星珠たる子,shadow_star,なるたるOP"
recorder_case,
covering_another's_crotch,
kirby's_dream_land_3,星のカービィ3
kisara_(tales),"キサラ,キサラ(TOARISE)"
all_saints_street,"万圣街,allsaintsstreet,1031,1031万聖街,1031万圣街"
yellow_tunic,
makinohara_shouko,牧之原翔子
blue_santa_costume,
star_wars:_visions,"StarWarsVisions,スターウォーズビジョンズ,のらうさロップ,LopandOchō"
mia_(world_flipper),"ミア(ワールドフリッパー),ミア"
sendou_aichi,先導アイチ
hikari_(arcaea),光(Arcaea)
shinma_x_keishou!_ragnabreak,"神魔×継承!ラグナブレイク,ラグナブレイク"
amano_tora,"天野虎羅,天野トラ"
nail_polish_brush,
rickenbacker_4001,
shimanto_(azur_lane),"四万十,四万十(アズールレーン)"
hk416_(midnight_evangelion)_(girls'_frontline),
holly_hat_ornament,
secre_swallowtail,"セクレ・スワロテイル,黒ネロ"
idolmaster_poplinks,ポプマス
crystallization,
prinz_adalbert_(azur_lane),"プリンツ・アーダルベルト(アズールレーン),プリンツ・アーダルベルト,阿达尔伯特亲王"
lieserl_albert_einstein,"リーゼル・アルベルト・アインシュタイン,丽瑟尔·阿尔伯特·爱因斯坦,爱因斯坦"
guan_hat,冠
ski_gear,
sitting_on_drum,
father_(diva),
rey_(star_wars),"レイ(STARWARS),レイ,Rey,Rey_Palpatine"
monobloc_(chair),
white_album,"WHITEALBUM,ホワイトアルバム"
erina_(rabi-ribi),"艾莉娜,エリナ,エリナ(Rabi-Ribi)"
sachi_(sao),サチ(SAO)
torn_flag,
aggressive_retsuko,"アグレッシブ烈子,aggretsuko"
sunohara_youhei,春原陽平
kaijin_hime_do-s,怪人姫弩S
kagari_ayaka,火々里綾火
plague_doctor,ペスト医師
immaterial_and_missing_power,"東方萃夢想,萃夢想,IaMP"
akasha_terminal,
sprain,
uka-no-mitama-no-kami_(inakon),"うか様,宇迦之御魂神"
fuuka_academy_school_uniform,
fusou_kai_ni_(kancolle),
snake_hood,
battleship_summer_princess,戦艦夏姫
gorou_(darling_in_the_franxx),ゴロー(ダリフラ)
lol_-lots_of_laugh-_(vocaloid),
king_saw,
lin_(tower_of_fantasy),"凛夜,リンヤ"
super_paper_mario,"スーパーペーパーマリオ,spm,superpapermario"
kuranami_shiki,座波詩希
toucannon,ドデカバシ
arrow_hair_ornament,
italia_(kancolle),イタリア
drawn_heart,
cupa_(at2.),
cure_cosmo,キュアコスモ
thunderbolt_fantasy,"東離劍遊紀,サンダーボルトファンタジー,サンファン,ThunderboltFantasy"
v_ap_art,"v_apart,vapart,ブイアパ"
rapping,
raticate,ラッタ
incoming_kick,
vf-1j,VF-1J
shirttail,"シャツの裾,ワイシャツの裾"
bagel,"ベーグル,贝果"
sunao_(wokada),
suminoe_shion,住乃絵紫苑
executioner_(girls'_frontline),"刽子手(少女前线),劊子手(少女前線),刽子手,劊子手,エクスキューショナー(ドールズフロントライン)"
bon_(vtuber),"bontherocks,bonkyubon"
duck_(duck_hunt),
t-34-85,T-34-85
akaza_(kimetsu_no_yaiba),猗窩座
kill_bill,"キルビル,キル・ビル"
waving_hands,
green_streaks,
cecily_cambell,セシリー・キャンベル
griddle,"鉄板,鉄板焼き"
bard_(final_fantasy),"吟遊詩人,詩人"
skinny_jeans,スキニージーンズ
deku_shield,
tatara_kogasa_(umbrella),
25-ji_rin,ニーゴリン
nukigee_mitai_na_shima_ni_sunderu_watashi_wa_dou_surya_ii_desu_ka?,"抜きゲーみたいな島に住んでる貧乳はどうすりゃいいですか?,ぬきたし"
canada,カナダ
fubukihime,"ふぶき姫,ふぶき姫(妖怪ウォッチ)"
fukutaichou_badge,
union_jack_bikini,
uniqlo,ユニクロ
fubuchun,フブチュン
noise_(nikke),ノイズ(勝利の女神:NIKKE)
offering_leash,
isuzu_(azur_lane),"五十铃,五十鈴(アズールレーン),五十鈴"
sarashiki_tatenashi,更識楯無
tail_around_waist,
taiko_sticks,
medic_(sekaiju),メディ子
pie_in_face,パイ投げ
mega_man_1,ロックマン1
impossible_spell_card,弾幕アマノジャク
v_yuusha_no_kuse_ni_namaiki_da_r,V!勇者のくせになまいきだR
teucer_(genshin_impact),
date_a_live:_date_a_bullet,デート・ア・バレット
kanohi_(bionicle),カノヒ(バイオニクル)
aquila_(sardegnian_shallows_and_sunshine)_(azur_lane),
allen_walker,アレン・ウォーカー
takanashi_kiara_(dirndl),"白銀ノエル(ディアンドル衣装),小鳥遊キアラ(ディアンドル)"
takanashi_yomi,小鳥遊ヨミ
clothes_only,
ping_myu_ring_(tandohark),핑뮤링
imminent_hand_holding,
ilfa_(to_heart),イルファ
scroll_tube,
telepathic_sex,
kuchiki_byakuya,朽木白哉
sekibanki_day,6月6日は赤蛮奇の日
yu_(bosshi),
yashahime_(momotarou_densetsu),夜叉姫
penis_in_glove,手袋内射精
mii_gunner,"Mii_射撃タイプ,Miiガンナー,Mii射撃タイプ,射撃Mii,射撃タイプ"
kaomoji,顔文字
tattoo_sleeve,
sakurai_aoi,桜井あおい
saltwater_crocodile_(kemono_friends),"イリエワニ(けものフレンズ),咸水鳄(动物朋友)"
taishou_yakyuu_musume,"大正野球娘。,大正野球娘"
takiya_makoto,滝谷真
transformers_one,"トランスフォーマーONE,TransformersOne"
white_raincoat,
atlus,アトラス
broken_heart_print,
trickcal,"트릭컬,트릭컬_리바이브,トリッカル"
tri-brigade_kitt,鉄獣戦線キット
leah_(airisubaka),
dragon_(arms),
jeralt_reus_eisner,ジェラルト
sakata_kintoki_(rider)_(fate),坂田金時(ライダー)
matou_sakura_(fate/extra),
aran_legwear,
kamiki_sekai,カミキ・セカイ
envy_elika_(koyashaka),
tsubasa_chronicle,"ツバサ-RESERVoir_CHRoNiCLE-,ツバサ・クロニクル,翼·年代记,翼年代记"
body_chain,ボディチェーン
kurari-chan_(iyowa),くらりちゃん
kurano_kun_chi_no_futago_jijou,
racing_miku_(2013),レーシングミク2013
white_hanbok,
misskey.io_username,
minegishi_ayano,峰岸あやの
violet_(closers),바이올렛
hokaze_junko,帆風潤子
azmaria_hendric,"アズマリア,アズマリア・ヘンドリック"
polt,"ポルト,ポルト(モンスター娘のいる日常)"
luluco,ルル子
eto_(tokyo_ghoul),"エト,高槻泉,芳村愛支"
vermillion_akiha,"紅赤朱秋葉,赤主秋葉"
coin_flip,
comic_tenma,
jodhpurs,
higuruma_hiromi,
hiking,アウトドア
revolver_knuckle,
riasu-chan_(ayuma_sayu),"小悪魔りあすちゃん,koarai_liath,Riasu_Koarai"
kaya_(hazakura_hinata),
momiji_(ninja_gaiden),紅葉(NINJAGAIDEN)
panda_meiling_(seki_(red_shine)),
rabbit_symbol,
arisen_(dragon's_dogma),"覚者,アリズン"
jekyll_and_hyde_(fate),"バーサーカー(フラグメンツ),ヘンリー・ジキル/ハイド(Fate)"
rui_(dream_c_club),
josie_rizal,"ジョージーリサール,ジョシー・リサール"
sabin_rene_figaro,"マッシュ・レネ・フィガロ,マシアス・レネ・フィガロ,フィガロ兄弟"
colt_revolver_(girls'_frontline),"コルトSAA(ドールズフロントライン),コルトSAA(少女前線),コルトSAA,柯尔特左轮(少女前线),柯爾特左輪(少女前線),콜트리볼버(소녀전선),콜트리볼버,M1873,colt_revolver"
kongou_pose,
ewen_egeburg,ユーイン・エッジバーグ
europa_(fate),"エウロペ(Fate),エウロペ"
moona_hoshinova_(casual),
overwatch_(logo),
shuna_(tensei_shitara_slime_datta_ken),"朱菜,シュナ,シュナ(転生したらスライムだった件)"
harper_(pokemon),"ホウ,ホウ&スイ"
half-life_2,"ハーフライフ2,Half-Life2,half-life2"
twin-lens_reflex_camera,
centiskorch,マルヤクデ
poporon_(jashin-chan_dropkick),ぽぽろん
lovely_x_cation,"ラブリケーション,ラブリケ,ラブリケーション1"
gunner_(final_fantasy),"ガンナー(FF),ガンナー"
otoyomegatari,乙嫁語り
tempura_costume,
american_football_(object),🏈
maria_theresa_(granblue_fantasy),"マリア・テレサ(グラブル),マリア・テレサ"
wooden_bathtub,
guilmon,ギルモン
h&k_mg5,"MG5,HK121"
pussy_juice_in_mouth,
angelise_ikaruga_misurugi,"アンジュリーゼ・斑鳩・ミスルギ,アンジュ,アンジュ(クロスアンジュ)"
otome_domain,"オトメ*ドメイン,オトメドメイン"
green_tube_top,
barghest_(swimsuit_archer)_(second_ascension)_(fate),
reincarnation,
orsola_aquinas,オルソラ=アクィナス
murmansk_(azur_lane),ムルマンスク(アズールレーン)
adjusting_sock,
greece,"ギリシャ,ギリシャ共和国,Ελλάδα,Ελλάς"
kaiboukan_no._30_(kancolle),"みと,第三〇号海防艦(艦隊これくしょん),第三〇号海防艦(艦これ),第三〇号海防艦,三〇号海防艦"
planted_spear,
plant_name,
fiorayne_(monster_hunter),"Fiorayne,フィオレーネ"
gourry_gabriev,"ガウリイ,ガウリイ=ガブリエフ"
z-move,
kirigaoka_girls'_academy_school_uniform,
lost_property_control_organization_(samidare),遺失物統轄機構
liz_(kmnz),"リズ(KMNZ),KMNZLIZ"
naked_hood,
vsk-94,ВСК-94
flapping_ears,
glowing_armor,
acrobatic_silky_(dandadan),
nago,
worker_(lethal_company),
magical_mirai_miku_(2020_summer),マジカルミライ2020
kamen_america,"仮面アメリカ,カメンアメリカ,KamenAmerica"
area_15,"area15,ホロライブID1期生"
giant_armadillo_(kemono_friends),オオアルマジロ(けものフレンズ)
napolitan,"naporitan,ナポリタン"
narmaya_(valentine)_(granblue_fantasy),
open_hatch,
ookami_mio_(another_ookami_mio),"アナザー大神ミオ,大神ミオ(アナザー大神ミオ)"
ulala,うらら(スペースチャンネル5)
freezer,
futoku_no_guild,不徳のギルド
forrest_(fire_emblem),フォレオ
bugles_(food),とんがりコーン
gardening_shears,
speed_limit_sign,最高速度
g-spring_goddess_(ishiyumi),Gの泉の女神
geegee_(granblue_fantasy),
tentomon,テントモン
furukawa_sanae,古河早苗
#compass,"#コンパス_【戦闘摂理解析システム】,#コンパス,コンパス"
boise_(azur_lane),"ボイシ(アズールレーン),ボイシ,博伊西"
purple_mittens,
night_wizard,"ナイトウィザード,NW"
nihon_joshikousei_zukan,にほん女子校生ずかん
camping_chair,
noctowl,ヨルノズク
bepo,ベポ
blood_on_armor,
romg,RomG龍肆
archer_(summer_casual)_(fate),サマー・カジュアル
rauru_(tears_of_the_kingdom),"ラウル,ラウル(ティアーズオブザキングダム)"
pleated_pants,
manbagi_rumiko,万場木留美子
li_shuwen_(young)_(fate),"李書文(Fate),李書文,アサシン(Fate/EXTRA)"
kokuriko_(blue_archive),コクリコ
comandante_cappellini_(kancolle),"コマンダンテ・カッペリーニ(艦隊これくしょん),コマンダンテ・カッペリーニ(艦これ),C.Cappellini,コマンダンテ・カッペリーニ,C.Cappellini(艦これ),C.Cappellini(艦隊これくしょん),カッペリーニ(艦隊これくしょん),カッペリーニ(艦これ),カッペリーニ"
combat_medic,
double_spoiler,
tales_of_symphonia_knight_of_ratatosk,"ラタトスクの騎士,ラタトスク,TOSR"
juukishi_cutie_bullet,銃騎士Cutie☆Bullet
torn_sports_bra,
commando_(movie),コマンドー
contest_winner,
polka_dot_sleeves,
master_of_eternity,"StraStella,ストラステラ,마스터,오브,이터니티"
maruchan_akai_kitsune_udon,赤いきつね
aladdin_(magi),アラジン
master_asia,"東方不敗,マスターアジア"
sakura_no_toki,サクラノ刻
clown_mask,
drinking_from_condom,ゴムから精飲
drop_kick,ドロップキック
santa_claus_(chainsaw_man),"サンタクロース(チェンソーマン),トーリカの師匠"
mega_gallade,メガエルレイド
daruk,ダルケル
dazzle_paint,"ダズル迷彩,ダズル縞パン"
inaba_himeko,"稲葉姫子,いなばひめこ"
tadokoro_megumi,田所恵
m99_(girls'_frontline),"m99,M99,M99(ドールズフロントライン),M99(少女前線)"
teddy_(lingerie),
diesel_(nikke),"ディーゼル(NIKKE),ディーゼル(勝利の女神:NIKKE),디젤(NIKKE)"
implied_penetration,
implied_bestiality,
clarine_(fire_emblem),クラリーネ
mehrak_(genshin_impact),Mehrak
phrygian_cap,
touhou_bougetsushou,東方儚月抄
sega_saturn,セガサターン
ichinose_haru,一ノ瀬晴
see-through_apron,
idolmaster_xenoglossia,"アイドルマスターxenoglossia,アイドルマスターゼノグラシア"
sea_cucumber,ナマコ
pero_(idolmaster_cinderella_girls),ペロ
hyuuga_kai_ni_(kancolle),日向改二
lily_bloomerchen,リリー・ブルームメルヘン
red_bridal_gauntlets,
dilation_belt,
vent_(mega_man),ヴァン(ロックマン)
viichan,"비챤,vlichan"
host_(obj_shep),
hoshizuki_suzu,"星月鈴,星月スズ"
asymmetrical_eyes,
hufflepuff,ハッフルパフ
trimmed_tail,
shack,
layered_capelet,
pumpkin_mask,
holoro,"holoro,ホロライブID2期生"
shaving_cream,
paru_paru,
enokawa_miyu,
mini-ikamusume,
brown_eyeshadow,
luke_pearce_(tears_of_themis),"夏彦,水無瀬,강혁,LukePearce"
kazama_iroha_(street),"風真いろは新衣装予想,風真いろは(ストリート衣装),風真いろは(ストリート)"
shinazugawa_genya,不死川玄弥
kuchisake-onna,口裂け女
shishimai,獅子舞
moon_(zelda),月(ムジュラの仮面)
monster_high,"モンスター・ハイ,monsterhigh"
shoulder_angel,天使と悪魔(葛藤の表現)
money_fan,
motto!_haramase!_honoo_no_oppai_chou_ero_appli_gakuen!,もっと!孕ませ!炎のおっぱい超エロ♡アプリ学園!
chaika_bogdan,チャイカ・ボフダーン
banjo_(banjo-kazooie),バンジョー(バンジョーとカズーイの大冒険)
baobhan_sith_(exhibition_attire)_(fate),
hakka_no_togame_(bankai),"白霞罸,Censure_of_the_White_Haze,White_Haze_Punishment"
bandaid_on_finger,
banagher_links,
bandage_on_thigh,
kazami_youka_(yokochou),"幼香,風見幼香"
feather-trimmed_gloves,
gynecology_chair,
skip_to_loafer,"スキップとローファー,skiptoloafer,跃动青春"
growling,
fat_cat_(ff14),ファットキャット
feather-trimmed_coat,
cellval,"セーバル,偽サーバル,セーバル(けものフレンズ)"
bardiche_(zanber_form)_(nanoha),ザンバーフォーム
pushcart,
lace_pantyhose,
multiple_wielding,
yuzuki_yukari_(onn),結月ゆかり穏
ten_of_spades,🂪
renee_costa,レネ・コスタ
regloss_(hololive),ReGLOSS
grapefruit,"グレープフルーツ,葡萄柚"
graph_paper,方眼紙
bathroom_scale,体重計
gravure_swimsuit_(idolmaster),グラビアミズギ
latex_bra,
latex_shrug,
add_(elsword),"ADD,エド"
gosegu,고세구
baumkuchen,"バームクーヘン,バウムクーヘン"
greymon,グレイモン
strappado,
bb_cosmo_(fate),BBコスモ
gon-san,ゴンさん
orimura_chifuyu,織斑千冬
looking_at_pussy,
kiri_(sub-res),
kirahoshi_kanna,"綺羅星神奈,ヴィーナ,ゔぃーな,ヴィーナ(ドルウェブ)"
myaku-myaku,"命の輝き,いのちの輝き,いのちの輝きくん,いのちの輝きさん,いのちの輝きちゃん,コロシテくん,ミャクミャク"
nagi_seishirou,凪誠士郎
gnome,
flaaffy,モココ
nappa,ナッパ
gavis_bettel_(1st_costume),ガビス・ベッテル(通常)
soejima_shigenori_(style),"副島成記,野生の副島,ペルソナ風"
beerus,"ビルス,破壊神ビルス,ビルス(ドラゴンボール),Birusu,Beers"
billy_herrington,"ビリー・ヘリントン,兄貴,比利•海灵顿,ビリー兄貴,神のパンツを奪いに行った漢"
unworn_blazer,
forehead_writing,
spyglass,"海盗望远镜,望远镜(海盗)"
crimson_lotus_moth_(genshin_impact),
xtransceiver,ライブキャスター
oboe,オーボエ
obsydia_(nijisanji),"OBSYDIA,OB2YDIYEAH"
purple_shrug,
cai_lin_(doupo_cangqiong),"美杜莎女王,彩鳞"
calenda_(kemono_friends),"カレンダ(けものフレンズ),ヒト(けものフレンズ)"
zhongli_(lantern_rite)_(genshin_impact),"钟离(海灯节),钟离(三星堆联动)"
zhijupao,"直裾,直裾袍"
nisoku_hokou_(vocaloid),"二息歩行,二息步行,이식보행"
okamochi_(container),岡持ち
sprue,
little_illustrious_(azur_lane),"リトル・イラストリアス,リトル・イラストリアス(アズールレーン)"
regirock,レジロック
veiny_testicles,
amagami_asahi,甘神朝姫
poses,
renga_(yakihebi),
tendou_kasumi,天道かすみ
tokimeki_memorial_girl's_side,"ときめきメモリアルgs,ときメモgs"
love_r,"LoveR,ラヴアール"
wryyyyyyyyyyyyyyyyyyyy,WRYYYY
ludmilla_(winter_owner)_(nikke),
poo_(mother_2),プー
lrl_(last_origin),"LRL,좌우좌"
kasuga_(sengoku_basara),かすが(戦国BASARA)
vera:_garnet_(pgr),緋耀
red_hanfu,
knee_spikes,
raven_branwen,"raven_branwen,ravenbranwen,レイヴン・ブランウェン"
kaname_junko,鹿目詢子
rio_wezley,リオ・ウェズリー
pokemon_the_movie:_the_power_of_us,"みんなの物語,みんもの,劇場版ポケットモンスターみんなの物語"
kamikaze_(valentine_mode)_(kancolle),
ying_swei_(azur_lane),"応瑞(アズールレーン),応瑞"
control_bar,cross_brace
rolling_bubbles,ローリング・バブルス
disembodied_tongue,
kaitou_saint_tail,"怪盗セイント・テール,怪盗セイントテール"
rear_naked_choke,"裸絞め,裸絞"
leonhardt_(arknights),"莱恩哈特,レオンハルト(アークナイツ)"
project_luminasys,
maria_(umineko),
kageyama_ritsu,"影山律,ritsu_kageyama"
jynx,ルージュラ
juno_(overwatch),"Juno,ジュノ,SpaceRanger"
dorothy_(hand_of_destiny)_(arknights),
joint_lock,"関節技,kansetsu-waza,관절기,관절꺾기,擒拿"
mario_kart_wii,マリオカートWii
safeguard_(blame!),セーフガード
saimon_tamaki,柴門たまき
takkun_(flcl),
sakaki_shizuka,坂木しずか
marlone,
usano_mimi,宇佐乃ミミ
saotome_ako,早乙女あこ
sarutobi_asuma,猿飛アスマ
interrupted,
medusa_(mythology),
yatagarasu,八咫烏
prototype_labiata,"라비아타,라비아타프로토타입,ラビアタ,ラビアタ・プロトタイプ"
phantasy_star_universe,ファンタシースターユニバース
megami_no_cafe_terrace,女神のカフェテラス
ysayle_dangoulain,"イゼル・ダングラン,イゼル"
implied_object_insertion,
asgore_dreemurr,
igloo,イグルー
seaking,アズマオウ
husband_and_wives,
christina_sierra,クリスティナ・シエラ
pet_cone,"エリザベスカラー,伊丽莎白圈"
leo/need_(project_sekai),"Leo/need,レオニ,レオニード"
kris_(fire_emblem),
raising_heart_(accel_mode),アクセルモード
teresa_(claymore),"テレサ,Teresa"
leaning_against_vehicle,
houjou_(takagi-san),北条さん
emile_elman,エミールぅ・エルマン
chronoa,"クロノア,クロノア(ドラゴンボール),時の界王神,時の界王神(時の力解放),supremekaioftime,chronoa"
mimicry_(e.g.o),
eltolinde_(unicorn_overlord),エルトリンデ
hoshino_(flowery_charms)_(blue_archive),"小鳥遊ホシノ(華芳雅韻),ホシノ(華芳雅韻)"
astraea_(fate),"アストライア(Fate),アストライア"
audie_(animal_crossing),モニカ(どうぶつの森)
hooded_top,
pee_pad,尿垫
mina_tepes,"ミナ・ツェペッシュ,ミナ・ツェぺッシュ"
peed_self,
aurorus,アマルルガ
cynthia_(sygna_suit)_(renegade)_(pokemon),マジコスシロナ_(アナザー)
the_fairly_oddparents,"Oops!フェアリーペアレンツ,反斗家族,TheFairlyOddParents,fairlyoddparentsfanart,FairlyOddParents,theoddparents,FairyOddparents"
the_lamb_(cult_of_the_lamb),
sheer_gloves,
pearl_drone_(splatoon),ヒメドローン
minami_rio,"리오,南莉央,南リオ"
envy_(fma),
misaki_sango,岬珊瑚
hisuian_decidueye,"ヒスイジュナイパー,ジュナイパー(ヒスイ)"
charles_babbage_(fate),"チャールズ・バベッジ(Fate),チャールズ・バベッジ"
yukishiro_mahiro,"雪城眞尋,まひろあーと"
eternity_(reverse:1999),温妮弗雷德
moe2020,MOE2020
panties_around_one_finger,
momoki_run,"百木るん,るん"
hero_(dq1),
heraldry,
helena_kai_(kancolle),
momosuzu_nene_(cheerleader),桃鈴ねね新衣装2023
kukulkan_(second_ascension)_(fate),
quaquaval,ウェーニバル
sumeragi_shion,皇紫音
p90_(the_girl_from_b.e.l)_(girls'_frontline),
monster_(manga),"MONSTER(漫画),M0NSTER"
yuudachi_(shogun_of_snowballs)_(azur_lane),"新年雪合戦,雪仗将军"
yuu_(tiny_evil),
f91_gundam,ガンダムF91
haou_taikei_ryuu_knight,覇王大系リューナイト
twiddling_fingers,
chapter_number,
hana_macchia,"Hana_Macchia,ハナ・マキア,hana_live,hanamaki_art,hanakal"
bismarck_(warship_girls_r),俾斯麦
father's_day,"父の日,ちちの日"
guitar_strap,
cure_sparkle,キュアスパークル
lauda_neill,ラウダ・ニール
kusakabe_maron,日下部まろん
granbull,グランブル
fish_bottle,
music_s.t.a.r.t!!,Music_S.T.A.R.T!!
mysterious_idol_x_alter_(fate),"謎のアイドルXオルタ,謎のアイドルX〔オルタ〕"
orchid_(arknights),"梓兰,オーキッド,オーキッド(アークナイツ)"
floating_hat,
filene_(shadowverse),"フィルレイン,銀氷のドラゴニュート・フィルレイン"
nakagawa_kanon,中川かのん
fn_f2000,F2000
open_drawer,
captain_price,プライス大尉
spas-12_(midsummer_fruit)_(girls'_frontline),
galvantula,デンチュラ
fusion_swords,
nidoqueen,ニドクイン
ojiro_mashirao,尾白猿夫
union_jack_print,
under_bridge,
1996,
le_malin_(muse)_(azur_lane),"ル・マラン(μ兵装),恶毒(μ兵装)"
unit_patch,
octopus_devil_(chainsaw_man),蛸の悪魔
frilled_tube_top,
walkure_(macross_delta),"ワルキューレ(マクロスΔ),ワルキューレ"
nikola_tesla_(fate),ニコラ・テスラ(Fate)
camilla_(spring_princess)_(fire_emblem),"spring_camilla,bunny_camilla,bunnymilla,easter_camilla,camilla_(easter)_(fire_emblem)"
sakuma_rei_(ensemble_stars!),"晃零,朔間零,朔间零"
akigumo_(comiket_mode)_(kancolle),
mayan_clothes,
tailblue,
kunkun,くんくん
kurosawa_rin_(aikatsu!),黒沢凛
shionji_yuuko,紫苑寺有子
super_chat,スーパーチャット
sybilla,"シビラ,プリンセス・シビラ"
ikazuchi_no_senshi_raidy,雷の戦士ライディ
ikoku_meiro_no_croisee,異国迷路のクロワーゼ
circuit_board_print,
sawamura_daichi,"澤村大地,大結"
inubouzaki_itsuki,犬吠埼樹
asahina_mafuyu's_mother,まふゆママ
mega_man_zero_3,ロックマンゼロ3
ichinose_uruha_(4th_costume),
sd_gundam_g-generation,Gジェネ
petroleum,石油
celesteela,テッカグヤ
usada_pekora_(summer),
gary_oak,"シゲル(アニポケ),シゲサト,サトシゲ"
frilled_sweater,
fuwafuwa_time,
boudica_(third_ascension)_(fate),
tied_skirt,
boar_boy,
kurata_sayuri,倉田佐祐理
mayano_top_gun_(sunlight_bouquet)_(umamusume),"サンライト・ブーケ,花咲く乙女のJunePride"
medusa_(saber)_(fate),メドゥーサ(セイバー)
japanese_white-eye,"メジロ,目白"
jedah_dohma,ジェダ・ドーマ
sakuranbou_(cookie),SKRNBU姉貴
sakura_musubi,さくらむすび
touhou_sangetsusei,東方三月精
skull_cup,
slit_throat,首切り
orihime_(tanabata),織女
to_heart_2_xrated,
tirpitz_(warship_girls_r),"提尔比茨,北宅,ティルピッツ"
harada_makoto,原田真琴
shroud_(sailing),
balance_scale_print,
sunset_shimmer,"サンセットシマー,sunsetshimmer,余晖烁烁"
model_x_(mega_man),"モデルX,model_x"
palmar_flexion,
kofji_(cookie),"Kofji姉貴,KFJ姉貴,KFI姉貴"
kodama_izayoi,児珠十六夜
toeto_(vocaloid),トエト
kokubunji_koyori,国分寺こより
komadori_renge,"駒鳥蓮華,ホワイトロビン"
konami_kirie,小南桐絵
konpaku_youki_(ghost),
ray_of_grace,
amiya_(guard)_(touch_the_stars)_(arknights),
yagyuu_juubei_(hyakka_ryouran),柳生十兵衛
texas_(ambience_synesthesia)_(arknights),
ore_no_nounai_sentakushi_ga_gakuen_love-comedy_wo_zenryoku_de_jama_shiteiru,俺の脳内選択肢が、学園ラブコメを全力で邪魔している
jp_(street_fighter),"JP(ストリートファイター),ヨハン・パブロビッチ"
penis_face,
miilkywayz,"miilkyart,miilfyart,millkywayz"
hagino_chiaki,萩野千秋
haki,
feebas,ヒンバス
blood_on_cheek,
blood_angels,
kirby's_return_to_dream_land,"星のカービィWii,星のカービィWiiデラックス"
stealth_set_(zelda),忍び装備
kneeling_on_liquid,
watanabe_ayasa_(jack_dempa),
cereal_box,
klein_(sao),"クライン(SAO),クライン,壷井遼太郎"
safety_pin_piercing,
tanezaki_atsumi,種﨑敦美
runescape,"RuneScape,RS,RS3,RuneScape_3"
rulue_(puyopuyo),ルルー
strawberry_plant,
myrrh_(arknights),"末药,ミルラ(アークナイツ)"
naga_u-chan,
mix_(aquarion),MIX(アクエリオンEVOL)
mixed_martial_arts,MMA
miyake_shinobu,三宅しのぶ
yuna_(sao),ユナ(SAO)
virtual_ant_channel,
surskit,アメタマ
erection_under_towel,
broken_umbrella,
korea,"朝鮮,한국"
prairie_(mega_man),プレリー
pov_adoring,
mime_jr.,マネネ
honda_motocompo,モトコンポ
hood_basket,
selettrice_vaalmonica,"天魔の聲選姫,セレトリーチェ・ヴァルモニカ"
self_bondage,自縛
sekaiju_no_meikyuu_hd,世界樹の迷宮I・II・III_HD_REMASTER
hypnotizing_viewer,
ciao_churu,ちゅーる
suzumiya_haruka,涼宮遙
empress_(dmfd),
tomoe_umari,UmARTi
naitou_maia,内藤舞亜
checkered_blanket,
viprpg,VIPRPG
shiba_kuukaku,志波空鶴
holding_paper_airplane,
mismatched_underwear,
chest_hair_peek,
narusawa_yui,鳴沢唯
gigo,
blue_rope,
detroit:_become_human,"Detroit:BecomeHuman,Detroitbecomehuman,底特律:化身为人,デトロイトビカムヒューマン"
hanging_on,
mistsplitter_reforged_(genshin_impact),
rem_galeu,"レム・ガレウ,rem_galleu"
alternate_eyewear,
susuwatari,"ススワタリ,煤渡り,まっくろくろすけ,すすわたり"
pecorine_(new_year)_(princess_connect!),
pec_pov_(meme),
misaka_imouto_10032's_cat,ミサカ10032号の猫
sensory_deprivation,
torn_umbrella,
rie_petoriyacowa,リエ・ペトリヤコワ
polishing,
pointed_footwear,
mori_kei,"森ガール,森系"
cookbook,
rhinoceros_ears,
rhydon,サイドン
aqua_bodysuit,
kazemaru_(arknights),"风丸,カゼマル(アークナイツ)"
key_choker,
kiana_kaslana_(selenic_ripples),
renown_(azur_lane),"声望(碧蓝航线),レナウン(アズールレーン),レナウン"
tenkuu_no_escaflowne,天空のエスカフローネ
rin_(bunny_garden),"凛(バニーガーデン),凜(バニーガーデン)"
devil_trigger,"デビルトリガー,真魔人"
team_aqua_uniform,
alisa_boskonovich,アリサ・ボスコノビッチ
kakine_teitoku,垣根帝督
majestic_prince,"マジェスティックプリンス,銀河機攻隊マジェスティックプリンス"
tapestry,
robot_girls_z,ロボットガールズZ
hamayumi_(genshin_impact),
han_sooyoung,"韩秀英,한수영"
hand_to_hand,
quadcopter,
kuya_(nu_carnival),"玖夜,큐야"
animal_balloon,
ancient_ys_vanished,
legwear_cutout,
leipzig_(azur_lane),"ライプツィヒ(アズールレーン),ライプツィヒ,莱比锡"
tiffa_adill,ティファ・アディール
cum_on_testicles,
purple_leg_warmers,
beruka_(fire_emblem),ベルカ(FEif)
nuclear_weapon,"核兵器,核爆弾,原子爆弾,水爆,地球破壊爆弾,地球はかい爆弾"
ceobe_(summer_flowers)_(arknights),
barok_van_zieks,バロック・バンジークス
censored_violence,
otonashi_kyouko,音無響子
oshino_meme,忍野メメ
orochi_(fire_emblem),"オロチ,オロチ(FEif)"
ocean_sunfish,
bad_apple!!,
cacnea,サボネア
nissan_skyline_r34,BNR34
nitocris_alter_(second_ascension)_(fate),
hercules_(1997_film),"ヘラクレス(ディズニー映画),ヘラクレス(ディズニー)"
lace-trimmed_babydoll,
16bit_sensation,"16bitセンセーション,16bit_anime,16bitSensation,16bitAL"
yuzuki_yukari_(vocaloid4),
guild_girl_(goblin_slayer!),"受付嬢(ゴブリンスレイヤー),受付嬢"
oak_cake_roll_(honkai:_star_rail),
yamazaki_sousuke,"山崎宗介,宗凛"
three_of_clubs,🃓
android_girl_(itou),
kurumi_(hazakura_hinata),
browning_m1919,"M1919,M1919A4"
silver_skin,
rob_lucci,ロブ・ルッチ
pokemon_colosseum,ポケモンコロシアム
tekken_5,鉄拳5
dental_gag,
destiny_gundam,デスティニーガンダム
tsukishima_maira,月島まいら
conservatory,
too_many_chicks,
moro_no_ichizoku,"モロの子,モロの一族"
pohwaran,"ポー・ファラン,砲火蘭"
lv2_kara_cheat_datta_moto_yuusha_kouho_no_mattari_isekai_life,"Lv2からチートだった元勇者候補のまったり異世界ライフ,Lv2チート"
kagenui_yozuru,影縫余弦
kaburaki_roco,"鏑木ろこ,らくがきろこ"
ellie_(the_last_of_us),
athena_glory,アテナ・グローリィ
peach_blossom,桃花
kissing_foot,
kirby:_planet_robobot,ロボボプラネット
face_hug,
succubus_stayed_life,サキュバステードライフ
succubus_(disgaea),夜魔族
wet_and_messy,
holding_bandaid,
true_tears,
poppippoo_(vocaloid),"ぽっぴっぽー,ぽっぴっぽー【飲もう!】"
temari_(nekomata_okayu),
deutschland_(service_time?!)_(azur_lane),"サービスタイム?,艳阳下的“福利”时间"
demon_(monster_girl_encyclopedia),デーモン(魔物娘図鑑)
naked_poncho,
holding_eyepatch,
mito_anji,御津闇慈
corpse_party,コープスパーティー
suzuki_masaru,"鈴木勝,漆黒の水鏡,勝にはまだ早い,漆黒のボイス感想,ることおはなし,Ruco"
seto_sun,瀬戸燦
robe_lift,
choi_mochimazzui,チョイ・モチマッヅィ
nakamori_aoko,中森青子
zamasu,ザマス
kirara_(cat)_(genshin_impact),
liza_(pokemon),"ラン(トレーナー),フウとラン"
shichimiya_satone,七宮智音
panty_dangle,
para_para,"パラパラ,parapara"
field_radio,
breast_massage,
dojikko,ドジっ娘
dogwood_(flower),"ヤマボウシ,ハナミズキ,山法師,花水木"
marvelous,
jockey,"ジョッキー,騎手"
dress_straps,
vestal_(azur_lane),"女灶神(碧蓝航线),ヴェスタル(アズールレーン),ヴェスタル"
bliss_(image),
knight_princess_annelotte,"叛乱の騎士姫アンネロッテ・クロイツ,叛乱の騎士姫アンネロッテクロイツ"
red_dead_redemption_(series),
chang_chun_(azur_lane),"長春(アズールレーン),長春,长春"
stomach_(organ),"胃,胃袋"
flamie_speeddraw,"フレミー・スピッドロウ,フレミー,芙蕾米"
burger_malfunction,
steampunk_(liarsoft),"スチームパンクシリーズ,スチームパンク"
getbackers,"GetBackers-奪還屋-,ゲットバッカーズ-奪還屋-"
ghost_in_the_shell:_sac_2045,"攻殻機動隊SAC_2045,SAC_2045"
bearer_of_the_curse,
ryuu_ga_gotoku_7,龍が如く7
peony_(fire_emblem),ピアニー(FE)
cinderella_(sinoalice),シンデレラ(シノアリス)
gummy_bear,
muchigaku,"【むちがく】,むちがく中一"
ryuukyuu,リューキュウ
orangina,オランジーナ擬人化イラコン
deadpan,
rashinban_musume,羅針盤娘
tent_interior,
crew_cut,
kohagura_ellen,古波蔵エレン
kokorowatari,
expedition_uniform,
moose_antlers,
hatsuharu_kai_ni_(kancolle),
hattrem,テブリム
shurelia_(ar_tonelico),シュレリア
titania_(fire_emblem),"ティアマト,ティアマト(ファイアーエムブレム)"
leto_(arknights),"烈夏,リェータ(アークナイツ),リェータ,ロザリン"
grey_wolf,
sakura_miko_(hololive_summer_2019),"さくらみこ(ホロライブ・サマー2019),さくらみこ(ホロサマ2019)"
taketatsu_ayana,竹達彩奈
japanese_mythology,日本神話
isekai_meikyuu_de_harem_wo,"異世界迷宮でハーレムを,異世界迷宮で奴隷ハーレムを"
asou_yuuko,麻生優子
kurata_tome,"暗田トメ,tome_kurata"
bong,ボング
anna_williams,アンナ・ウィリアムズ
koube_shio,神戸しお
david_king_(dead_by_daylight),
datehyogo,"伊達兵庫,立兵庫"
on_swing,
spider_web_tattoo,
star_button,
towel_slip,
brynhildr_romantia,"死がふたりを分断つまで,ブリュンヒルデ・ロマンシア"
cecile_croomy,セシル・クルーミー
hyakuya_mikaela,百夜ミカエラ
metal_wrist_cuffs,
ichikawa_kana,市川香菜
inu_(sakamata_chloe),"Dog_(Sakamata_Chloe),犬"
image_in_speech_bubble,
escudo_sword_(rayearth),
bache_(showy_sports_star)_(azur_lane),"絢爛なるスポーツスター,炫目的赛场之星"
azuma_tokaku,東兎角
hirano_aya,平野綾
shinomiya_rina,四ノ宮リナ
rabirin_(precure),ラビリン
kureha_yuna,紅晴結菜
green_screen,"グリーンバック,ブルーバック,クロマキー"
shirayuki_noa,白雪乃愛
c.i.e.l_(first_ascension)_(fate),Mysterious_Executor_C.I.E.L
waka_(yuuhagi_(amaretto-no-natsu)),月瀬わか
nijihara_ink,虹原いんく
nicky_blake,"니키,ニッキーブレイク"
freckles_nun_(diva),
french_army,フランス軍
laser_rifle,
lanmei,"懶妹,lanmei,Lazy_Girl,LazyGirl"
under_night_in-birth_exe:late[st],
thigh_beads,
morelull,ネマシュ
c.c._lemon,C.C.レモン
ol-chan_(udon),OLちゃんの日常
ning_hai_(summer_hunger)_(azur_lane),"食欲の夏!,食欲之夏"
ninamori_eri,ニナモリ・エリ
>3<,
walking_bike,
fruit_on_liquid,
nuernberg_(azur_lane),"ニュルンベルク(アズールレーン),ニュルンベルク,纽伦堡"
spread_nipple,
lamretta,ラムレッダ
boku_no_ashiato_kimi_no_yukusaki_(project_sekai),ボクのあしあと_キミのゆくさき
theresis_(arknights),"特雷西斯,テレシス(アークナイツ)"
daidouji_kira,"大道寺きら,きら様"
ornamental_weight,
guild_cq,
unworn_headphones,
toy_train,
black_track_suit,
synth_(iahfy),
eclipse_(brown_dust_2),エクリプス(ブラウンダスト)
imminent_spanking,
selena:_tempest_(pgr),"岚音,赛琳娜岚音"
selena:_capriccio_(pgr),"幻奏,赛琳娜幻奏"
howa_type_64,64式小銃
traptrix_rafflesia,フレシアの蟲惑魔
ichimaru_gin,市丸ギン
sarah_(pokemon),"スイ,ホウ&スイ"
io_(code_vein),"イオ,イオ(CODE_VEIN)"
sam_porter_bridges,
ishikawa_yui,石川由依
coal,石炭
melleau,"メルゥ,梅露"
in_pot,
inukai_komugi_(dog),
sawsbuck,メブキジカ
jaku-chara_tomozaki-kun,"弱キャラ友崎くん,友崎くん"
massage_table,
iris_amicitia,イリス・アミシティア
yuyaki_(senran_kagura),"夕焼,夕焼(閃乱カグラ),Yūyaki,Yuuyaki"
famicom_gamepad,
gundam_card_builder,"機動戦士ガンダムカードビルダー,ガンダムカードビルダー,カードビルダー"
gonzalez_(machita_chima),ゴンザレス(ハムスター)
carol_(skullgirls),
type_91_armor-piercing_shell,九一式徹甲弾
bat-eared_fox_(kemono_friends),オオミミギツネ(けものフレンズ)
grey_mittens,
barghest_(swimsuit_archer)_(first_ascension)_(fate),
green_lantern_(series),グリーンランタン
rukino_saki,流木野サキ
don_quijote_(store),"ドンキ,ドン・キホーテ,ドンキホーテ,ドン.キホーテ"
ciel_(elsword),
seiken_densetsu_2,聖剣伝説2
sekka_(kageshio),
urethral_fingering,
millie_parfait_(1st_costume),"ミリー・パフェ(通常),ミリー・パフェ(魔女服)"
mystical_power_plant,東方導命樹
snow_on_body,
godzilla_minus_one,ゴジラ-1.0
godolphin_barb_(umamusume),"ゴドルフィンバルブ(ウマ娘),ゴドルフィンバルブ"
fletcher_(swimsuit_mode)_(kancolle),フレッチャー(水着)
fingers_between_toes,
elise_(league_of_legends),
sylvia_sherwood,"管理官(SPY×FAMILY),シルヴィア(SPY×FAMILY),シルヴィア・シャーウッド"
shampoo_(cat),"シャンプー,Shampoo,シャンプー(らんま1/2),珊璞"
seychelles_(hetalia),"セーシェル,セーちゃん"
rita_rossweisse_(phantom_iron),追走装・影鉄
rita_(sweethex),
aradia_ravencroft,
dodododo,"ドドドドド,ドドドドドドドド"
kai_(blue_archive),申谷カイ
plunger,"ラバーカップ,プランジャー"
kalifa_(one_piece),カリファ
tataru_taru,タタル
rocket_punch,ロケットパンチ
archerko_(himura_kiseki),アチャ子
machiko_ryou,町子リョウ
techwear,テックウェア
rimururu,リムルル
ar-57_(girls'_frontline),"AR-57(ドールズフロントライン),AR-57(少女前線)"
yo-class_submarine,"潜水ヨ級,ヨ級"
ylgr_(fire_emblem),ユルグ
mahou_shoujo_suzune_magica,魔法少女すずね☆マギカ
pokemon_gsc_(prototype),
m1911_(girls'_frontline),"M1911,M1911(ドールズフロントライン),M1911(少女前線)"
alma_elma,アルマエルマ
utaha_(cheer_squad)_(blue_archive),ウタハ(応援団)
tonbokiri_(touken_ranbu),"蜻蛉切(刀剣乱舞),蜻蛉切"
yuuki_mizuho,結城瑞穂
outstretched_foot,
lucy_loud,
alolan_meowth,
poniko_(lielos),ポニ子さん
lucina_(valentine)_(fire_emblem),
bra-ban!,ぶらばん!
aphrodite_(hades),"aphrodite,Aphrodite(Hades),アフロディーテ(ハーデス)"
tokimeki_no_mirai_chizu,"トキメキの未来地図,にじちず,TOKIMEKI_Roadmap_to_Future,虹ヶ咲学園ドルフィンパンツ同好会"
ringorou_(idolmaster),りんごろう
chinese_empire,"古代中国,中華帝国,春秋戦国,五代十国,五代十国時代,羊一族,五胡十六国,五胡十六国時代,南北朝時代,魏晋南北朝時代,中国王朝,夏朝,殷,殷朝,周,周朝,秦,秦朝,汉,汉朝,新朝,前漢,後漢,東漢,晋,晋朝,晉,晉朝,西晋,東晋,北魏,隋,隋朝,唐,唐朝,宋,宋朝,北宋,遼,南宋,金朝,西夏,元朝,大明,清,清朝,史記,科挙,中國歴史,中国史,長安,三皇五帝"
chibi_on_shoulder,
tsukisaka_sayu,月坂紗由
axel_(kingdom_hearts),
shi_association_(identity)_(project_moon),
tuka_luna_marceau,テュカ・ルナ・マルソー
mitsuba_greyvalley,"ミツバ・グレイヴァレー,ミツバ艦長"
glorious_(pungent_plum)_(azur_lane),"とらぶるプラム,凉夜香雪"
gloom_(pokemon),クサイハナ
corrin_(female)_(adrift)_(fire_emblem),
convenient_hand,
lotus_root,"藕,莲藕,蓮根,れんこん"
remy_(elsword),
ten'i_(ikkitousen),典韋
aoki_kei,"ルーキートレーナー,青木慶"
kishido_temma,"岸堂天真,騎士絵画"
ayase_ena,綾瀬恵那
shirafuji_kyouko,白藤杏子
moby_(elsword),
hiyoku_no_crosspiece,"緋翼のクロスピース,ひよクロ,HIYOCRO"
todo_erena,統堂英玲奈
deino_(pokemon),モノズ
giroro,ギロロ
narmaya_(holiday)_(granblue_fantasy),
acheron_(izumo)_(honkai:_star_rail),黄泉(出雲)
flametail_(sport_for_all)_(arknights),
storm_cloud,
watanabe_akari,"渡辺星,わたなべあかり"
klein_(honkai_impact),克莱因
cappy_(mario),
stella_glow,ステラグロウ
ghost_devil_(chainsaw_man),幽霊の悪魔
aomine_daiki,青峰大輝
shiiba_tsumugi,椎葉紬
hisuian_lilligant,"ヒスイアンドレディア,ヒスイドレディア"
shima_(pattern),
shin_megami_tensei_iv,"真・女神転生IV,真・女神転生4,真IV,真4"
stylet,"スティレット,スティレット(フレームアームズ・ガール)"
bkornblume,"柏林以东,コーンブルメ"
black_chemise,
crusaders_quest,クルセイダークエスト
lewisia_aquablue,"レウィシア・アクアブルー,アクア(ボンバーガール)"
lilo_&_stitch,"lilo_and_stitch,liloandstitch,リロ・アンド・スティッチ"
ambulance,救急車
lich_(monster_girl_encyclopedia),リッチ(魔物娘図鑑)
cube_x_cursed_x_curious,"C3,シーキューブ"
zeppy_(azur_lane),"ツェッペリンちゃん,ツェッペリンちゃん(アズールレーン),小齐柏林"
uki_violeta,"VioletAtelier,UkiVioleta,PsyBorg,Ukinky,浮奇・ヴィオレタ"
food_dildo,
game_controller_print,
belfast_(the_noble_attendant)_(azur_lane),"優雅にして高貴な従者(アズールレーン),優雅にして高貴な従者,优雅而高贵的从者"
expo2025,"大阪万博2025,2025年日本国際博覧会"
exeggutor,ナッシー
espoir_city_(umamusume),"エスポワールシチー,エスポワールシチー(ウマ娘)"
super_sailor_saturn,スーパーセーラーサターン
hinadan,
animal_on_leg,
anastasia_(swimsuit_archer)_(second_ascension)_(fate),
kuga_yuuma,空閑遊真
furby,ファービー
cyborg_009,サイボーグ009
dark_link,
danganronpa_kirigiri,ダンガンロンパ霧切
the_legend_of_zelda:_the_minish_cap,ふしぎのぼうし
more_more_jump!_(project_sekai),"MOREMOREJUMP!,モモジャン,モモジャンミク"
mordred_(swimsuit_rider)_(second_ascension)_(fate),
moran_(nikke),モラン(勝利の女神:NIKKE)
henrietta_(zankuro),アンリエッタ
sukeban_(sr)_(blue_archive),スケバン(SR)
paldea_mother,ママ(ポケモンSV)
paladins,"paladins,Paladins"
nipple_sleeves,
springfield_(queen_in_radiance)_(girls'_frontline),灯下のクイーン
unconventional_vehicle,
camouflage_tank_top,
oerba_yun_fang,
northern_water_princess,北方水姫
lace-up_thighhighs,
themis_(ff14),"テミス(FF14),特弥斯,테미스"
purple_innertube,
beretta_ar70/90,AR70/90
fulgur_ovid,"ファルガー・オーヴィド,FulgurOvid,FulGallery,Artchivist,Legartus,PsyBorg,Cybussy"
novelpia,노벨피아
norman_(yakusoku_no_neverland),"ノーマン,ノーマン(約ネバ),ノーマン(約束のネバーランド)"
shoe_print,
hibiki_(azur_lane),"響(アズールレーン),栀"
monk_(sekaiju),モンク
mono_(shadow_of_the_colossus),モノ
headband_around_neck,
hidden_blade_(assassin's_creed),アサシンブレード
eupha_(metaphor:_refantazio),
pamphlet,パンフレット
evangelyne_(wakfu),"Evangelyne,エヴァンジェリン(Wakfu)"
hitotsubashi_yurie,一橋ゆりえ
yune_(ikoku_meiro_no_croisee),湯音
violet_(ninomae_ina'nis),
violin_case,
yulha_(nikke),ユルハ(勝利の女神:NIKKE)
chase!_(love_live!),chase!
hirose_sumire,弘世菫
shin_getter-1,真ゲッター1
misaka_shiori,美坂栞
trung_trac_(second_ascension)_(fate),
hanabi_(senran_kagura),"華毘,華毘(閃乱カグラ)"
sig_sauer_p320,P320
seven_knights,"セブンナイツ,SevenNights,세븐나이츠,sevenknights"
holstein_(cccpo),
homei_(honkai_impact),
minato_mio,湊みお
miriam_hildegard_von_gropius,ミリアム・ヒルデガルド・V・グロピウス
hound_(sekaiju),ハウンド(世界樹)
hover_hand,
set_square,"📐,三角定規"
sword_clash,
elysion,
miko_embrace,神無月の巫女EDパロ
hoshizaki_akari,星咲あかり
sentouin_hakenshimasu!,戦闘員、派遣します!
hoshizuki_kaede,"星月楓,星月姉妹"
ottilie_(spindle_(aidenr0)),
gundam_alex,ガンダムNT-1(アレックス)
h'aanit_(octopath_traveler),ハンイット
web_(cookie),"Web姉貴,miji,Miji,Miji姉貴,忍者WEB姉貴,ニンジャWEB"
multicolored_gemstone,
melli_(pokemon),"ツバキ(ヒスイ),ツバキ(ポケモン)"
ak-47_(girls'_frontline),"AK-47(ドールズフロントライン),AK-47(少女前線)"
melon_slice,
eguchi_sera,"江口セーラ,えぐちせーら"
elasticity,
script,台本
melting_popsicle,
clift,クリフト
bardiche_(assault_form)_(nanoha),アサルトフォーム
osu!,"osu!,osu"
greedent,ヨクバリス
slapping_with_penis,ちんこビンタ
medusa_gorgon,"メデューサ・ゴーゴン,メデューサ(ソウルイーター),Medusa"
inazuma_(azur_lane),"電(アズールレーン),電,柏"
inflatable_flamingo,
dtto.,"dttodot,dttoart"
dunsparce,ノコッチ
mega_man_9,ロックマン9
photo_shoot,
winged_sword,
sarya_(granblue_fantasy),サーヤ
iron_man_(series),アイアンマン
meat_armor,肉鎧
medicham,チャーレム
pikipek,ツツケラ
jasminka_antonenko,ヤスミンカ・アントネンコ
dragon_quest_builders_2,"ドラゴンクエストビルダーズ2,ビルダーズ2,DQB2"
janine_(pokemon),"アンズ,アンズ(トレーナー)"
type_97_(peony)_(girls'_frontline),
smoke_heart,
fenrir_(last_origin),"펜리르,フェンリル,フェンリル(ラストオリジン),芬瑞爾"
dovakini-chan_(nisetanaka),
jesse_pinkman,ジェシー・ピンクマン
marshall_d._teach,"マーシャル・D・ティーチ,Teach,Blackbeard"
mario_strikers_(series),マリオストライカーズ
martina_crespi,マルチナ・クレスピ
juliona_trans,
placemat,
pixellink,PixelLink
torn_robe,
colt_python,コルト・パイソン
watashi_ga_koibito_ni_nareru_wake_naijan_murimuri,"WataNare,わたしが恋人になれるわけないじゃんムリムリ(※ムリじゃなかった!?),わたしが恋人になれるわけないじゃん、ムリムリ!,わたなれ"
snail_shell,
snake_box_sneak,
zako_(meme),"ざぁこ,雑魚嗤笑,ざこ,杂鱼,雜魚"
workshop,
blood_sucking,
kamen_rider_1_(shin),"仮面ライダー第1号,第1バッタオーグ,シン・1号,仮面ライダー1号"
maid-chan_(ramchi),
makarov_(girls'_frontline),"マカロフ(ドールズフロントライン),マカロフ(少女前線),マカロフ"
alex_(aestheticc-meme),
alexiel_(summer)_(granblue_fantasy),
kalar_(race),カラー
tomoe_gozen_(traveling_outfit)_(fate),
mad_max:_fury_road,怒りのデス・ロード
commander_(girls'_frontline)_(xiujia_yihuizi),
kawasumi_ayako,川澄綾子
kashino_(fresh_and_sweet)_(azur_lane),フレッシュ&スウィート!
luna_(sailor_moon)_(human),人間ルナ
rinne_berlinetta,リンネ・ベルリネッタ
kashimashi,"かしまし,かしまし~ガール・ミーツ・ガール~"
kikunojo_(one_piece),"菊の丞,お菊(ONEPIECE)"
kimi_no_kokoro_wa_kagayaiteru_kai?,君のこころは輝いてるかい?
coughing_blood,
glowing_hot,
bluecher_(azur_lane),"ブリュッヒャー(アズールレーン),ブリュッヒャー"
todoroki_fuyumi,轟冬美
borsalino_(kizaru),"黄猿,ボルサリーノ"
lloyd_bannings,ロイド・バニングス
looking_through_fingers,
lord_dearche,"ロード・ディアーチェ,ディアーチェ・K・クローディア"
kinugawa_sana,
glass_teacup,
gliscor,グライオン
sode_no_shirayuki_(shikai),袖白雪
giant_penguin_(kemono_friends),"ジャイアントペンギン,ジャイアントペンギン(けものフレンズ)"
floral_border,
bilibili_username,
oozora_subaru_(new_year),大空スバル(正月衣装)
knee_cutout,
primula,プリムラ
cremia,クリミア
cream_(cream),
licking_tip,
lickitung,ベロリンガ
ame_no_kisaki_academy_school_uniform,
dendro_symbol_(genshin_impact),
annie_(skullgirls),"アニー,annie,星の少女アニー,annie_of_the_stars"
ramina_(baallore),
ran_(urusei_yatsura),"ランちゃん,ラン(うる星やつら)"
de_lisle_carbine,デ・リーズルカービン
toaru_majutsu_no_index:_endymion_no_kiseki,劇場版とある魔術の禁書目録エンデュミオンの奇蹟
souryuu_(lawson)_(kancolle),"ローソン蒼龍,蒼龍(ローソン)"
nergigante,ネルギガンテ
on_top_of_pole,
abenobashi_mahou_shoutengai,アベノ橋魔法☆商店街
zeong,"ジオング,MSN-02"
lelei_la_lalena,レレイ・ラ・レレーナ
terra_(kingdom_hearts),
koyanskaya_(assassin)_(third_ascension)_(fate),兵器大御神
boom_microphone,
kurai_ano_ko_to_shitai_koto,くらいあの子としたいこと
the_incredibles,"Mr.インクレディブル,ミスターインクレディブル,インクレディブル,TheIncredibles,Incredibles,インクレディブル・ファミリー,Mr.インクレディブル2,ミスターインクレディブル2,インクレディブル2,The_Incredibles_2,TheIncredibles2,Incredibles2,Mr.インクレディブルシリーズ,インクレディブルシリーズ"
lead_white_(tsurunoka),
kurumi_noah_(7th_costume),
yamashita_majime,山下まじめ
l'avenir_academy_school_uniform,
kyo_kaneko,"kyokaneko,金子鏡,drawkyo,kinkykaneko"
anastasia_hoshin,"アナスタシア・ホーシン,アナスタシアホーシン"
cygnet_(retrofit)_(azur_lane),シグニット改(アズールレーン)
futaba_aoi_(naomi),双葉葵
nidoran_(male),"ニドラン♂,nidoran♂,nidoran_male,male_nidoran,nidoranmale,malenidoran,nidoran_m,nidoranm"
zero_(zero_kara_hajimeru_mahou_no_sho),"ゼロ,ゼロ(ゼロから始める魔法の書)"
buzzwole,マッシブーン
unbuttoned_dress,
